{"log_best_programs": true, "num_literals": 0, "total_programs": 16, "total_rules": 0, "total_ground_rules": 0, "durations": {"generate": [0.0003977499999999745, 0.00033087500000000825, 0.0003345829999999994, 0.00045437500000000686, 0.0004000409999999621, 0.0026538329999999943, 0.0002198749999999805, 0.00046512500000001067, 0.00028195799999997107, 0.0003189579999999803, 0.00029195799999998107, 0.0006304169999999942, 0.0002970830000000313, 0.00026454200000003425, 0.00034645900000002117, 0.0003541669999999608, 0.011252666999999994], "find_bindings_prolog": [0.014133125000000024, 0.0015742499999999993, 0.01675916700000002, 0.0030315830000000044, 0.0027337499999999793, 0.00392095800000003, 0.0008660420000000113, 0.001099291999999974, 0.005723749999999972, 0.023269542000000032, 0.02723629200000005], "test": [0.01504704200000001, 0.00260345900000003, 0.024004583999999995, 0.004398500000000027, 0.003959500000000005, 0.004803082999999986, 0.0010307500000000247, 0.0012764579999999803, 0.006620375000000012, 0.027946457999999952, 0.030867124999999995, 0.0007552080000000072, 0.0004185829999999724, 0.0008650000000000047, 0.00034729199999999905, 0.0003055000000000141], "combine": [0.0038427920000000393, 6.250000000318501e-07, 5.419999999922709e-07, 5.829999999984459e-07, 5.000000000143778e-07, 5.000000000143778e-07, 4.170000000303098e-07, 3.339999999907306e-07, 5.419999999922709e-07, 4.999999999588667e-07, 0.0022920000000000162, 4.5799999998097363e-07, 4.1600000000308057e-07, 5.419999999922709e-07, 4.999999999588667e-07, 4.1600000000308057e-07], "constrain": [0.000981084000000021, 0.002565583000000038, 0.00454804200000003, 0.0015545840000000255, 0.001486917000000032, 0.001056290999999987, 0.0007645410000000075, 0.0007367080000000303, 0.0010228749999999787, 0.00039854100000003, 0.00039920799999998424, 0.002792749999999955, 0.0008309999999999707, 0.0008958750000000459, 0.0002474590000000054, 0.00028600000000000847]}, "final_exec_time": 0.22677704199999998, "stages": [], "best_programs": [], "solution": {"code": "magic_value(A):- my_append(B,['aag'],A),magic(['aag']).\nmagic_value(['qq', 'qy', 'pa', 'ih', 'nj', 'tn', 'aiv', 'afh', 'hh', 'zn', 'aag']):- magic(['qq', 'qy', 'pa', 'ih', 'nj', 'tn', 'aiv', 'afh', 'hh', 'zn', 'aag']).", "is_solution": true, "conf_matrix": [10, 0, 10, 0], "total_exec_time": 0.226773834, "durations": [{"operation": "Test", "called": 11, "total": 0.12255733400000002, "mean": 0.01114157581818182, "maximum": 0.030867124999999995, "__type__": "DurationSummary"}, {"operation": "Find_Bindings_Prolog", "called": 11, "total": 0.1003477510000001, "mean": 0.009122522818181827, "maximum": 0.02723629200000005, "__type__": "DurationSummary"}, {"operation": "Constrain", "called": 10, "total": 0.01511516600000018, "mean": 0.001511516600000018, "maximum": 0.00454804200000003, "__type__": "DurationSummary"}, {"operation": "Generate", "called": 11, "total": 0.006149330999999869, "mean": 0.0005590300909090791, "maximum": 0.0026538329999999943, "__type__": "DurationSummary"}, {"operation": "Combine", "called": 10, "total": 0.003847335000000063, "mean": 0.0003847335000000063, "maximum": 0.0038427920000000393, "__type__": "DurationSummary"}], "__type__": "ProgramStats"}, "is_solution": true, "stats_file": "./results/list_append/magicpopper_types/2/1/stats.json", "end": true, "__type__": "Stats"}