{"log_best_programs": true, "num_literals": 0, "total_programs": 8, "total_rules": 0, "total_ground_rules": 0, "durations": {"generate": [0.00035008300000005654, 0.0004335830000001817, 0.0012363340000001166, 0.00098666699999983, 0.001758667000000047, 0.001511250000000075, 0.0007319580000000325, 0.0003792919999998645, 0.00035837500000002187], "find_bindings_prolog": [0.015409999999999924, 0.029976000000000003, 0.1103077079999999, 0.12700599999999995, 0.12162708299999991, 0.12191983299999998], "test": [0.01613191700000005, 0.04126712500000007, 0.01648666700000012, 0.11058308400000016, 0.127491083, 0.12197970800000002, 0.12221695799999988, 0.01678037500000018], "combine": [0.006045625000000054, 0.0036872500000000308, 5.420000002143155e-07, 5.83000000053957e-07, 6.249999999763389e-07, 5.00000000069889e-07, 4.1699999986377634e-07, 4.579999999254625e-07], "constrain": [0.0014382090000000236, 0.0020716670000000548, 0.0003753329999998112, 0.0026490830000001075, 0.004650916999999977, 0.00460429200000001, 0.0014427910000001098, 0.0004705419999999627]}, "final_exec_time": 1.668040583, "stages": [], "best_programs": [], "solution": {"code": "magic_value(A):- head(A,ky),magic(ky).\nmagic_value(A):- head(A,jk),magic(jk).\nmagic_value(A):- head(A,qb),magic(qb).\nmagic_value(A):- head(A,kw),magic(kw).\nmagic_value(A):- head(A,qp),magic(qp).", "is_solution": true, "conf_matrix": [200, 0, 200, 0], "total_exec_time": 1.6680372499999998, "durations": [{"operation": "Test", "called": 1, "total": 0.01613191700000005, "mean": 0.01613191700000005, "maximum": 0.01613191700000005, "__type__": "DurationSummary"}, {"operation": "Find_Bindings_Prolog", "called": 1, "total": 0.015409999999999924, "mean": 0.015409999999999924, "maximum": 0.015409999999999924, "__type__": "DurationSummary"}, {"operation": "Generate", "called": 1, "total": 0.00035008300000005654, "mean": 0.00035008300000005654, "maximum": 0.00035008300000005654, "__type__": "DurationSummary"}], "__type__": "ProgramStats"}, "is_solution": true, "stats_file": "./results/list_magicvalues_multipleclauses/magicpopper/5/3/stats.json", "end": true, "__type__": "Stats"}