{"log_best_programs": true, "num_literals": 0, "total_programs": 2, "total_rules": 0, "total_ground_rules": 0, "durations": {"generate": [0.00037287500000005025, 0.0031973330000000244, 0.0005592920000001556], "find_bindings_prolog": [0.03685458300000011, 1.30101575], "bind": [6.249999999763389e-07, 0.26656512500000007], "test": [0.03846100000000008, 1.5692500830000002], "combine": [2.8749999999577724e-06, 0.04532920900000015], "constrain": [0.008313042000000048, 0.004955083000000027]}, "final_exec_time": 1.8900292920000001, "stages": [], "best_programs": [], "solution": null, "is_solution": false, "stats_file": "./results/list_magicvaluesameclause/magicpopper/16/0/stats.json", "end": true, "__type__": "Stats"}