{"log_best_programs": true, "num_literals": 0, "total_programs": 2, "total_rules": 0, "total_ground_rules": 0, "durations": {"generate": [0.0003651669999999996, 0.001916749999999967, 0.00020487500000010428], "find_bindings_prolog": [0.02518383299999999, 1.07072675], "bind": [5.419999999922709e-07, 0.11587720899999998], "test": [0.025461500000000026, 1.187455833], "combine": [5.000000000143778e-07, 0.028379209000000127], "constrain": [0.0030722089999999924, 0.005368625000000016]}, "final_exec_time": 1.384168416, "stages": [], "best_programs": [], "solution": null, "is_solution": false, "stats_file": "./results/list_magicvaluesameclause/magicpopper/10/2/stats.json", "end": true, "__type__": "Stats"}