{"log_best_programs": true, "num_literals": 0, "total_programs": 26, "total_rules": 0, "total_ground_rules": 0, "durations": {"generate": [0.00029400000000001647, 0.0002481660000000496, 0.00020391700000005342, 0.00019662500000000582, 0.00035370900000003536, 0.00023720799999998876, 0.0002142920000000048, 0.0002047920000000092, 0.00021237499999998688, 0.00018033299999997698, 0.00017866699999996571, 0.00021137499999995812, 0.000227542000000025, 0.0002119589999999838, 0.0001994160000000078, 0.00021083300000002136, 0.00020404199999995987, 0.00021179100000001672, 0.00021050000000000235, 0.0001799169999999739, 0.00017579200000000794, 0.000211542000000009, 0.00017404199999998538, 0.0001747500000000013, 0.00021958300000002318, 0.0005157080000000036, 0.00021241599999999305], "find_bindings_prolog": [0.010827417000000006, 0.0007344579999999934, 0.00035770800000001213, 0.0002967080000000344, 0.00035687500000003425, 0.00035229099999994906, 0.0003330839999999835, 0.000334540999999966, 0.0003214160000000188, 0.00032399999999999096, 0.00032637499999998987, 0.0003237919999999894, 0.0007038340000000143, 0.0011724579999999873], "test": [0.011436541999999994, 0.0013458339999999902, 0.0005165830000000149, 0.0004466250000000338, 0.013508624999999996, 0.000543624999999992, 0.0005304170000000052, 0.0005076669999999894, 0.0002864170000000388, 0.0002717499999999595, 0.0002799170000000184, 0.00026883299999996835, 0.0005083330000000275, 0.0004926249999999688, 0.0004927499999999863, 0.0004969170000000411, 0.0004946670000000042, 0.0014360840000000041, 0.0002859170000000244, 0.0002742920000000093, 0.00026841699999996527, 0.0002690419999999971, 0.00027966600000001174, 0.0002962500000000534, 0.0003118749999999615, 0.002517166000000015], "combine": [0.0027945829999999616, 6.249999999763389e-07, 3.749999999969056e-07, 3.3300000001901253e-07, 5.409999999650417e-07, 3.749999999969056e-07, 3.749999999969056e-07, 3.749999999969056e-07, 3.749999999969056e-07, 3.339999999907306e-07, 3.329999999635014e-07, 3.749999999969056e-07, 3.339999999907306e-07, 3.339999999907306e-07, 3.749999999969056e-07, 3.749999999969056e-07, 3.3300000001901253e-07, 3.749999999969056e-07, 3.3300000001901253e-07, 3.749999999969056e-07, 3.749999999969056e-07, 3.329999999635014e-07, 3.339999999907306e-07, 4.170000000303098e-07, 3.3300000001901253e-07, 0.0018552919999999529], "constrain": [0.0007393749999999866, 0.0008448329999999893, 0.00017416700000000285, 0.00017262499999998182, 0.00015308399999997002, 0.0009951249999999856, 0.00019762499999997907, 0.0001931250000000162, 0.00016954099999999528, 0.00016729100000001385, 0.00016629200000001232, 0.000137874999999954, 0.00016062499999996982, 0.00016137499999996363, 0.0001617909999999667, 0.00016254100000001603, 0.00016062499999996982, 0.0001627080000000114, 0.0001384170000000018, 0.00013895800000002234, 0.0001367079999999854, 0.00013775000000004756, 0.0001370410000000044, 0.00014895799999997683, 0.00014175000000005156, 0.0010944999999999983]}, "final_exec_time": 0.09177154100000001, "stages": [], "best_programs": [], "solution": {"code": "multiple(A):- div2(A,B),multiple(B).\nmultiple(1):- magic(1).", "is_solution": true, "conf_matrix": [7, 0, 10, 0], "total_exec_time": 0.09177012499999998, "durations": [{"operation": "Test", "called": 26, "total": 0.03836683600000007, "mean": 0.0014756475384615413, "maximum": 0.013508624999999996, "__type__": "DurationSummary"}, {"operation": "Find_Bindings_Prolog", "called": 14, "total": 0.01676495699999997, "mean": 0.0011974969285714263, "maximum": 0.010827417000000006, "__type__": "DurationSummary"}, {"operation": "Constrain", "called": 25, "total": 0.006060204999999874, "mean": 0.00024240819999999497, "maximum": 0.0009951249999999856, "__type__": "DurationSummary"}, {"operation": "Generate", "called": 26, "total": 0.005862876000000072, "mean": 0.00022549523076923356, "maximum": 0.0005157080000000036, "__type__": "DurationSummary"}, {"operation": "Combine", "called": 25, "total": 0.0028036249999998653, "mean": 0.00011214499999999461, "maximum": 0.0027945829999999616, "__type__": "DurationSummary"}], "__type__": "ProgramStats"}, "is_solution": true, "stats_file": "./results/multiple/magicpopper_types/8/stats.json", "end": true, "__type__": "Stats"}