{"log_best_programs": true, "num_literals": 0, "total_programs": 26, "total_rules": 0, "total_ground_rules": 0, "durations": {"generate": [0.00029254200000000674, 0.00024404100000002815, 0.00024516599999996336, 0.00019591599999996268, 0.00035249999999997783, 0.0002487079999999864, 0.00026854199999998274, 0.0002031250000000262, 0.00021674999999998779, 0.00017979200000001194, 0.00017983300000001812, 0.00021287500000000126, 0.00025766700000001697, 0.00021100000000001673, 0.00020833300000000499, 0.00021254200000003776, 0.0002027920000000072, 0.0002079590000000353, 0.00019774999999999654, 0.0001783750000000084, 0.00017600000000000948, 0.00020416700000003285, 0.00017766599999996524, 0.00017495800000000283, 0.00019720800000000427, 0.0004919999999999924, 0.0002321659999999781], "find_bindings_prolog": [0.010943915999999998, 0.0008150840000000215, 0.0003375419999999685, 0.0002993749999999906, 0.00038729199999998354, 0.00038854100000002, 0.00032883299999997284, 0.0003682500000000144, 0.00034004199999998486, 0.00033366600000001023, 0.00033129199999998304, 0.00033329200000004056, 0.000812083000000019, 0.0012558749999999619], "test": [0.011569415999999999, 0.0015043750000000022, 0.0004965839999999666, 0.000449749999999971, 0.013789166999999991, 0.0005905830000000334, 0.0005903329999999984, 0.0005027080000000184, 0.0003022919999999818, 0.00027720799999997325, 0.0002831669999999731, 0.0003117919999999774, 0.0005549160000000164, 0.0005256660000000357, 0.0005063750000000034, 0.0005028329999999803, 0.0005040410000000106, 0.0016417089999999912, 0.00029287500000002575, 0.0002898339999999888, 0.00027408299999998054, 0.00028087499999995824, 0.0002869580000000038, 0.0002659589999999823, 0.0002871249999999992, 0.0026095420000000202], "combine": [0.0026205830000000097, 5.410000000205528e-07, 3.749999999969056e-07, 3.339999999907306e-07, 5.409999999650417e-07, 3.749999999969056e-07, 3.749999999969056e-07, 3.749999999969056e-07, 3.749999999969056e-07, 4.1600000000308057e-07, 3.749999999969056e-07, 4.1699999997479864e-07, 3.749999999969056e-07, 4.1600000000308057e-07, 3.749999999969056e-07, 3.749999999969056e-07, 3.339999999907306e-07, 4.170000000303098e-07, 3.329999999635014e-07, 4.1600000000308057e-07, 3.749999999969056e-07, 4.1699999997479864e-07, 3.339999999907306e-07, 3.749999999969056e-07, 3.329999999635014e-07, 0.001899832999999962], "constrain": [0.0007353749999999826, 0.0008522079999999654, 0.000173541999999971, 0.00016929200000004307, 0.0001566660000000275, 0.0013419170000000258, 0.00019770800000001865, 0.00019254199999996224, 0.00017079100000000347, 0.0001670830000000123, 0.00016687500000001076, 0.00015058400000000915, 0.00017737500000003514, 0.00016245900000000368, 0.0001607500000000428, 0.00015937499999996163, 0.00015958300000001868, 0.0001631250000000417, 0.00013933399999999097, 0.0001388340000000321, 0.00013708400000000953, 0.0001375000000000126, 0.00013662500000000133, 0.00013691699999995866, 0.000136333000000044, 0.0010540840000000107]}, "final_exec_time": 0.093155333, "stages": [], "best_programs": [], "solution": {"code": "multiple(A):- div2(A,B),multiple(B).\nmultiple(1):- magic(1).", "is_solution": true, "conf_matrix": [7, 0, 10, 0], "total_exec_time": 0.09315358299999998, "durations": [{"operation": "Test", "called": 26, "total": 0.03949016599999988, "mean": 0.0015188525384615338, "maximum": 0.013789166999999991, "__type__": "DurationSummary"}, {"operation": "Find_Bindings_Prolog", "called": 14, "total": 0.01727508299999997, "mean": 0.0012339344999999977, "maximum": 0.010943915999999998, "__type__": "DurationSummary"}, {"operation": "Constrain", "called": 25, "total": 0.006419877000000185, "mean": 0.0002567950800000074, "maximum": 0.0013419170000000258, "__type__": "DurationSummary"}, {"operation": "Generate", "called": 26, "total": 0.005938207000000084, "mean": 0.00022839257692308017, "maximum": 0.0004919999999999924, "__type__": "DurationSummary"}, {"operation": "Combine", "called": 25, "total": 0.0026299569999998496, "mean": 0.00010519827999999398, "maximum": 0.0026205830000000097, "__type__": "DurationSummary"}], "__type__": "ProgramStats"}, "is_solution": true, "stats_file": "./results/multiple/magicpopper_types/6/stats.json", "end": true, "__type__": "Stats"}