{"log_best_programs": true, "num_literals": 0, "total_programs": 18, "total_rules": 0, "total_ground_rules": 0, "durations": {"generate": [0.0005217499999999875, 0.00032191599999997766, 0.00030074999999996077, 0.00028354099999994276, 0.0003817919999999919, 0.00030562499999997605, 0.0002879169999999709, 0.0002999160000000112, 0.0002666669999999982, 0.00038633299999990545, 0.00036616700000002833, 0.0004311250000000877, 0.00035491700000001014, 0.00045920899999996045, 0.0004499589999999998, 0.00044187499999992497, 0.00044554199999979893, 0.00038395800000001756, 0.0001519169999999459], "test": [0.036977916, 0.008056916999999997, 0.0009951249999999856, 0.0005910419999999306, 0.0004660409999999171, 0.0007149579999999878, 0.0007608340000000435, 0.0008021670000000203, 0.0004262919999999948, 0.0010754159999999402, 0.000977541999999998, 0.009380083000000039, 0.001277791000000028, 0.015433749999999913, 0.0819692500000001, 0.014907916000000077, 0.002227832999999846, 0.009524915999999939], "combine": [5.839999999146528e-07, 4.999999999588667e-07, 4.580000000364848e-07, 4.580000000364848e-07, 4.999999999588667e-07, 4.1699999997479864e-07, 4.1600000000308057e-07, 4.1699999997479864e-07, 5.00000000069889e-07, 3.7500000005241674e-07, 4.580000000364848e-07, 5.419999999922709e-07, 6.249999999763389e-07, 7.080000000714293e-07, 5.00000000069889e-07, 5.410000001315751e-07, 4.999999998478444e-07, 4.999999998478444e-07], "constrain": [0.0018243340000000385, 0.001709292000000029, 0.00016570800000004215, 0.00017487500000001877, 0.0001435419999999965, 0.00011904200000001364, 0.00010091699999992265, 0.00012958299999998868, 0.00010362499999994057, 0.0001797909999999847, 0.002119500000000052, 0.0019660000000000233, 0.00015716600000004188, 0.00018383300000002212, 0.00020054199999997024, 0.00031258300000014394, 0.00019649999999993284, 0.00019045899999992066], "find_bindings_prolog": [0.007819750000000014, 0.0007894580000000762, 0.00041412500000004293, 0.0008496669999999984, 0.008996333000000023, 0.08162162500000003, 0.0019087909999999653]}, "final_exec_time": 0.40464270800000013, "stages": [], "best_programs": [], "solution": null, "is_solution": false, "stats_file": "./results/list_constant/magicpopper_types/1/0/stats.json", "end": true, "__type__": "Stats"}