{"log_best_programs": true, "num_literals": 0, "total_programs": 8, "total_rules": 0, "total_ground_rules": 0, "durations": {"generate": [0.0003725830000000929, 0.00054554200000001, 0.0014045840000000975, 0.001086208000000033, 0.0015270830000000402, 0.0008811670000001826, 0.001314749999999698, 0.0003375000000001016, 0.0009473330000000502], "find_bindings_prolog": [0.019684666999999934, 0.03475537500000003, 0.1327384159999998, 0.15488970899999988, 0.13501687500000004, 0.13672091600000025], "test": [0.021748457999999804, 0.047746499999999914, 0.01861983300000003, 0.1330386669999999, 0.15536837500000011, 0.13540333299999974, 0.13703879099999972, 0.01907120799999973], "combine": [0.00988991699999997, 0.004294916999999954, 5.83000000053957e-07, 6.670000001207654e-07, 6.250000001983835e-07, 5.00000000069889e-07, 5.419999999922709e-07, 5.419999999922709e-07], "constrain": [0.0015776659999999776, 0.0023423750000000076, 0.00042404100000004163, 0.002966583000000078, 0.00508133299999991, 0.0015647080000000813, 0.005219374999999804, 0.0017307500000001141]}, "final_exec_time": 1.951221917, "stages": [], "best_programs": [], "solution": {"code": "magic_value(A):- head(A,hu),magic(hu).\nmagic_value(A):- head(A,jf),magic(jf).\nmagic_value(A):- head(A,ev),magic(ev).\nmagic_value(A):- head(A,ij),magic(ij).\nmagic_value(A):- head(A,px),magic(px).\nmagic_value(A):- head(A,dl),magic(dl).\nmagic_value(A):- head(A,lh),magic(lh).\nmagic_value(A):- head(A,el),magic(el).\nmagic_value(A):- head(A,od),magic(od).\nmagic_value(A):- head(A,oq),magic(oq).\nmagic_value(A):- head(A,db),magic(db).\nmagic_value(A):- head(A,ke),magic(ke).\nmagic_value(A):- head(A,jh),magic(jh).\nmagic_value(A):- head(A,kr),magic(kr).\nmagic_value(A):- head(A,gw),magic(gw).\nmagic_value(A):- head(A,im),magic(im).\nmagic_value(A):- head(A,kx),magic(kx).\nmagic_value(A):- head(A,ax),magic(ax).\nmagic_value(A):- head(A,hp),magic(hp).\nmagic_value(A):- head(A,mm),magic(mm).", "is_solution": true, "conf_matrix": [200, 0, 200, 0], "total_exec_time": 1.951219083, "durations": [{"operation": "Test", "called": 1, "total": 0.021748457999999804, "mean": 0.021748457999999804, "maximum": 0.021748457999999804, "__type__": "DurationSummary"}, {"operation": "Find_Bindings_Prolog", "called": 1, "total": 0.019684666999999934, "mean": 0.019684666999999934, "maximum": 0.019684666999999934, "__type__": "DurationSummary"}, {"operation": "Generate", "called": 1, "total": 0.0003725830000000929, "mean": 0.0003725830000000929, "maximum": 0.0003725830000000929, "__type__": "DurationSummary"}], "__type__": "ProgramStats"}, "is_solution": true, "stats_file": "./results/list_magicvalues_multipleclauses/magicpopper/20/6/stats.json", "end": true, "__type__": "Stats"}