{"log_best_programs": true, "num_literals": 0, "total_programs": 29, "total_rules": 0, "total_ground_rules": 0, "durations": {"generate": [0.00045116700000047416, 0.00036620899999917356, 0.0004008340000005717, 0.0003977080000003852, 0.0005131250000003362, 0.00037820799999988, 0.00040104099999993537, 0.0005440420000004664, 0.00037741700000015754, 0.00042783300000071023, 0.00039400000000000546, 0.0003835829999996321, 0.0008132079999993991, 0.00039183400000020185, 0.0004384580000049709, 0.000557833000002006, 0.0003722499999980755, 0.00044766699999598814, 0.00037595899999587346, 0.000400999999996543, 0.0003817919999988817, 0.0005122919999962505, 0.00038637499999794045, 0.0003416670000007116, 0.0004592909999985295, 0.0003548329999958355, 0.0005277500000033797, 0.0007428329999967787, 0.0005746249999987185, 0.0001657500000007417], "test": [0.0474985840000004, 0.05888512499999976, 0.015328042000000153, 0.20789912499999996, 0.21272904100000023, 0.058227291999999764, 0.015545709000000407, 0.012351999999999919, 0.0120882920000005, 0.21465433399999956, 0.022569499999999465, 0.023294625000000124, 0.23386470899999967, 8.147715083000001, 0.05786895900000388, 0.013766249999996205, 0.012718833000000984, 0.023819041999999513, 0.011865540999998814, 0.05744820800000383, 0.21549624999999395, 0.018048832999994602, 0.05499920800000524, 0.031847166999995125, 0.02744400000000269, 0.02830116600000565, 0.029699417000003336, 4.425487957999998, 0.4473423330000017], "combine": [7.07999999960407e-07, 0.03708220800000017, 5.000000005139782e-07, 0.057751458000000255, 7.090000000431473e-07, 0.0670617499999997, 4.999999996257998e-07, 4.5799999970341787e-07, 5.000000005139782e-07, 0.18580595900000052, 4.999999996257998e-07, 5.000000005139782e-07, 4.999999996257998e-07, 35.997852916, 5.840000056878125e-07, 4.999999987376214e-07, 4.999999987376214e-07, 5.419999951072896e-07, 4.5800000236795313e-07, 5.409999985772629e-07, 5.830000020523585e-07, 4.5799999526252577e-07, 4.999999987376214e-07, 5.420000022127169e-07, 5.409999985772629e-07, 4.5799999526252577e-07, 6.669999947916949e-07, 8.750000048962647e-07, 0.1828222079999975], "constrain": [0.0013221249999997298, 0.001333124999999491, 0.0016326250000000542, 0.0001875830000006573, 0.0015921670000000887, 0.00022099999999980469, 0.002256875000000491, 0.0003010000000003288, 0.00024904200000008814, 0.00015191700000016795, 0.0002515000000000711, 0.0002454170000003586, 0.00014224999999967736, 0.00019937499999400643, 0.00012037499999451029, 0.00024279099999802156, 0.0002613750000008963, 0.0002552079999986745, 0.00023141700000195442, 0.00016616599999963455, 0.00017683299999760038, 0.00026599999999632473, 0.00020437500000269893, 0.00020283300000301097, 0.0002654999999975871, 0.00025529100000198923, 0.0003739169999974479, 0.0016106670000013423, 0.001347541999997759], "find_bindings_prolog": [0.05838249999999956, 0.015001250000000077, 0.20742487500000006, 0.21211791599999952, 0.057688583000000015, 0.015199458000000554, 0.01193504100000009, 0.011747832999999375, 0.21258895899999963, 0.022234832999999732, 0.022956792000000448, 0.2331362919999993, 7.752179417, 0.05668237500000117, 0.01345037500000501, 0.012364333000000727, 0.02346375000000478, 0.011545583000000192, 0.056764499999999884, 0.21477820800000558, 0.01753999999999678, 4.4248489169999985, 0.44606200000000484]}, "final_exec_time": 56.155868875, "stages": [], "best_programs": [], "solution": {"code": "magic_value(A):- tail(A,B),magic_value(B).\nmagic_value(A):- head(A,c7),magic(c7).", "is_solution": true, "conf_matrix": [3000, 0, 3000, 0], "total_exec_time": 56.155867041, "durations": [{"operation": "Combine", "called": 28, "total": 36.34556691499999, "mean": 1.2980559612499998, "maximum": 35.997852916, "__type__": "DurationSummary"}, {"operation": "Test", "called": 29, "total": 14.738804626000004, "mean": 0.5082346422758622, "maximum": 8.147715083000001, "__type__": "DurationSummary"}, {"operation": "Find_Bindings_Prolog", "called": 23, "total": 14.110093790000015, "mean": 0.6134823386956528, "maximum": 7.752179417, "__type__": "DurationSummary"}, {"operation": "Constrain", "called": 28, "total": 0.014718748999986708, "mean": 0.0005256696071423825, "maximum": 0.002256875000000491, "__type__": "DurationSummary"}, {"operation": "Generate", "called": 29, "total": 0.013114833999981812, "mean": 0.0004522356551717866, "maximum": 0.0008132079999993991, "__type__": "DurationSummary"}], "__type__": "ProgramStats"}, "is_solution": true, "stats_file": "./results/list_example/magicpopper_types/3000/8/stats.json", "end": true, "__type__": "Stats"}