{"log_best_programs": true, "num_literals": 0, "total_programs": 153, "total_rules": 0, "total_ground_rules": 0, "durations": {"generate": [0.00045279199999997966, 0.00017633299999997298, 0.00022862500000003783, 0.00045391699999997037, 0.00021241699999996477, 0.0006032499999999996, 0.0007688329999999688, 0.0003719169999999994, 0.0003373329999999952, 0.0004382499999999734, 0.0005375830000000081, 0.00019254199999996224, 0.00028491699999999565, 0.00022083400000000308, 0.00024529200000000806, 0.0002294580000000157, 0.00022566600000001324, 0.0002471669999999926, 0.00021816699999999134, 0.000443542000000019, 0.0010448750000000007, 0.0002929999999999877, 0.0006075839999999944, 0.0002170830000000068, 0.00021866700000000572, 0.00027320799999996925, 0.0018040409999999785, 0.0003874580000000072, 0.00026416699999998183, 0.00036237499999997036, 0.0002167080000000099, 0.0003250409999999704, 0.00021483399999999708, 0.0003849579999999908, 0.00023558299999998367, 0.00030279100000002446, 0.00024337499999999013, 0.0005149580000000098, 0.00029879199999993666, 0.00023874999999995428, 0.00022416699999994183, 0.00023295800000000533, 0.0007931669999999835, 0.0002647500000000358, 0.00022870799999996638, 0.00030762500000003357, 0.00025491700000002115, 0.00024558299999999367, 0.0006149589999999705, 0.0002190829999999533, 0.0003370419999999541, 0.0002367500000000078, 0.0003515000000000601, 0.0002554590000000134, 0.0002906670000000222, 0.0002287920000000332, 0.00028295899999997154, 0.0002119170000000059, 0.0006673329999999922, 0.000333209000000001, 0.00024854200000001825, 0.0006779169999999723, 0.00029858400000004615, 0.00026658400000001414, 0.00022258399999997014, 0.0005703340000000612, 0.0002319590000000593, 0.0002342499999999914, 0.0002444169999999968, 0.00022599999999994846, 0.0002118749999999725, 0.00029966699999994795, 0.0016169580000000572, 0.0004447080000000714, 0.00035204200000005237, 0.00030454200000007425, 0.000773041999999946, 0.00045708299999991375, 0.00031800000000004047, 0.00032162499999999206, 0.003161458000000006, 0.0003275839999999919, 0.00026204200000001787, 0.0002666249999999648, 0.00025200000000003, 0.00026450000000000085, 0.0002604170000000128, 0.000758291000000022, 0.00026566699999996946, 0.00028054200000005025, 0.0003022910000000101, 0.00043233300000000696, 0.0003070410000000079, 0.01640083399999992, 0.0002758330000000031, 0.00027049999999995133, 0.000535749999999946, 0.0001710409999999829, 0.00017320799999998027, 0.0001594579999999457, 0.0006323750000000183, 0.0003422500000000994, 0.0007472090000000264, 0.0008519160000000081, 0.0027692499999999454, 0.0001999590000000273, 0.013988624999999977, 0.0007614580000000482, 0.0005386669999999372, 0.00032637499999998987, 0.00019895899999999855, 0.00017224999999998492, 0.0004386250000000258, 0.0002791249999999357, 0.0002754160000000283, 0.00022570899999996286, 0.0003830000000000222, 0.000265875000000082, 0.0007207089999999861, 0.00031570800000002563, 0.00023033299999997148, 0.0005912499999999321, 0.00024299999999999322, 0.0002507090000000156, 0.00021333300000003774, 0.00032687499999994873, 0.0002030410000000149, 0.00030183400000005634, 0.0007098330000000486, 0.0003565830000000769, 0.0004796660000000452, 0.00026562499999993605, 0.00020474999999997578, 0.0005130410000000474, 0.0001867920000000467, 0.0005348750000000457, 0.00022100000000002673, 0.00022616600000002762, 0.00022383300000006212, 0.00021170799999992163, 0.00018950000000006462, 0.0002444169999999968, 0.00019387500000001, 0.00032366600000000023, 0.00020612500000005696, 0.0008624999999999883, 0.00023008399999990825, 0.0002463329999999875, 0.00023033400000005422, 0.0012288339999999565, 0.00025937500000006164, 0.0007812499999999556, 0.0002819170000000204, 0.005191458999999954], "find_bindings_prolog": [0.014690999999999954, 0.0010443330000000084, 0.0005157920000000149, 0.0005870830000000438, 0.0008059579999999955, 0.0005577909999999742, 0.0010906670000000451, 0.0011935419999999919, 0.0005274999999999586, 0.0009014580000000216, 0.0009567079999999728, 0.0009507910000000064, 0.0008914580000000116, 0.0005754590000000004, 0.001007374999999977, 0.0005899169999999954, 0.001963249999999972, 0.0008845829999999943, 0.0006255000000000011, 0.0008827499999999877, 0.0007789999999999742, 0.001366459000000042, 0.0009101249999999839, 0.000897749999999975, 0.0009669580000000177, 0.0009294160000000162, 0.0009176249999999775, 0.0007910830000000257, 0.0009323750000000408, 0.0006637500000000185, 0.0006739159999999966, 0.0009762500000000118, 0.0006654580000000077, 0.0016208750000000216, 0.0010599580000000275, 0.0009369999999999656, 0.0009276249999999875, 0.0010203749999999623, 0.0026718749999999902, 0.0010704580000000519, 0.0009527080000000243, 0.0009494169999999524, 0.0010632920000001045, 0.0008632080000000597, 0.0018376249999999539, 0.0011441670000000848, 0.000644082999999962, 0.0011399999999999189, 0.0006991660000000843, 0.0006967919999999461, 0.0011391250000000186, 0.0010744160000000225, 0.00063208299999995, 0.0010654589999999908, 0.001743333000000069, 0.0026972499999999844, 0.0008214160000000748, 0.0022745420000001015, 0.0018632079999999496, 0.0007276660000000712, 0.00111949999999994, 0.0006443750000000303, 0.0011143750000000008, 0.0009654580000000301, 0.0008320410000000056, 0.0010448339999999945, 0.0009166670000000376, 0.0009122500000000588, 0.0017138330000000535, 0.00189345800000007, 0.0013197080000000305, 0.0019307080000000587, 0.001790333999999949, 0.0021158749999999893, 0.0007834580000000146, 0.00075362499999998, 0.0007561249999999964, 0.001073958000000097, 0.0009940000000000504, 0.000993375000000074, 0.002040708999999974, 0.0014824589999999915, 0.0018820420000000837, 0.0009677499999999339, 0.0010791660000000203, 0.0008453339999999754, 0.000698290999999962, 0.0007318749999999374, 0.001205875000000023, 0.000765958000000011, 0.0011480419999999603, 0.0009716670000000649, 0.0011014999999999775, 0.000549874999999922, 0.000516959000000039, 0.0006869590000000425, 0.0005310830000000433, 0.006813833000000047, 0.0007260000000000044, 0.0006075410000000447, 0.0006148750000000147, 0.025229541999999938, 0.0008355420000000224, 0.0006482920000000503, 0.0007439160000000111, 0.0011459169999999963, 0.0006708330000000373, 0.0006795420000000885, 0.0006212079999999842, 0.0005902920000000478, 0.0006092500000000056, 0.0005725420000000092, 0.0006364580000000064, 0.0006112499999999521, 0.0006399999999999739, 0.00063941699999992, 0.0012750000000000261, 0.0006255840000000124, 0.0009253339999999444, 0.0007070000000000132, 0.0006080839999998977, 0.0005477079999999246, 0.000545291999999975, 0.0005469169999999801, 0.0005526249999999733, 0.0013708329999999602, 0.0006106249999999758, 0.0005452080000000192, 0.000555749999999966, 0.0005642080000000105, 0.000928708999999972, 0.0009429170000000431, 0.0009209579999999162, 0.0009679999999999689, 0.001004792000000032, 0.0019443749999999982, 0.0030827079999999896, 0.0017147499999999871],