{"log_best_programs": true, "num_literals": 0, "total_programs": 8, "total_rules": 0, "total_ground_rules": 0, "durations": {"generate": [0.0003802920000000043, 0.0004928750000001703, 0.0014320839999999446, 0.0016640409999999495, 0.0022575000000000234, 0.0009119580000001015, 0.0006793329999998932, 0.0005786670000000882, 0.00029058400000003815], "find_bindings_prolog": [0.022617250000000144, 0.030805083000000177, 0.13778362499999997, 0.15090666699999988, 0.15152254199999993, 0.15184137500000006], "test": [0.025510040999999983, 0.042107374999999836, 0.018812916000000124, 0.1380830420000001, 0.15123691700000008, 0.1519945829999998, 0.15218149999999975, 0.017926208], "combine": [0.018187833000000042, 0.004947333000000054, 4.999999998478444e-07, 6.249999999763389e-07, 7.499999998827889e-07, 5.00000000069889e-07, 5.00000000069889e-07, 5.409999999095305e-07], "constrain": [0.0017733330000000436, 0.0023884169999999205, 0.0004102919999999788, 0.0030972499999999403, 0.00516662499999998, 0.0054373750000000776, 0.0016954170000000879, 0.0005337920000001439]}, "final_exec_time": 2.027979833, "stages": [], "best_programs": [], "solution": {"code": "magic_value(A):- head(A,ic),magic(ic).\nmagic_value(A):- head(A,pl),magic(pl).\nmagic_value(A):- head(A,cf),magic(cf).\nmagic_value(A):- head(A,gf),magic(gf).\nmagic_value(A):- head(A,iv),magic(iv).\nmagic_value(A):- head(A,cd),magic(cd).\nmagic_value(A):- head(A,nj),magic(nj).\nmagic_value(A):- head(A,ja),magic(ja).\nmagic_value(A):- head(A,hi),magic(hi).\nmagic_value(A):- head(A,qt),magic(qt).\nmagic_value(A):- head(A,f),magic(f).\nmagic_value(A):- head(A,gy),magic(gy).\nmagic_value(A):- head(A,lt),magic(lt).\nmagic_value(A):- head(A,hq),magic(hq).\nmagic_value(A):- head(A,dc),magic(dc).\nmagic_value(A):- head(A,de),magic(de).\nmagic_value(A):- head(A,ga),magic(ga).\nmagic_value(A):- head(A,kd),magic(kd).\nmagic_value(A):- head(A,fh),magic(fh).\nmagic_value(A):- head(A,ny),magic(ny).\nmagic_value(A):- head(A,dw),magic(dw).\nmagic_value(A):- head(A,kr),magic(kr).\nmagic_value(A):- head(A,lf),magic(lf).\nmagic_value(A):- head(A,lp),magic(lp).\nmagic_value(A):- head(A,fy),magic(fy).\nmagic_value(A):- head(A,qo),magic(qo).\nmagic_value(A):- head(A,ib),magic(ib).\nmagic_value(A):- head(A,aw),magic(aw).\nmagic_value(A):- head(A,mp),magic(mp).\nmagic_value(A):- head(A,cx),magic(cx).", "is_solution": true, "conf_matrix": [200, 0, 200, 0], "total_exec_time": 2.027977791, "durations": [{"operation": "Test", "called": 1, "total": 0.025510040999999983, "mean": 0.025510040999999983, "maximum": 0.025510040999999983, "__type__": "DurationSummary"}, {"operation": "Find_Bindings_Prolog", "called": 1, "total": 0.022617250000000144, "mean": 0.022617250000000144, "maximum": 0.022617250000000144, "__type__": "DurationSummary"}, {"operation": "Generate", "called": 1, "total": 0.0003802920000000043, "mean": 0.0003802920000000043, "maximum": 0.0003802920000000043, "__type__": "DurationSummary"}], "__type__": "ProgramStats"}, "is_solution": true, "stats_file": "./results/list_magicvalues_multipleclauses/magicpopper/30/3/stats.json", "end": true, "__type__": "Stats"}