{"log_best_programs": true, "num_literals": 0, "total_programs": 80, "total_rules": 0, "total_ground_rules": 0, "durations": {"generate": [0.00038637499999993885, 0.00017624999999998892, 0.00020941699999998953, 0.0004961669999999918, 0.00013699999999994272, 0.0007553750000000026, 0.00025612499999994043, 0.0002823330000000235, 0.0007362499999999939, 0.0008794589999999713, 0.0005144170000001003, 0.00028012499999996443, 0.00033450000000001534, 0.0012753749999999675, 0.00025729200000002006, 0.00028570800000005114, 0.0002386669999999702, 0.00022212499999996194, 0.00021850000000001035, 0.0007668749999999447, 0.0001619170000000114, 0.00017862499999998782, 0.00016095799999993332, 0.0004764999999999908, 0.0003314159999999733, 0.00025133300000002023, 0.00021570800000003665, 0.00023387500000005002, 0.00025300000000005873, 0.0007020830000000755, 0.0002622920000000528, 0.00046429100000000556, 0.000225209000000004, 0.0002373329999998397, 0.0004507920000000887, 0.0002546249999999528, 0.00034154100000005627, 0.0002547500000000813, 0.0003041669999999108, 0.0021952080000000596, 0.00023916700000015112, 0.0002946249999999928, 0.0002515000000000711, 0.0005116249999999045, 0.0008815419999999019, 0.0004935839999999914, 0.00019887499999993175, 0.00018808300000006106, 0.00024275000000018032, 0.0001855840000000164, 0.00024341700000007904, 0.0001763750000001174, 0.0001832080000001568, 0.00020562499999998707, 0.00018450000000003186, 0.0001891670000000456, 0.00018145800000013423, 0.00016183400000002734, 0.00033370899999995984, 0.0002772909999999573, 0.0001698329999999526, 0.0001745839999998111, 0.00016824999999998091, 0.00016824999999998091, 0.00017899999999992922, 0.00021900000000019126, 0.0002379169999999764, 0.0002820420000000379, 0.00016733300000004725, 0.000537624999999986, 0.00017858300000006544, 0.0008447910000000114, 0.00017154199999991349, 0.00019087499999992374, 0.00016833299999996498, 0.00025141700000008704, 0.00020133399999999746, 0.0003527500000000128, 0.00021729100000000834, 0.00026799999999993496, 0.0029863750000000966], "find_bindings_prolog": [0.017362917000000033, 0.021361917000000008, 0.010219666999999988, 0.010379833000000005, 0.02270099999999997, 0.0025747080000000366, 0.006031834000000069, 0.021502250000000056, 0.020765000000000033, 0.00843358400000005, 0.011093041999999942, 0.0022777499999999673, 0.004372790999999987, 0.004387167000000081, 0.004419500000000021, 0.0022033750000000074, 0.009020291000000014, 0.009024541999999913, 0.0009642499999999998, 0.008743999999999974, 0.009408624999999948, 0.008623457999999973, 0.02455916700000005, 0.023522374999999984, 0.0009739170000000463, 0.010020499999999988, 0.010336583000000177, 0.02176954200000014, 0.023212208000000123, 0.0034422920000001245, 0.01003387499999997, 0.00974166700000012, 0.02165212499999991, 0.021684000000000037, 0.02395775000000011, 0.02164066600000014, 0.0009749160000001034, 0.0007832090000001735, 0.000853209000000188, 0.0009338340000000223, 0.0011061660000000195, 0.0009544589999999076, 0.0011003749999998202, 0.0008648750000002092, 0.0010250830000000377, 0.0010281249999999353, 0.0011420840000000432, 0.0009030420000000206, 0.0008014999999998995, 0.0007929170000000596, 0.000799500000000064, 0.0007949579999999568, 0.001159750000000015, 0.0009400840000000077, 0.001033624999999816, 0.0008023749999999108, 0.001055250000000063, 0.0010427500000000922, 0.0010100419999998778, 0.00106716699999998, 0.0010540829999998724, 0.0011270829999998622, 0.0010882910000000745, 0.0022431249999999014, 0.0022351250000001155], "test": [0.018140999999999963, 0.00045949999999994606, 0.02274920800000002, 0.0005741249999999809, 0.0006427919999999476, 0.010901625000000026, 0.01135033299999999, 0.024337333000000072, 0.0032067089999999743, 0.006943041999999955, 0.023120209000000003, 0.022397583999999915, 0.009095041000000026, 0.01388845900000002, 0.0028254169999999412, 0.005272790999999999, 0.0053259580000000195, 0.005348665999999946, 0.002938499999999955, 0.0004584159999999615, 0.0005589169999999921, 0.00039966699999993693, 0.00041199999999996795, 0.009769958999999995, 0.010200207999999988, 0.0011950419999999795, 0.009520250000000008, 0.010194584000000062, 0.009434750000000047, 0.02640016700000003, 0.025506417000000003, 0.0014049999999999896, 0.011061874999999999, 0.01138454099999997, 0.0237257500000001, 0.02524170800000003, 0.004259583000000067, 0.011072916000000044, 0.010818916999999928, 0.023603958000000036, 0.02363562500000005, 0.025937249999999912, 0.023530457999999976, 0.001210916999999867, 0.0010077079999999405, 0.0011010000000000186, 0.0011975829999999466, 0.010119333000000008, 0.0013790410000000808, 0.0005206250000000523, 0.001221292000000096, 0.0013436669999999928, 0.001108458999999895, 0.0012655000000001415, 0.0012872080000001507, 0.001401624999999962, 0.002396041999999987, 0.008022458000000121, 0.001155250000000052, 0.0010410839999999144, 0.0010305419999998566, 0.0010352080000000097, 0.0010268330000000603, 0.01009474999999993, 0.002307832999999926, 0.003892541999999999, 0.006802709000000018, 0.0014329169999998115, 0.0011747920000000356, 0.0012710000000000221, 0.0010387499999999772, 0.0012951660000000143, 0.001282041000000067, 0.0012475840000001348, 0.0013039999999999718, 0.0012936669999998873, 0.0013714579999999366, 0.0013391660000001693, 0.0024956670000000347, 0.0024875409999998155], "combine": [0.0036363329999999916, 4.1600000000308057e-07, 0.003040042000000076, 7.090000000431473e-07, 4.5900000000820285e-07, 5.829999999429347e-07, 6.250000000873612e-07, 6.669999998987208e-07, 5.829999999429347e-07, 5.419999999922709e-07, 6.249999999763389e-07, 8.339999999495973e-07, 4.999999999588667e-07, 4.1699999997479864e-07, 4.1700000008582094e-07, 4.999999999588667e-07, 4.580000000364848e-07, 4.999999999588667e-07, 4.1600000000308057e-07, 5.829999999429347e-07, 4.1699999997479864e-07, 5.00000000069889e-07, 4.999999999588667e-07, 5.83000000053957e-07, 7.499999999938112e-07, 4.999999999588667e-07, 6.249999999763389e-07, 6.250000000873612e-07, 6.250000000873612e-07, 6.250000000873612e-07, 6.249999999763389e-07, 4.999999999588667e-07, 6.249999999763389e-07, 6.249999999763389e-07, 7.090000000431473e-07, 6.249999999763389e-07, 0.0030487499999998224, 7.090000000431473e-07, 5.409999999095305e-07, 5.419999999922709e-07, 5.419999999922709e-07, 7.090000000431473e-07, 6.249999999763389e-07, 4.5900000000820285e-07, 4.580000001475071e-07, 5.83000000053957e-07, 5.419999999922709e-07, 5.419999999922709e-07, 5.00000000069889e-07, 5.00000000069889e-07, 5.00000000069889e-07, 4.580000001475071e-07, 5.00000000069889e-07, 5.00000000069889e-07, 5.419999999922709e-07, 5.409999999095305e-07, 5.00000000069889e-07, 4.5900000000820285e-07, 4.1700000008582094e-07, 4.579999999254625e-07, 4.1600000000308057e-07, 4.5900000000820285e-07, 4.580000001475071e-07, 5.00000000069889e-07, 4.5900000000820285e-07, 4.999999998478444e-07, 4.5900000000820285e-07, 4.1699999986377634e-07, 5.00000000069889e-07, 4.5900000000820285e-07, 5.00000000069889e-07, 4.1600000000308057e-07, 4.580000001475071e-07, 4.579999999254625e-07, 4.1699999986377634e-07, 5.00000000069889e-07, 4.5900000000820285e-07, 4.5900000000820285e-07, 4.1699999986377634e-07, 4.579999999254625e-07],