{"log_best_programs": true, "num_literals": 0, "total_programs": 78, "total_rules": 0, "total_ground_rules": 0, "durations": {"generate": [0.0002661669999999283, 0.00013037500000012692, 0.0001566669999999437, 0.0003871250000000437, 0.00010445899999989017, 0.0005988329999999653, 0.00016300000000013526, 0.0001871250000000657, 0.0005189169999999521, 0.000453542000000029, 0.0003432920000001616, 0.00023358299999998167, 0.00026033299999994597, 0.00046670800000003787, 0.00020533300000002974, 0.0005396660000001052, 0.00022216699999999534, 0.00016879199999997319, 0.00016787500000003952, 0.0004107920000000487, 0.0001282499999999409, 0.00024295899999993154, 0.00015712499999986917, 0.0004344999999998933, 0.0002522910000000156, 0.0001918329999999191, 0.00016495800000004834, 0.00015295900000000806, 0.00019512499999985167, 0.0006068750000001177, 0.00021724999999994665, 0.0003143340000000272, 0.00018383399999999384, 0.0001732080000000913, 0.0005321670000002499, 0.00021074999999992627, 0.00029320799999998926, 0.00024704099999972584, 0.0002803749999999994, 0.0006040839999998937, 0.0004958330000000011, 0.0005493340000000124, 0.00024545800000019824, 0.00023437500000023093, 0.00020649999999999835, 0.0021761670000000066, 0.0001765419999997242, 0.00013249999999986883, 0.0002667089999999206, 0.00020995899999975975, 0.00029250000000002885, 0.0001497499999998375, 0.00015908300000022635, 0.00014637499999992087, 0.0001673330000002693, 0.00016262500000019386, 0.0001595420000000125, 0.0001773750000002572, 0.00018195799999976003, 0.00022687500000007077, 0.0002479580000001036, 0.0002695829999996846, 0.0002397089999996993, 0.000236000000000125, 0.00037466599999991246, 0.0002379159999996716, 0.00045849999999969526, 0.00019608399999970771, 0.0002413749999998771, 0.0002106660000000815, 0.000223667000000205, 0.00019079199999971763, 0.00038458299999977186, 0.00038441600000016507, 0.0002934589999998849, 0.0004019169999995853, 0.00016420800000016555, 0.0002571250000000802, 0.0031498750000000797], "find_bindings_prolog": [0.02800999999999987, 0.08485241599999993, 0.03849870799999988, 0.0430330000000001, 0.08273041699999983, 0.009044124999999958, 0.017812875000000172, 0.08158579099999996, 0.08727483299999994, 0.042070209000000025, 0.01808791700000012, 0.008488875000000062, 0.020640042000000136, 0.009936665999999983, 0.01845724999999998, 0.017807791999999933, 0.044068707999999956, 0.0019439169999999617, 0.04617749999999998, 0.042837875000000025, 0.03962750000000015, 0.04523233299999996, 0.09356783400000013, 0.09416929200000013, 0.002006290999999827, 0.05077474999999998, 0.05190583399999982, 0.10234333300000031, 0.10457762500000012, 0.012894500000000253, 0.052240749999999725, 0.050065417000000334, 0.0032959169999999816, 0.006746500000000211, 0.09102829200000029, 0.09295574999999978, 0.08627033300000031, 0.08719183299999989, 0.006748167000000027, 0.04990799999999984, 0.053160708000000056, 0.002995250000000116, 0.0027843329999996946, 0.001839332999999943, 0.0030733330000001224, 0.0018624159999998113, 0.002892624999999871, 0.0019599999999999618, 0.0020370830000002726, 0.002340790999999953, 0.003150750000000535, 0.0032439580000005463, 0.0019946659999998673, 0.0020031249999998835, 0.0035381250000003917, 0.004273249999999784, 0.004165458000000122, 0.003958625000000104, 0.001993957999999907, 0.002030749999999415, 0.009795041999999476, 0.0019723329999994377, 0.009122750000000401], "test": [0.028646208000000062, 0.00047079199999999766, 0.08605491700000001, 0.002136625000000114, 0.00044675000000005127, 0.03911175, 0.04389212499999995, 0.08408741600000003, 0.009492041000000118, 0.01845037500000002, 0.08300387500000017, 0.08875108300000001, 0.04276374999999999, 0.018738000000000143, 0.008979749999999953, 0.021511625000000034, 0.010683291999999955, 0.01923904200000015, 0.01861729199999984, 0.0006809999999999317, 0.0004093750000000451, 0.03406508400000008, 0.0006864580000001119, 0.04482958300000006, 0.002147000000000121, 0.046927750000000046, 0.04357379199999989, 0.04036666700000002, 0.04600979100000013, 0.0952332090000001, 0.09584649999999995, 0.002366166999999919, 0.05177512499999981, 0.052922000000000136, 0.10420750000000023, 0.10648508299999992, 0.013476000000000266, 0.05337587499999996, 0.05117512499999988, 0.0035573749999997517, 0.0069811250000002545, 0.0925925000000003, 0.09462429199999978, 0.08796558300000035, 0.08891787499999992, 0.0069922920000000666, 0.0006382079999998069, 0.8532293750000002, 0.0508630000000001, 0.054089208999999805, 0.00322887500000002, 0.0029921659999998518, 0.0006740419999999858, 0.0016434159999998421, 0.0020477919999999372, 0.003295291999999783, 0.0020862919999999896, 0.0030954169999999337, 0.0021783750000001767, 0.002277583999999777, 0.09410629099999968, 0.0005929589999995599, 0.7450697500000008, 0.45426116599999933, 0.0026451669999998373, 0.0034044160000004098, 0.0035555829999998068, 0.002221458000000176, 0.0022256249999994537, 0.0038372500000001253, 0.004511374999999873, 0.004409333999999987, 0.004195875000000626, 0.0022211670000000794, 0.0022891659999997316, 0.010019875000000233, 0.002193042000000034, 0.009341708999999199], "combine": [0.004014832999999829, 4.580000001475071e-07, 0.0031632079999999174, 5.410000001315751e-07, 3.7499999994139444e-07, 5.00000000069889e-07, 5.00000000069889e-07, 5.419999999922709e-07, 4.1700000008582094e-07, 4.1700000008582094e-07, 5.83000000053957e-07, 5.419999999922709e-07, 5.419999999922709e-07, 4.580000001475071e-07, 4.1700000008582094e-07, 5.409999999095305e-07, 4.1700000008582094e-07, 4.1600000000308057e-07, 4.1600000000308057e-07, 4.999999998478444e-07, 3.7499999994139444e-07, 4.580000001475071e-07, 4.579999999254625e-07, 5.00000000069889e-07, 3.7499999994139444e-07, 5.419999999922709e-07, 4.579999999254625e-07, 5.419999999922709e-07, 5.839999999146528e-07, 5.829999998319124e-07, 5.419999999922709e-07, 4.1700000030786555e-07, 5.829999998319124e-07, 5.410000003536197e-07, 5.839999999146528e-07, 6.249999997542943e-07, 0.0023352920000001554, 7.07999999960407e-07, 5.839999999146528e-07, 5.409999999095305e-07, 4.1699999986377634e-07, 5.419999999922709e-07, 6.659999995939359e-07, 5.419999999922709e-07, 6.249999997542943e-07, 6.249999997542943e-07, 4.160000002251252e-07, 5.419999999922709e-07, 6.670000001207654e-07, 5.839999999146528e-07, 4.5799999970341787e-07, 4.580000001475071e-07, 4.1700000030786555e-07, 4.1699999986377634e-07, 3.3300000001901253e-07, 4.1699999986377634e-07, 3.7499999994139444e-07, 3.7499999994139444e-07, 3.7500000038548365e-07, 4.160000002251252e-07, 7.080000008485854e-07, 5.419999995481817e-07, 4.580000005915963e-07, 6.660000000380251e-07, 5.000000005139782e-07, 4.999999996257998e-07, 4.5799999970341787e-07, 4.1699999986377634e-07, 4.1699999986377634e-07, 4.5799999970341787e-07, 4.1699999986377634e-07, 4.5899999978615824e-07, 4.5799999970341787e-07, 4.5900000067433666e-07, 4.160000006692144e-07, 4.580000005915963e-07, 3.7499999994139444e-07, 5.000000005139782e-07],