{"log_best_programs": true, "num_literals": 0, "total_programs": 78, "total_rules": 0, "total_ground_rules": 0, "durations": {"generate": [0.00035520899999996747, 0.0001467080000000509, 0.0001502909999999691, 0.0003746660000000235, 0.0001064170000000253, 0.0006597080000000366, 0.00020933400000000546, 0.00035795799999993605, 0.0004030000000000422, 0.0004962499999999759, 0.0005222089999999957, 0.0002942919999999738, 0.00016287500000000676, 0.0004962920000000093, 0.0002679169999999509, 0.0004655840000000744, 0.00018974999999998854, 0.00019250000000003986, 0.00019124999999997616, 0.0006087499999999357, 0.00015462499999996382, 0.00021529199999992255, 0.00015283300000001887, 0.0005259170000000424, 0.00024066700000002772, 0.00018424999999999692, 0.00015641699999990877, 0.00021937499999991061, 0.00016649999999995835, 0.0006272920000000015, 0.00021437499999987786, 0.0003184170000001263, 0.00017791700000002741, 0.0003086670000000957, 0.00017979100000009574, 0.00048745799999982964, 0.00019545899999995342, 0.00019245899999997818, 0.00023891700000011618, 0.001425041999999932, 0.0001860840000000863, 0.0001755839999999509, 0.00026541600000018484, 0.0003215000000000856, 0.00017812499999991793, 0.0014892909999999482, 0.0001707920000000307, 0.00016087499999994925, 0.0001667499999999933, 0.00018137499999992812, 0.00020537499999995212, 0.00017145800000006872, 0.0001582499999999154, 0.00017483299999998536, 0.00018195799999998208, 0.000170207999999894, 0.00022849999999996484, 0.0001863339999998992, 0.00016179199999988292, 0.00017191599999999418, 0.0002452080000001633, 0.0001827080000000869, 0.00015645799999997045, 0.0002192920000001486, 0.00022125000000006168, 0.00018374999999970498, 0.0001617499999997385, 0.00022737499999969657, 0.00018708399999978198, 0.00016733400000035203, 0.00023787500000027606, 0.00017583300000012514, 0.0001738340000003724, 0.0007117499999997889, 0.00017975000000003405, 0.00019983400000000984, 0.0001728330000001499, 0.0003363750000002774, 0.0039467079999999655], "find_bindings_prolog": [0.020270416999999985, 0.02937674999999995, 0.01795150000000001, 0.017658000000000063, 0.03528070800000005, 0.006727957999999923, 0.01037512500000004, 0.017587416000000022, 0.032616959000000056, 0.03183762499999998, 0.009960832999999947, 0.005011957999999983, 0.010631291999999903, 0.010822250000000033, 0.006691375000000055, 0.011112832999999989, 0.019346124999999992, 0.019437917000000082, 0.018559250000000027, 0.019223667, 0.0009747080000001018, 0.018023042000000045, 0.03854666600000001, 0.038478208000000125, 0.03346754200000013, 0.03520262499999993, 0.018921332999999985, 0.01990208399999993, 0.0011780000000001234, 0.020372000000000057, 0.02222225, 0.004760040999999937, 0.0010081669999999487, 0.0012999590000000172, 0.03347679200000009, 0.03474687500000018, 0.0324327499999999, 0.031901124999999864, 0.0014467920000000856, 0.0011103329999999634, 0.00105329200000015, 0.0013350830000000702, 0.001353791000000104, 0.0012707089999999255, 0.0010530840000000374, 0.0010425829999998193, 0.0010909999999999531, 0.017430499999999904, 0.017411499999999913, 0.4698944170000001, 0.01978150000000012, 0.0017085409999997303, 0.001673625000000012, 0.0011490000000002887, 0.001597124999999977, 0.001433625000000216, 0.0013603329999996028, 0.0014171670000000525, 0.0012166249999996381, 0.001289125000000002, 0.004802166999999802, 0.0010636669999999349, 0.004599416000000023], "test": [0.020989541000000056, 0.0003659169999999934, 0.030489999999999906, 0.00047404100000003613, 0.0006125409999999665, 0.01881283300000003, 0.018305667000000025, 0.03665479100000002, 0.007256083000000024, 0.011143166999999954, 0.01825358399999999, 0.03392174999999997, 0.03314129199999993, 0.010629541999999992, 0.0055320829999999654, 0.011498000000000008, 0.01169741599999996, 0.007425832999999993, 0.012042333999999988, 0.00515395899999993, 0.0005054579999999032, 0.0004102499999999454, 0.005797834000000002, 0.020140500000000006, 0.020205666000000067, 0.01931516699999991, 0.019945582999999933, 0.001162290999999982, 0.018818624999999978, 0.04017841599999994, 0.04007545800000001, 0.035063999999999984, 0.03676158399999996, 0.019942832999999993, 0.020917999999999992, 0.0015733330000000656, 0.02145054199999996, 0.023288292000000155, 0.005264541999999928, 0.0012042909999998574, 0.0015019999999998923, 0.03500920800000018, 0.036395667000000076, 0.03390058299999987, 0.033429042000000075, 0.0016873339999998738, 0.007240166000000103, 0.05107958300000015, 0.04867358300000002, 0.004366375000000033, 0.0013534169999998014, 0.001274583999999912, 0.0015525000000000677, 0.0015727500000000116, 0.0014879170000001718, 0.0012711659999999902, 0.0012616670000000774, 0.00042624999999985036, 0.0005234160000000543, 0.0013195839999999848, 0.018300540999999892, 0.018275124999999948, 0.47080037500000005, 0.020751833999999914, 0.0019538329999999604, 0.0019105409999999878, 0.023387166000000015, 0.004685999999999968, 0.0013902499999995932, 0.00183304200000034, 0.0016702499999996512, 0.0015969170000000865, 0.0016526670000001076, 0.0014691670000002155, 0.001515332999999952, 0.005023709000000043, 0.001283249999999736, 0.004821334000000288], "combine": [0.0028353749999999733, 5.410000000205528e-07, 0.0027091660000000406, 5.829999999429347e-07, 4.5900000000820285e-07, 4.999999999588667e-07, 5.419999999922709e-07, 5.83000000053957e-07, 4.5900000000820285e-07, 6.250000000873612e-07, 5.00000000069889e-07, 5.410000000205528e-07, 4.999999999588667e-07, 4.579999999254625e-07, 4.580000000364848e-07, 5.419999999922709e-07, 5.00000000069889e-07, 4.999999999588667e-07, 5.419999999922709e-07, 6.249999999763389e-07, 5.419999999922709e-07, 4.5900000000820285e-07, 5.00000000069889e-07, 4.999999999588667e-07, 4.999999999588667e-07, 4.579999999254625e-07, 4.580000000364848e-07, 3.7499999994139444e-07, 5.00000000069889e-07, 5.829999998319124e-07, 4.999999998478444e-07, 5.419999999922709e-07, 5.840000001366974e-07, 4.579999999254625e-07, 5.00000000069889e-07, 4.5900000000820285e-07, 5.839999999146528e-07, 6.250000001983835e-07, 0.002021583999999965, 4.1699999986377634e-07, 4.579999999254625e-07, 6.249999999763389e-07, 6.249999999763389e-07, 5.00000000069889e-07, 5.419999999922709e-07, 5.410000001315751e-07, 4.579999999254625e-07, 4.1700000008582094e-07, 4.999999998478444e-07, 4.580000001475071e-07, 4.1600000000308057e-07, 4.580000001475071e-07, 4.579999999254625e-07, 4.579999999254625e-07, 4.1700000008582094e-07, 4.1699999986377634e-07, 4.1700000008582094e-07, 4.1700000008582094e-07, 4.1700000008582094e-07, 4.1600000000308057e-07, 5.419999999922709e-07, 5.410000001315751e-07, 1.000000000139778e-06, 6.249999997542943e-07, 4.5900000023024745e-07, 4.160000002251252e-07, 4.5899999978615824e-07, 4.1699999986377634e-07, 4.5899999978615824e-07, 5.00000000069889e-07, 4.580000001475071e-07, 4.1699999986377634e-07, 4.5799999970341787e-07, 4.5899999978615824e-07, 4.1699999986377634e-07, 4.5900000023024745e-07, 4.1700000030786555e-07, 4.5900000023024745e-07],