{"log_best_programs": true, "num_literals": 0, "total_programs": 8, "total_rules": 0, "total_ground_rules": 0, "durations": {"generate": [0.0005021250000001309, 0.0006154580000001797, 0.0014562499999999368, 0.0012288750000000181, 0.0020383749999999257, 0.0009769579999998612, 0.0010388750000003277, 0.0014022919999998606, 0.00026329099999999883], "find_bindings_prolog": [0.03659045800000005, 0.033842959000000006, 0.13246083399999997, 0.1470422910000002, 0.15090724999999994, 0.14838770899999965], "test": [0.0446309170000001, 0.04643695799999992, 0.019032250000000195, 0.13278241600000018, 0.1473910829999998, 0.15143720799999993, 0.14875525000000023, 0.020889166999999986], "combine": [0.10778829200000017, 0.010437666000000068, 5.840000001366974e-07, 6.249999999763389e-07, 6.250000001983835e-07, 5.420000004363601e-07, 5.420000004363601e-07, 5.00000000069889e-07], "constrain": [0.0016750830000000771, 0.0023790420000000534, 0.0004281250000000014, 0.003081290999999986, 0.005602833000000196, 0.0019828749999999395, 0.005215082999999954, 0.0005299160000000747]}, "final_exec_time": 2.152260833, "stages": [], "best_programs": [], "solution": {"code": "magic_value(A):- head(A,ii),magic(ii).\nmagic_value(A):- head(A,nx),magic(nx).\nmagic_value(A):- head(A,fw),magic(fw).\nmagic_value(A):- head(A,bi),magic(bi).\nmagic_value(A):- head(A,fh),magic(fh).\nmagic_value(A):- head(A,pu),magic(pu).\nmagic_value(A):- head(A,gd),magic(gd).\nmagic_value(A):- head(A,mm),magic(mm).\nmagic_value(A):- head(A,ce),magic(ce).\nmagic_value(A):- head(A,sh),magic(sh).\nmagic_value(A):- head(A,gn),magic(gn).\nmagic_value(A):- head(A,qv),magic(qv).\nmagic_value(A):- head(A,dz),magic(dz).\nmagic_value(A):- head(A,cu),magic(cu).\nmagic_value(A):- head(A,lj),magic(lj).\nmagic_value(A):- head(A,cy),magic(cy).\nmagic_value(A):- head(A,km),magic(km).\nmagic_value(A):- head(A,es),magic(es).\nmagic_value(A):- head(A,cv),magic(cv).\nmagic_value(A):- head(A,hr),magic(hr).\nmagic_value(A):- head(A,pf),magic(pf).\nmagic_value(A):- head(A,be),magic(be).\nmagic_value(A):- head(A,gg),magic(gg).\nmagic_value(A):- head(A,ln),magic(ln).\nmagic_value(A):- head(A,gf),magic(gf).\nmagic_value(A):- head(A,qc),magic(qc).\nmagic_value(A):- head(A,ri),magic(ri).\nmagic_value(A):- head(A,of),magic(of).\nmagic_value(A):- head(A,jo),magic(jo).\nmagic_value(A):- head(A,at),magic(at).\nmagic_value(A):- head(A,nv),magic(nv).\nmagic_value(A):- tail(A,B),head(B,ob),magic(ob).\nmagic_value(A):- head(A,ar),magic(ar).\nmagic_value(A):- head(A,u),magic(u).\nmagic_value(A):- head(A,hx),magic(hx).\nmagic_value(A):- head(A,ay),magic(ay).\nmagic_value(A):- head(A,ps),magic(ps).\nmagic_value(A):- head(A,cb),magic(cb).\nmagic_value(A):- head(A,cm),magic(cm).\nmagic_value(A):- head(A,hn),magic(hn).\nmagic_value(A):- head(A,gj),magic(gj).\nmagic_value(A):- head(A,fa),magic(fa).\nmagic_value(A):- head(A,nq),magic(nq).\nmagic_value(A):- head(A,hm),magic(hm).\nmagic_value(A):- head(A,nc),magic(nc).\nmagic_value(A):- head(A,kk),magic(kk).\nmagic_value(A):- head(A,lo),magic(lo).\nmagic_value(A):- head(A,ff),magic(ff).\nmagic_value(A):- head(A,rs),magic(rs).\nmagic_value(A):- head(A,ru),magic(ru).\nmagic_value(A):- head(A,bj),magic(bj).\nmagic_value(A):- head(A,hd),magic(hd).\nmagic_value(A):- head(A,ek),magic(ek).\nmagic_value(A):- head(A,qe),magic(qe).\nmagic_value(A):- head(A,pq),magic(pq).\nmagic_value(A):- head(A,dk),magic(dk).\nmagic_value(A):- head(A,mk),magic(mk).\nmagic_value(A):- head(A,m),magic(m).\nmagic_value(A):- head(A,rt),magic(rt).\nmagic_value(A):- head(A,cz),magic(cz).\nmagic_value(A):- head(A,n),magic(n).\nmagic_value(A):- head(A,qn),magic(qn).\nmagic_value(A):- head(A,mv),magic(mv).\nmagic_value(A):- head(A,ch),magic(ch).\nmagic_value(A):- head(A,ae),magic(ae).\nmagic_value(A):- head(A,hy),magic(hy).\nmagic_value(A):- head(A,le),magic(le).\nmagic_value(A):- head(A,qa),magic(qa).\nmagic_value(A):- head(A,ds),magic(ds).\nmagic_value(A):- head(A,oz),magic(oz).\nmagic_value(A):- head(A,oq),magic(oq).\nmagic_value(A):- head(A,kx),magic(kx).\nmagic_value(A):- head(A,kg),magic(kg).\nmagic_value(A):- head(A,gm),magic(gm).\nmagic_value(A):- head(A,l),magic(l).\nmagic_value(A):- head(A,mq),magic(mq).\nmagic_value(A):- head(A,on),magic(on).\nmagic_value(A):- head(A,pc),magic(pc).\nmagic_value(A):- head(A,rp),magic(rp).\nmagic_value(A):- head(A,hc),magic(hc).\nmagic_value(A):- head(A,rw),magic(rw).\nmagic_value(A):- head(A,du),magic(du).\nmagic_value(A):- head(A,mu),magic(mu).\nmagic_value(A):- head(A,pk),magic(pk).\nmagic_value(A):- head(A,j),magic(j).\nmagic_value(A):- head(A,gw),magic(gw).\nmagic_value(A):- head(A,an),magic(an).\nmagic_value(A):- head(A,db),magic(db).\nmagic_value(A):- head(A,gs),magic(gs).", "is_solution": true, "conf_matrix": [200, 0, 200, 0], "total_exec_time": 2.1522583330000002, "durations": [{"operation": "Combine", "called": 1, "total": 0.10778829200000017, "mean": 0.10778829200000017, "maximum": 0.10778829200000017, "__type__": "DurationSummary"}, {"operation": "Test", "called": 2, "total": 0.09106787500000002, "mean": 0.04553393750000001, "maximum": 0.04643695799999992, "__type__": "DurationSummary"}, {"operation": "Find_Bindings_Prolog", "called": 2, "total": 0.07043341700000005, "mean": 0.03521670850000003, "maximum": 0.03659045800000005, "__type__": "DurationSummary"}, {"operation": "Constrain", "called": 1, "total": 0.0016750830000000771, "mean": 0.0016750830000000771, "maximum": 0.0016750830000000771, "__type__": "DurationSummary"}, {"operation": "Generate", "called": 2, "total": 0.0011175830000003106, "mean": 0.0005587915000001553, "maximum": 0.0006154580000001797, "__type__": "DurationSummary"}], "__type__": "ProgramStats"}, "is_solution": true, "stats_file": "./results/list_magicvalues_multipleclauses/magicpopper/90/1/stats.json", "end": true, "__type__": "Stats"}