{"log_best_programs": true, "num_literals": 0, "total_programs": 144, "total_rules": 0, "total_ground_rules": 0, "durations": {"generate": [0.00032841599999999804, 0.00014433400000002372, 0.00016687500000001076, 0.0003470830000000258, 0.00011966699999998998, 0.0002751670000000206, 0.0007505419999999652, 0.0003102500000000119, 0.000351749999999984, 0.0001851249999999527, 0.00042479200000000716, 0.00015558300000001468, 0.00022199999999999998, 0.00020012499999999545, 0.00014599999999997948, 0.0001431249999999662, 0.00018329099999997434, 0.00016650000000001386, 0.00021883400000000108, 0.00030804099999998114, 0.0006063339999999862, 0.00023291699999999915, 0.00022720799999997876, 0.00016491699999998666, 0.00016370800000004015, 0.0001639169999999579, 0.0008286249999999717, 0.00019379199999997043, 0.0002565829999999769, 0.00016700000000002824, 0.00013175000000004156, 0.00012933300000000925, 0.00013491700000001217, 0.0001831670000000396, 0.0006984170000000067, 0.00041191600000001216, 0.00015262500000001733, 0.0001987500000000253, 0.00016308399999998002, 0.0004422920000000108, 0.0001587499999999853, 0.00015958300000001868, 0.00015770800000003415, 0.0001743750000000044, 0.0001683749999999984, 0.0006887909999999664, 0.00021812500000001345, 0.0001939169999999879, 0.00018729200000000557, 0.00016816599999996962, 0.00016679099999999947, 0.0003555000000000086, 0.00015999999999999348, 0.00017379200000000594, 0.000157874999999974, 0.00019799999999997597, 0.0001910829999999808, 0.0001803340000000042, 0.000167874999999984, 0.00017541600000003932, 0.00017474999999994578, 0.00018404199999999538, 0.00016729100000001385, 0.00020241700000001028, 0.00016254199999998775, 0.00018179200000001394, 0.00018008400000002478, 0.00016162499999999858, 0.001283124999999996, 0.0001772090000000115, 0.00022570800000004665, 0.0001623749999999924, 0.0001655420000000185, 0.0002022919999999928, 0.00015850000000000586, 0.00016849999999996035, 0.00016024999999997291, 0.00015762499999999458, 0.0001747500000000013, 0.000355416999999969, 0.0001643339999999882, 0.0009446250000000322, 0.0001847920000000447, 0.00017529099999996633, 0.0001787920000000387, 0.00045733400000003144, 0.0002191670000000201, 0.00017937500000003714, 0.00019383400000000384, 0.0001879169999999819, 0.00017812500000002895, 0.0001943750000000244, 0.00019454099999999253, 0.00017895900000003406, 0.00024887499999998175, 0.00023145899999998942, 0.00018095800000000883, 0.00025166600000003925, 0.00019612499999999145, 0.0004036659999999692, 0.0001915000000000111, 0.00018274999999989827, 0.00018362500000002058, 0.0008732089999999859, 0.0002630829999999973, 0.00013324999999997367, 0.00014616700000003036, 0.0001291249999999522, 0.00014962500000004209, 0.00013612499999993144, 0.00017220900000003425, 0.0001331249999999562, 0.0005041669999999998, 0.00014412499999993944, 0.00015733399999995346, 0.00014350000000007412, 0.00021733300000004174, 0.00015220900000001425, 0.00022737499999991861, 0.00015175000000000605, 0.00018404100000002366, 0.00015004200000001688, 0.0007540829999999055, 0.00015462499999996382, 0.00045820799999996, 0.00014241699999995028, 0.0002499169999999884, 0.00014487499999993325, 0.00020674999999992227, 0.0001736250000000661, 0.0006897499999999335, 0.0001694580000000112, 0.00018441699999993677, 0.00016004099999999966, 0.0001955000000000151, 0.00017058300000005744, 0.0001922499999998939, 0.00014395799999999959, 0.00017458299999995042, 0.00016562499999994706, 0.0007730830000000077, 0.00022987500000004601, 0.001520083000000061, 0.0002191249999999867, 0.0035692500000000793], "find_bindings_prolog": [0.011185, 0.0007738339999999733, 0.00043408400000000125, 0.0007062500000000194, 0.00047833299999999745, 0.00045916699999998256, 0.0007872500000000171, 0.0008163340000000296, 0.00041841700000000426, 0.00039091699999999063, 0.0004453329999999922, 0.0006578329999999966, 0.0006669999999999732, 0.0006981249999999939, 0.000696207999999976, 0.0008780830000000295, 0.0012739589999999912, 0.0006626250000000278, 0.0004735000000000156, 0.0006907500000000177, 0.0006004159999999925, 0.00045670799999997236, 0.0006927909999999704, 0.0005942500000000184, 0.0004692919999999545, 0.00038995799999996805, 0.00040629099999994756, 0.00040716699999998607, 0.000708207999999988, 0.000608207999999999, 0.000707499999999972, 0.0006960420000000078, 0.0008279160000000396, 0.0008247909999999914, 0.00047924999999998663, 0.0004781660000000021, 0.0006172919999999915, 0.0007242499999999819, 0.00047962499999998354, 0.0004714160000000023, 0.0007956669999999999, 0.000717499999999982, 0.0008237080000000341, 0.0007237499999999675, 0.0007704169999999677, 0.0005112500000000186, 0.0007282500000000414, 0.0005452090000000465, 0.0007294159999999827, 0.0007986660000000034, 0.0006471250000000262, 0.0007313750000000341, 0.0007392079999999912, 0.0007335830000000376, 0.0004845840000000101, 0.00060054100000001, 0.0007624170000000152, 0.0006408330000000073, 0.000729499999999994, 0.0007361670000000098, 0.0007228340000000055, 0.0005105420000000027, 0.0004846250000000163, 0.0004826669999999922, 0.0004738330000000346, 0.00047679200000000366, 0.0008220420000000228, 0.0007162920000000073, 0.0008232080000000197, 0.0008068330000000068, 0.0007329169999999996, 0.000481750000000003, 0.000834083000000041, 0.0004736659999999837, 0.0004985000000000128, 0.0004778329999999831, 0.00048199999999998244, 0.0004859590000000358, 0.000558540999999968, 0.0008805000000000063, 0.000765624999999992, 0.0008650409999999553, 0.0006448329999999558, 0.0008577499999999905, 0.0007502500000000079, 0.0007466669999999787, 0.0009432909999999572, 0.0009059590000000117, 0.0007866250000000408, 0.0006565840000000156, 0.0007812920000000445, 0.0004979580000000206, 0.0009409170000000411, 0.0008098330000000376, 0.0007572089999999809, 0.0004937499999999595, 0.0009094580000000851, 0.00045512500000000067, 0.0004284999999999428, 0.0004245409999998895, 0.00042074999999996976, 0.00041920799999994873, 0.0004312910000000558, 0.0004333330000000357, 0.0004292499999999366, 0.0004290839999999685, 0.0004212499999999286, 0.0004398749999999785, 0.0004273750000000076, 0.00043579200000010143, 0.00041970899999999034, 0.00045387499999993697, 0.00041620900000005623, 0.0004927500000000418, 0.0004845830000000939, 0.00047554100000002375, 0.0004542499999999894, 0.0007537079999999641, 0.0005412500000000486, 0.0007622499999999643, 0.0007086670000000517, 0.0007132499999999986, 0.000459416999999962, 0.0007525829999999178, 0.0007895410000000602, 0.0008135420000000559, 0.0007387079999999768, 0.000776958999999966, 0.0007564169999999537],