{"log_best_programs": true, "num_literals": 0, "total_programs": 18, "total_rules": 0, "total_ground_rules": 0, "durations": {"generate": [0.00039400000000000546, 0.00031245800000001545, 0.0005041250000000774, 0.0005697500000000355, 0.0007073330000000322, 0.0005257920000000249, 0.0003893750000000251, 0.0005906669999999892, 0.00034000000000000696, 0.0005347919999999506, 0.000376333000000062, 0.0004086669999999737, 0.00035116600000006937, 0.00032162499999999206, 0.0003795840000000439, 0.00037479200000001267, 0.0004143750000000779, 0.00031524999999998915, 0.00013291699999995465], "test": [0.025443042000000027, 0.007731916000000005, 0.0020343329999999993, 0.0014102919999999797, 0.0009848749999999962, 0.0008886249999999762, 0.001185875000000003, 0.0010804999999999287, 0.0006229170000000561, 0.0010568750000000682, 0.0017580419999999597, 0.009056083000000048, 0.0011432090000000894, 0.01472637500000007, 0.001193708000000071, 0.014777374999999981, 0.0013020830000000094, 0.004748832999999952], "combine": [5.829999999429347e-07, 5.829999999429347e-07, 1.0830000000128237e-06, 4.580000000364848e-07, 2.5420000000497822e-06, 4.5900000000820285e-07, 4.1699999997479864e-07, 4.1700000008582094e-07, 4.999999999588667e-07, 5.00000000069889e-07, 6.249999999763389e-07, 5.420000001032932e-07, 5.410000000205528e-07, 5.419999999922709e-07, 4.580000000364848e-07, 5.409999999095305e-07, 3.7499999994139444e-07, 4.1699999997479864e-07], "constrain": [0.0020132500000000775, 0.002780792000000032, 0.0002522919999999873, 0.0003422920000000218, 0.00023337499999998013, 0.00021975000000007405, 0.00029654199999995523, 0.00018929200000006308, 0.00011008300000003857, 0.000181874999999998, 0.0019511250000000535, 0.0018670419999999854, 0.00015212499999994744, 0.00016129199999992405, 0.0001527910000000965, 0.00018074999999995178, 0.00015629099999991958, 0.00017083299999998136], "find_bindings_prolog": [0.007465916000000017, 0.001559250000000012, 0.0007986669999999751, 0.000815083999999966, 0.008746083000000016, 0.0009042500000000508, 0.0009900840000000022]}, "final_exec_time": 0.26281533300000004, "stages": [], "best_programs": [], "solution": null, "is_solution": false, "stats_file": "./results/list_constant/magicpopper_types/1/7/stats.json", "end": true, "__type__": "Stats"}