{"log_best_programs": true, "num_literals": 0, "total_programs": 29, "total_rules": 0, "total_ground_rules": 0, "durations": {"generate": [0.00029566699999999946, 0.00024133399999998195, 0.00020008299999996204, 0.00019329100000003985, 0.0003414580000000167, 0.0002871249999999992, 0.00021387500000003, 0.00021170799999997714, 0.00019537499999999763, 0.00017762500000001458, 0.00017662500000004133, 0.0002142920000000048, 0.00022779100000003272, 0.00020441700000001228, 0.000201541999999999, 0.00019808400000004278, 0.00019412500000004496, 0.00024054200000001025, 0.0002711249999999832, 0.00017445899999996017, 0.00017441699999998228, 0.00020258300000003393, 0.00018725000000002767, 0.0001782079999999575, 0.00020774999999995103, 0.0003971670000000316, 0.00023754100000000777, 0.00023379200000001044, 0.0002242499999999814, 0.0002478330000000306], "find_bindings_prolog": [0.009879834000000004, 0.0006746659999999904, 0.00031566700000001946, 0.00028970899999997135, 0.0003956660000000167, 0.0003437079999999981, 0.0003293749999999651, 0.0003309579999999923, 0.0003162919999999958, 0.000326333000000012, 0.00031966699999996795, 0.0005675419999999765, 0.00034766600000002423, 0.0007014160000000103, 0.0004542920000000228, 0.0004290420000000461, 0.0010212079999999957], "test": [0.010448290999999998, 0.0012123749999999878, 0.00047441700000000475, 0.0004406250000000278, 0.01333525000000002, 0.0005878329999999821, 0.0005218329999999716, 0.0005030840000000425, 0.00028854200000000274, 0.00026733400000000795, 0.00027770900000001486, 0.00027612500000001594, 0.0005051249999999952, 0.0004857079999999736, 0.0004961249999999584, 0.0004893749999999586, 0.0011142499999999833, 0.0005212920000000065, 0.0002708339999999976, 0.00026162499999998756, 0.000259874999999965, 0.0003290420000000016, 0.0003003750000000194, 0.00028391599999999517, 0.0002742910000000376, 0.0014789159999999968, 0.0007563750000000313, 0.0007219170000000164, 0.002262374999999983], "combine": [0.0024633339999999837, 5.829999999984459e-07, 4.1600000000308057e-07, 4.1699999997479864e-07, 5.829999999984459e-07, 4.1600000000308057e-07, 3.749999999969056e-07, 3.329999999635014e-07, 3.749999999969056e-07, 3.7500000005241674e-07, 3.3300000001901253e-07, 3.3300000001901253e-07, 3.3300000001901253e-07, 3.329999999635014e-07, 3.749999999969056e-07, 3.749999999969056e-07, 3.329999999635014e-07, 3.749999999969056e-07, 3.3400000004624175e-07, 3.749999999969056e-07, 3.3300000001901253e-07, 4.5799999998097363e-07, 3.339999999907306e-07, 3.749999999969056e-07, 3.749999999969056e-07, 5.419999999922709e-07, 3.749999999969056e-07, 4.1699999997479864e-07, 0.0017697500000000144], "constrain": [0.0007291670000000028, 0.0008411249999999981, 0.0001734999999999931, 0.00017341700000000904, 0.00015820799999999302, 0.001055750000000022, 0.00019945899999995742, 0.00019179200000002394, 0.0001723750000000024, 0.00016658299999999793, 0.00016691699999998866, 0.0001359169999999854, 0.00016212499999995744, 0.0001606660000000315, 0.00016537500000002314, 0.00015974999999995854, 0.00016175000000001605, 0.00016095900000001606, 0.0001371250000000157, 0.00013691700000001417, 0.00013612499999998695, 0.0001483750000000339, 0.00014020900000000225, 0.0001374579999999792, 0.00013625000000000442, 0.0009791249999999696, 0.0002414999999999501, 0.0002430830000000328, 0.0009656670000000034]}, "final_exec_time": 0.09348766700000002, "stages": [], "best_programs": [], "solution": {"code": "multiple(A):- div2(A,B),multiple(B).\nmultiple(1):- magic(1).", "is_solution": true, "conf_matrix": [6, 0, 10, 0], "total_exec_time": 0.09348604200000002, "durations": [{"operation": "Test", "called": 29, "total": 0.039444833999999984, "mean": 0.0013601666896551718, "maximum": 0.01333525000000002, "__type__": "DurationSummary"}, {"operation": "Find_Bindings_Prolog", "called": 17, "total": 0.01704304100000001, "mean": 0.0010025318235294123, "maximum": 0.009879834000000004, "__type__": "DurationSummary"}, {"operation": "Constrain", "called": 28, "total": 0.007571001999999966, "mean": 0.0002703929285714273, "maximum": 0.001055750000000022, "__type__": "DurationSummary"}, {"operation": "Generate", "called": 29, "total": 0.006503501000000134, "mean": 0.0002242586551724184, "maximum": 0.0003971670000000316, "__type__": "DurationSummary"}, {"operation": "Combine", "called": 28, "total": 0.0024739149999999377, "mean": 8.835410714285492e-05, "maximum": 0.0024633339999999837, "__type__": "DurationSummary"}], "__type__": "ProgramStats"}, "is_solution": true, "stats_file": "./results/multiple/magicpopper_all/8/stats.json", "end": true, "__type__": "Stats"}