{"log_best_programs": true, "num_literals": 0, "total_programs": 30, "total_rules": 0, "total_ground_rules": 0, "durations": {"generate": [0.0003901669999999968, 0.00032395800000001307, 0.0003424170000000393, 0.0003050420000000331, 0.0003799170000000074, 0.0002794589999999819, 0.0002774999999999861, 0.0003314589999999784, 0.00026999999999999247, 0.0002771669999999671, 0.00026579199999998693, 0.0002807089999999901, 0.000462207999999964, 0.0002902909999999981, 0.0003195419999999505, 0.00029370900000003086, 0.000275541999999962, 0.00028808399999996626, 0.00028158300000002967, 0.0003010420000000291, 0.0002862499999999879, 0.00035879199999999667, 0.0003037919999999694, 0.00026954099999998427, 0.00038554099999998925, 0.0003937910000000322, 0.0002475419999999895, 0.0005408749999999962, 0.0004979170000000144, 0.00037858400000001513, 0.00016641699999997428], "test": [0.023482625000000035, 0.0059573750000000425, 0.0005595829999999746, 0.0018802499999999722, 0.0022162909999999814, 0.0021934579999999815, 0.0005822500000000064, 0.0005706659999999975, 0.0005538749999999815, 0.000572333000000036, 0.0005737089999999778, 0.0005347079999999949, 0.0029632920000000063, 0.002584457999999956, 0.002257708000000025, 0.0005661659999999791, 0.000538833999999988, 0.0005282919999999858, 0.0005046249999999808, 0.0024548329999999896, 0.002290959000000037, 0.0007235829999999721, 0.00038037500000004387, 0.0004002499999999909, 0.0003891250000000457, 0.0003387089999999926, 0.00031804099999999114, 0.010205915999999982, 0.0005702080000000165, 0.00935641699999995], "combine": [7.080000000159181e-07, 0.0034009580000000095, 4.170000000303098e-07, 0.0019147500000000206, 5.839999999701639e-07, 4.580000000364848e-07, 4.1600000000308057e-07, 3.749999999969056e-07, 3.749999999969056e-07, 3.7500000005241674e-07, 3.749999999969056e-07, 3.749999999969056e-07, 4.5900000000820285e-07, 5.410000000205528e-07, 3.7500000005241674e-07, 3.749999999969056e-07, 4.1600000000308057e-07, 4.170000000303098e-07, 3.749999999969056e-07, 4.170000000303098e-07, 4.1699999997479864e-07, 4.170000000303098e-07, 4.1699999997479864e-07, 4.1600000000308057e-07, 3.749999999969056e-07, 3.749999999969056e-07, 3.749999999969056e-07, 6.249999999763389e-07, 5.000000000143778e-07, 0.003533249999999988], "constrain": [0.0011118330000000065, 0.0008899589999999957, 0.001029749999999996, 0.00011883299999998487, 0.0009188749999999857, 0.00021274999999998379, 0.0011712079999999792, 0.00020895800000003684, 0.00017254100000002603, 0.00017287500000001677, 0.00017095799999999883, 0.00017499999999998073, 0.00021691600000001143, 8.4332999999992e-05, 7.895899999998957e-05, 0.0001744170000000378, 0.0001723750000000024, 0.00017208299999998955, 0.00017137499999997363, 0.0001139580000000251, 0.00011404199999998088, 0.00020220800000003702, 0.0001512089999999855, 0.00015920799999996627, 0.00015012500000000095, 0.0001859589999999578, 0.0001830829999999728, 0.001089167000000002, 0.0017946670000000275, 0.00014387500000001552], "find_bindings_prolog": [0.005044415999999996, 0.00037991600000003567, 0.0011047080000000098, 0.001232041000000017, 0.001021124999999956, 0.00039291699999999263, 0.00038354199999995897, 0.00037116599999997835, 0.00039050000000001583, 0.00039412500000002293, 0.0003567090000000106, 0.0014107909999999668, 0.001249292000000013, 0.0009772500000000406, 0.00038204099999999963, 0.00036279099999997344, 0.00035083299999999484, 0.00032679199999996467, 0.0011755840000000073, 0.0009682919999999817, 0.00039525000000001365, 0.008805833999999957, 0.0065835409999999706], "inconsistent thingy": [3.709000000018392e-06]}, "final_exec_time": 0.15812766699999997, "stages": [], "best_programs": [], "solution": {"code": "magic_value(A):- tail(A,B),magic_value(B).\nmagic_value(A):- head(A,c7),magic(c7).", "is_solution": true, "conf_matrix": [10, 0, 10, 0], "total_exec_time": 0.15812620899999996, "durations": [{"operation": "Test", "called": 30, "total": 0.07704891399999991, "mean": 0.0025682971333333303, "maximum": 0.023482625000000035, "__type__": "DurationSummary"}, {"operation": "Find_Bindings_Prolog", "called": 23, "total": 0.03405945599999988, "mean": 0.0014808459130434728, "maximum": 0.008805833999999957, "__type__": "DurationSummary"}, {"operation": "Constrain", "called": 29, "total": 0.011567623999999943, "mean": 0.0003988835862068946, "maximum": 0.0017946670000000275, "__type__": "DurationSummary"}, {"operation": "Generate", "called": 30, "total": 0.009898212999999878, "mean": 0.00032994043333332926, "maximum": 0.0005408749999999962, "__type__": "DurationSummary"}, {"operation": "Combine", "called": 29, "total": 0.005327458000000229, "mean": 0.00018370544827586997, "maximum": 0.0034009580000000095, "__type__": "DurationSummary"}, {"operation": "Inconsistent Thingy", "called": 1, "total": 3.709000000018392e-06, "mean": 3.709000000018392e-06, "maximum": 3.709000000018392e-06, "__type__": "DurationSummary"}], "__type__": "ProgramStats"}, "is_solution": true, "stats_file": "./results/list_example/magicpopper_types/10/0/stats.json", "end": true, "__type__": "Stats"}