{"log_best_programs": true, "num_literals": 0, "total_programs": 26, "total_rules": 0, "total_ground_rules": 0, "durations": {"generate": [0.0002979580000000148, 0.00025083300000000586, 0.0002027500000000293, 0.00020412499999999945, 0.0003509160000000344, 0.00023258399999998014, 0.00021254199999998225, 0.00020625000000001892, 0.0002147089999999796, 0.0001799169999999739, 0.00017870899999999912, 0.00021337499999996012, 0.0002291670000000301, 0.00021533299999998423, 0.0002111670000000121, 0.0002098749999999705, 0.00020204199999995787, 0.00020104199999998462, 0.00020795800000000808, 0.00018170800000000265, 0.00017649999999996835, 0.00026575000000000903, 0.00020137500000000363, 0.00017495800000000283, 0.00019033299999998698, 0.000463749999999985, 0.00020491599999999943], "find_bindings_prolog": [0.010023208000000006, 0.0007564580000000154, 0.0003519169999999794, 0.00029420900000004524, 0.00035433300000004, 0.000342333000000028, 0.00032650000000000734, 0.0003293329999999872, 0.0003217079999999761, 0.00032516699999995957, 0.000322666000000027, 0.0003190409999999644, 0.0006349159999999854, 0.0010925410000000024], "test": [0.010658625000000005, 0.0013739580000000085, 0.0005117919999999554, 0.0004463339999999927, 0.01342312499999998, 0.00054083399999999, 0.0005188750000000297, 0.0004985419999999907, 0.0002910420000000191, 0.00027479099999999645, 0.0002719170000000104, 0.0002653749999999566, 0.000501957999999969, 0.0004932500000000006, 0.0004981669999999938, 0.0004910000000000192, 0.0004907499999999843, 0.0012695839999999903, 0.0002887080000000264, 0.00027399999999999647, 0.0002683749999999874, 0.0002723749999999914, 0.0002774160000000303, 0.00033479199999997267, 0.00029020899999998573, 0.0023176250000000453], "combine": [0.002717708000000013, 5.829999999984459e-07, 4.170000000303098e-07, 3.339999999907306e-07, 5.419999999922709e-07, 3.749999999969056e-07, 4.1699999997479864e-07, 3.749999999969056e-07, 4.1699999997479864e-07, 3.7500000005241674e-07, 3.749999999969056e-07, 3.749999999969056e-07, 4.1699999997479864e-07, 3.749999999969056e-07, 3.3300000001901253e-07, 3.749999999969056e-07, 3.3300000001901253e-07, 3.749999999969056e-07, 3.749999999969056e-07, 3.749999999969056e-07, 3.3300000001901253e-07, 4.1699999997479864e-07, 3.749999999969056e-07, 4.170000000303098e-07, 3.749999999969056e-07, 0.0018319160000000445], "constrain": [0.0007590839999999655, 0.0008482499999999948, 0.0001755840000000064, 0.00017170900000001987, 0.0001532089999999875, 0.0009944580000000314, 0.00019583400000000584, 0.00019450000000004186, 0.00017000000000000348, 0.000168665999999984, 0.00016783300000000612, 0.00013741600000000131, 0.00016816699999999685, 0.00016058299999999193, 0.00016166699999997647, 0.00016287499999995125, 0.00016087500000000476, 0.0001615839999999924, 0.00013891699999996066, 0.00013787500000000952, 0.00013687499999998076, 0.0001384170000000018, 0.00013758299999999668, 0.0001495000000000246, 0.00013999999999997348, 0.0010384170000000137]}, "final_exec_time": 0.090364958, "stages": [], "best_programs": [], "solution": {"code": "multiple(A):- div2(A,B),multiple(B).\nmultiple(1):- magic(1).", "is_solution": true, "conf_matrix": [7, 0, 10, 0], "total_exec_time": 0.09036345800000001, "durations": [{"operation": "Test", "called": 26, "total": 0.03714341899999993, "mean": 0.0014285930384615357, "maximum": 0.01342312499999998, "__type__": "DurationSummary"}, {"operation": "Find_Bindings_Prolog", "called": 14, "total": 0.015794330000000023, "mean": 0.0011281664285714302, "maximum": 0.010023208000000006, "__type__": "DurationSummary"}, {"operation": "Constrain", "called": 25, "total": 0.006091460999999909, "mean": 0.00024365843999999638, "maximum": 0.0009944580000000314, "__type__": "DurationSummary"}, {"operation": "Generate", "called": 26, "total": 0.005875625999999884, "mean": 0.00022598561538461092, "maximum": 0.000463749999999985, "__type__": "DurationSummary"}, {"operation": "Combine", "called": 25, "total": 0.00272716800000003, "mean": 0.0001090867200000012, "maximum": 0.002717708000000013, "__type__": "DurationSummary"}], "__type__": "ProgramStats"}, "is_solution": true, "stats_file": "./results/multiple/magicpopper_all/6/stats.json", "end": true, "__type__": "Stats"}