{"log_best_programs": true, "num_literals": 0, "total_programs": 23, "total_rules": 0, "total_ground_rules": 0, "durations": {"generate": [0.006347082999999976, 0.019199999999999995, 0.06633895900000009, 0.7155817500000001, 0.007938457999999926, 0.002010333999999947, 0.004411499999999791, 0.12332820800000022, 0.022318292000000017, 0.01917733300000002, 0.000354208000000078, 0.0005213749999999351, 0.0003865830000000514, 0.3543092090000002, 0.0004952920000000915, 0.000846666999999357, 0.0006292500000002477, 0.0019564169999997105, 0.0014107920000006047, 0.0006100829999997615, 0.0008970000000001477, 0.0018182919999993885, 0.0005615419999998039, 0.08225170800000026], "find_bindings_prolog": [0.011218416000000009, 0.14579779199999998, 0.0007950839999999459, 0.14458254199999998, 0.34815450000000014, 0.416063458, 0.1587473749999999, 0.0008218339999999102, 0.0032297090000001916, 0.09875158399999995, 0.0010324169999997856, 0.18835508299999937, 0.10116062499999945, 0.10287399999999991, 0.26486324999999944, 0.00181270900000019, 0.007533666999999689, 0.23803308300000037, 0.010654999999999859, 0.19034491599999992, 0.24883991600000055], "test": [0.011552583999999977, 0.21357966699999997, 0.0014585419999999516, 0.26183737500000004, 0.5897688329999997, 0.6330274999999999, 0.28321616699999996, 0.0019666659999999503, 0.004378583000000269, 0.0006125830000001109, 0.1533906250000001, 0.0017914590000001063, 0.000595750000000006, 0.25557500000000033, 0.17187458299999925, 0.17748304199999954, 0.4799162500000005, 0.003364708000000327, 0.018837540999999902, 0.3933050419999997, 0.018815582999999414, 0.3569945420000007, 0.4300236670000004], "combine": [6.249999999763389e-07, 0.005250000000000088, 4.580000000364848e-07, 8.330000000889015e-07, 0.0019956250000001674, 1.8329999997845903e-06, 8.329999996448123e-07, 4.1699999986377634e-07, 4.5900000023024745e-07, 3.7499999994139444e-07, 7.919999998051708e-07, 4.580000001475071e-07, 4.1699999986377634e-07, 7.919999998051708e-07, 6.670000001207654e-07, 5.419999995481817e-07, 6.670000001207654e-07, 4.580000005915963e-07, 5.409999994654413e-07, 6.249999993102051e-07, 5.420000004363601e-07, 6.660000000380251e-07, 0.008751790999999898], "constrain": [0.008353834000000004, 0.026865332999999936, 0.02131920900000006, 0.06471566699999998, 0.04144199999999998, 0.03376625000000022, 0.022781875000000174, 0.08308841599999983, 0.017947500000000005, 0.006097709000000062, 0.004118415999999847, 0.010654124999999848, 0.006828041999999979, 0.01978475000000035, 0.02261433299999993, 0.08944362500000036, 0.16051070900000042, 0.04218266699999962, 0.05384924999999985, 0.02178341699999997, 0.019304250000000245, 0.029163666000000532, 0.052255875000000174]}, "final_exec_time": 6.89176225, "stages": [], "best_programs": [], "solution": {"code": "drug_design(A):- atom(A,B),atom_type(B,o),atom(A,C),atom_type(C,h),bound(B,C,0.217),magic(o),magic(0.217),magic(h).", "is_solution": true, "conf_matrix": [10, 0, 10, 0], "total_exec_time": 6.891758667, "durations": [{"operation": "Test", "called": 23, "total": 4.463366292, "mean": 0.194059404, "maximum": 0.6330274999999999, "__type__": "DurationSummary"}, {"operation": "Find_Bindings_Prolog", "called": 21, "total": 2.6836669599999983, "mean": 0.12779366476190468, "maximum": 0.416063458, "__type__": "DurationSummary"}, {"operation": "Generate", "called": 23, "total": 1.3514486269999995, "mean": 0.05875863595652171, "maximum": 0.7155817500000001, "__type__": "DurationSummary"}, {"operation": "Constrain", "called": 22, "total": 0.8066150430000012, "mean": 0.03666432013636369, "maximum": 0.16051070900000042, "__type__": "DurationSummary"}, {"operation": "Combine", "called": 22, "total": 0.007258624999999075, "mean": 0.0003299374999999579, "maximum": 0.005250000000000088, "__type__": "DurationSummary"}], "__type__": "ProgramStats"}, "is_solution": true, "stats_file": "./results/drug_design/magicpopper_types/2/stats.json", "end": true, "__type__": "Stats"}