{"log_best_programs": true, "num_literals": 0, "total_programs": 16, "total_rules": 0, "total_ground_rules": 0, "durations": {"generate": [0.00038362499999999855, 0.0003722080000000405, 0.00024849999999998484, 0.0013675000000000215, 0.0002848340000000116, 0.0002890830000000233, 0.0011231669999999805, 0.00028245799999998544, 0.0009540409999999611, 0.0010488330000000268, 0.00027316599999999136, 0.0008220840000000007, 0.0003291670000000191, 0.00031474999999997477, 0.0002987079999999809, 0.0002747499999999903, 0.007644083000000024], "find_bindings_prolog": [0.01321349999999999, 0.0017360829999999994, 0.0011537910000000151, 0.018932707999999965, 0.026250417000000026, 0.03162600000000004, 0.004623040999999994, 0.0010801669999999652, 0.0033070840000000157, 0.007139041999999984, 0.001282667000000015], "test": [0.0141965, 0.002912707999999986, 0.0022151249999999845, 0.027183750000000007, 0.03194683300000001, 0.036140791000000005, 0.00571241699999997, 0.0012876250000000145, 0.004779667000000043, 0.008213208999999999, 0.0014855409999999791, 0.0009243749999999773, 0.0005193340000000379, 0.0004911250000000367, 0.00036195799999999556, 0.00034524999999996364], "combine": [0.003693709000000045, 6.670000000097431e-07, 6.249999999763389e-07, 6.659999999825139e-07, 6.249999999763389e-07, 0.0023652919999999633, 6.249999999763389e-07, 4.5799999998097363e-07, 5.829999999984459e-07, 6.250000000318501e-07, 4.5799999998097363e-07, 4.5900000000820285e-07, 4.999999999588667e-07, 4.1699999997479864e-07, 4.1600000000308057e-07, 4.1699999997479864e-07], "constrain": [0.0009440419999999783, 0.002955791999999957, 0.0005016659999999562, 0.005338167000000005, 0.0005176659999999722, 0.0004911670000000146, 0.0024977090000000146, 0.0009131250000000146, 0.0019149159999999887, 0.001375375000000012, 0.0008922920000000167, 0.0010303749999999723, 0.0010231659999999643, 0.0009858749999999694, 0.00024216699999995983, 0.00023974999999998303]}, "final_exec_time": 0.24260008300000002, "stages": [], "best_programs": [], "solution": {"code": "magic_value(['ait', 'pv', 'kg', 'w', 'tn', 'yo', 'sl', 'ks', 'qc', 'zn', 'aag']):- magic(['ait', 'pv', 'kg', 'w', 'tn', 'yo', 'sl', 'ks', 'qc', 'zn', 'aag']).\nmagic_value(A):- my_append(C,['aag'],A),magic(['aag']).", "is_solution": true, "conf_matrix": [10, 0, 10, 0], "total_exec_time": 0.24259654099999994, "durations": [{"operation": "Test", "called": 6, "total": 0.11459570699999999, "mean": 0.019099284499999997, "maximum": 0.036140791000000005, "__type__": "DurationSummary"}, {"operation": "Find_Bindings_Prolog", "called": 6, "total": 0.09291249900000004, "mean": 0.015485416500000007, "maximum": 0.03162600000000004, "__type__": "DurationSummary"}, {"operation": "Constrain", "called": 5, "total": 0.010257332999999869, "mean": 0.002051466599999974, "maximum": 0.005338167000000005, "__type__": "DurationSummary"}, {"operation": "Combine", "called": 5, "total": 0.00369629199999999, "mean": 0.000739258399999998, "maximum": 0.003693709000000045, "__type__": "DurationSummary"}, {"operation": "Generate", "called": 6, "total": 0.0029457500000000802, "mean": 0.0004909583333333467, "maximum": 0.0013675000000000215, "__type__": "DurationSummary"}], "__type__": "ProgramStats"}, "is_solution": true, "stats_file": "./results/list_append/magicpopper_all/2/7/stats.json", "end": true, "__type__": "Stats"}