{"log_best_programs": true, "num_literals": 0, "total_programs": 14, "total_rules": 0, "total_ground_rules": 0, "durations": {"generate": [0.0008112909999999918, 0.0005941250000000009, 0.0012830830000000182, 0.0013091659999999727, 0.000717416999999998, 0.013872207999999997, 0.0008809999999999651, 0.0015591669999999724, 0.0006337089999999823, 0.0011842920000000312, 0.0013303330000000724, 0.0018432919999999964, 0.0007254170000000615, 0.0008057499999999385, 0.992954375], "find_bindings_prolog": [0.020488624999999983, 0.0018056670000000108, 0.0017564159999999829, 0.0016357499999999914, 0.0008776659999999992, 0.0007526669999999847, 0.0007352499999999651, 0.0006924589999999786, 0.0018482919999999736, 0.0016845840000000445, 0.0017077910000000696, 0.0009949159999999013], "test": [0.022245542000000007, 0.0005260000000000264, 0.0031963329999999956, 0.0031086250000000315, 0.0029535419999999757, 0.0013976250000000134, 0.0012578750000000194, 0.00122899999999998, 0.0011751250000000546, 0.003552208000000001, 0.0006001669999999848, 0.0032022919999999955, 0.003339291999999938, 0.0015323750000000302], "combine": [0.0046197500000000336, 6.659999999825139e-07, 8.340000000051084e-07, 6.249999999763389e-07, 7.07999999960407e-07, 6.659999999825139e-07, 5.419999999922709e-07, 5.000000000143778e-07, 5.419999999922709e-07, 6.249999999763389e-07, 5.419999999922709e-07, 5.420000001032932e-07, 6.249999999763389e-07, 0.002777999999999947], "constrain": [0.002014624999999992, 0.00255366600000001, 0.0005242919999999818, 0.0006473330000000277, 0.00047995800000000255, 0.0030332080000000095, 0.000923750000000001, 0.0008869579999999933, 0.0008642919999999887, 0.004034207999999984, 0.00034320800000009477, 0.0010230419999999185, 0.0009885410000000094, 0.000699749999999999]}, "final_exec_time": 1.1756217919999998, "stages": [], "best_programs": [], "solution": {"code": "f(A,B):- square(A,C),magic(3.142),mult(C,3.142,B).", "is_solution": true, "conf_matrix": [10, 0, 10, 0], "total_exec_time": 1.175614125, "durations": [{"operation": "Test", "called": 14, "total": 0.049316001000000054, "mean": 0.003522571500000004, "maximum": 0.022245542000000007, "__type__": "DurationSummary"}, {"operation": "Find_Bindings_Prolog", "called": 12, "total": 0.034980082999999884, "mean": 0.002915006916666657, "maximum": 0.020488624999999983, "__type__": "DurationSummary"}, {"operation": "Generate", "called": 14, "total": 0.02755025, "mean": 0.001967875, "maximum": 0.013872207999999997, "__type__": "DurationSummary"}, {"operation": "Constrain", "called": 13, "total": 0.018317081000000013, "mean": 0.0014090062307692318, "maximum": 0.004034207999999984, "__type__": "DurationSummary"}, {"operation": "Combine", "called": 13, "total": 0.004627166999999988, "mean": 0.0003559359230769221, "maximum": 0.0046197500000000336, "__type__": "DurationSummary"}], "__type__": "ProgramStats"}, "is_solution": true, "stats_file": "./results/pi/magicpopper_types/9/stats.json", "end": true, "__type__": "Stats"}