{"log_best_programs": true, "num_literals": 0, "total_programs": 2, "total_rules": 0, "total_ground_rules": 0, "durations": {"generate": [0.00034129199999999305, 0.0014940419999999732, 0.000657625000000106], "find_bindings_prolog": [0.025148749999999997, 1.1104552090000002], "bind": [5.409999999650417e-07, 0.17706900000000014], "test": [0.02544029200000003, 1.2884975840000001], "combine": [5.419999999922709e-07, 0.04982579199999981], "constrain": [0.0031652500000000083, 0.004662791999999971]}, "final_exec_time": 1.49695425, "stages": [], "best_programs": [], "solution": null, "is_solution": false, "stats_file": "./results/list_magicvaluesameclause/magicpopper/14/0/stats.json", "end": true, "__type__": "Stats"}