{"log_best_programs": true, "num_literals": 0, "total_programs": 2, "total_rules": 0, "total_ground_rules": 0, "durations": {"generate": [0.0003127920000000062, 0.0019850000000000145, 0.00014412499999982842], "find_bindings_prolog": [0.02458091699999998, 1.085917584], "bind": [5.829999999984459e-07, 0.09547937499999981], "test": [0.02483595799999999, 1.182244958], "combine": [5.000000000143778e-07, 0.02756100000000017], "constrain": [0.0031823329999999816, 0.004721458000000123]}, "final_exec_time": 1.367703625, "stages": [], "best_programs": [], "solution": null, "is_solution": false, "stats_file": "./results/list_magicvaluesameclause/magicpopper/10/1/stats.json", "end": true, "__type__": "Stats"}