{"log_best_programs": true, "num_literals": 0, "total_programs": 76, "total_rules": 0, "total_ground_rules": 0, "durations": {"generate": [0.00032850000000006485, 0.00019466700000003723, 0.00019862500000000782, 0.000420958999999943, 0.0001771250000000002, 0.0007289159999999129, 0.00023612500000003145, 0.0002287920000001442, 0.0006807920000000411, 0.00045566699999999294, 0.0004409169999999296, 0.00023437500000000888, 0.00026208299999996854, 0.0005047090000001031, 0.00022354199999985447, 0.0006032080000000217, 0.00022658300000011344, 0.0002534160000000618, 0.00023845799999988593, 0.0004987079999998478, 0.00015045800000001996, 0.000297875000000003, 0.00016033400000003972, 0.0004968340000000016, 0.000333291999999874, 0.0003391249999999957, 0.0002190419999998916, 0.0003373749999999731, 0.0002661659999998456, 0.0004758339999999528, 0.00024616700000001934, 0.0002901249999998079, 0.00018254200000011878, 0.0002182920000000088, 0.0007304999999999673, 0.00025091600000015646, 0.00030362499999991854, 0.00021525000000011119, 0.00027599999999994296, 0.0004766250000001193, 0.00037899999999968514, 0.0005300830000001255, 0.00024345799999991868, 0.00024083400000041166, 0.00023491599999969637, 0.0025735419999999287, 0.00034816599999976106, 0.0002706660000000305, 0.00022820800000022956, 0.00022245800000009197, 0.00025900000000023127, 0.00023958299999993216, 0.00030008299999995103, 0.00019520800000005778, 0.00020920899999987697, 0.0001813750000003722, 0.0002142499999999714, 0.0002355419999999775, 0.0001839160000001172, 0.00026329099999999883, 0.00018441699999982575, 0.0001617079999998161, 0.00015150000000030417, 0.0004954580000000597, 0.00018375000000014907, 0.00014808300000002106, 0.0002105830000003195, 0.00021029099999969603, 0.0002588750000001028, 0.0001595420000000125, 0.00032620800000016104, 0.0006780410000000181, 0.00015241699999979375, 0.00019895899999999855, 0.0001669999999998062, 0.000159416999999884, 0.0028714169999997097], "find_bindings_prolog": [0.03086208300000004, 0.07883099999999998, 0.046488708000000045, 0.04935920800000004, 0.0836405, 0.010429540999999931, 0.019005540999999848, 0.07972779100000005, 0.07373499999999988, 0.04516104199999993, 0.018792415999999923, 0.005898208999999932, 0.020722792000000156, 0.01124141699999992, 0.020329958999999898, 0.020456457999999955, 0.051268083000000075, 0.0018103329999998863, 0.0505525, 0.05116370800000003, 0.050296125000000025, 0.05057629100000005, 0.08667620800000009, 0.08934033299999977, 0.0017791659999999432, 0.053288042000000146, 0.057998167000000045, 0.09520358299999998, 0.08858254199999971, 0.010383957999999804, 0.052323458000000045, 0.05644079099999999, 0.0025207499999999605, 0.0017558750000001844, 0.08671820800000019, 0.08349512500000023, 0.078574916, 0.08319541700000022, 0.002567959000000286, 0.05555075000000009, 0.04954404099999987, 0.0026223750000000656, 0.0019331670000002354, 0.002841083999999938, 0.002466249999999892, 0.0028899579999999148, 0.0022745419999998795, 0.002158582999999936, 0.0026314999999996758, 0.0016979999999997553, 0.0016861669999999052, 0.0016642079999997783, 0.0018682500000002378, 0.0016844159999997999, 0.0024328329999998566, 0.0015037920000002813, 0.0015294999999997394, 0.0022142089999999115, 0.004975332999999971, 0.0015144590000000235, 0.004492417000000248], "test": [0.031566207999999985, 0.00046633399999995717, 0.08003800000000005, 0.0010580829999999875, 0.002723209000000004, 0.047275166000000146, 0.05042004199999983, 0.08524874999999987, 0.010963166000000024, 0.019648250000000145, 0.08118379099999995, 0.07523649999999993, 0.045960208999999974, 0.01949891600000009, 0.006421750000000115, 0.021669624999999915, 0.011985208000000025, 0.021299959000000035, 0.021392791999999883, 0.0005457500000001225, 0.0036680000000000046, 0.0006264590000000236, 0.013298958000000027, 0.052224292000000005, 0.002032166000000002, 0.051446583999999795, 0.05211016599999985, 0.05138729199999981, 0.05148270900000007, 0.08841425000000003, 0.0910975420000002, 0.002145207999999954, 0.054565374999999694, 0.059225584, 0.09711616600000017, 0.090436666, 0.010930625000000305, 0.053546583999999786, 0.05767241699999959, 0.0027519580000001653, 0.0019689160000000427, 0.08862237499999992, 0.08523454100000016, 0.08024558299999995, 0.08506391700000027, 0.002888874999999569, 0.0348761660000001, 0.056635249999999804, 0.05067025000000003, 0.39184320900000014, 0.002886084000000011, 0.022004667000000033, 0.0021958340000001186, 0.003104125000000124, 0.002709374999999792, 0.00313074999999996, 0.02737725000000024, 0.0025176659999996964, 0.0023800000000000487, 0.0028511249999998434, 0.0019167079999999892, 0.00042670799999999787, 0.0032800840000000164, 0.0019100000000000783, 0.0018827909999998838, 0.047470957999999897, 0.0020878339999996776, 0.3088589580000001, 0.0019132090000000268, 0.002640041999999898, 0.0017050829999996076, 0.0017329170000000005, 0.002424541999999974, 0.0051932919999999605, 0.0017147500000000981, 0.004690375000000024], "combine": [0.004179959000000011, 5.00000000069889e-07, 0.003631875000000062, 6.249999999763389e-07, 5.00000000069889e-07, 5.840000001366974e-07, 5.00000000069889e-07, 5.829999998319124e-07, 4.580000001475071e-07, 5.419999999922709e-07, 6.249999999763389e-07, 5.419999999922709e-07, 6.249999999763389e-07, 5.00000000069889e-07, 4.579999999254625e-07, 4.999999998478444e-07, 4.999999998478444e-07, 5.410000001315751e-07, 5.419999999922709e-07, 5.839999999146528e-07, 4.579999999254625e-07, 4.580000001475071e-07, 4.579999999254625e-07, 5.83000000053957e-07, 4.579999999254625e-07, 5.00000000069889e-07, 5.409999999095305e-07, 5.419999999922709e-07, 5.00000000069889e-07, 5.839999999146528e-07, 5.419999999922709e-07, 4.1699999986377634e-07, 5.409999999095305e-07, 6.250000001983835e-07, 6.670000001207654e-07, 6.670000001207654e-07, 0.002237583999999959, 6.250000001983835e-07, 5.829999998319124e-07, 5.00000000069889e-07, 4.5799999970341787e-07, 6.250000001983835e-07, 5.419999999922709e-07, 5.829999998319124e-07, 5.419999999922709e-07, 6.250000001983835e-07, 2.5410000001890864e-06, 5.419999999922709e-07, 5.829999998319124e-07, 5.419999999922709e-07, 4.5899999978615824e-07, 5.419999999922709e-07, 4.160000002251252e-07, 4.1699999986377634e-07, 4.5900000023024745e-07, 4.1699999986377634e-07, 5.419999999922709e-07, 4.5799999970341787e-07, 4.1700000030786555e-07, 3.7499999994139444e-07, 4.1700000030786555e-07, 4.160000002251252e-07, 3.7500000038548365e-07, 3.7499999994139444e-07, 3.7499999994139444e-07, 3.7499999994139444e-07, 4.1700000030786555e-07, 4.580000001475071e-07, 4.1699999986377634e-07, 3.7499999994139444e-07, 3.7499999994139444e-07, 3.7499999994139444e-07, 3.7499999994139444e-07, 3.7499999994139444e-07, 3.7499999994139444e-07, 3.7499999994139444e-07],