{"log_best_programs": true, "num_literals": 0, "total_programs": 2, "total_rules": 0, "total_ground_rules": 0, "durations": {"generate": [0.0003194160000000168, 0.0014638330000000255, 0.00021229199999983628], "find_bindings_prolog": [0.025716875000000028, 1.057046459], "bind": [5.410000000205528e-07, 0.16012074999999992], "test": [0.025992375000000012, 1.2181693340000002], "combine": [6.249999999763389e-07, 0.038459916000000094], "constrain": [0.003295207999999994, 0.0045934590000000775]}, "final_exec_time": 1.418821167, "stages": [], "best_programs": [], "solution": null, "is_solution": false, "stats_file": "./results/list_magicvaluesameclause/magicpopper/12/1/stats.json", "end": true, "__type__": "Stats"}