{"log_best_programs": true, "num_literals": 0, "total_programs": 30, "total_rules": 0, "total_ground_rules": 0, "durations": {"generate": [0.0004960829999999805, 0.000209875000000026, 0.00039758299999997915, 0.00023162500000001307, 0.000199875000000016, 0.00021404099999999815, 0.00046316699999998656, 0.000684834000000023, 0.0002307080000000239, 0.0009131250000000146, 0.000581416999999973, 0.00023458300000001042, 0.0007410419999999696, 0.00024320799999999476, 0.0002638750000000245, 0.00022462500000003383, 0.00048724999999999463, 0.0002803749999999994, 0.0002599589999999763, 0.0002391250000000067, 0.00022124999999995065, 0.00022533400000002146, 0.0002262499999999834, 0.00028441599999995404, 0.0002670000000000172, 0.0002837919999999494, 0.00036808300000001903, 0.00025637499999997537, 0.0004083340000000657, 0.00025337500000000013, 0.004518000000000022], "find_bindings_prolog": [0.013606542, 0.006221166999999972, 0.011995209000000007, 0.005183250000000028, 0.0026185409999999743, 0.004905290999999978, 0.0016817499999999819, 0.0012686659999999739, 0.0020877910000000055, 0.0010622499999999868, 0.0018557499999999894, 0.001841499999999996, 0.0021513329999999775, 0.0026114589999999827, 0.0030922919999999965, 0.0035342919999999944, 0.012702291999999948, 0.000849500000000003, 0.0007185000000000108, 0.0035800830000000117, 0.001879500000000034, 0.0021071249999999875, 0.0015583750000000007, 0.002491582999999964, 0.0005800000000000249, 0.000664666000000036, 0.0017607499999999776, 0.0024688339999999753, 0.0014744580000000118, 0.0029704160000000313], "test": [0.014786166000000045, 0.008798582999999971, 0.015778083, 0.007810250000000019, 0.003973084000000016, 0.007428292000000003, 0.0028422499999999906, 0.002161917000000013, 0.003994957999999993, 0.0014692499999999775, 0.0026767080000000276, 0.0025792079999999995, 0.004337250000000015, 0.003634375000000023, 0.005818542000000038, 0.009542832999999973, 0.016987292000000043, 0.002645665999999991, 0.00146099999999999, 0.005336083999999963, 0.002784792000000036, 0.003392375000000003, 0.0023983750000000637, 0.0037776660000000684, 0.0009239999999999249, 0.0015044579999999863, 0.003369417000000041, 0.003952666999999965, 0.0026524999999999466, 0.006288791000000016], "combine": [0.005131084000000008, 0.006918792000000007, 0.006121333999999978, 4.999999999588667e-07, 0.007307792000000035, 4.999999999588667e-07, 5.000000000143778e-07, 4.5799999998097363e-07, 5.000000000143778e-07, 5.419999999922709e-07, 4.170000000303098e-07, 4.589999999526917e-07, 4.5799999998097363e-07, 4.580000000364848e-07, 4.5900000000820285e-07, 1.5830000000272015e-06, 4.580000000364848e-07, 4.1699999997479864e-07, 4.1600000000308057e-07, 1.6250000000050946e-06, 4.999999999588667e-07, 4.1699999997479864e-07, 4.1699999997479864e-07, 4.580000000364848e-07, 3.7499999994139444e-07, 4.5899999989718054e-07, 5.419999999922709e-07, 9.579999999953515e-07, 5.829999999429347e-07, 4.999999999588667e-07], "constrain": [0.001862874999999986, 0.002055708000000045, 0.001819124999999977, 0.0004888329999999663, 0.0002602499999999619, 0.0018069580000000252, 0.002616750000000001, 0.000349749999999982, 0.0009279159999999731, 0.0025422090000000175, 0.0004125839999999936, 0.0011452909999999927, 0.0003987089999999971, 0.0005512910000000093, 0.00043124999999999414, 0.0004975000000000396, 0.0004306249999999623, 0.0009101670000000173, 0.0010145840000000406, 0.0005722919999999743, 0.00038037499999998836, 0.0007915840000000118, 0.0016329580000000732, 0.0003181669999999803, 0.0015523749999999392, 0.0006124170000000317, 0.001002207999999949, 0.0010140419999999928, 0.001173874999999991, 0.0011326249999999982]}, "final_exec_time": 0.30994174999999996, "stages": [], "best_programs": [], "solution": {"code": "goal(A,you,100):- my_true_step(A,5),magic(5),magic(100),magic(you).\ngoal(A,you,0):- my_true_cell(A,F,onecoin),my_true_cell(A,F,onecoin),magic(0),magic(onecoin),magic(you),magic(onecoin).", "is_solution": true, "conf_matrix": [62, 0, 62, 0], "total_exec_time": 0.309939, "durations": [{"operation": "Test", "called": 5, "total": 0.05114616600000005, "mean": 0.01022923320000001, "maximum": 0.015778083, "__type__": "DurationSummary"}, {"operation": "Find_Bindings_Prolog", "called": 5, "total": 0.03962470899999998, "mean": 0.007924941799999996, "maximum": 0.013606542, "__type__": "DurationSummary"}, {"operation": "Combine", "called": 4, "total": 0.018171709999999952, "mean": 0.004542927499999988, "maximum": 0.006918792000000007, "__type__": "DurationSummary"}, {"operation": "Constrain", "called": 4, "total": 0.006226540999999974, "mean": 0.0015566352499999936, "maximum": 0.002055708000000045, "__type__": "DurationSummary"}, {"operation": "Generate", "called": 5, "total": 0.0015350410000000148, "mean": 0.00030700820000000294, "maximum": 0.0004960829999999805, "__type__": "DurationSummary"}], "__type__": "ProgramStats"}, "is_solution": true, "stats_file": "./results/iggp-coins-goal/magicpopper_types/6/stats.json", "end": true, "__type__": "Stats"}