{"log_best_programs": true, "num_literals": 0, "total_programs": 96, "total_rules": 0, "total_ground_rules": 0, "durations": {"generate": [0.0003794159999999658, 0.000254540999999997, 0.0002629160000000019, 0.00032524999999999915, 0.0002354999999999996, 0.0004298749999999685, 0.0001104170000000293, 0.0001250409999999924, 0.00018041600000001656, 0.00025733300000002624, 0.0001914159999999998, 0.00015708399999997402, 0.0001494999999999691, 0.0001894580000000312, 0.00017954100000000528, 0.00039729199999999354, 0.0003190000000000137, 0.00014683300000001287, 0.0001994999999999636, 0.00014358300000000268, 0.000181874999999998, 0.00014300000000000423, 0.00015124999999999167, 0.0001324169999999958, 0.00025645800000001495, 0.00014100000000000223, 0.00015558300000001468, 0.00014366599999998675, 0.0001470829999999923, 0.00014737500000000514, 0.0001491670000000056, 0.00014541699999998103, 0.00014425000000001242, 0.0001430410000000104, 0.00046720799999999674, 0.00014487499999998876, 0.000169874999999986, 0.00013974999999999405, 0.00015158300000001068, 0.00014087499999998476, 0.00015333300000003325, 0.00016358299999996717, 0.00019654200000002175, 0.0001407920000000007, 0.00019524999999998016, 0.00022370900000001637, 0.0001871249999999547, 0.0005254999999999566, 0.0003706249999999578, 0.0007814999999999905, 0.00016591599999993267, 0.00022254199999993673, 0.00018362500000002058, 0.00018633299999992747, 0.00026799999999993496, 0.00018795799999993257, 0.000140000000000029, 0.00015404200000002088, 0.0002495000000000136, 0.00013887500000009378, 0.00014100000000005775, 0.00015324999999999367, 0.00013850000000004137, 0.00014104200000009115, 0.0011909159999999863, 0.00020125000000004167, 0.0001462910000000761, 0.00014487499999993325, 0.0001459169999999954, 0.00014466700000004273, 0.00014333300000002325, 0.00033170800000004164, 0.00027845900000000867, 0.00016704199999995062, 0.0002495840000000804, 0.00024829099999990056, 0.00015420799999998902, 0.00016487500000006428, 0.00015529199999997356, 0.0003682499999999589, 0.00015445800000002397, 0.0004883749999999853, 0.0001502919999999408, 0.00018950000000006462, 0.00014283299999995336, 0.000729291999999937, 0.000807499999999961, 0.00017487500000001877, 0.00019187500000006352, 0.0003465830000000114, 0.00016633299999990747, 0.0001654579999998962, 0.00020737500000000963, 0.00018025000000010394, 0.0003191250000000867, 0.0001694999999999336, 0.002135167000000049], "find_bindings_prolog": [0.012606457999999987, 0.0011822089999999896, 0.0005804589999999776, 0.000492207999999994, 0.00041316599999996484, 0.00047104100000000537, 0.0004285829999999824, 0.0004464579999999829, 0.0005086249999999848, 0.00048479199999995615, 0.0005760419999999988, 0.0004593749999999841, 0.0004549580000000053, 0.0004590839999999985, 0.0004201249999999934, 0.0003845829999999939, 0.0004929999999999657, 0.000557291999999987, 0.0005251249999999597, 0.0005203750000000174, 0.0004122089999999967, 0.00042237500000003037, 0.0004438340000000318, 0.00045400000000000995, 0.0004859170000000024, 0.0004485419999999962, 0.0006294999999999495, 0.000485750000000007, 0.0006066660000000335, 0.000630208000000021, 0.0005138330000000191, 0.00048324999999999063, 0.0005180419999999963, 0.00048312500000002867, 0.0005358329999999856, 0.0005376670000000194, 0.00046154199999998147, 0.0004865000000000008, 0.0004865000000000008, 0.0004503339999999967, 0.0005100419999999883, 0.0007690830000000037, 0.0004724580000000089, 0.0004731670000000521, 0.0005375829999999526, 0.0005134580000000222, 0.0005512500000000031, 0.0004923749999999893, 0.0005006670000000657, 0.0005074580000000717, 0.0013894999999999325, 0.0006207499999999477, 0.0005734580000000822, 0.00047391600000001866, 0.0005985420000000907, 0.0005406250000000723, 0.0005271249999999617, 0.0005429579999999268, 0.0004534170000000115, 0.0005671250000000017, 0.0005542910000000401, 0.0005245410000001005, 0.0005149580000000098, 0.0005122500000001029, 0.0022439999999999127, 0.0005712500000000231, 0.0005025829999999454, 0.00045745799999996617, 0.00045637500000006437, 0.000529541999999994, 0.0005147919999999306, 0.0005759589999999593, 0.0005252079999999992, 0.0005306670000000402, 0.0005068750000000177, 0.0005735000000000046, 0.000513208999999959, 0.0005826670000000922, 0.0005562500000000359, 0.0005342919999999918, 0.001589457999999988, 0.0005914580000000447, 0.0005427499999999252, 0.0004586249999999348, 0.0005167919999999881, 0.0005561249999999074, 0.0005401659999999531, 0.0005513329999999872, 0.000568082999999997, 0.0005849170000000736, 0.0005419169999999474, 0.0005371250000000272, 0.0004898329999999396, 0.000528333000000103, 0.0005305000000001003, 0.0006163329999999689], "test": [0.01300399999999996, 0.002134958999999992, 0.0008593329999999622, 0.0007588330000000143, 0.0006729169999999951, 0.0007633329999999772, 0.0005940829999999675, 0.0007315420000000294, 0.0009530840000000484, 0.0007833749999999751, 0.0008825419999999862, 0.0007474999999999565, 0.0007407499999999567, 0.0007436660000000317, 0.0007093750000000121, 0.000549208999999995, 0.0008163330000000024, 0.0008864169999999727, 0.0008475419999999789, 0.0008387499999999992, 0.0005925420000000292, 0.0006032910000000058, 0.0006240419999999913, 0.0006334999999999535, 0.0008039160000000156, 0.0007635830000000121, 0.0009445419999999927, 0.0008114580000000426, 0.0009277919999999829, 0.0010027910000000029, 0.0008322919999999567, 0.0007982500000000003, 0.0008327500000000487, 0.000796083000000003, 0.0008590410000000048, 0.0008598329999999765, 0.0007793750000000266, 0.0008051250000000176, 0.000800708999999955, 0.0007632089999999869, 0.0008215420000000084, 0.0010843329999999929, 0.0006659999999999999, 0.000659291999999978, 0.0008627920000000566, 0.0009919999999999929, 0.00122633399999994, 0.0008061670000000243, 0.0008162500000000739, 0.0008570420000000301, 0.0019215830000000045, 0.0011721670000000017, 0.0013171659999999807, 0.0006714160000000913, 0.0009517089999999673, 0.0007422919999999777, 0.0007256669999999854, 0.0007407500000000677, 0.0006504170000000142, 0.0007632079999999597, 0.0007500830000000125, 0.0007227089999999325, 0.0007107080000000598, 0.0007074160000000163, 0.002907541999999985, 0.0007949999999999902, 0.0007057500000000605, 0.0006591660000000443, 0.0006544169999999072, 0.0007247910000000024, 0.0007086249999999072, 0.0009207500000000257, 0.0008737079999999731, 0.0008757080000000306, 0.0008507500000000112, 0.000923499999999966, 0.0008614999999999595, 0.0009279169999999448, 0.0008990409999999338, 0.0007315829999999801, 0.00181925000000005, 0.0008054170000000305, 0.0007408749999999742, 0.0006562920000000583, 0.0007116670000000269, 0.0009368339999999975, 0.0009172910000000423, 0.0011197079999999415, 0.0013655409999999701, 0.000796958999999986, 0.0009226250000000658, 0.0009177089999999888, 0.0007043749999999793, 0.0009067090000000055, 0.0007426249999999968, 0.0010036669999999859],