{"log_best_programs": true, "num_literals": 0, "total_programs": 16, "total_rules": 0, "total_ground_rules": 0, "durations": {"generate": [0.027350832999999963, 0.007879375000000022, 0.003444624999999979, 0.003499250000000065, 0.0015745000000000342, 0.589519667, 0.0009528750000000752, 0.0010633750000001996, 0.0011707910000000599, 0.005221375000000084, 0.001244165999999769, 0.00150195799999997, 0.016999541000000118, 0.0007395409999997327, 0.00695120799999982, 0.0028432910000000255, 4.930185041], "find_bindings_prolog": [0.012520417000000061, 0.0008365409999999684, 0.0007899590000000067, 0.0007688750000000022, 0.000649624999999987, 0.0008581670000000763, 0.0008134170000000385, 0.0008141659999998385, 0.0009157910000001657, 0.000847167000000093, 0.0007671250000003127, 0.0008414999999999395, 0.00133133299999999, 0.0014920410000001105, 0.000908791999999714, 0.001288791999999983], "test": [0.01352841699999996, 0.0013107920000000606, 0.0014830409999999628, 0.0014125839999999945, 0.0010598750000000434, 0.0013503329999999814, 0.0015431249999999785, 0.0018516669999999458, 0.0017166249999998051, 0.0016092089999999448, 0.0017786250000000337, 0.001860209000000168, 0.002467541999999767, 0.003426249999999964, 0.0016397920000001953, 0.002791082999999972], "combine": [7.499999999938112e-07, 5.419999999922709e-07, 5.419999999922709e-07, 4.999999999588667e-07, 4.580000000364848e-07, 7.080000001824516e-07, 4.580000001475071e-07, 4.579999999254625e-07, 5.83000000053957e-07, 5.00000000069889e-07, 4.5799999970341787e-07, 4.5899999978615824e-07, 0.002589374999999894, 0.0026827090000001164, 4.5899999978615824e-07, 0.002518084000000087], "constrain": [0.17941270799999998, 0.07944658299999996, 0.02450624999999995, 0.023100458000000046, 0.020888958000000013, 0.0846989170000001, 0.08910916600000007, 0.09778470799999983, 0.09318016700000009, 0.030463249999999942, 0.03357912499999971, 0.19898375000000001, 0.04717424999999986, 0.05044925000000022, 0.09449750000000012, 0.05004012499999977]}, "final_exec_time": 7.212565958, "stages": [], "best_programs": [], "solution": {"code": "f(A):- cell(A,B,w,k),cell(A,C,w,r),distance(B,C,1),magic(1),magic(r),magic(k),magic(w).", "is_solution": true, "conf_matrix": [10, 0, 10, 0], "total_exec_time": 7.212562416, "durations": [{"operation": "Constrain", "called": 15, "total": 1.1472750399999998, "mean": 0.07648500266666665, "maximum": 0.19898375000000001, "__type__": "DurationSummary"}, {"operation": "Generate", "called": 16, "total": 0.6719563709999999, "mean": 0.041997273187499996, "maximum": 0.589519667, "__type__": "DurationSummary"}, {"operation": "Test", "called": 16, "total": 0.040829168999999776, "mean": 0.002551823062499986, "maximum": 0.01352841699999996, "__type__": "DurationSummary"}, {"operation": "Find_Bindings_Prolog", "called": 16, "total": 0.026443708000000288, "mean": 0.001652731750000018, "maximum": 0.012520417000000061, "__type__": "DurationSummary"}, {"operation": "Combine", "called": 15, "total": 0.005278958999999639, "mean": 0.00035193059999997595, "maximum": 0.0026827090000001164, "__type__": "DurationSummary"}], "__type__": "ProgramStats"}, "is_solution": true, "stats_file": "./results/krk/magicpopper_args/5/stats.json", "end": true, "__type__": "Stats"}