{"log_best_programs": true, "num_literals": 0, "total_programs": 8, "total_rules": 0, "total_ground_rules": 0, "durations": {"generate": [0.0003826670000000032, 0.0006448749999998782, 0.0012201250000001274, 0.0016911250000000155, 0.0017354590000000503, 0.0007018329999999295, 0.001022834000000028, 0.0007334590000001029, 0.0018746659999999693], "find_bindings_prolog": [0.03092600000000001, 0.03470829100000006, 0.137105209, 0.16651162499999983, 0.14986620800000017, 0.14888841600000013], "test": [0.03724783300000012, 0.048355125000000054, 0.019145332999999987, 0.137425417, 0.02102066700000016, 0.16702441600000006, 0.15020562500000034, 0.14922762499999997], "combine": [0.08184062499999989, 0.005568459000000026, 5.419999999922709e-07, 7.07999999960407e-07, 5.829999998319124e-07, 5.410000003536197e-07, 5.00000000069889e-07, 5.419999999922709e-07], "constrain": [0.001641540999999913, 0.002426416999999903, 0.00042412500000010844, 0.002986084, 0.000516665999999999, 0.005208582999999933, 0.0016699159999999935, 0.00511429200000002]}, "final_exec_time": 2.151821, "stages": [], "best_programs": [], "solution": {"code": "magic_value(A):- head(A,bo),magic(bo).\nmagic_value(A):- head(A,ma),magic(ma).\nmagic_value(A):- head(A,ac),magic(ac).\nmagic_value(A):- head(A,dp),magic(dp).\nmagic_value(A):- head(A,be),magic(be).\nmagic_value(A):- head(A,fo),magic(fo).\nmagic_value(A):- head(A,ql),magic(ql).\nmagic_value(A):- head(A,bl),magic(bl).\nmagic_value(A):- head(A,kg),magic(kg).\nmagic_value(A):- head(A,mu),magic(mu).\nmagic_value(A):- head(A,kd),magic(kd).\nmagic_value(A):- head(A,an),magic(an).\nmagic_value(A):- head(A,kh),magic(kh).\nmagic_value(A):- head(A,ra),magic(ra).\nmagic_value(A):- head(A,nw),magic(nw).\nmagic_value(A):- head(A,oh),magic(oh).\nmagic_value(A):- head(A,df),magic(df).\nmagic_value(A):- head(A,bp),magic(bp).\nmagic_value(A):- head(A,ji),magic(ji).\nmagic_value(A):- head(A,qg),magic(qg).\nmagic_value(A):- head(A,rp),magic(rp).\nmagic_value(A):- head(A,ax),magic(ax).\nmagic_value(A):- head(A,gd),magic(gd).\nmagic_value(A):- head(A,eh),magic(eh).\nmagic_value(A):- head(A,j),magic(j).\nmagic_value(A):- head(A,mv),magic(mv).\nmagic_value(A):- head(A,qx),magic(qx).\nmagic_value(A):- head(A,dj),magic(dj).\nmagic_value(A):- head(A,pe),magic(pe).\nmagic_value(A):- head(A,oc),magic(oc).\nmagic_value(A):- head(A,jb),magic(jb).\nmagic_value(A):- head(A,em),magic(em).\nmagic_value(A):- head(A,dz),magic(dz).\nmagic_value(A):- head(A,ap),magic(ap).\nmagic_value(A):- head(A,dm),magic(dm).\nmagic_value(A):- head(A,cx),magic(cx).\nmagic_value(A):- head(A,ks),magic(ks).\nmagic_value(A):- head(A,fu),magic(fu).\nmagic_value(A):- head(A,lq),magic(lq).\nmagic_value(A):- head(A,fb),magic(fb).\nmagic_value(A):- head(A,ho),magic(ho).\nmagic_value(A):- head(A,qz),magic(qz).\nmagic_value(A):- head(A,pi),magic(pi).\nmagic_value(A):- head(A,rc),magic(rc).\nmagic_value(A):- head(A,ci),magic(ci).\nmagic_value(A):- head(A,bn),magic(bn).\nmagic_value(A):- head(A,kt),magic(kt).\nmagic_value(A):- head(A,dc),magic(dc).\nmagic_value(A):- head(A,ng),magic(ng).\nmagic_value(A):- head(A,og),magic(og).\nmagic_value(A):- head(A,ly),magic(ly).\nmagic_value(A):- head(A,pq),magic(pq).\nmagic_value(A):- head(A,hx),magic(hx).\nmagic_value(A):- head(A,ke),magic(ke).\nmagic_value(A):- head(A,rb),magic(rb).\nmagic_value(A):- head(A,w),magic(w).\nmagic_value(A):- head(A,pj),magic(pj).\nmagic_value(A):- head(A,da),magic(da).\nmagic_value(A):- head(A,iu),magic(iu).\nmagic_value(A):- head(A,gc),magic(gc).\nmagic_value(A):- head(A,bh),magic(bh).\nmagic_value(A):- head(A,ah),magic(ah).\nmagic_value(A):- head(A,jk),magic(jk).\nmagic_value(A):- head(A,ig),magic(ig).\nmagic_value(A):- head(A,r),magic(r).\nmagic_value(A):- head(A,nm),magic(nm).\nmagic_value(A):- head(A,ga),magic(ga).\nmagic_value(A):- head(A,cz),magic(cz).\nmagic_value(A):- head(A,ki),magic(ki).\nmagic_value(A):- head(A,gq),magic(gq).", "is_solution": true, "conf_matrix": [200, 0, 200, 0], "total_exec_time": 2.151817916, "durations": [{"operation": "Test", "called": 1, "total": 0.03724783300000012, "mean": 0.03724783300000012, "maximum": 0.03724783300000012, "__type__": "DurationSummary"}, {"operation": "Find_Bindings_Prolog", "called": 1, "total": 0.03092600000000001, "mean": 0.03092600000000001, "maximum": 0.03092600000000001, "__type__": "DurationSummary"}, {"operation": "Generate", "called": 1, "total": 0.0003826670000000032, "mean": 0.0003826670000000032, "maximum": 0.0003826670000000032, "__type__": "DurationSummary"}], "__type__": "ProgramStats"}, "is_solution": true, "stats_file": "./results/list_magicvalues_multipleclauses/magicpopper/70/2/stats.json", "end": true, "__type__": "Stats"}