{"log_best_programs": true, "num_literals": 0, "total_programs": 55, "total_rules": 0, "total_ground_rules": 0, "durations": {"generate": [0.0002895830000000099, 0.000428208000000041, 0.00020895900000000855, 0.0002283339999999967, 0.0001899590000000173, 0.00018916599999996286, 0.0004094579999999737, 0.00019170899999998436, 0.00018375000000003805, 0.00018083299999999136, 0.00018983399999999984, 0.00023458300000001042, 0.0001787920000000387, 0.0003522080000000205, 0.00020020900000000674, 0.00019774999999999654, 0.0001971249999999647, 0.00021645900000000218, 0.00020570800000002665, 0.00020025000000001292, 0.00020362499999998507, 0.00028354099999999827, 0.00021341699999999353, 0.00020004199999995587, 0.00023483400000001708, 0.00019445800000000846, 0.00021295799999998533, 0.00020058300000003193, 0.00020379199999998043, 0.00019216700000002085, 0.00019291700000001466, 0.00019816700000002685, 0.0002014579999999877, 0.00023704200000002063, 0.00020133300000002574, 0.00019591700000004542, 0.0002051249999999727, 0.00020166700000001647, 0.00019049999999998235, 0.00019233299999998898, 0.00019225000000000492, 0.00019737499999999963, 0.00018958299999999317, 0.0001951669999999961, 0.00019016700000001885, 0.0001958329999999786, 0.00019733300000002174, 0.00021637499999999088, 0.00020129200000001957, 0.0003545830000000194, 0.00024537499999999213, 0.00023762500000001907, 0.00024408400000003327, 0.00023449999999997084, 0.00022837500000000288, 0.00020812500000000345], "find_bindings_prolog": [0.009996459000000013, 0.0007727499999999887, 0.0007950829999999742, 0.0007555410000000262, 0.0004370419999999986, 0.0004377910000000207, 0.001174166000000032], "test": [0.01057154199999999, 0.01384437500000002, 0.0003087079999999909, 0.0002938330000000211, 0.0002958329999999676, 0.0002905829999999554, 0.00027891699999998965, 0.0002746670000000062, 0.0002667499999999823, 0.00027729199999998455, 0.0002751670000000206, 0.0003007919999999942, 0.0002827080000000204, 0.0003129580000000298, 0.0003250000000000197, 0.000320666000000025, 0.00033045800000003345, 0.0003517919999999619, 0.00031608300000002254, 0.00033995799999997356, 0.00032516599999998785, 0.00035570800000001013, 0.00031891700000002965, 0.0003102079999999785, 0.00031287499999999024, 0.0003055420000000475, 0.00031954099999997876, 0.00032287500000000025, 0.0003062919999999858, 0.0003109579999999723, 0.0002990420000000271, 0.000303875000000009, 0.0003007090000000101, 0.00034095900000002954, 0.00030320799999999926, 0.0003051250000000172, 0.0003010410000000019, 0.0003053749999999966, 0.00030250000000003885, 0.0003065830000000269, 0.0002986249999999968, 0.0003042910000000121, 0.000303417000000028, 0.00030774999999999553, 0.00031524999999998915, 0.0003097910000000037, 0.0003214590000000239, 0.00032229099999997457, 0.0003035000000000121, 0.0017445830000000218, 0.001773250000000004, 0.0017267080000000212, 0.0007357499999999795, 0.0007317910000000372, 0.0025229999999999975], "combine": [0.0025413339999999784, 5.419999999922709e-07, 3.749999999969056e-07, 3.339999999907306e-07, 3.749999999969056e-07, 3.749999999969056e-07, 3.7500000005241674e-07, 4.170000000303098e-07, 3.749999999969056e-07, 3.749999999969056e-07, 3.749999999969056e-07, 4.1699999997479864e-07, 3.749999999969056e-07, 5.000000000143778e-07, 3.329999999635014e-07, 3.749999999969056e-07, 4.5799999998097363e-07, 4.170000000303098e-07, 4.1699999997479864e-07, 3.749999999969056e-07, 3.749999999969056e-07, 3.749999999969056e-07, 3.749999999969056e-07, 3.3300000001901253e-07, 4.170000000303098e-07, 3.749999999969056e-07, 4.170000000303098e-07, 3.749999999969056e-07, 4.1699999997479864e-07, 4.170000000303098e-07, 3.749999999969056e-07, 3.749999999969056e-07, 3.749999999969056e-07, 3.7500000005241674e-07, 4.5799999998097363e-07, 4.1699999997479864e-07, 3.749999999969056e-07, 3.749999999969056e-07, 4.159999999475694e-07, 3.749999999969056e-07, 3.3300000001901253e-07, 4.170000000303098e-07, 3.749999999969056e-07, 3.749999999969056e-07, 4.170000000303098e-07, 3.749999999969056e-07, 4.1600000000308057e-07, 3.749999999969056e-07, 3.749999999969056e-07, 4.5799999998097363e-07, 3.749999999969056e-07, 4.1600000000308057e-07, 3.749999999969056e-07, 4.170000000303098e-07, 0.0018971249999999995], "constrain": [0.0007356250000000175, 0.0009610840000000009, 0.00018016600000003713, 0.00017504200000001413, 0.00018666700000002923, 0.00016958300000002868, 0.00014329100000004535, 0.0001395000000000146, 0.0001419160000000197, 0.00013970800000001615, 0.00013962500000003208, 0.00013908400000001153, 0.00013895800000002234, 0.0009448750000000117, 0.0001654999999999851, 0.0001623339999999862, 0.00018070900000000112, 0.0002010829999999908, 0.00016404199999997537, 0.00016699999999997273, 0.0001731249999999962, 0.00016554099999999128, 0.0001627499999999893, 0.0001623330000000145, 0.00016300000000002424, 0.00017416700000000285, 0.00016849999999996035, 0.00016254199999998775, 0.00016300000000002424, 0.00016208400000000678, 0.00016179199999999394, 0.00016187500000003352, 0.00016104200000000013, 0.00016291600000001294, 0.00016245799999997645, 0.0001614999999999811, 0.00016291699999998466, 0.00016287500000000676, 0.00016295799999999083, 0.00016212500000001295, 0.00016245900000000368, 0.00016216699999999085, 0.0001627499999999893, 0.000161874999999978, 0.00016783399999997783, 0.00016287500000000676, 0.0001707499999999973, 0.0001639580000000196, 0.000163541999999961, 0.001193125000000017, 0.00026283300000001786, 0.0002414580000000277, 0.0002474579999999782, 0.0009522500000000433, 0.0001975000000000171]}, "final_exec_time": 0.11490112499999999, "stages": [], "best_programs": [], "solution": {"code": "multiple(A):- div2(A,B),multiple(B).\nmultiple(1):- magic(1).", "is_solution": true, "conf_matrix": [6, 0, 10, 0], "total_exec_time": 0.11489970799999999, "durations": [{"operation": "Test", "called": 55, "total": 0.04813603700000024, "mean": 0.0008752006727272771, "maximum": 0.01384437500000002, "__type__": "DurationSummary"}, {"operation": "Find_Bindings_Prolog", "called": 7, "total": 0.014368832000000054, "mean": 0.002052690285714293, "maximum": 0.009996459000000013, "__type__": "DurationSummary"}, {"operation": "Constrain", "called": 54, "total": 0.013030626000000212, "mean": 0.00024130788888889282, "maximum": 0.001193125000000017, "__type__": "DurationSummary"}, {"operation": "Generate", "called": 55, "total": 0.012148670000000222, "mean": 0.00022088490909091314, "maximum": 0.000428208000000041, "__type__": "DurationSummary"}, {"operation": "Combine", "called": 54, "total": 0.002562210000000037, "mean": 4.7448333333334015e-05, "maximum": 0.0025413339999999784, "__type__": "DurationSummary"}], "__type__": "ProgramStats"}, "is_solution": true, "stats_file": "./results/multiple/magicpopper_args/4/stats.json", "end": true, "__type__": "Stats"}