{"log_best_programs": true, "num_literals": 0, "total_programs": 25, "total_rules": 0, "total_ground_rules": 0, "durations": {"generate": [0.0003929160000000209, 0.00032037499999998387, 0.00034175000000002953, 0.0003079169999999909, 0.0003686669999999892, 0.00027608299999998254, 0.00027729200000004006, 0.0003647080000000469, 0.00027212499999995643, 0.00027558300000002367, 0.0002663330000000075, 0.0002784170000000308, 0.00026529200000002806, 0.00040754100000001126, 0.00038083300000002485, 0.0002823330000000235, 0.00029562500000002156, 0.00030033299999998597, 0.00026762499999999356, 0.0003486249999999913, 0.0002446669999999762, 0.0003842090000000242, 0.0005671660000000078, 0.00048437499999998135, 0.0003790419999999961, 9.724999999999318e-05], "test": [0.020589332999999987, 0.005359250000000038, 0.0006439160000000221, 0.002047375000000018, 0.0020552919999999864, 0.0024137920000000257, 0.0010492079999999682, 0.0006253340000000329, 0.0005824170000000017, 0.0005442920000000018, 0.0005386250000000148, 0.0005493749999999631, 0.0005483340000000392, 0.0005399160000000292, 0.0007237920000000009, 0.0026722080000000092, 0.0027669589999999578, 0.00046366700000000094, 0.0003414589999999884, 0.00033566699999998395, 0.00033208299999998303, 0.0003779170000000054, 0.011017166999999994, 0.0005123750000000094, 0.008558958000000005], "combine": [7.089999999876362e-07, 0.0031965420000000244, 4.1600000000308057e-07, 5.000000000143778e-07, 5.419999999922709e-07, 4.589999999526917e-07, 3.749999999969056e-07, 4.1699999997479864e-07, 4.5900000000820285e-07, 4.1699999997479864e-07, 3.7500000005241674e-07, 3.749999999969056e-07, 4.1699999997479864e-07, 3.749999999969056e-07, 3.749999999969056e-07, 4.1600000000308057e-07, 3.749999999969056e-07, 4.5900000000820285e-07, 4.170000000303098e-07, 4.1699999997479864e-07, 4.1699999997479864e-07, 4.5799999998097363e-07, 5.829999999984459e-07, 5.000000000143778e-07, 0.0024968330000000316], "constrain": [0.0011862089999999936, 0.0009745420000000227, 0.0010327079999999933, 0.0001251669999999816, 0.0009390839999999789, 0.00013987500000001152, 0.0016026669999999466, 0.00020783400000001784, 0.00017229200000001832, 0.0001723750000000024, 0.0001715840000000024, 0.0001719589999999993, 0.00017083299999998136, 0.00017420800000000902, 0.00019808299999996004, 0.00011262499999997733, 7.595799999998709e-05, 0.0001590409999999709, 0.00015016600000000713, 0.00018599999999996397, 0.00018179200000001394, 0.00014924999999998967, 0.001151625000000045, 0.0016950830000000416, 0.000136000000000025], "find_bindings_prolog": [0.0043507910000000205, 0.0004554999999999976, 0.0012040839999999942, 0.0009896670000000274, 0.0012492919999999574, 0.000827499999999981, 0.0004306669999999957, 0.00040004199999998935, 0.0003634999999999611, 0.0003581249999999869, 0.0003716659999999927, 0.0003699589999999753, 0.00035766700000000595, 0.0003997920000000099, 0.0012785829999999998, 0.0013250000000000206, 0.009500583000000007, 0.006294291000000007], "inconsistent thingy": [3.5419999999675156e-06]}, "final_exec_time": 0.14033512499999998, "stages": [], "best_programs": [], "solution": {"code": "magic_value(A):- head(A,c7),magic(c7).\nmagic_value(A):- tail(A,B),magic_value(B).", "is_solution": true, "conf_matrix": [10, 0, 10, 0], "total_exec_time": 0.14033341600000002, "durations": [{"operation": "Test", "called": 25, "total": 0.06618871100000007, "mean": 0.0026475484400000026, "maximum": 0.020589332999999987, "__type__": "DurationSummary"}, {"operation": "Find_Bindings_Prolog", "called": 18, "total": 0.03052670899999993, "mean": 0.0016959282777777738, "maximum": 0.009500583000000007, "__type__": "DurationSummary"}, {"operation": "Constrain", "called": 24, "total": 0.011300959999999916, "mean": 0.0004708733333333298, "maximum": 0.0016950830000000416, "__type__": "DurationSummary"}, {"operation": "Generate", "called": 25, "total": 0.008349832000000168, "mean": 0.0003339932800000067, "maximum": 0.0005671660000000078, "__type__": "DurationSummary"}, {"operation": "Combine", "called": 24, "total": 0.003206794999999929, "mean": 0.00013361645833333038, "maximum": 0.0031965420000000244, "__type__": "DurationSummary"}, {"operation": "Inconsistent Thingy", "called": 1, "total": 3.5419999999675156e-06, "mean": 3.5419999999675156e-06, "maximum": 3.5419999999675156e-06, "__type__": "DurationSummary"}], "__type__": "ProgramStats"}, "is_solution": true, "stats_file": "./results/list_example/magicpopper_types/10/7/stats.json", "end": true, "__type__": "Stats"}