{"log_best_programs": true, "num_literals": 0, "total_programs": 8, "total_rules": 0, "total_ground_rules": 0, "durations": {"generate": [0.00038549999999992757, 0.0006152919999999895, 0.0014167499999999666, 0.001533790999999951, 0.0019894170000001044, 0.0007610410000000734, 0.0010374580000003242, 0.0010003339999999916, 0.0009652500000001396], "find_bindings_prolog": [0.030062333999999913, 0.03746570799999982, 0.13629204099999992, 0.14999608300000022, 0.15756512500000008, 0.15273366700000013], "test": [0.035927374999999984, 0.05164879199999994, 0.01891537500000018, 0.1366090000000002, 0.019778915999999924, 0.15034045900000015, 0.1580674590000002, 0.1530965420000001], "combine": [0.08133441699999988, 0.005382957999999993, 5.83000000053957e-07, 6.670000001207654e-07, 7.090000000431473e-07, 5.419999999922709e-07, 5.419999999922709e-07, 5.829999998319124e-07], "constrain": [0.0018114169999998708, 0.0023402500000000437, 0.0004282500000001299, 0.0030587079999999656, 0.0005362079999999825, 0.0052317500000000905, 0.0018789579999998196, 0.001685124999999843]}, "final_exec_time": 2.114784459, "stages": [], "best_programs": [], "solution": {"code": "magic_value(A):- head(A,pn),magic(pn).\nmagic_value(A):- head(A,iu),magic(iu).\nmagic_value(A):- head(A,ig),magic(ig).\nmagic_value(A):- head(A,ix),magic(ix).\nmagic_value(A):- head(A,or),magic(or).\nmagic_value(A):- head(A,ns),magic(ns).\nmagic_value(A):- head(A,jl),magic(jl).\nmagic_value(A):- head(A,mb),magic(mb).\nmagic_value(A):- head(A,ii),magic(ii).\nmagic_value(A):- head(A,bx),magic(bx).\nmagic_value(A):- head(A,oi),magic(oi).\nmagic_value(A):- head(A,du),magic(du).\nmagic_value(A):- head(A,gs),magic(gs).\nmagic_value(A):- head(A,qh),magic(qh).\nmagic_value(A):- head(A,ds),magic(ds).\nmagic_value(A):- head(A,br),magic(br).\nmagic_value(A):- head(A,o),magic(o).\nmagic_value(A):- head(A,mn),magic(mn).\nmagic_value(A):- head(A,gm),magic(gm).\nmagic_value(A):- head(A,py),magic(py).\nmagic_value(A):- head(A,rr),magic(rr).\nmagic_value(A):- head(A,nv),magic(nv).\nmagic_value(A):- head(A,co),magic(co).\nmagic_value(A):- head(A,x),magic(x).\nmagic_value(A):- head(A,ll),magic(ll).\nmagic_value(A):- head(A,hy),magic(hy).\nmagic_value(A):- head(A,on),magic(on).\nmagic_value(A):- head(A,dr),magic(dr).\nmagic_value(A):- head(A,pm),magic(pm).\nmagic_value(A):- head(A,ka),magic(ka).\nmagic_value(A):- head(A,sg),magic(sg).\nmagic_value(A):- head(A,gv),magic(gv).\nmagic_value(A):- head(A,og),magic(og).\nmagic_value(A):- head(A,mu),magic(mu).\nmagic_value(A):- head(A,cu),magic(cu).\nmagic_value(A):- head(A,sd),magic(sd).\nmagic_value(A):- head(A,dx),magic(dx).\nmagic_value(A):- head(A,kz),magic(kz).\nmagic_value(A):- head(A,jd),magic(jd).\nmagic_value(A):- head(A,np),magic(np).\nmagic_value(A):- head(A,rw),magic(rw).\nmagic_value(A):- head(A,lh),magic(lh).\nmagic_value(A):- head(A,cl),magic(cl).\nmagic_value(A):- head(A,ip),magic(ip).\nmagic_value(A):- head(A,dh),magic(dh).\nmagic_value(A):- head(A,fm),magic(fm).\nmagic_value(A):- head(A,kk),magic(kk).\nmagic_value(A):- head(A,ae),magic(ae).\nmagic_value(A):- head(A,av),magic(av).\nmagic_value(A):- head(A,md),magic(md).\nmagic_value(A):- head(A,kh),magic(kh).\nmagic_value(A):- head(A,ew),magic(ew).\nmagic_value(A):- head(A,de),magic(de).\nmagic_value(A):- head(A,my),magic(my).\nmagic_value(A):- head(A,hx),magic(hx).\nmagic_value(A):- head(A,fj),magic(fj).\nmagic_value(A):- head(A,lx),magic(lx).\nmagic_value(A):- head(A,nh),magic(nh).\nmagic_value(A):- head(A,rj),magic(rj).\nmagic_value(A):- head(A,ow),magic(ow).\nmagic_value(A):- head(A,gl),magic(gl).\nmagic_value(A):- head(A,em),magic(em).\nmagic_value(A):- head(A,ql),magic(ql).\nmagic_value(A):- head(A,ou),magic(ou).\nmagic_value(A):- head(A,ev),magic(ev).", "is_solution": true, "conf_matrix": [200, 0, 200, 0], "total_exec_time": 2.114780959, "durations": [{"operation": "Test", "called": 1, "total": 0.035927374999999984, "mean": 0.035927374999999984, "maximum": 0.035927374999999984, "__type__": "DurationSummary"}, {"operation": "Find_Bindings_Prolog", "called": 1, "total": 0.030062333999999913, "mean": 0.030062333999999913, "maximum": 0.030062333999999913, "__type__": "DurationSummary"}, {"operation": "Generate", "called": 1, "total": 0.00038549999999992757, "mean": 0.00038549999999992757, "maximum": 0.00038549999999992757, "__type__": "DurationSummary"}], "__type__": "ProgramStats"}, "is_solution": true, "stats_file": "./results/list_magicvalues_multipleclauses/magicpopper/65/5/stats.json", "end": true, "__type__": "Stats"}