{"log_best_programs": true, "num_literals": 0, "total_programs": 5, "total_rules": 0, "total_ground_rules": 0, "durations": {"generate": [0.258673416, 0.008003583000000036, 0.664572958, 0.000433291999999863, 0.0003967920000000902, 0.2721296660000001], "test": [0.0016687910000000583, 0.0006324170000000517, 0.0006104999999998473, 0.0006128749999998462, 0.0005466659999999735], "combine": [5.409999999095305e-07, 4.999999999588667e-07, 5.419999999922709e-07, 4.1699999986377634e-07, 4.999999998478444e-07], "constrain": [0.024531417000000055, 0.0064454580000000705, 0.06793437499999988, 0.020339625000000083, 0.033906459]}, "final_exec_time": 1.457755625, "stages": [], "best_programs": [], "solution": null, "is_solution": false, "stats_file": "./results/drug_design/popper/0/stats.json", "end": true, "__type__": "Stats"}