{"log_best_programs": true, "num_literals": 0, "total_programs": 78, "total_rules": 0, "total_ground_rules": 0, "durations": {"generate": [0.00032650000000000734, 0.00014875000000014182, 0.0001723339999999407, 0.0004342090000000187, 0.00011091599999990542, 0.0007493750000000521, 0.00022591599999999268, 0.00023487500000007877, 0.000667499999999821, 0.0005486249999999693, 0.0004737500000000505, 0.00022491600000007494, 0.0002570419999998741, 0.0004917920000000464, 0.0002506249999998378, 0.0006308329999999973, 0.000243416999999857, 0.00023337500000009115, 0.00023162500000006858, 0.0005684580000000494, 0.0001571670000000136, 0.00037074999999986424, 0.00017945799999985468, 0.0005823329999998794, 0.0003479170000000309, 0.0003735410000000883, 0.0002134169999998825, 0.00030454200000007425, 0.0002793749999998596, 0.00046875000000001776, 0.00022712499999988367, 0.00028379100000019974, 0.00017229199999979627, 0.00021608399999983874, 0.0005465000000000053, 0.0002140000000001585, 0.00027079199999979764, 0.0001931250000000162, 0.0002577079999999121, 0.000610540999999909, 0.00031583300000015413, 0.0004999169999999609, 0.00022604199999998187, 0.00025812500000022, 0.0002589579999998648, 0.0036411670000000562, 0.0002696250000000511, 0.00018391599999967312, 0.000150125000000223, 0.00031920800000007077, 0.00020941600000012883, 0.00014383300000009314, 0.00026658300000015345, 0.00024141699999979949, 0.0001509999999997902, 0.00016987500000009703, 0.00018129100000008336, 0.00019145799999975566, 0.00016991699999957532, 0.00019200000000019202, 0.0003859580000002971, 0.00029079199999992866, 0.00030358299999999616, 0.0002841250000003015, 0.00020525000000004567, 0.00018804199999999938, 0.00017937500000009265, 0.00024312499999989967, 0.00017966600000018929, 0.00019012500000004096, 0.00018433400000006372, 0.00018341700000013006, 0.0002306249999999288, 0.0005554580000000087, 0.00017408300000010257, 0.00019754100000035635, 0.00016862500000014435, 0.0004077500000003731, 0.00292387500000002], "find_bindings_prolog": [0.03600458300000009, 0.09539929199999997, 0.03678841699999991, 0.03876137499999999, 0.09994504199999987, 0.014875250000000007, 0.026046833000000102, 0.098641333, 0.0916516249999999, 0.03604395800000004, 0.023144083000000037, 0.00825479100000015, 0.024917833999999806, 0.01480437499999998, 0.02633841700000006, 0.026329167000000098, 0.044851374999999916, 0.00209279200000001, 0.041497166999999946, 0.04145741599999986, 0.04370216700000018, 0.04114658299999974, 0.10325520800000021, 0.09607570799999987, 0.0019261249999997787, 0.042803541000000056, 0.04290004099999978, 0.10346366699999976, 0.10307345899999998, 0.011848209000000054, 0.03997733299999995, 0.03912487500000017, 0.0025753750000001574, 0.0018797909999999085, 0.09510249999999987, 0.10651716600000016, 0.09840825000000031, 0.12202012500000015, 0.0022759580000002444, 0.002588083000000019, 0.0030217500000002673, 0.001853292000000284, 0.0027504579999999557, 0.002141291000000045, 0.002729916999999915, 0.0034135420000001027, 0.0035319999999998686, 0.0029055829999999894, 0.0037410000000002164, 0.003146958999999949, 0.002043083000000223, 0.0033291669999999662, 0.003965083000000202, 0.0032914170000002407, 0.003921416999999927, 0.0020339589999998076, 0.0020415000000002514, 0.0030338329999999303, 0.002056333000000077, 0.0020222919999999256, 0.007705708000000033, 0.0033293329999999344, 0.01028899999999977], "test": [0.03673008400000011, 0.001350208000000075, 0.09665083400000007, 0.0008790830000000582, 0.0013055410000000212, 0.03741862500000015, 0.03958275000000011, 0.10148858300000008, 0.015417959000000092, 0.02677012500000009, 0.10000566700000002, 0.09307787500000009, 0.03660587499999979, 0.023798041999999908, 0.008764500000000064, 0.025798500000000057, 0.015516625000000062, 0.027296750000000092, 0.02727737500000016, 0.001968709000000013, 0.09225583399999993, 0.0009211670000000005, 0.0020444580000000823, 0.045616749999999984, 0.002325625000000109, 0.04229395799999991, 0.04217637499999993, 0.044387707999999915, 0.04186791699999981, 0.10494995799999973, 0.09784604099999994, 0.0022945409999999278, 0.04366358299999984, 0.043802792000000146, 0.10515937499999994, 0.10475037500000006, 0.012339499999999948, 0.04081841700000011, 0.040040834000000025, 0.0027682500000003607, 0.0020822919999998746, 0.09687762499999986, 0.10821908300000027, 0.10021712500000035, 0.12606787499999994, 0.07952283299999996, 0.002534750000000141, 0.0028009170000000694, 0.0011828750000000277, 0.0032714999999998717, 0.002091709000000108, 0.29573800000000006, 0.003015541999999982, 0.0023902089999996434, 0.002942, 0.0036564169999997453, 0.003741166999999823, 0.0005974580000001062, 0.003123541999999979, 0.0039688330000000605, 0.16165008300000006, 0.06477308299999995, 0.08378024999999978, 0.0034151250000000744, 0.0022823750000000587, 0.003566417000000044, 0.004201999999999817, 0.0012738329999999465, 0.003530000000000033, 0.004157000000000188, 0.002269540999999986, 0.002275750000000354, 0.0032688329999999155, 0.0022930830000000846, 0.0022573330000001945, 0.007939875000000374, 0.0035637080000001653, 0.01052833299999989], "combine": [0.004898665999999885, 4.580000001475071e-07, 0.0036668749999999584, 5.409999999095305e-07, 5.00000000069889e-07, 6.249999999763389e-07, 5.419999999922709e-07, 5.00000000069889e-07, 4.579999999254625e-07, 5.410000001315751e-07, 5.409999999095305e-07, 5.419999999922709e-07, 5.83000000053957e-07, 4.1700000008582094e-07, 4.579999999254625e-07, 4.580000001475071e-07, 4.999999998478444e-07, 5.409999999095305e-07, 5.00000000069889e-07, 5.409999999095305e-07, 4.579999999254625e-07, 4.579999999254625e-07, 7.500000001048335e-07, 5.83000000053957e-07, 4.5900000000820285e-07, 8.330000000889015e-07, 6.249999999763389e-07, 8.330000000889015e-07, 5.839999999146528e-07, 6.249999997542943e-07, 5.419999999922709e-07, 3.7500000038548365e-07, 5.00000000069889e-07, 5.839999999146528e-07, 5.00000000069889e-07, 4.5899999978615824e-07, 0.0035910839999999666, 6.249999997542943e-07, 4.999999996257998e-07, 3.7500000038548365e-07, 4.1699999986377634e-07, 6.249999997542943e-07, 6.249999997542943e-07, 5.419999999922709e-07, 8.340000001716419e-07, 6.669999996766762e-07, 4.160000002251252e-07, 3.7499999994139444e-07, 3.7499999994139444e-07, 4.1599999978103597e-07, 3.7499999994139444e-07, 5.829999998319124e-07, 4.1699999986377634e-07, 4.1699999986377634e-07, 3.7499999994139444e-07, 4.580000001475071e-07, 3.3300000001901253e-07, 4.580000001475071e-07, 3.7499999994139444e-07, 4.1699999986377634e-07, 5.00000000069889e-07, 4.5900000023024745e-07, 4.5799999970341787e-07, 4.580000001475071e-07, 5.00000000069889e-07, 3.3300000001901253e-07, 4.999999996257998e-07, 4.5799999970341787e-07, 4.580000001475071e-07, 4.1700000030786555e-07, 4.160000002251252e-07, 4.1700000030786555e-07, 4.160000002251252e-07, 4.580000001475071e-07, 4.580000001475071e-07, 4.5899999978615824e-07, 4.1699999986377634e-07, 4.160000002251252e-07],