{"log_best_programs": true, "num_literals": 0, "total_programs": 10, "total_rules": 0, "total_ground_rules": 0, "durations": {"generate": [0.0004767920000006143, 0.0004277079999983613, 0.00047116600000052244, 0.0004275409999987545, 0.0005512089999992753, 0.0003586670000004233, 0.00037845800000013696, 0.00047562499999997954, 0.00038320800000057886, 0.0004569580000008955], "test": [0.1015338330000013, 0.10505195900000075, 0.039110499999999604, 0.31822183300000084, 0.31645974999999993, 0.09520250000000097, 0.0400382499999985, 0.03079737500000057, 0.030545541000000398, 0.279847792], "combine": [7.919999998051708e-07, 0.10245404099999966, 5.000000005139782e-07, 0.17418358399999967, 7.07999999960407e-07, 0.17836304199999908, 5.84000000358742e-07, 5.84000000358742e-07, 5.830000002760016e-07], "constrain": [0.0015510839999990367, 0.0014473749999996954, 0.0017307920000000365, 0.00019987499999984948, 0.0014173329999991324, 0.00020649999999911017, 0.001894999999999314, 0.00030641599999903235, 0.00026183299999971155], "find_bindings_prolog": [0.1042638750000009, 0.03858041700000037, 0.31752925000000154, 0.31574908300000004, 0.09446758400000022, 0.03950912500000037, 0.0302834169999997, 0.030063791999999978, 0.27581162499999934]}, "final_exec_time": 13.539749208, "stages": [], "best_programs": [], "solution": {"code": "magic_value(A):- last(A,bh),head(A,bh),magic(bh).\nmagic_value(A):- head(A,ed),last(A,ed),magic(ed).\nmagic_value(A):- head(A,en),last(A,en),magic(en).\nmagic_value(A):- tail(A,C),head(C,c7),magic(c7).\nmagic_value(A):- last(A,c7),magic(c7).\nmagic_value(A):- last(A,x),head(A,x),magic(x).\nmagic_value(A):- last(A,dn),head(A,dn),magic(dn).\nmagic_value(A):- last(A,o),head(A,o),magic(o).\nmagic_value(A):- head(A,ax),last(A,ax),magic(ax).\nmagic_value(A):- head(A,ej),last(A,ej),magic(ej).\nmagic_value(A):- last(A,er),head(A,er),magic(er).\nmagic_value(A):- last(A,ew),head(A,ew),magic(ew).\nmagic_value(A):- head(A,cs),last(A,cs),magic(cs).\nmagic_value(A):- last(A,dz),head(A,dz),magic(dz).\nmagic_value(A):- last(A,ee),head(A,ee),magic(ee).\nmagic_value(A):- head(A,c7),magic(c7).\nmagic_value(A):- head(A,ac),last(A,ac),magic(ac).\nmagic_value(A):- last(A,fi),head(A,fi),magic(fi).\nmagic_value(A):- last(A,ga),head(A,ga),magic(ga).\nmagic_value(A):- last(A,fz),head(A,fz),magic(fz).\nmagic_value(A):- last(A,ai),head(A,ai),magic(ai).\nmagic_value(A):- head(A,dq),last(A,dq),magic(dq).\nmagic_value(A):- last(A,gf),head(A,gf),magic(gf).\nmagic_value(A):- last(A,aa),head(A,aa),magic(aa).\nmagic_value(A):- head(A,gg),last(A,gg),magic(gg).\nmagic_value(A):- head(A,ei),last(A,ei),magic(ei).\nmagic_value(A):- head(A,cn),last(A,cn),magic(cn).\nmagic_value(A):- head(A,f),last(A,f),magic(f).\nmagic_value(A):- last(A,dr),head(A,dr),magic(dr).\nmagic_value(A):- head(A,gh),last(A,gh),magic(gh).", "is_solution": true, "conf_matrix": [0, 0, 0, 0], "total_exec_time": 13.539722125, "durations": [{"operation": "Test", "called": 10, "total": 1.3568093330000028, "mean": 0.13568093330000028, "maximum": 0.31822183300000084, "__type__": "DurationSummary"}, {"operation": "Find_Bindings_Prolog", "called": 9, "total": 1.2462581680000024, "mean": 0.13847312977777804, "maximum": 0.31752925000000154, "__type__": "DurationSummary"}, {"operation": "Combine", "called": 9, "total": 0.4550044179999997, "mean": 0.05055604644444441, "maximum": 0.17836304199999908, "__type__": "DurationSummary"}, {"operation": "Constrain", "called": 9, "total": 0.009016207999994919, "mean": 0.0010018008888883242, "maximum": 0.001894999999999314, "__type__": "DurationSummary"}, {"operation": "Generate", "called": 10, "total": 0.004407331999999542, "mean": 0.0004407331999999542, "maximum": 0.0005512089999992753, "__type__": "DurationSummary"}], "__type__": "ProgramStats"}, "is_solution": true, "stats_file": "./results/list_example/magicpopper_types/7000/3/stats.json", "end": false, "__type__": "Stats"}