{"log_best_programs": true, "num_literals": 0, "total_programs": 2, "total_rules": 0, "total_ground_rules": 0, "durations": {"generate": [0.0002999590000000163, 0.0015602909999999914, 0.0006962499999971783], "find_bindings_prolog": [0.034416416000000005, 24.273511540999998], "bind": [4.999999999588667e-07, 0.285198084000001], "test": [0.03465391699999998, 24.562784583], "combine": [4.5900000000820285e-07, 0.02442299999999875], "constrain": [0.0029317500000000107, 0.00559929099999934]}, "final_exec_time": 24.780107208, "stages": [], "best_programs": [], "solution": null, "is_solution": false, "stats_file": "./results/list_magicvaluesameclause/magicpopper/26/stats.json", "end": true, "__type__": "Stats"}