{"log_best_programs": true, "num_literals": 0, "total_programs": 8, "total_rules": 0, "total_ground_rules": 0, "durations": {"generate": [0.0003940420000001499, 0.0006260829999999995, 0.0013899170000000183, 0.0011639169999999588, 0.0014750830000000992, 0.0006085410000000735, 0.000749292000000068, 0.0017986250000001647, 0.000910791000000355], "find_bindings_prolog": [0.02946099999999996, 0.03287012500000008, 0.13038641699999998, 0.15484570799999986, 0.15446595799999985, 0.14977366699999983], "test": [0.03506141600000001, 0.04532262500000006, 0.01881424999999992, 0.13070266600000013, 0.15521245800000005, 0.021004791999999828, 0.15497570799999982, 0.15011162499999964], "combine": [0.08026412500000002, 0.005640832999999956, 5.00000000069889e-07, 6.249999999763389e-07, 6.669999996766762e-07, 5.409999999095305e-07, 4.999999996257998e-07, 5.409999999095305e-07], "constrain": [0.0021566669999999455, 0.0023843330000001828, 0.0003973329999999997, 0.0029943750000001046, 0.005152249999999636, 0.0005207499999997367, 0.001846667000000135, 0.005165582999999696]}, "final_exec_time": 2.118569292, "stages": [], "best_programs": [], "solution": {"code": "magic_value(A):- head(A,jx),magic(jx).\nmagic_value(A):- head(A,ph),magic(ph).\nmagic_value(A):- head(A,jg),magic(jg).\nmagic_value(A):- head(A,i),magic(i).\nmagic_value(A):- head(A,gs),magic(gs).\nmagic_value(A):- head(A,fy),magic(fy).\nmagic_value(A):- head(A,gy),magic(gy).\nmagic_value(A):- head(A,bi),magic(bi).\nmagic_value(A):- head(A,oa),magic(oa).\nmagic_value(A):- head(A,rs),magic(rs).\nmagic_value(A):- head(A,hk),magic(hk).\nmagic_value(A):- head(A,fk),magic(fk).\nmagic_value(A):- head(A,aw),magic(aw).\nmagic_value(A):- head(A,kh),magic(kh).\nmagic_value(A):- head(A,id),magic(id).\nmagic_value(A):- head(A,au),magic(au).\nmagic_value(A):- head(A,ag),magic(ag).\nmagic_value(A):- head(A,cf),magic(cf).\nmagic_value(A):- head(A,gj),magic(gj).\nmagic_value(A):- head(A,da),magic(da).\nmagic_value(A):- head(A,no),magic(no).\nmagic_value(A):- head(A,if),magic(if).\nmagic_value(A):- head(A,gu),magic(gu).\nmagic_value(A):- head(A,ej),magic(ej).\nmagic_value(A):- head(A,cp),magic(cp).\nmagic_value(A):- head(A,cy),magic(cy).\nmagic_value(A):- head(A,lt),magic(lt).\nmagic_value(A):- head(A,lg),magic(lg).\nmagic_value(A):- head(A,lo),magic(lo).\nmagic_value(A):- head(A,b),magic(b).\nmagic_value(A):- head(A,cj),magic(cj).\nmagic_value(A):- head(A,dh),magic(dh).\nmagic_value(A):- head(A,bj),magic(bj).\nmagic_value(A):- head(A,kj),magic(kj).\nmagic_value(A):- head(A,lz),magic(lz).\nmagic_value(A):- head(A,sc),magic(sc).\nmagic_value(A):- head(A,z),magic(z).\nmagic_value(A):- head(A,pz),magic(pz).\nmagic_value(A):- head(A,ol),magic(ol).\nmagic_value(A):- head(A,ry),magic(ry).\nmagic_value(A):- head(A,hd),magic(hd).\nmagic_value(A):- head(A,ic),magic(ic).\nmagic_value(A):- head(A,go),magic(go).\nmagic_value(A):- head(A,dg),magic(dg).\nmagic_value(A):- head(A,ln),magic(ln).\nmagic_value(A):- head(A,be),magic(be).\nmagic_value(A):- head(A,rm),magic(rm).\nmagic_value(A):- head(A,ip),magic(ip).\nmagic_value(A):- head(A,ih),magic(ih).\nmagic_value(A):- head(A,fr),magic(fr).\nmagic_value(A):- head(A,f),magic(f).\nmagic_value(A):- head(A,bk),magic(bk).\nmagic_value(A):- head(A,iy),magic(iy).\nmagic_value(A):- head(A,gl),magic(gl).\nmagic_value(A):- head(A,fd),magic(fd).\nmagic_value(A):- head(A,et),magic(et).\nmagic_value(A):- head(A,pp),magic(pp).\nmagic_value(A):- head(A,cg),magic(cg).\nmagic_value(A):- head(A,gp),magic(gp).\nmagic_value(A):- head(A,ld),magic(ld).", "is_solution": true, "conf_matrix": [200, 0, 200, 0], "total_exec_time": 2.11856675, "durations": [{"operation": "Test", "called": 1, "total": 0.03506141600000001, "mean": 0.03506141600000001, "maximum": 0.03506141600000001, "__type__": "DurationSummary"}, {"operation": "Find_Bindings_Prolog", "called": 1, "total": 0.02946099999999996, "mean": 0.02946099999999996, "maximum": 0.02946099999999996, "__type__": "DurationSummary"}, {"operation": "Generate", "called": 1, "total": 0.0003940420000001499, "mean": 0.0003940420000001499, "maximum": 0.0003940420000001499, "__type__": "DurationSummary"}], "__type__": "ProgramStats"}, "is_solution": true, "stats_file": "./results/list_magicvalues_multipleclauses/magicpopper/60/3/stats.json", "end": true, "__type__": "Stats"}