{"log_best_programs": true, "num_literals": 0, "total_programs": 1, "total_rules": 0, "total_ground_rules": 0, "durations": {"generate": [0.0002954579999999707, 0.0006480410000000436], "find_bindings_prolog": [0.02882383300000002], "test": [0.029223416000000002], "combine": [0.0036608330000000855], "constrain": [0.0013285410000000164]}, "final_exec_time": 0.292075083, "stages": [], "best_programs": [], "solution": {"code": "magic_value(A):- member(a,A),magic(a).", "is_solution": true, "conf_matrix": [100, 0, 100, 0], "total_exec_time": 0.292073125, "durations": [{"operation": "Test", "called": 1, "total": 0.029223416000000002, "mean": 0.029223416000000002, "maximum": 0.029223416000000002, "__type__": "DurationSummary"}, {"operation": "Find_Bindings_Prolog", "called": 1, "total": 0.02882383300000002, "mean": 0.02882383300000002, "maximum": 0.02882383300000002, "__type__": "DurationSummary"}, {"operation": "Generate", "called": 1, "total": 0.0002954579999999707, "mean": 0.0002954579999999707, "maximum": 0.0002954579999999707, "__type__": "DurationSummary"}], "__type__": "ProgramStats"}, "is_solution": true, "stats_file": "./results/list_magicvaluesameclause/magicpopper/1/0/stats.json", "end": true, "__type__": "Stats"}