{"log_best_programs": true, "num_literals": 0, "total_programs": 80, "total_rules": 0, "total_ground_rules": 0, "durations": {"generate": [0.0003055000000000696, 0.0001875000000000071, 0.0001823750000000679, 0.0004137499999999905, 0.00016850000000001586, 0.000711832999999995, 0.0001770829999999668, 0.00022179199999994292, 0.0006148749999999037, 0.00048283300000018237, 0.000376333000000173, 0.00020366599999999124, 0.00023750000000011262, 0.00042558299999995164, 0.00019999999999997797, 0.0006317909999999927, 0.00019416700000007836, 0.00020658400000006516, 0.00019029200000009183, 0.00048154199999994596, 0.0001272080000001008, 0.0002497919999999709, 0.00013870900000001463, 0.0005188750000000297, 0.00028395899999988927, 0.00034900000000015474, 0.00017454200000011078, 0.00022462499999997831, 0.0002336250000001261, 0.0004291250000001412, 0.00020891699999991964, 0.0002755420000000175, 0.00018600000000001948, 0.0001696250000000621, 0.0006746669999999622, 0.00017445899999968262, 0.0002678750000000285, 0.00019474999999991027, 0.00021612500000012247, 0.0004299580000002301, 0.0003267500000001533, 0.000497624999999946, 0.00016104200000022217, 0.0001946660000000655, 0.00020237499999975483, 0.0018796670000003068, 0.00016529100000006736, 0.0001837909999999887, 0.0001729580000002784, 0.0001381669999998003, 0.0003218330000001046, 0.00016520899999994398, 0.00017912499999983567, 0.00019379100000005423, 0.0001915420000000445, 0.00019208299999995404, 0.00043458400000018216, 0.0001608749999997272, 0.00016900000000008575, 0.0001601670000002109, 0.00018666599999983546, 0.00018012499999997544, 0.0001931250000000162, 0.0001656250000001691, 0.000164958999999687, 0.00018804100000036073, 0.0001505000000001644, 0.00015262499999968426, 0.00013612500000004246, 0.00018699999999993722, 0.00018025000000010394, 0.00016183400000002734, 0.00019954199999983047, 0.00021158300000001518, 0.00021662499999974827, 0.0006694170000001165, 0.00016395799999990857, 0.00020070799999993838, 0.0001533340000001715, 0.0001721250000001895, 0.0028948749999999634], "find_bindings_prolog": [0.03041054200000004, 0.076488208, 0.04401716599999994, 0.04500295799999998, 0.0752132499999999, 0.01176525000000006, 0.019944417000000048, 0.07526645799999998, 0.0782750000000001, 0.04460133300000013, 0.020233041000000007, 0.008460750000000017, 0.020940750000000063, 0.012320625000000085, 0.020626541000000165, 0.02011579100000005, 0.04817737500000008, 0.0017335830000000385, 0.04916112499999992, 0.04771895799999992, 0.04153829100000017, 0.042746375000000114, 0.07638750000000005, 0.08458837500000005, 0.0017388750000000286, 0.04794383400000002, 0.04838637499999998, 0.07625525000000022, 0.07487191700000029, 0.00973108300000014, 0.04751108299999984, 0.04773391699999996, 0.002365917000000106, 0.0020951249999998645, 0.07682308299999985, 0.06767333300000011, 0.06723212499999986, 0.0716114160000001, 0.0016811670000000944, 0.0017179170000001243, 0.002338582999999783, 0.0017678750000000854, 0.0016601250000003454, 0.0024748749999998765, 0.0018925829999996147, 0.0017708330000001382, 0.0028864159999999472, 0.0017997080000000665, 0.002234999999999765, 0.0022751250000001555, 0.0026086670000000645, 0.0016524580000001343, 0.0016472080000000666, 0.0016471669999997829, 0.0016983329999997743, 0.002626333999999897, 0.0026076250000000023, 0.0026096249999998378, 0.0016429579999996946, 0.0016551249999996465, 0.0016543329999998413, 0.0016508750000001626, 0.0021374170000001413, 0.008306042000000069, 0.00770133400000006], "test": [0.03109254100000003, 0.00062162500000007, 0.07779724999999993, 0.0007693749999999611, 0.00122979099999998, 0.044773542000000055, 0.04598254199999996, 0.07671129200000004, 0.012270041999999926, 0.02060716699999987, 0.07674749999999997, 0.07983429199999992, 0.04541870799999992, 0.020915250000000052, 0.008972375000000143, 0.021929874999999877, 0.013055166000000007, 0.021632041000000157, 0.021007792000000025, 0.0006491669999999505, 0.0007789999999998631, 0.0003514589999999984, 0.05474437500000007, 0.04911062499999996, 0.001951167000000087, 0.050071999999999894, 0.048613832999999884, 0.04242250000000003, 0.04362274999999993, 0.07820283299999997, 0.08628033299999993, 0.002104042000000028, 0.049071166000000055, 0.04951108300000007, 0.07788020900000014, 0.07660558299999964, 0.010237374999999993, 0.0486437500000001, 0.04882450000000027, 0.00257404100000036, 0.002296416000000079, 0.07838475000000011, 0.06924520899999997, 0.06875204200000029, 0.07333758300000026, 0.0019044169999999916, 0.001938749999999878, 0.0025553750000000264, 0.0005677920000000114, 0.11301495799999994, 0.002012000000000125, 0.0018820829999999233, 0.12187379200000015, 0.0007057919999997608, 0.0027403330000002057, 0.002147417000000207, 0.0020072079999997605, 0.0031208330000001006, 0.002031333000000135, 0.21012937500000017, 0.14039874999999968, 0.002470166999999801, 0.0024919579999997943, 0.0005910000000000082, 0.002830416999999752, 0.0018706250000000146, 0.0018653330000000246, 0.001861375000000276, 0.023478792000000137, 0.001919666000000042, 0.002843250000000186, 0.0028237080000002024, 0.00282479099999966, 0.0018602500000000077, 0.0018716249999997103, 0.001871500000000026, 0.0018661249999998297, 0.0023530830000000336, 0.008520042000000227, 0.007916375000000198], "combine": [0.003986249999999969, 4.999999999588667e-07, 0.002887874999999984, 6.660000000380251e-07, 4.999999999588667e-07, 5.00000000069889e-07, 5.419999999922709e-07, 5.409999999095305e-07, 4.1699999986377634e-07, 5.419999999922709e-07, 5.829999998319124e-07, 5.83000000053957e-07, 5.409999999095305e-07, 5.419999999922709e-07, 4.999999998478444e-07, 4.5900000000820285e-07, 4.1600000000308057e-07, 4.579999999254625e-07, 4.1700000008582094e-07, 4.579999999254625e-07, 4.579999999254625e-07, 4.1700000008582094e-07, 6.249999999763389e-07, 5.419999999922709e-07, 4.1600000000308057e-07, 5.00000000069889e-07, 5.419999999922709e-07, 5.409999999095305e-07, 5.00000000069889e-07, 4.999999998478444e-07, 5.00000000069889e-07, 4.1700000008582094e-07, 6.249999999763389e-07, 4.579999999254625e-07, 4.5799999970341787e-07, 5.409999999095305e-07, 0.0021537089999998926, 6.250000001983835e-07, 5.419999999922709e-07, 4.1699999986377634e-07, 4.160000002251252e-07, 4.5899999978615824e-07, 5.419999999922709e-07, 5.419999999922709e-07, 5.00000000069889e-07, 5.419999999922709e-07, 4.160000002251252e-07, 4.1599999978103597e-07, 4.1699999986377634e-07, 5.419999999922709e-07, 4.160000002251252e-07, 4.1599999978103597e-07, 5.00000000069889e-07, 4.580000001475071e-07, 4.580000001475071e-07, 4.5899999978615824e-07, 4.580000001475071e-07, 4.1700000030786555e-07, 4.5799999970341787e-07, 4.160000002251252e-07, 3.7499999994139444e-07, 3.7499999994139444e-07, 4.1700000030786555e-07, 3.7499999994139444e-07, 4.1699999986377634e-07, 3.7499999994139444e-07, 4.1699999986377634e-07, 4.1699999986377634e-07, 4.160000002251252e-07, 3.7499999994139444e-07, 3.7499999994139444e-07, 4.1599999978103597e-07, 3.7499999994139444e-07, 4.1700000030786555e-07, 3.7499999994139444e-07, 4.1599999978103597e-07, 4.1699999986377634e-07, 4.160000002251252e-07, 3.7500000038548365e-07, 4.1699999986377634e-07],