{"log_best_programs": true, "num_literals": 0, "total_programs": 2, "total_rules": 0, "total_ground_rules": 0, "durations": {"generate": [0.0003306670000000067, 0.001546916999999981, 0.0006420000000000314], "find_bindings_prolog": [0.024550375000000013, 1.049450167], "bind": [5.000000000143778e-07, 0.11151354199999997], "test": [0.024820833000000042, 1.161879084], "combine": [5.419999999922709e-07, 0.026641499999999985], "constrain": [0.002992582999999993, 0.004407625000000026]}, "final_exec_time": 1.349003583, "stages": [], "best_programs": [], "solution": null, "is_solution": false, "stats_file": "./results/list_magicvaluesameclause/magicpopper/11/1/stats.json", "end": true, "__type__": "Stats"}