{"log_best_programs": true, "num_literals": 0, "total_programs": 31, "total_rules": 0, "total_ground_rules": 0, "durations": {"generate": [0.00037562499999999055, 0.00027929199999998655, 0.0002114160000000198, 0.00032420900000001973, 0.00022137499999996813, 0.00025329200000001606, 0.001131124999999955, 0.002162250000000032, 0.0009068749999999737, 0.00013408300000000706, 0.00012266699999996522, 0.000709750000000009, 0.00019825000000001092, 0.0002374579999999682, 0.00015866700000000122, 0.00017933300000000374, 0.0005473340000000104, 0.00041587500000001, 0.0031533340000000076, 0.00023145900000004493, 0.0002851250000000527, 0.0001791670000000356, 0.002027041000000007, 0.0001951250000000182, 0.00020808399999999727, 0.0023675410000000285, 0.00019033299999998698, 0.000299541999999986, 0.00021358300000001718, 0.0011561250000000078, 0.00019654200000002175, 0.09081295900000003], "find_bindings_prolog": [0.010909500000000016, 0.0006112090000000014, 0.0009266669999999921, 0.0004806670000000457, 0.0008875419999999634, 0.0004778330000000386, 0.00044041699999997075, 0.0004120830000000075, 0.0003801249999999534, 0.0003507920000000442, 0.0005456670000000274, 0.00047508299999998727, 0.0005097920000000089, 0.0004912080000000207, 0.00039854200000000173, 0.00037720800000001775, 0.0003245410000000115, 0.0008531250000000101, 0.0008504160000000205, 0.0008038340000000033, 0.0008814580000000016, 0.000849166999999984, 0.0008477499999999805, 0.0008693750000000056, 0.0007979169999999813, 0.0008028339999999745, 0.0007330830000000232, 0.0007875420000000299, 0.000761624999999988, 0.000747500000000012], "test": [0.011808666999999995, 0.00029570800000000563, 0.001162040999999947, 0.0016027499999999861, 0.0006902919999999813, 0.0016845409999999839, 0.0006427920000000031, 0.0007001249999999959, 0.0005627500000000007, 0.000526833999999976, 0.0004934580000000022, 0.00105904200000001, 0.0008754999999999735, 0.000871958000000006, 0.0008403329999999709, 0.000651542000000005, 0.0005229169999999561, 0.0004715000000000136, 0.0018714170000000419, 0.0018696669999999638, 0.0017473749999999955, 0.0018842920000000096, 0.0018739999999999868, 0.0018545830000000207, 0.0021953330000000215, 0.0015922499999999618, 0.001581374999999996, 0.0014222500000000138, 0.001559666000000015, 0.0015294579999999836, 0.001511582999999983], "combine": [0.002738832999999996, 3.749999999969056e-07, 0.001938708999999983, 4.5900000000820285e-07, 0.0008705000000000518, 4.5799999998097363e-07, 4.170000000303098e-07, 3.749999999969056e-07, 4.170000000303098e-07, 3.749999999969056e-07, 3.749999999969056e-07, 4.1699999997479864e-07, 4.170000000303098e-07, 4.170000000303098e-07, 4.170000000303098e-07, 4.1600000000308057e-07, 4.1600000000308057e-07, 3.749999999969056e-07, 4.1699999997479864e-07, 4.1699999997479864e-07, 4.1699999997479864e-07, 3.749999999969056e-07, 4.1699999997479864e-07, 3.749999999969056e-07, 4.1600000000308057e-07, 4.1600000000308057e-07, 3.749999999969056e-07, 4.1600000000308057e-07, 4.170000000303098e-07, 4.1600000000308057e-07, 4.1600000000308057e-07], "constrain": [0.0014377500000000154, 0.001453333000000001, 0.0003319170000000149, 0.0013401249999999698, 0.0004062919999999748, 0.004266459, 0.0007833329999999972, 0.0009210409999999558, 0.000278208000000002, 0.0002747499999999903, 0.0002745829999999949, 0.002921875000000018, 0.0033585829999999706, 0.00046833299999998745, 0.0005178330000000231, 0.0009232499999999866, 0.00027162499999999756, 0.0002665830000000424, 0.0003349579999999963, 0.0005212079999999952, 0.0006790830000000248, 0.0005234579999999767, 0.0005249999999999977, 0.0003239170000000069, 0.0005268749999999822, 0.00046925000000003214, 0.00046437500000001686, 0.00046191599999995114, 0.00046683299999999983, 0.00017212500000002295, 0.00016866700000001122]}, "final_exec_time": 0.24128579100000003, "stages": [], "best_programs": [], "solution": {"code": "next_control(A,white):- true_control(A,black).\nnext_control(A,black):- true_control(A,white).", "is_solution": true, "conf_matrix": [13, 0, 13, 0], "total_exec_time": 0.24128233300000002, "durations": [{"operation": "Test", "called": 3, "total": 0.013266415999999948, "mean": 0.004422138666666649, "maximum": 0.011808666999999995, "__type__": "DurationSummary"}, {"operation": "Find_Bindings_Prolog", "called": 2, "total": 0.011520709000000018, "mean": 0.005760354500000009, "maximum": 0.010909500000000016, "__type__": "DurationSummary"}, {"operation": "Constrain", "called": 2, "total": 0.0028910830000000165, "mean": 0.0014455415000000083, "maximum": 0.001453333000000001, "__type__": "DurationSummary"}, {"operation": "Combine", "called": 2, "total": 0.002739207999999993, "mean": 0.0013696039999999965, "maximum": 0.002738832999999996, "__type__": "DurationSummary"}, {"operation": "Generate", "called": 3, "total": 0.0008663329999999969, "mean": 0.00028877766666666566, "maximum": 0.00037562499999999055, "__type__": "DurationSummary"}], "__type__": "ProgramStats"}, "is_solution": true, "stats_file": "./results/iggp-gt-centipede-next/magicpopper_types/6/stats.json", "end": true, "__type__": "Stats"}