{"log_best_programs": true, "num_literals": 0, "total_programs": 2, "total_rules": 0, "total_ground_rules": 0, "durations": {"generate": [0.00035037500000001387, 0.0014069170000000075, 0.0002543329999999955], "find_bindings_prolog": [0.016545291000000018, 0.7289830410000001], "bind": [5.409999999650417e-07, 0.04302491700000011], "test": [0.016811542000000013, 0.772752416], "combine": [5.829999999984459e-07, 0.009424250000000134], "constrain": [0.004366875000000048, 0.0043925830000000055]}, "final_exec_time": 0.940021917, "stages": [], "best_programs": [], "solution": null, "is_solution": false, "stats_file": "./results/list_magicvaluesameclause/magicpopper/8/8/stats.json", "end": true, "__type__": "Stats"}