{"log_best_programs": true, "num_literals": 0, "total_programs": 30, "total_rules": 0, "total_ground_rules": 0, "durations": {"generate": [0.00044312499999987764, 0.00035699999999971865, 0.0003967500000001678, 0.00040866599999977993, 0.00047333399999960335, 0.0004275000000002471, 0.0003724580000001865, 0.0004441250000000174, 0.00038516600000004786, 0.004731374999999982, 0.00036737499999972556, 0.0004118339999998888, 0.00037579100000018073, 0.0004683330000005981, 0.00041554199999893626, 0.0006330830000003118, 0.0003857920000029935, 0.00036508300000193117, 0.00038762500000188993, 0.0003341249999984086, 0.00044362499999905936, 0.00046579099999988216, 0.0004144169999982239, 0.00036912500000241266, 0.0005922910000002446, 0.0003045829999983596, 0.00036279100000058406, 0.0007992090000001895, 0.00044725000000056525, 0.00042491700000013566, 0.00018258400000092934], "test": [0.04378458299999988, 0.0530280000000003, 0.010698875000000108, 0.19293087500000006, 0.052722333999999815, 0.18968166600000025, 0.011318374999999659, 0.008968083000000071, 0.008703040999999967, 0.016229249999999862, 0.016798584000000005, 0.05107345799999985, 3.8779027920000004, 0.19995600000000024, 0.03743766699999895, 0.207036666999997, 0.009499042000001623, 0.01602295799999709, 0.009402832999999333, 0.009734833999999637, 0.06995966699999911, 0.01235229199999921, 0.019103458000000018, 0.03673674999999932, 0.019130291999999827, 0.018377833999998927, 0.022090874999999954, 3.9577023749999967, 0.032988459000002024, 0.300953707999998], "combine": [7.499999998827889e-07, 0.02737949999999989, 5.419999999922709e-07, 0.0437090419999997, 0.04535579200000006, 7.07999999960407e-07, 5.829999998319124e-07, 5.419999999922709e-07, 5.00000000069889e-07, 5.419999999922709e-07, 5.00000000069889e-07, 5.419999999922709e-07, 17.106980208, 6.660000018143819e-07, 5.839999985823852e-07, 5.839999985823852e-07, 5.00000002290335e-07, 5.410000021299766e-07, 4.999999987376214e-07, 5.410000021299766e-07, 5.00000002290335e-07, 5.00000002290335e-07, 5.420000022127169e-07, 5.00000002290335e-07, 4.5799999881523945e-07, 5.410000021299766e-07, 5.839999985823852e-07, 7.080000017367638e-07, 7.089999982667905e-07, 0.11982624999999913], "constrain": [0.001283332999999942, 0.00128808299999994, 0.0015662079999998468, 0.0001729580000002784, 0.0016660829999999294, 0.00020512499999991718, 0.0016909579999997426, 0.0003008750000002003, 0.0002203750000000504, 0.00024366699999989194, 0.00023883300000004937, 0.0001292499999996366, 0.00018479199999887896, 0.0001257079999987809, 0.00023383399999943322, 0.00015400000000198588, 0.0002458750000009502, 0.00023866699999786078, 0.0002190000000013015, 0.0002632079999997927, 0.00015362499999937995, 0.00025945899999868516, 0.0001987919999990595, 0.00019683300000039594, 0.0002451659999991307, 0.00024204099999991513, 0.0003439170000021363, 0.001428000000000651, 0.0014535420000001409, 0.0001632909999997878], "find_bindings_prolog": [0.052554917000000145, 0.0104128750000001, 0.1924801249999999, 0.052238250000000264, 0.18918899999999983, 0.011013042000000084, 0.008646500000000223, 0.008385374999999584, 0.015917125000000087, 0.016487082999999902, 0.05036595799999999, 3.612176917, 0.19888058299999756, 0.03588245900000331, 0.20637991699999958, 0.009208582999999493, 0.015712291999999906, 0.009104499999999405, 0.009435290999999069, 0.06930475000000058, 0.011903750000001878, 3.9571207919999978, 0.2999265840000014], "inconsistent thingy": [4.333999999772686e-06]}, "final_exec_time": 29.972341915999998, "stages": [], "best_programs": [], "solution": {"code": "magic_value(A):- head(A,c7),magic(c7).\nmagic_value(A):- tail(A,B),magic_value(B).", "is_solution": true, "conf_matrix": [2000, 0, 2000, 0], "total_exec_time": 29.972340125, "durations": [{"operation": "Combine", "called": 29, "total": 17.22343870900001, "mean": 0.59391167962069, "maximum": 17.106980208, "__type__": "DurationSummary"}, {"operation": "Test", "called": 30, "total": 9.512325626999987, "mean": 0.3170775208999996, "maximum": 3.9577023749999967, "__type__": "DurationSummary"}, {"operation": "Find_Bindings_Prolog", "called": 23, "total": 9.042726668, "mean": 0.39316202904347824, "maximum": 3.9571207919999978, "__type__": "DurationSummary"}, {"operation": "Generate", "called": 30, "total": 0.01720808100000415, "mean": 0.0005736027000001384, "maximum": 0.004731374999999982, "__type__": "DurationSummary"}, {"operation": "Constrain", "called": 29, "total": 0.015192206999997904, "mean": 0.0005238692068964795, "maximum": 0.0016909579999997426, "__type__": "DurationSummary"}, {"operation": "Inconsistent Thingy", "called": 1, "total": 4.333999999772686e-06, "mean": 4.333999999772686e-06, "maximum": 4.333999999772686e-06, "__type__": "DurationSummary"}], "__type__": "ProgramStats"}, "is_solution": true, "stats_file": "./results/list_example/magicpopper_types/2000/7/stats.json", "end": true, "__type__": "Stats"}