{"log_best_programs": true, "num_literals": 0, "total_programs": 8, "total_rules": 0, "total_ground_rules": 0, "durations": {"generate": [0.0003787500000000943, 0.000573542000000149, 0.0013527499999999026, 0.001159249999999945, 0.0014177499999998844, 0.000329875000000035, 0.0011242499999999378, 0.0016253340000003114, 0.0009830410000000178], "find_bindings_prolog": [0.025534833000000035, 0.034500707999999936, 0.1374138330000001, 0.1481285830000001, 0.16068850000000023, 0.1464620000000001], "test": [0.029741124999999924, 0.04727479099999998, 0.018981833999999864, 0.13771491700000005, 0.1484705420000001, 0.020070416000000035, 0.16120079199999982, 0.14680099999999996], "combine": [0.04198595900000002, 0.004966875000000037, 5.419999999922709e-07, 7.07999999960407e-07, 6.249999999763389e-07, 5.840000001366974e-07, 6.250000001983835e-07, 5.00000000069889e-07], "constrain": [0.0017799999999998928, 0.0023334589999999267, 0.00042358299999989413, 0.0030557909999999744, 0.005319583000000128, 0.0005402919999999423, 0.0018760420000001332, 0.0016963750000003053]}, "final_exec_time": 2.045791333, "stages": [], "best_programs": [], "solution": {"code": "magic_value(A):- head(A,bl),magic(bl).\nmagic_value(A):- head(A,ra),magic(ra).\nmagic_value(A):- head(A,db),magic(db).\nmagic_value(A):- head(A,hl),magic(hl).\nmagic_value(A):- head(A,mf),magic(mf).\nmagic_value(A):- head(A,gd),magic(gd).\nmagic_value(A):- head(A,di),magic(di).\nmagic_value(A):- head(A,oj),magic(oj).\nmagic_value(A):- head(A,sg),magic(sg).\nmagic_value(A):- head(A,rq),magic(rq).\nmagic_value(A):- head(A,ft),magic(ft).\nmagic_value(A):- head(A,nh),magic(nh).\nmagic_value(A):- head(A,fz),magic(fz).\nmagic_value(A):- head(A,h),magic(h).\nmagic_value(A):- head(A,ls),magic(ls).\nmagic_value(A):- head(A,oz),magic(oz).\nmagic_value(A):- head(A,dq),magic(dq).\nmagic_value(A):- head(A,hp),magic(hp).\nmagic_value(A):- head(A,lz),magic(lz).\nmagic_value(A):- head(A,pi),magic(pi).\nmagic_value(A):- head(A,py),magic(py).\nmagic_value(A):- head(A,sa),magic(sa).\nmagic_value(A):- head(A,qi),magic(qi).\nmagic_value(A):- head(A,bj),magic(bj).\nmagic_value(A):- head(A,eq),magic(eq).\nmagic_value(A):- head(A,kt),magic(kt).\nmagic_value(A):- head(A,if),magic(if).\nmagic_value(A):- head(A,na),magic(na).\nmagic_value(A):- head(A,ph),magic(ph).\nmagic_value(A):- head(A,il),magic(il).\nmagic_value(A):- head(A,rl),magic(rl).\nmagic_value(A):- head(A,nd),magic(nd).\nmagic_value(A):- head(A,lg),magic(lg).\nmagic_value(A):- head(A,nv),magic(nv).\nmagic_value(A):- head(A,nx),magic(nx).\nmagic_value(A):- head(A,jl),magic(jl).\nmagic_value(A):- head(A,hf),magic(hf).\nmagic_value(A):- head(A,du),magic(du).\nmagic_value(A):- head(A,ln),magic(ln).\nmagic_value(A):- head(A,ll),magic(ll).\nmagic_value(A):- head(A,lj),magic(lj).\nmagic_value(A):- head(A,gq),magic(gq).\nmagic_value(A):- head(A,dp),magic(dp).\nmagic_value(A):- head(A,ao),magic(ao).\nmagic_value(A):- head(A,jo),magic(jo).", "is_solution": true, "conf_matrix": [200, 0, 200, 0], "total_exec_time": 2.045788625, "durations": [{"operation": "Test", "called": 1, "total": 0.029741124999999924, "mean": 0.029741124999999924, "maximum": 0.029741124999999924, "__type__": "DurationSummary"}, {"operation": "Find_Bindings_Prolog", "called": 1, "total": 0.025534833000000035, "mean": 0.025534833000000035, "maximum": 0.025534833000000035, "__type__": "DurationSummary"}, {"operation": "Generate", "called": 1, "total": 0.0003787500000000943, "mean": 0.0003787500000000943, "maximum": 0.0003787500000000943, "__type__": "DurationSummary"}], "__type__": "ProgramStats"}, "is_solution": true, "stats_file": "./results/list_magicvalues_multipleclauses/magicpopper/45/4/stats.json", "end": true, "__type__": "Stats"}