{"log_best_programs": true, "num_literals": 0, "total_programs": 12, "total_rules": 0, "total_ground_rules": 0, "durations": {"generate": [0.0004469580000003859, 0.000397874999999992, 0.0004029169999997251, 0.00041112500000028973, 0.0004956670000000329, 0.0003285000000001759, 0.00038704099999975483, 0.0004127909999986912, 0.00034720900000095867, 0.0003929169999992155, 0.0004663750000002409, 0.0004087080000001464], "test": [0.06386370799999952, 0.07558454199999964, 0.02671508300000003, 0.26518175, 0.25254633299999973, 0.07171474999999994, 0.025224207999999138, 0.020065624999999088, 0.021049124999999336, 0.04000349999999919, 0.038851417000000055, 0.6038527909999996], "combine": [7.500000007709673e-07, 0.06084187500000038, 5.829999993878232e-07, 0.09742054200000005, 7.07999999960407e-07, 0.09766558300000128, 4.580000005915963e-07, 5.84000000358742e-07, 5.419999986600033e-07, 5.84000000358742e-07, 5.000000005139782e-07], "constrain": [0.0014287499999996456, 0.0012941660000000965, 0.0015757909999996045, 0.00017716600000028393, 0.0013263749999996577, 0.00020224999999918225, 0.0016790409999991596, 0.0002722500000000849, 0.0002409580000009015, 0.00025354099999930213, 0.00023770800000022518], "find_bindings_prolog": [0.0749269159999999, 0.026322500000000026, 0.2645915410000006, 0.2519494169999996, 0.07110304200000073, 0.024803041000000192, 0.01967045899999853, 0.020651125000000548, 0.03958541699999962, 0.038433249999998864, 0.6005029999999998]}, "final_exec_time": 9.417399042, "stages": [], "best_programs": [], "solution": {"code": "magic_value(A):- last(A,k),head(A,k),magic(k).\nmagic_value(A):- last(A,fr),head(A,fr),magic(fr).\nmagic_value(A):- last(A,ea),head(A,ea),magic(ea).\nmagic_value(A):- head(A,dw),last(A,dw),magic(dw).\nmagic_value(A):- head(A,ex),last(A,ex),magic(ex).\nmagic_value(A):- head(A,fb),last(A,fb),magic(fb).\nmagic_value(A):- last(A,fn),head(A,fn),magic(fn).\nmagic_value(A):- head(A,aq),last(A,aq),magic(aq).\nmagic_value(A):- head(A,gk),last(A,gk),magic(gk).\nmagic_value(A):- tail(A,C),head(C,c7),magic(c7).\nmagic_value(A):- head(A,ev),last(A,ev),magic(ev).\nmagic_value(A):- last(A,gl),head(A,gl),magic(gl).\nmagic_value(A):- last(A,eg),head(A,eg),magic(eg).\nmagic_value(A):- last(A,ah),head(A,ah),magic(ah).\nmagic_value(A):- last(A,fv),head(A,fv),magic(fv).\nmagic_value(A):- head(A,c7),magic(c7).\nmagic_value(A):- last(A,bx),head(A,bx),magic(bx).\nmagic_value(A):- head(A,gi),last(A,gi),magic(gi).\nmagic_value(A):- head(A,fe),last(A,fe),magic(fe).\nmagic_value(A):- head(A,cm),last(A,cm),magic(cm).\nmagic_value(A):- head(A,gs),last(A,gs),magic(gs).\nmagic_value(A):- last(A,c7),magic(c7).\nmagic_value(A):- last(A,dg),head(A,dg),magic(dg).\nmagic_value(A):- last(A,s),head(A,s),magic(s).\nmagic_value(A):- last(A,z),head(A,z),magic(z).\nmagic_value(A):- head(A,ez),last(A,ez),magic(ez).\nmagic_value(A):- head(A,gm),last(A,gm),magic(gm).", "is_solution": true, "conf_matrix": [0, 0, 0, 0], "total_exec_time": 9.417372875, "durations": [{"operation": "Test", "called": 12, "total": 1.5046528319999952, "mean": 0.1253877359999996, "maximum": 0.6038527909999996, "__type__": "DurationSummary"}, {"operation": "Find_Bindings_Prolog", "called": 11, "total": 1.4325397079999984, "mean": 0.1302308825454544, "maximum": 0.6005029999999998, "__type__": "DurationSummary"}, {"operation": "Combine", "called": 11, "total": 0.2559327090000023, "mean": 0.02326660990909112, "maximum": 0.09766558300000128, "__type__": "DurationSummary"}, {"operation": "Constrain", "called": 11, "total": 0.008687995999998144, "mean": 0.0007898178181816494, "maximum": 0.0016790409999991596, "__type__": "DurationSummary"}, {"operation": "Generate", "called": 12, "total": 0.004898082999999609, "mean": 0.00040817358333330073, "maximum": 0.0004956670000000329, "__type__": "DurationSummary"}], "__type__": "ProgramStats"}, "is_solution": true, "stats_file": "./results/list_example/magicpopper_types/5000/0/stats.json", "end": false, "__type__": "Stats"}