{"log_best_programs": true, "num_literals": 0, "total_programs": 84, "total_rules": 0, "total_ground_rules": 0, "durations": {"generate": [0.0003294999999999826, 0.0001515410000000328, 0.00017487500000001877, 0.00036762499999998255, 9.700000000001374e-05, 0.0006042920000000063, 0.00021199999999998997, 0.00023437500000000888, 0.0006474160000000673, 0.0005054999999999366, 0.0003945829999999484, 0.00021416700000009836, 0.0002732080000000803, 0.00044633399999993717, 0.0002002919999999353, 0.0005867079999999358, 0.00019974999999994303, 0.0002006249999999543, 0.00020591700000005542, 0.0005027499999999963, 0.000149541999999947, 0.0002634590000000214, 0.00015066699999999322, 0.00046233299999998145, 0.00034399999999989994, 0.0003349580000000518, 0.0002056250000002091, 0.00023570900000002837, 0.00024737500000004964, 0.00043895900000001653, 0.0002522499999999539, 0.0002748750000001188, 0.0001835830000000982, 0.00020558400000014743, 0.0005592910000000728, 0.00021287499999989024, 0.000300000000000189, 0.00021812499999995794, 0.00028600000000000847, 0.0006417080000000741, 0.00031920800000007077, 0.000439749999999961, 0.00021970800000015167, 0.00024166700000005648, 0.00022962500000001107, 0.002082499999999987, 0.00016129199999981303, 0.0001671670000000791, 0.0003764579999998574, 0.00033583400000014585, 0.0002214169999998905, 0.0001416670000000675, 0.00025574999999999903, 0.00016008300000014408, 0.00015808300000008657, 0.00012808300000011208, 0.0001891660000001849, 0.00014204199999978684, 0.00016858299999999993, 0.00016291699999992915, 0.0001616250000000541, 0.00015474999999987027, 0.00014533399999994145, 0.00026375000000000703, 0.00024225000000011043, 0.0001993329999998572, 0.00026129200000002406, 0.00021345900000002693, 0.00019820899999989372, 0.000247416999999972, 0.00020333299999997223, 0.00025591699999982787, 0.00016924999999989865, 0.0001811670000000376, 0.00018058300000012295, 0.00035945799999992367, 0.00017991700000008493, 0.00019450000000009737, 0.0002050829999999948, 0.00044725000000012116, 0.0002120840000001678, 0.0003845410000000715, 0.0001885829999999089, 0.00037529199999997154, 0.0038694590000001305], "find_bindings_prolog": [0.021383958000000036, 0.03521333299999996, 0.025556916999999957, 0.02813070799999995, 0.04080050000000002, 0.005160999999999971, 0.00926075000000004, 0.03730412500000002, 0.037171375000000006, 0.02585683400000005, 0.008971457999999988, 0.004684624999999998, 0.009469124999999967, 0.005150250000000023, 0.009420792000000011, 0.009030417000000068, 0.02956770799999997, 0.001163832999999892, 0.028911332999999928, 0.027315291000000075, 0.028888000000000025, 0.028200000000000003, 0.043469583000000034, 0.04200799999999982, 0.0011681669999998867, 0.028136332999999958, 0.027614583999999942, 0.03811924999999983, 0.04278383299999988, 0.005459333000000122, 0.030276250000000005, 0.027538457999999988, 0.0015716670000001098, 0.006013749999999929, 0.03671749999999996, 0.03948295899999987, 0.04153754199999993, 0.037958500000000006, 0.0015408340000000464, 0.0013330000000000286, 0.0009512920000001035, 0.0013636670000001239, 0.0016060420000001407, 0.0015598749999998773, 0.0012816669999999863, 0.0010656669999999924, 0.0012385000000001423, 0.001534667000000045, 0.0016054169999999424, 0.0010433340000000069, 0.0013133329999999166, 0.0012634160000000172, 0.0016452090000000918, 0.0017443329999999868, 0.001271250000000057, 0.0016944580000000098, 0.0011010000000000186, 0.0013298330000000025, 0.0011086250000000852, 0.0014994580000000646, 0.0014292080000000151, 0.0014823749999999247, 0.0014692499999999775, 0.0014928330000001377, 0.0011775419999999759, 0.0011882910000000635, 0.001569458000000079, 0.005050749999999882, 0.004458000000000073], "test": [0.022107584000000013, 0.0003574159999999438, 0.036357584, 0.0006781670000000073, 0.00047549999999996206, 0.02643691699999995, 0.02931416599999992, 0.042361916999999916, 0.005698582999999924, 0.009966625000000007, 0.03881625, 0.03875412499999997, 0.02672929099999999, 0.009659500000000043, 0.005204500000000056, 0.010400166000000044, 0.005897999999999959, 0.01034487499999992, 0.009987999999999997, 0.0027613329999999214, 0.0005748749999999747, 0.000567749999999978, 0.0025714170000000758, 0.030645167000000084, 0.0013907090000000455, 0.02996208399999989, 0.028543792000000012, 0.029952792000000006, 0.029277166999999826, 0.045336292, 0.04384216699999999, 0.0015381249999999458, 0.02934183299999993, 0.028915625, 0.03991720800000009, 0.04455750000000003, 0.006007625000000072, 0.031657666000000084, 0.02902454199999993, 0.001786999999999983, 0.00620458299999993, 0.03844054099999994, 0.04126558299999994, 0.04326574999999999, 0.03979725000000012, 0.0017828330000000392, 0.0015372919999998569, 0.001153624999999936, 0.0016004159999998269, 0.014723291000000138, 0.001828708999999984, 0.014865292000000085, 0.001800791999999829, 0.0015030410000000938, 0.0012882499999999908, 0.0006673750000001366, 0.0014437920000001103, 0.0017418750000000038, 0.0018415000000000514, 0.0012625829999999283, 0.0015315419999999413, 0.001482041000000045, 0.023835791999999856, 0.028518749999999926, 0.001892875000000016, 0.02004549999999994, 0.002002334000000161, 0.016253709000000116, 0.02112449999999999, 0.001532083000000073, 0.0019400830000000369, 0.0013477499999998699, 0.0015608750000000171, 0.0013359170000000198, 0.0017404580000000003, 0.0016751660000000612, 0.0017153750000000745, 0.001701124999999859, 0.0017349579999998976, 0.0014252500000000445, 0.0014333339999998973, 0.0018128330000000137, 0.005298208999999998, 0.00472175000000008], "combine": [0.0034422910000000417, 5.00000000069889e-07, 0.0030842500000000106, 6.249999999763389e-07, 4.5900000000820285e-07, 5.83000000053957e-07, 6.249999999763389e-07, 5.410000000205528e-07, 3.7500000005241674e-07, 5.419999999922709e-07, 5.839999999146528e-07, 5.419999999922709e-07, 6.249999999763389e-07, 4.5900000000820285e-07, 4.1600000000308057e-07, 4.580000000364848e-07, 4.1600000000308057e-07, 4.1699999997479864e-07, 5.00000000069889e-07, 5.419999999922709e-07, 4.1600000000308057e-07, 4.580000000364848e-07, 4.5900000000820285e-07, 6.249999999763389e-07, 4.1700000008582094e-07, 6.660000000380251e-07, 6.660000000380251e-07, 6.249999999763389e-07, 5.839999999146528e-07, 6.249999999763389e-07, 6.249999999763389e-07, 4.1700000008582094e-07, 4.999999998478444e-07, 5.419999999922709e-07, 5.83000000053957e-07, 5.83000000053957e-07, 0.003658582999999993, 6.250000001983835e-07, 6.249999999763389e-07, 4.1700000008582094e-07, 3.7499999994139444e-07, 5.83000000053957e-07, 4.999999998478444e-07, 5.409999999095305e-07, 5.83000000053957e-07, 4.579999999254625e-07, 3.340000001017529e-07, 3.7499999994139444e-07, 3.7499999994139444e-07, 3.7499999994139444e-07, 3.7500000016343904e-07, 5.410000001315751e-07, 4.1700000008582094e-07, 3.7500000016343904e-07, 4.1700000008582094e-07, 4.1700000008582094e-07, 3.7499999994139444e-07, 4.579999999254625e-07, 4.1700000008582094e-07, 3.7499999994139444e-07, 4.1700000008582094e-07, 4.1700000008582094e-07, 4.579999999254625e-07, 4.579999999254625e-07, 4.1600000000308057e-07, 4.579999999254625e-07, 4.5900000000820285e-07, 4.1600000000308057e-07, 5.00000000069889e-07, 4.579999999254625e-07, 4.1699999986377634e-07, 4.1699999986377634e-07, 3.7499999994139444e-07, 3.7500000016343904e-07, 4.1700000008582094e-07, 3.7499999994139444e-07, 3.7500000016343904e-07, 4.1700000008582094e-07, 3.7499999994139444e-07, 4.579999999254625e-07, 4.1700000008582094e-07, 4.1600000000308057e-07, 4.1699999986377634e-07, 3.7499999994139444e-07],