{"log_best_programs": true, "num_literals": 0, "total_programs": 8, "total_rules": 0, "total_ground_rules": 0, "durations": {"generate": [0.00038466599999997797, 0.0006323329999999849, 0.001348165999999873, 0.0012808330000000367, 0.0017982080000000789, 0.000703083999999965, 0.001145874999999963, 0.0012730830000000637, 0.0012712910000001187], "find_bindings_prolog": [0.019448875000000143, 0.033315541999999976, 0.13278516699999998, 0.1442942909999998, 0.15854195900000012, 0.14026524999999967], "test": [0.0214741249999999, 0.04678725000000017, 0.019252666999999946, 0.13309270800000017, 0.14463100000000018, 0.01975450000000012, 0.15904637499999996, 0.14058341600000013], "combine": [0.01013545799999993, 0.004765249999999943, 5.839999999146528e-07, 6.249999999763389e-07, 6.250000001983835e-07, 6.249999999763389e-07, 5.419999999922709e-07, 5.410000003536197e-07], "constrain": [0.00156008299999999, 0.0023778329999999404, 0.00042929199999997003, 0.0031026249999999145, 0.005231874999999997, 0.0018686249999999571, 0.0017322910000001635, 0.0015855839999998622]}, "final_exec_time": 1.9944027919999998, "stages": [], "best_programs": [], "solution": {"code": "magic_value(A):- head(A,hp),magic(hp).\nmagic_value(A):- head(A,jh),magic(jh).\nmagic_value(A):- head(A,gw),magic(gw).\nmagic_value(A):- head(A,ax),magic(ax).\nmagic_value(A):- head(A,ke),magic(ke).\nmagic_value(A):- head(A,hu),magic(hu).\nmagic_value(A):- head(A,od),magic(od).\nmagic_value(A):- head(A,dl),magic(dl).\nmagic_value(A):- head(A,px),magic(px).\nmagic_value(A):- head(A,jf),magic(jf).\nmagic_value(A):- head(A,ij),magic(ij).\nmagic_value(A):- head(A,mm),magic(mm).\nmagic_value(A):- head(A,db),magic(db).\nmagic_value(A):- head(A,el),magic(el).\nmagic_value(A):- head(A,lh),magic(lh).\nmagic_value(A):- head(A,oq),magic(oq).\nmagic_value(A):- head(A,ev),magic(ev).\nmagic_value(A):- head(A,kx),magic(kx).\nmagic_value(A):- head(A,im),magic(im).\nmagic_value(A):- head(A,kr),magic(kr).", "is_solution": true, "conf_matrix": [200, 0, 200, 0], "total_exec_time": 1.9944004999999998, "durations": [{"operation": "Test", "called": 1, "total": 0.0214741249999999, "mean": 0.0214741249999999, "maximum": 0.0214741249999999, "__type__": "DurationSummary"}, {"operation": "Find_Bindings_Prolog", "called": 1, "total": 0.019448875000000143, "mean": 0.019448875000000143, "maximum": 0.019448875000000143, "__type__": "DurationSummary"}, {"operation": "Generate", "called": 1, "total": 0.00038466599999997797, "mean": 0.00038466599999997797, "maximum": 0.00038466599999997797, "__type__": "DurationSummary"}], "__type__": "ProgramStats"}, "is_solution": true, "stats_file": "./results/list_magicvalues_multipleclauses/magicpopper/20/7/stats.json", "end": true, "__type__": "Stats"}