{"log_best_programs": true, "num_literals": 0, "total_programs": 8, "total_rules": 0, "total_ground_rules": 0, "durations": {"generate": [0.00037837499999993085, 0.0005810419999998651, 0.0013530840000000044, 0.0012036669999999638, 0.001600209000000019, 0.000513624999999962, 0.0011782499999997142, 0.0018062500000000092, 0.0009999579999999675], "find_bindings_prolog": [0.028737542000000005, 0.03258408299999993, 0.13793558400000006, 0.146987875, 0.16646154099999988, 0.14974995800000013], "test": [0.03417862500000002, 0.04493112499999996, 0.018415665999999886, 0.1382539169999999, 0.020089416000000027, 0.14735987500000003, 0.1670117499999999, 0.1501038330000002], "combine": [0.07300920900000007, 0.005662250000000091, 5.419999999922709e-07, 6.669999998987208e-07, 7.500000001048335e-07, 5.419999999922709e-07, 5.419999999922709e-07, 5.829999998319124e-07], "constrain": [0.001833457999999899, 0.0022989580000001286, 0.0004124999999999268, 0.0032020830000001332, 0.002025875000000177, 0.005376500000000117, 0.0018171659999999257, 0.005037458999999966]}, "final_exec_time": 2.1264205, "stages": [], "best_programs": [], "solution": {"code": "magic_value(A):- head(A,oa),magic(oa).\nmagic_value(A):- head(A,cf),magic(cf).\nmagic_value(A):- head(A,pp),magic(pp).\nmagic_value(A):- head(A,cj),magic(cj).\nmagic_value(A):- head(A,kj),magic(kj).\nmagic_value(A):- head(A,ic),magic(ic).\nmagic_value(A):- head(A,ld),magic(ld).\nmagic_value(A):- head(A,z),magic(z).\nmagic_value(A):- head(A,gs),magic(gs).\nmagic_value(A):- head(A,hd),magic(hd).\nmagic_value(A):- head(A,iy),magic(iy).\nmagic_value(A):- head(A,da),magic(da).\nmagic_value(A):- head(A,be),magic(be).\nmagic_value(A):- head(A,gj),magic(gj).\nmagic_value(A):- head(A,no),magic(no).\nmagic_value(A):- head(A,lo),magic(lo).\nmagic_value(A):- head(A,ry),magic(ry).\nmagic_value(A):- head(A,gp),magic(gp).\nmagic_value(A):- head(A,fy),magic(fy).\nmagic_value(A):- head(A,cg),magic(cg).\nmagic_value(A):- head(A,go),magic(go).\nmagic_value(A):- head(A,ih),magic(ih).\nmagic_value(A):- head(A,au),magic(au).\nmagic_value(A):- head(A,rs),magic(rs).\nmagic_value(A):- head(A,dh),magic(dh).\nmagic_value(A):- head(A,f),magic(f).\nmagic_value(A):- head(A,gy),magic(gy).\nmagic_value(A):- head(A,dg),magic(dg).\nmagic_value(A):- head(A,ej),magic(ej).\nmagic_value(A):- head(A,cy),magic(cy).\nmagic_value(A):- head(A,ag),magic(ag).\nmagic_value(A):- head(A,kh),magic(kh).\nmagic_value(A):- head(A,aw),magic(aw).\nmagic_value(A):- head(A,b),magic(b).\nmagic_value(A):- head(A,ol),magic(ol).\nmagic_value(A):- head(A,bk),magic(bk).\nmagic_value(A):- head(A,jg),magic(jg).\nmagic_value(A):- head(A,if),magic(if).\nmagic_value(A):- head(A,fr),magic(fr).\nmagic_value(A):- head(A,gl),magic(gl).\nmagic_value(A):- head(A,i),magic(i).\nmagic_value(A):- head(A,sc),magic(sc).\nmagic_value(A):- head(A,gu),magic(gu).\nmagic_value(A):- head(A,rm),magic(rm).\nmagic_value(A):- head(A,ln),magic(ln).\nmagic_value(A):- head(A,id),magic(id).\nmagic_value(A):- head(A,fk),magic(fk).\nmagic_value(A):- head(A,lt),magic(lt).\nmagic_value(A):- head(A,ip),magic(ip).\nmagic_value(A):- head(A,ph),magic(ph).\nmagic_value(A):- head(A,et),magic(et).\nmagic_value(A):- head(A,bj),magic(bj).\nmagic_value(A):- head(A,lz),magic(lz).\nmagic_value(A):- head(A,lg),magic(lg).\nmagic_value(A):- head(A,pz),magic(pz).\nmagic_value(A):- head(A,fd),magic(fd).\nmagic_value(A):- head(A,hk),magic(hk).\nmagic_value(A):- head(A,cp),magic(cp).\nmagic_value(A):- head(A,bi),magic(bi).\nmagic_value(A):- head(A,jx),magic(jx).", "is_solution": true, "conf_matrix": [200, 0, 200, 0], "total_exec_time": 2.126418041, "durations": [{"operation": "Test", "called": 1, "total": 0.03417862500000002, "mean": 0.03417862500000002, "maximum": 0.03417862500000002, "__type__": "DurationSummary"}, {"operation": "Find_Bindings_Prolog", "called": 1, "total": 0.028737542000000005, "mean": 0.028737542000000005, "maximum": 0.028737542000000005, "__type__": "DurationSummary"}, {"operation": "Generate", "called": 1, "total": 0.00037837499999993085, "mean": 0.00037837499999993085, "maximum": 0.00037837499999993085, "__type__": "DurationSummary"}], "__type__": "ProgramStats"}, "is_solution": true, "stats_file": "./results/list_magicvalues_multipleclauses/magicpopper/60/1/stats.json", "end": true, "__type__": "Stats"}