{"log_best_programs": true, "num_literals": 0, "total_programs": 82, "total_rules": 0, "total_ground_rules": 0, "durations": {"generate": [0.00034683300000004635, 0.00019187500000006352, 0.00018050000000002786, 0.0003797079999998676, 0.00010324999999999918, 0.0006373750000001621, 0.00020866700000010674, 0.00024112499999984216, 0.0006262089999999887, 0.0005194169999998, 0.00037395799999995205, 0.00028320799999992374, 0.0003187080000000009, 0.000595499999999971, 0.00022154199999979696, 0.00029758300000004567, 0.000219749999999852, 0.00022816699999994583, 0.00022387500000009553, 0.0008291659999999368, 0.00017924999999996416, 0.0002551250000000227, 0.0001977909999999472, 0.0005436659999999982, 0.00031558299999989714, 0.00021004100000010517, 0.00019575000000005005, 0.0002098329999999926, 0.0002437909999999377, 0.0006802919999999713, 0.00026812500000006345, 0.0004421249999999599, 0.0002112920000001406, 0.0002249999999999197, 0.0004214580000001522, 0.0002123339999999807, 0.00027029199999972775, 0.000236583000000401, 0.0002341670000003404, 0.0017105829999999322, 0.00026674999999976023, 0.00027233299999984695, 0.00027566699999992395, 0.00045741700000023755, 0.001072791999999989, 0.0004948329999998613, 0.00020220800000014805, 0.0002684999999997828, 0.0002570839999997965, 0.00021141699999960295, 0.00022145800000039628, 0.00022591599999977063, 0.00035775000000004553, 0.00024179100000010223, 0.00023820899999993372, 0.00021695800000021137, 0.00022725000000001216, 0.0002484580000001735, 0.000263749999999785, 0.00018858399999999165, 0.0002660420000002439, 0.00029379099999982117, 0.00026662500000007583, 0.0003321670000002719, 0.0004175000000001816, 0.0003272499999997791, 0.00021845799999997695, 0.0002897079999999441, 0.00025120799999989174, 0.00024358400000012992, 0.0003188329999996853, 0.00038154199999995697, 0.0002116659999997772, 0.00023324999999996265, 0.00022229199999967975, 0.0002917909999999857, 0.00023595799999975853, 0.00044120899999988694, 0.00021720899999966292, 0.0005620830000001575, 0.00022758300000003118, 0.0003153750000000066, 0.003699541999999667], "find_bindings_prolog": [0.026211500000000054, 0.07934091600000004, 0.02285724999999994, 0.02498991699999986, 0.08185500000000001, 0.006862332999999943, 0.014805874999999968, 0.07652570800000014, 0.07596874999999992, 0.023860166000000183, 0.015031000000000017, 0.008093458000000053, 0.015715125000000052, 0.0161775420000001, 0.016089249999999833, 0.007306291999999992, 0.02643354199999992, 0.02517366700000001, 0.0017336670000001053, 0.024789457999999875, 0.02757304100000013, 0.025796083999999997, 0.0871947500000001, 0.08877504199999997, 0.0018476250000001304, 0.028614458999999925, 0.026289457999999932, 0.08460120900000012, 0.083005875, 0.009950832999999992, 0.024158874999999913, 0.023987458000000128, 0.08005899999999988, 0.07787187500000003, 0.07920925000000034, 0.08179779100000006, 0.002297292000000173, 0.0017022090000002876, 0.002965708000000067, 0.002362833000000286, 0.02912474999999981, 0.0023722910000003594, 0.0026057090000000116, 0.0022428750000003106, 0.025669290999999816, 0.0028025419999999635, 0.0021840410000000254, 0.0016595420000000694, 0.0024453329999998275, 0.002256707999999996, 0.002513999999999683, 0.0017969159999999818, 0.0028408339999996812, 0.002760458000000021, 0.0025156250000000213, 0.0017514999999996839, 0.0017961249999998152, 0.0028899579999999148, 0.0028351669999997497, 0.0029356670000000307, 0.0024898749999997527, 0.0029866249999996874, 0.001876792000000016, 0.00176341599999974, 0.007321499999999759, 0.00192920799999996, 0.007400207999999964], "test": [0.026950124999999936, 0.00040966600000003073, 0.08070354099999999, 0.0007805419999999952, 0.0006048749999998382, 0.023435333000000114, 0.025706374999999948, 0.08336704199999989, 0.0073852080000000875, 0.015501541000000119, 0.07803541600000008, 0.07765341599999998, 0.02439837499999986, 0.015752875, 0.008635791999999975, 0.016692417000000015, 0.017155290999999906, 0.017121374999999883, 0.008067250000000081, 0.00045787499999994097, 0.03619675, 0.0011329579999999062, 0.0019957919999999962, 0.027095583000000145, 0.02579491700000003, 0.0019609169999998954, 0.02542929100000002, 0.028227334000000104, 0.026449458000000092, 0.08919704200000012, 0.09072341699999997, 0.002257041000000015, 0.02947312499999999, 0.027140334000000044, 0.08642550000000004, 0.084746875, 0.010477332999999867, 0.02494566599999981, 0.024723417000000136, 0.08187112500000016, 0.07963783300000005, 0.08103208299999975, 0.08367379199999991, 0.0025374160000000145, 0.0019301250000003378, 0.043943708000000026, 0.09200191599999963, 0.0033207500000003165, 0.0026360829999996227, 0.029907958999999984, 0.06446899999999989, 0.08226533300000005, 0.0026446669999997674, 0.0028566670000000904, 0.0024933340000004023, 0.026368708999999768, 0.003053041999999895, 0.0024260830000000233, 0.0019022500000001052, 0.0026683329999999117, 0.030318124999999974, 0.0009415839999999953, 0.000913291999999899, 0.027662458, 0.002526500000000098, 0.002751458999999734, 0.0020496670000000883, 0.003095291999999805, 0.00302941699999959, 0.0027711249999997634, 0.0020079170000002478, 0.002075084000000338, 0.003139500000000073, 0.0030869169999996338, 0.00319041699999989, 0.0027600840000001625, 0.0032562910000000223, 0.002152000000000154, 0.002004625000000093, 0.007587542000000003, 0.002195083000000153, 0.007675542000000313], "combine": [0.004448750000000001, 5.00000000069889e-07, 0.0033815000000000373, 6.249999999763389e-07, 4.580000001475071e-07, 5.840000001366974e-07, 5.839999999146528e-07, 5.419999999922709e-07, 4.579999999254625e-07, 5.00000000069889e-07, 5.00000000069889e-07, 7.090000000431473e-07, 5.83000000053957e-07, 4.579999999254625e-07, 4.5900000000820285e-07, 5.00000000069889e-07, 4.999999998478444e-07, 4.580000001475071e-07, 5.419999999922709e-07, 5.409999999095305e-07, 5.00000000069889e-07, 4.1700000008582094e-07, 5.419999999922709e-07, 5.00000000069889e-07, 4.580000001475071e-07, 4.1600000000308057e-07, 5.83000000053957e-07, 5.419999999922709e-07, 5.83000000053957e-07, 5.83000000053957e-07, 6.249999999763389e-07, 4.999999998478444e-07, 5.83000000053957e-07, 5.419999999922709e-07, 5.00000000069889e-07, 5.409999999095305e-07, 0.0032947080000003126, 5.829999998319124e-07, 4.5900000023024745e-07, 5.839999999146528e-07, 5.419999999922709e-07, 6.250000001983835e-07, 6.670000001207654e-07, 4.1699999986377634e-07, 5.00000000069889e-07, 5.419999999922709e-07, 7.089999995990581e-07, 4.580000001475071e-07, 4.5899999978615824e-07, 6.250000001983835e-07, 5.00000000069889e-07, 4.999999996257998e-07, 4.1599999978103597e-07, 4.160000002251252e-07, 4.1700000030786555e-07, 5.00000000069889e-07, 4.5900000023024745e-07, 3.7499999994139444e-07, 3.7499999994139444e-07, 4.1699999986377634e-07, 3.7499999994139444e-07, 3.3300000001901253e-07, 3.340000001017529e-07, 3.7499999994139444e-07, 3.7500000038548365e-07, 4.160000002251252e-07, 4.5900000023024745e-07, 4.580000001475071e-07, 3.7499999994139444e-07, 4.1699999986377634e-07, 3.7499999994139444e-07, 4.1699999986377634e-07, 4.1699999986377634e-07, 3.7499999994139444e-07, 4.1699999986377634e-07, 3.7500000038548365e-07, 4.1700000030786555e-07, 4.1699999986377634e-07, 3.7499999994139444e-07, 4.580000001475071e-07, 3.7499999994139444e-07, 4.580000001475071e-07],