{"log_best_programs": true, "num_literals": 0, "total_programs": 91, "total_rules": 0, "total_ground_rules": 0, "durations": {"generate": [0.0004485829999999469, 0.00026620900000007275, 0.0003514999999999491, 0.00032358300000001616, 0.00028212500000002194, 0.0004798750000000185, 0.00024799999999991496, 0.00022237499999999688, 0.00022695900000002656, 0.00026879099999999045, 0.00041758299999994364, 0.0002607089999999701, 0.0004134170000000825, 0.000386540999999907, 0.0005430830000001663, 0.0004744159999994224, 0.0003581669999999093, 0.0006968329999992307, 0.0003569590000012113, 0.00042208300000012855, 0.00033091699999943103, 0.00030995900000085896, 0.0003375830000003077, 0.0004248750000002133, 0.00038412500000006844, 0.00035833400000129245, 0.0003706250000004019, 0.0006331670000001566, 0.0004940840000013935, 0.0004376659999998367, 0.0003237079999998116, 0.0003207500000002028, 0.0003708749999997707, 0.0004260829999989113, 0.0003000419999992232, 0.0003864580000012552, 0.0005043329999985247, 0.00038474999999849047, 0.00036112500000129444, 0.0004375410000001523, 0.00041841599999870027, 0.0004138749999995639, 0.00033275000000188015, 0.0005816659999986484, 0.000398125000000249, 0.0003060419999982855, 0.00042504199999982006, 0.00036820900000122947, 0.00037208399999855146, 0.00036324999999948204, 0.0005677499999983127, 0.00033579099999769824, 0.000376208999998795, 0.00034683299999827, 0.00030879199999844786, 0.00036795900000186066, 0.0003644999999998788, 0.0003560409999998626, 0.0003126249999994002, 0.00034074999999944566, 0.00030987499999923784, 0.0003318750000005366, 0.00045324999999962756, 0.00032537499999918396, 0.00034858400000103984, 0.00038241700000085643, 0.0003737500000013938, 0.0003928749999992931, 0.0003440420000018207, 0.00035104100000182825, 0.0003280829999994239, 0.0003845409999989613, 0.00046045799999916426, 0.0008820420000006379, 0.0010837499999993838, 0.0005864590000008718, 0.0004031660000016757, 0.000406375000000736, 0.0004890410000015777, 0.00039162499999889633, 0.0003792500000017185, 0.0004007919999970966, 0.0004596249999977431, 0.0004284159999983217, 0.0008760410000014929, 0.00048283299999951623, 0.00040779200000073956, 0.0004802499999989607, 0.0007425410000010402, 0.0007370830000006379, 0.0004192080000002818, 0.00034091699999905245], "test": [0.024077667000000025, 0.006733583000000043, 0.0004638750000000025, 0.0028202080000000462, 0.0008344160000000045, 0.0008624589999999266, 0.0008476250000000185, 0.0004860829999999705, 0.000871499999999914, 0.0008382500000000404, 0.000923832999999985, 0.004025666999999955, 0.007070332999999929, 1.797432417, 1.856031083, 3.860651958000001, 0.01467004200000055, 0.005076292000000038, 0.004792833999999857, 0.0015651250000008332, 0.0015242079999993052, 0.0011669580000006619, 0.008219125000000105, 0.001259499999999747, 0.004769750000001238, 0.0025889170000006345, 1.9561836250000013, 2.2321620420000006, 0.011647375000000793, 0.002306917000000297, 0.0018819170000003993, 0.0010938329999987673, 0.011059375000000315, 0.0014086250000016065, 0.0018116250000002054, 3.7035177919999995, 0.010233917000000758, 0.009639124999999638, 3.674357624999999, 1.6164239589999987, 0.009056958999998699, 0.004478082999998634, 0.0034028330000026585, 0.008105125000000157, 0.001489499999998145, 0.003012542000000451, 0.01081724999999878, 0.0048554580000015335, 0.002681958000000151, 1.532124875000001, 0.004816375000000761, 0.0012689170000008687, 0.0024939589999988243, 0.0012162500000023613, 0.0011952919999984601, 0.008382749999999106, 0.008711166000001214, 0.0012467919999998855, 0.0020230839999975103, 0.006155875000001032, 0.0010506660000011436, 0.002574165999998712, 0.0024283329999974512, 0.0013622919999995986, 1.758247542000003, 0.005868083000002855, 0.0036284579999978916, 0.001663250000000005, 0.0032162080000013304, 0.00240533399999876, 0.0013715000000011912, 1.7085037909999983, 0.007413624999998092, 0.002504250000001207, 0.008199749999999284, 0.0031653749999982495, 0.003117958000000698, 0.00291229099999768, 0.003406417000000772, 0.001542875000001942, 0.0072115839999966624, 0.005824582999998995, 0.0038049170000000743, 0.003694833000000841, 0.0033692500000022108, 0.003137917000000101, 0.0031547920000001284, 0.0065104580000010515, 0.001695958999999192, 0.0019253750000025605, 0.004181875000000446], "combine": [5.83000000053957e-07, 0.0034105410000000447, 5.00000000069889e-07, 4.999999999588667e-07, 4.5900000000820285e-07, 5.419999999922709e-07, 4.5900000000820285e-07, 3.7499999994139444e-07, 3.7499999994139444e-07, 4.1699999997479864e-07, 5.410000000205528e-07, 5.419999999922709e-07, 5.829999999429347e-07, 1.958000000357174e-06, 1.7920000008331272e-06, 9.999999992515995e-07, 5.830000002760016e-07, 6.250000001983835e-07, 5.419999986600033e-07, 4.5799999881523945e-07, 4.5799999881523945e-07, 5.419999986600033e-07, 8.749999995671942e-07, 6.250000001983835e-07, 5.830000002760016e-07, 4.5799999881523945e-07, 1.916000000434792e-06, 1.7079999992120065e-06, 6.660000000380251e-07, 5.000000005139782e-07, 4.580000005915963e-07, 5.830000002760016e-07, 5.419999986600033e-07, 5.420000004363601e-07, 5.410000003536197e-07, 1.999999998503199e-06, 6.250000019747404e-07, 5.420000022127169e-07, 1.624999999449983e-06, 7.500000016591457e-07, 5.419999986600033e-07, 5.830000020523585e-07, 6.249999984220267e-07, 5.839999985823852e-07, 4.160000024455712e-07, 4.169999989755979e-07, 5.409999985772629e-07, 6.250000019747404e-07, 5.00000002290335e-07, 8.749999977908374e-07, 5.840000021350988e-07, 5.830000020523585e-07, 4.999999987376214e-07, 5.409999985772629e-07, 5.839999985823852e-07, 7.920000015815276e-07, 5.839999985823852e-07, 5.829999984996448e-07, 5.830000020523585e-07, 5.420000022127169e-07, 5.409999985772629e-07, 5.830000020523585e-07, 4.169999989755979e-07, 4.5800000236795313e-07, 9.580000011055745e-07, 5.830000020523585e-07, 5.409999985772629e-07, 5.00000002290335e-07, 4.590000024506935e-07, 4.160000024455712e-07, 4.1599999889285755e-07, 1.958000002133531e-06, 7.500000016591457e-07, 5.829999984996448e-07, 2.87499999984675e-06, 4.999999987376214e-07, 4.5799999881523945e-07, 4.5799999881523945e-07, 5.420000022127169e-07, 5.829999984996448e-07, 7.910000014987872e-07, 7.49999998106432e-07, 5.410000021299766e-07, 5.419999986600033e-07, 6.669999983444086e-07, 5.829999984996448e-07, 5.419999986600033e-07, 8.329999978684555e-07, 5.419999986600033e-07, 6.669999983444086e-07, 0.006159000000000248],