{"log_best_programs": true, "num_literals": 0, "total_programs": 84, "total_rules": 0, "total_ground_rules": 0, "durations": {"generate": [0.00030399999999997096, 0.00015220800000004253, 0.00016545899999997893, 0.0003837909999999667, 0.00010900000000002574, 0.0007298329999999575, 0.0002038749999999645, 0.000193541999999991, 0.0004952079999999137, 0.0004177499999999945, 0.00032287499999994473, 0.00014895800000003234, 0.00018729099999992282, 0.0004170000000000007, 0.00018854199999995824, 0.0005651669999999775, 0.00017887500000002277, 0.00019762499999997907, 0.00017612499999997144, 0.0004410830000000088, 0.0001360420000000584, 0.0002679580000000126, 0.00016450000000001186, 0.000432082999999972, 0.00024575000000004454, 0.00032583400000008034, 0.00015912499999992669, 0.0001583750000000439, 0.00018212500000003295, 0.0003530419999999701, 0.0001644590000000612, 0.00022950000000010462, 0.00018054199999983922, 0.00017266600000009902, 0.0006568329999998568, 0.000181541999999979, 0.0003038339999998918, 0.0002109579999998168, 0.00022004099999994864, 0.0004504999999999093, 0.0003330830000001228, 0.00047720900000003397, 0.00021170800000014367, 0.00022533299999993872, 0.0001900000000001345, 0.002162084000000064, 0.0001944590000000357, 0.00022324999999989714, 0.00030120799999999726, 0.00030787499999984647, 0.00017658300000000793, 0.0001492080000000673, 0.0002026669999999342, 0.00016383300000000212, 0.00016566600000000875, 0.00016495800000004834, 0.00016787499999981748, 0.00018429200000014134, 0.00016558300000002468, 0.00018437499999990337, 0.00017274999999994378, 0.00019458399999994214, 0.0001749579999998918, 0.00017958299999998317, 0.00016162499999983204, 0.00016808299999993004, 0.00016287500000000676, 0.0001511670000000631, 0.00015858300000015646, 0.00018699999999993722, 0.0001883750000000184, 0.00021008300000002755, 0.00016241599999999856, 0.0001855830000001557, 0.00017695799999994932, 0.00030604099999997914, 0.00016737500000019168, 0.0001897909999999392, 0.00017720899999984496, 0.0003961249999999694, 0.000171749999999804, 0.00028920799999987423, 0.0002832909999999078, 0.00034645800000010496, 0.0035307920000000603], "find_bindings_prolog": [0.02030916599999999, 0.03790270799999995, 0.0201463340000001, 0.01989045899999997, 0.038956957999999986, 0.005046667000000005, 0.008714749999999993, 0.03429204199999991, 0.03455445899999998, 0.016472041999999965, 0.009086083000000023, 0.004013000000000044, 0.009920625000000016, 0.00519929100000005, 0.010168332999999974, 0.009935583999999942, 0.02043637499999995, 0.0010134160000000447, 0.020203750000000076, 0.02047720799999997, 0.020518833000000014, 0.020484166999999998, 0.04239308300000011, 0.04296687500000007, 0.001078208000000025, 0.021784041999999948, 0.020603625000000125, 0.040345166999999904, 0.03967233300000017, 0.005680958000000125, 0.02031733300000016, 0.021465500000000137, 0.0013833750000000755, 0.0010525409999999624, 0.035545666999999836, 0.03964891599999998, 0.03878999999999988, 0.038194749999999944, 0.001207500000000028, 0.0013792079999999096, 0.001361875000000179, 0.0011812500000001336, 0.02106295800000013, 0.021604625000000155, 0.023243042000000047, 0.020009500000000013, 0.0017362499999999947, 0.0013805410000000684, 0.0016296249999998569, 0.0012257920000000588, 0.0012272079999999796, 0.0011248750000001362, 0.0011260840000000272, 0.001531332999999968, 0.0012409579999999032, 0.0016343750000000767, 0.0011268330000000493, 0.0012143330000000674, 0.001209041999999938, 0.0011560840000000017, 0.0016194160000000402, 0.00148912499999998, 0.0017677919999998792, 0.0014396249999999444, 0.0011287499999999007, 0.0011206249999999862, 0.0011232919999999424, 0.004202499999999887, 0.003903709000000033], "test": [0.02098650000000002, 0.0004365840000000176, 0.03910329200000007, 0.0005225420000000147, 0.0005367499999999747, 0.020770667000000076, 0.02071229199999991, 0.040263625000000025, 0.005493416999999945, 0.009294165999999993, 0.035576249999999976, 0.03580420800000006, 0.017155334000000022, 0.009731374999999987, 0.00449745800000001, 0.010786082999999946, 0.005884250000000035, 0.011067083000000033, 0.01078595800000004, 0.010410625000000007, 0.0004382090000000227, 0.0006864580000000009, 0.0004972500000000046, 0.021193584000000043, 0.0012151660000000453, 0.020963749999999948, 0.021270750000000005, 0.021265250000000013, 0.021223875000000003, 0.044026958000000005, 0.044600709000000016, 0.0014342499999999703, 0.022804708000000007, 0.02159158299999997, 0.041970167000000114, 0.0413312079999999, 0.006249999999999867, 0.021336582999999854, 0.02252345900000008, 0.0016030419999999435, 0.0012539160000000216, 0.037076458000000034, 0.041479041999999966, 0.04045579099999985, 0.04007191600000004, 0.0014419999999999433, 0.0016169589999999179, 0.0015971670000001215, 0.0014022499999999383, 0.009667250000000127, 0.02199250000000008, 0.020527875000000195, 0.022533792000000163, 0.02417108400000001, 0.021000250000000165, 0.021476249999999864, 0.0005670410000000459, 0.006899208000000101, 0.0006857909999999912, 0.0019934999999999814, 0.0016117920000000563, 0.001861375000000054, 0.001475499999999963, 0.0014783750000000317, 0.0013569169999998465, 0.0013586660000000084, 0.0017620840000001081, 0.007501124999999886, 0.02429320800000001, 0.001494040999999946, 0.0018833750000000204, 0.001357625000000029, 0.0014449589999998569, 0.0014590830000000832, 0.0014062089999999916, 0.0018508329999999962, 0.0017300000000000093, 0.0020154580000000255, 0.0016709159999999113, 0.0013644999999999907, 0.0013526660000000579, 0.00135525000000003, 0.0044534590000000485, 0.0041365829999999715], "combine": [0.0029869590000000112, 4.999999999588667e-07, 0.002519832999999916, 5.83000000053957e-07, 4.1699999997479864e-07, 4.580000000364848e-07, 5.419999999922709e-07, 4.5900000000820285e-07, 3.7500000005241674e-07, 4.1699999997479864e-07, 4.579999999254625e-07, 4.5900000000820285e-07, 5.419999999922709e-07, 4.5900000000820285e-07, 4.1600000000308057e-07, 4.579999999254625e-07, 3.3300000001901253e-07, 4.5900000000820285e-07, 4.1600000000308057e-07, 5.00000000069889e-07, 3.7499999994139444e-07, 4.1699999997479864e-07, 3.7500000005241674e-07, 5.829999999429347e-07, 3.7500000005241674e-07, 4.999999999588667e-07, 5.00000000069889e-07, 4.579999999254625e-07, 4.999999999588667e-07, 5.00000000069889e-07, 5.00000000069889e-07, 4.1699999986377634e-07, 5.00000000069889e-07, 5.839999999146528e-07, 5.409999999095305e-07, 6.249999999763389e-07, 0.002284875000000186, 6.249999999763389e-07, 5.419999999922709e-07, 4.5900000000820285e-07, 4.1700000008582094e-07, 6.249999999763389e-07, 5.419999999922709e-07, 5.419999999922709e-07, 6.669999998987208e-07, 5.840000001366974e-07, 4.5900000000820285e-07, 4.580000001475071e-07, 3.7499999994139444e-07, 4.579999999254625e-07, 5.410000001315751e-07, 4.1700000008582094e-07, 5.420000002143155e-07, 5.840000001366974e-07, 6.249999999763389e-07, 4.1600000000308057e-07, 4.1699999986377634e-07, 4.579999999254625e-07, 4.580000001475071e-07, 4.999999998478444e-07, 4.1600000000308057e-07, 4.5900000000820285e-07, 4.1700000008582094e-07, 4.579999999254625e-07, 4.1700000008582094e-07, 4.1600000000308057e-07, 4.5900000000820285e-07, 4.580000001475071e-07, 4.5900000000820285e-07, 4.579999999254625e-07, 4.1700000008582094e-07, 4.1700000008582094e-07, 4.5900000000820285e-07, 5.00000000069889e-07, 4.579999999254625e-07, 4.5900000000820285e-07, 5.00000000069889e-07, 4.580000001475071e-07, 4.579999999254625e-07, 4.1600000000308057e-07, 3.7499999994139444e-07, 4.1600000000308057e-07, 5.00000000069889e-07, 4.1600000000308057e-07],