{"log_best_programs": true, "num_literals": 0, "total_programs": 40, "total_rules": 0, "total_ground_rules": 0, "durations": {"generate": [0.000329542000000016, 0.00014158300000000068, 0.0001619170000000114, 0.0004789579999999738, 0.00011666700000012575, 0.0007500419999999508, 0.0004035000000000011, 0.00044737499999980557, 0.0004409160000000689, 0.0005318329999999261, 0.000256666000000072, 0.00039566700000004396, 0.00026883300000002386, 0.0006630000000000802, 0.0002287499999999998, 0.000221209, 0.00023074999999983525, 0.0006437919999999764, 0.00015208400000021882, 0.00012237500000011892, 0.00019845799999984592, 0.00018683300000033043, 0.0002119590000000393, 0.00013358300000021472, 0.00026308399999974696, 0.00041916599999991533, 0.0003076659999998732, 0.00027041699999985624, 0.00024129200000011508, 0.00021662500000019236, 0.0002307499999996132, 0.0005247919999997741, 0.00034679100000012397, 0.00021116699999979005, 0.00029833299999992846, 0.00021670799999995438, 0.00040949999999995157, 0.00023708399999966545, 0.0002487079999999864, 0.00024487499999992224, 0.004622582999999736], "find_bindings_prolog": [0.06307704199999986, 0.09260516699999988, 0.06109454099999989, 0.09905425000000001, 0.05633483299999997, 0.06397345799999998, 0.09477229200000004, 0.0948542499999998, 0.04019375000000003, 0.06077395799999996, 0.063703375, 0.06095766700000005, 0.049819832999999925, 0.058423375000000055, 0.0019003330000000318, 0.006497041000000259, 0.002029208000000171, 0.0020023750000000007, 0.006940750000000051, 0.107199708, 0.10376037500000024, 0.00223245900000002, 0.1104845000000001, 0.11091754200000015, 0.0022746250000000856, 0.07137612500000001, 0.10614000000000035, 0.06477595800000024, 0.10582604200000034, 0.06988066699999962, 0.06669104199999998, 0.11106920799999997, 0.10952112500000011], "test": [0.06407583300000008, 0.0024830419999999354, 0.09387445900000002, 0.004075209000000024, 0.003931082999999891, 0.06220425000000018, 0.10069387499999993, 0.05735416599999987, 0.06512499999999988, 0.09631875000000001, 0.09639875000000009, 0.040938291999999876, 0.061953292000000104, 0.06511012500000013, 0.06234616699999984, 0.05102087500000008, 0.05976558399999998, 0.003963249999999974, 0.002097542000000008, 0.002591583000000064, 0.00670737499999996, 0.0022490000000003896, 0.004335542000000192, 0.0011852500000002486, 0.002215000000000078, 0.007146375000000038, 0.10899379200000014, 0.10558854200000001, 0.0024583750000002347, 0.11227062499999985, 0.11271120800000034, 0.002664624999999976, 0.07261645800000016, 0.10791987499999989, 0.06602816599999972, 0.1076321250000003, 0.07114733299999987, 0.06789383299999985, 0.11285604200000021, 0.1113185419999998], "combine": [0.0063140409999999925, 4.1699999986377634e-07, 0.0035083330000000856, 4.999999998478444e-07, 0.0019397500000000178, 5.839999999146528e-07, 5.83000000053957e-07, 5.419999999922709e-07, 5.00000000069889e-07, 5.840000001366974e-07, 5.00000000069889e-07, 5.410000001315751e-07, 5.419999999922709e-07, 4.5900000000820285e-07, 4.999999998478444e-07, 5.00000000069889e-07, 5.839999999146528e-07, 5.00000000069889e-07, 3.7499999994139444e-07, 4.1599999978103597e-07, 4.1599999978103597e-07, 4.1699999986377634e-07, 5.00000000069889e-07, 4.1699999986377634e-07, 3.7499999994139444e-07, 4.580000001475071e-07, 6.249999997542943e-07, 6.250000001983835e-07, 4.1700000030786555e-07, 5.829999998319124e-07, 5.419999999922709e-07, 4.5899999978615824e-07, 5.419999999922709e-07, 5.839999999146528e-07, 5.839999999146528e-07, 5.830000002760016e-07, 6.669999996766762e-07, 5.829999998319124e-07, 6.250000001983835e-07, 5.830000002760016e-07], "constrain": [0.0017762919999999571, 0.001077958000000212, 0.0013539169999998713, 0.0014627920000001016, 0.0002911249999999477, 0.003404957999999958, 0.0009765000000001578, 0.002019916000000066, 0.00039604199999998535, 0.001126583999999875, 0.0009703339999997951, 0.0002814589999999839, 0.000261542000000059, 0.0002888340000000156, 0.00041900000000016924, 0.000410208000000134, 0.00026550000000025165, 0.0006483749999999233, 0.0005400839999998297, 0.0006776250000002371, 0.0005920419999996263, 0.0005718340000000488, 0.0006785420000001707, 0.000678208000000069, 0.0005338329999999836, 0.0005757079999999526, 0.0026607910000002732, 0.0010704590000001346, 0.0005787919999997726, 0.001060083000000045, 0.0010620830000003245, 0.0006524579999998004, 0.0010690410000000483, 0.0010818329999997545, 0.0010694999999998345, 0.001011667000000216, 0.0010827079999997657, 0.0010756249999999135, 0.0011038750000000874, 0.0010788330000002233]}, "final_exec_time": 2.996844667, "stages": [], "best_programs": [], "solution": {"code": "next_value(A,5):- does(A,player,pressButton),magic(pressButton),magic(5),magic(player).\nnext_value(A,B):- my_succ(B,C),my_true_value(A,C).", "is_solution": true, "conf_matrix": [10, 0, 9998, 0], "total_exec_time": 2.996842, "durations": [{"operation": "Test", "called": 5, "total": 0.16843962599999995, "mean": 0.03368792519999999, "maximum": 0.09387445900000002, "__type__": "DurationSummary"}, {"operation": "Find_Bindings_Prolog", "called": 2, "total": 0.15568220899999974, "mean": 0.07784110449999987, "maximum": 0.09260516699999988, "__type__": "DurationSummary"}, {"operation": "Combine", "called": 4, "total": 0.00982329099999979, "mean": 0.0024558227499999474, "maximum": 0.0063140409999999925, "__type__": "DurationSummary"}, {"operation": "Constrain", "called": 4, "total": 0.005670959000000142, "mean": 0.0014177397500000355, "maximum": 0.0017762919999999571, "__type__": "DurationSummary"}, {"operation": "Generate", "called": 5, "total": 0.0012286670000001276, "mean": 0.00024573340000002555, "maximum": 0.0004789579999999738, "__type__": "DurationSummary"}], "__type__": "ProgramStats"}, "is_solution": true, "stats_file": "./results/md/magicpopper_types/6000/2/stats.json", "end": true, "__type__": "Stats"}