{"log_best_programs": true, "num_literals": 0, "total_programs": 2, "total_rules": 0, "total_ground_rules": 0, "durations": {"generate": [0.00032191599999997766, 0.0021140839999999606, 0.0001694999999999336], "find_bindings_prolog": [0.026014375000000034, 1.151407917], "bind": [5.829999999984459e-07, 0.211839667], "test": [0.0262965, 1.36443725], "combine": [6.250000000318501e-07, 0.057206791999999895], "constrain": [0.003339333, 0.004516167000000015]}, "final_exec_time": 1.583496125, "stages": [], "best_programs": [], "solution": null, "is_solution": false, "stats_file": "./results/list_magicvaluesameclause/magicpopper/14/4/stats.json", "end": true, "__type__": "Stats"}