{"log_best_programs": true, "num_literals": 0, "total_programs": 2, "total_rules": 0, "total_ground_rules": 0, "durations": {"generate": [0.0003311249999999877, 0.0019077089999999797, 0.0005849999999998357], "find_bindings_prolog": [0.024956332999999997, 1.156160125], "bind": [5.839999999701639e-07, 0.11679516700000003], "test": [0.02521741700000002, 1.273871458], "combine": [5.419999999922709e-07, 0.03429062499999991], "constrain": [0.0034431249999999913, 0.004459290999999865]}, "final_exec_time": 1.468271208, "stages": [], "best_programs": [], "solution": null, "is_solution": false, "stats_file": "./results/list_magicvaluesameclause/magicpopper/12/8/stats.json", "end": true, "__type__": "Stats"}