{"log_best_programs": true, "num_literals": 0, "total_programs": 2, "total_rules": 0, "total_ground_rules": 0, "durations": {"generate": [0.0003119160000000232, 0.0017857920000000083, 0.0005315830000001132], "find_bindings_prolog": [0.015947125000000006, 0.6411409159999999], "bind": [5.000000000143778e-07, 0.09328345900000001], "test": [0.016196209000000017, 0.735227834], "combine": [5.000000000143778e-07, 0.025784333000000048], "constrain": [0.002821832999999996, 0.004326916000000125]}, "final_exec_time": 0.90509775, "stages": [], "best_programs": [], "solution": null, "is_solution": false, "stats_file": "./results/list_magicvaluesameclause/magicpopper/7/8/stats.json", "end": true, "__type__": "Stats"}