{"log_best_programs": true, "num_literals": 0, "total_programs": 150, "total_rules": 0, "total_ground_rules": 0, "durations": {"generate": [0.000830166000000021, 0.0002986249999999968, 0.00022208299999998404, 0.00035012500000003444, 0.00012158299999998068, 0.0010202500000000003, 0.00036079199999999867, 0.00036720899999997947, 0.0005594579999999572, 0.00025975000000000303, 0.0007141669999999878, 0.0002222920000000128, 0.00027445900000000467, 0.0005132909999999713, 0.0003961660000000311, 0.0002486669999999802, 0.0004592909999999728, 0.0004030000000000422, 0.0003126250000000108, 0.0006953749999999981, 0.00030249999999998334, 0.0006203330000000284, 0.00046883399999997355, 0.00027654199999999074, 0.00023216700000000534, 0.0004499170000000219, 0.0010741669999999592, 0.00023037500000000488, 0.00037249999999999783, 0.0003107920000000042, 0.00017649999999996835, 0.00017654200000000175, 0.0003171249999999737, 0.00024812499999998794, 0.0009943749999999918, 0.0003701249999999989, 0.00020883299999996385, 0.00022695799999999933, 0.000209542000000007, 0.0008638750000000139, 0.00022933299999999823, 0.0002035410000000848, 0.0002257909999999752, 0.00020983399999996433, 0.0002131250000000362, 0.0006077909999999687, 0.000213208999999992, 0.0005225420000000147, 0.00026937500000001613, 0.00021795800000001808, 0.00023099999999998122, 0.0007719999999999949, 0.00028883299999993284, 0.00020741699999993202, 0.00021395800000001408, 0.00030012499999998443, 0.00022391599999993517, 0.00020812500000000345, 0.00022025000000003292, 0.00023716699999998259, 0.00041516699999999407, 0.00023529200000005357, 0.0002585829999999234, 0.00022420899999997523, 0.00021549999999992409, 0.00022604199999998187, 0.00024333399999998395, 0.00022591599999999268, 0.0012095410000000362, 0.00023529199999994255, 0.0002779160000000447, 0.0003474580000000227, 0.0002743750000000489, 0.00028162499999995205, 0.00020966700000002447, 0.001064415999999957, 0.0002633749999999546, 0.0002650409999999104, 0.0003626669999999832, 0.00024883300000000386, 0.00042037499999991734, 0.0013745419999999786, 0.00025045899999998067, 0.0002329999999999277, 0.0002306659999999905, 0.0003338330000000056, 0.00026245800000002095, 0.0002330830000000228, 0.0002674160000000203, 0.0005629169999999961, 0.00029129199999999855, 0.0002447500000000158, 0.0006029590000000695, 0.0002275420000000805, 0.00027133300000004024, 0.00027762499999994805, 0.00027287500000006126, 0.00035004100000002314, 0.0002671670000000681, 0.00035320799999993824, 0.0003757920000000414, 0.00023725000000007768, 0.00026016699999997783, 0.0006127080000000173, 0.00035404199999999886, 0.0001955839999999709, 0.00019779200000002994, 0.00019937500000000163, 0.0001818329999999646, 0.0001947500000000213, 0.00020812500000000345, 0.00018583400000005135, 0.0009473750000000836, 0.0002191249999999867, 0.00023174999999997503, 0.00026120799999995725, 0.0006721659999999741, 0.00022383300000006212, 0.00024725000000003217, 0.00021354100000003928, 0.00025758300000000567, 0.0002019589999999738, 0.000457875000000052, 0.00020379199999998043, 0.000403083999999998, 0.0002355419999999775, 0.00026433299999994997, 0.00022333299999999223, 0.00022920800000003627, 0.0004030830000000263, 0.00031891699999997414, 0.00023287500000002126, 0.00022387500000009553, 0.00019124999999997616, 0.0001838749999999445, 0.0002527500000000238, 0.00035270799999997937, 0.0002871250000000547, 0.00044441699999997475, 0.00018687500000003077, 0.0002495000000000136, 0.00018125000000002167, 0.0005964999999999998, 0.00022954100000005528, 0.0014178330000000905, 0.00039920800000003975, 0.0002541669999999163, 0.0011224170000000422, 0.0022818330000000664, 0.00046683400000002706, 0.00495391700000003], "find_bindings_prolog": [0.016975499999999977, 0.0010598750000000434, 0.00101904199999997, 0.0007407090000000061, 0.0009125420000000162, 0.000670958999999971, 0.0009793750000000045, 0.0011377079999999595, 0.0010932909999999962, 0.0011763750000000073, 0.0011620410000000025, 0.0012949580000000127, 0.0009649999999999936, 0.0011852080000000487, 0.0023427919999999824, 0.0006216660000000207, 0.0006938750000000105, 0.001133832999999973, 0.0008247920000000186, 0.0006454579999999877, 0.001057750000000024, 0.0013442080000000134, 0.0010227500000000167, 0.0008561249999999854, 0.0006213330000000017, 0.0005793330000000152, 0.000532208000000034, 0.0005254580000000342, 0.0013915419999999679, 0.0009741669999999703, 0.0008432090000000114, 0.0009389170000000391, 0.001109625000000003, 0.0006840000000000179, 0.0010688749999999692, 0.0010919589999999202, 0.000615749999999915, 0.0009726669999999826, 0.0010992080000000737, 0.0006163750000000023, 0.0011180840000000192, 0.0009795420000000554, 0.0008716669999999649, 0.0007572499999999316, 0.0008867089999999855, 0.0009889579999999842, 0.0008318749999999264, 0.0009742499999999543, 0.000692082999999899, 0.0009788750000000457, 0.0010036250000000635, 0.0009300420000000198, 0.0010724170000000477, 0.0007509169999999621, 0.0010594589999999293, 0.0006422090000000047, 0.0009976670000000354, 0.0010037080000000476, 0.000987167000000011, 0.0009908749999999467, 0.0010080409999999596, 0.0007269589999999715, 0.0008637080000000186, 0.0009129169999999576, 0.0013367079999999643, 0.0007317920000000644, 0.0007030000000000092, 0.0007593750000000066, 0.0016363749999999122, 0.001409292000000062, 0.0014473339999999668, 0.0010943749999999808, 0.0011203749999999513, 0.0011472089999999824, 0.0011285420000000101, 0.0006276670000000539, 0.0010235840000000218, 0.0008856660000000627, 0.0011235840000000108, 0.0012400000000000189, 0.0011901250000000418, 0.0014598749999999994, 0.0013488329999999937, 0.000691417000000083, 0.001027249999999924, 0.001161457999999893, 0.0011015830000000726, 0.0007206659999999809, 0.0007374579999999131, 0.000863500000000017, 0.001483582999999955, 0.0007610829999999957, 0.0011753329999999451, 0.0009857909999999581, 0.0011495830000000096, 0.0010183329999999824, 0.0011980000000000324, 0.0007037080000000806, 0.0005767920000000482, 0.0005481250000000104, 0.0006260409999999661, 0.0007368749999999702, 0.0006073340000000149, 0.000773625, 0.0005595840000000019, 0.0005453749999999591, 0.0005522919999999543, 0.0005366249999999573, 0.0005988749999999987, 0.0005946249999999598, 0.0005444589999999971, 0.0005432499999999951, 0.0006041250000000664, 0.0005977919999999859, 0.0005882919999999903, 0.00053241599999998, 0.0005212499999999176, 0.0005293749999999431, 0.0005390410000000179, 0.0005278340000000048, 0.0005864170000000613, 0.0007251670000000265, 0.0007114160000000203, 0.0010209160000000939, 0.0006299169999999243, 0.000933957999999957, 0.0006400420000000073, 0.0009623330000000374, 0.0009504999999999653, 0.0010130000000000416, 0.0010346250000000667, 0.001028958999999996, 0.0015905000000000502, 0.0011185830000000063, 0.001086916999999965],