{"log_best_programs": true, "num_literals": 0, "total_programs": 30, "total_rules": 0, "total_ground_rules": 0, "durations": {"generate": [0.0003813339999998444, 0.00032029099999997257, 0.00034533300000005873, 0.00032841699999996976, 0.00041520799999994473, 0.0002951250000000627, 0.00031137500000011364, 0.0003411660000001149, 0.00027516699999985406, 0.00028441599999995404, 0.000503417000000006, 0.0003235830000001272, 0.0003789999999999072, 0.0003465830000000114, 0.0003493750000003182, 0.0004670829999997572, 0.00028625000000026546, 0.00027420899999963666, 0.0002687500000000398, 0.0003485000000003069, 0.00030583299999964453, 0.00040416699999923367, 0.0003403329999995819, 0.0002905000000001934, 0.0004039580000005927, 0.0003676659999998222, 0.0002484999999996518, 0.0006783749999996758, 0.00037887500000000074, 0.0003986249999998748, 0.00021408299999947644], "test": [0.06332216599999985, 0.04575649999999998, 0.002830416999999974, 0.13227816699999995, 0.13323087499999997, 0.032497, 0.00289824999999988, 0.0022511250000001315, 0.0022284170000002046, 0.0036484999999999435, 0.003752957999999973, 0.005173666999999993, 0.1360331669999999, 1.0579034579999997, 0.033822584000000155, 0.0024989579999998845, 0.002303583000000664, 0.0022742090000003046, 0.0036997910000007295, 0.03385450000000034, 0.14876533300000006, 0.0034106249999998894, 0.00572429200000002, 0.008309917000000056, 0.006353166000000243, 0.0042218749999998195, 0.004053292000000042, 2.7867152920000002, 0.007566000000000628, 0.12740612500000026], "combine": [5.409999999095305e-07, 0.014423084000000141, 4.1700000008582094e-07, 0.07399020899999997, 5.83000000053957e-07, 0.09101766700000002, 3.7500000016343904e-07, 4.1699999986377634e-07, 4.1700000008582094e-07, 9.15999999850925e-07, 4.1600000000308057e-07, 0.06682787499999998, 4.999999998478444e-07, 1.048721875, 5.410000003536197e-07, 4.5899999978615824e-07, 3.7499999994139444e-07, 4.1699999986377634e-07, 4.5799999970341787e-07, 4.999999996257998e-07, 5.84000000358742e-07, 4.5799999970341787e-07, 4.5799999970341787e-07, 4.1699999986377634e-07, 3.7499999994139444e-07, 4.1699999986377634e-07, 3.7500000082957285e-07, 9.579999993292176e-07, 5.419999995481817e-07, 0.025960833000000072], "constrain": [0.0011666249999999767, 0.000997625000000113, 0.0011530840000000264, 0.00015125000000004718, 0.001264166000000122, 0.0001677909999999727, 0.001378040999999941, 0.0002170409999999734, 0.00017787500000010503, 0.0002035419999999455, 0.00019049999999998235, 0.00020258300000008944, 0.00011350000000009963, 0.00014166700000028953, 0.00010054099999967647, 0.00018204099999952206, 0.00017416699999994734, 0.00017383300000073376, 0.00018516600000051398, 0.00012766600000002626, 0.00013675000000024085, 0.00020725000000076932, 0.00016858299999977788, 0.0001668749999996777, 0.00028674999999989126, 0.00018837500000046248, 0.0001817500000003136, 0.0013183329999995053, 0.0011760000000000659, 0.00014433399999980168], "find_bindings_prolog": [0.04431404199999989, 0.002634666999999924, 0.13066204100000012, 0.13108575, 0.03027191600000001, 0.0026781249999998646, 0.002044875000000168, 0.002026249999999896, 0.00345058400000009, 0.0035381249999999476, 0.004665750000000024, 0.13339608299999983, 0.9997040420000003, 0.031616666000000127, 0.0022872080000002626, 0.002109958000000134, 0.002081834000000171, 0.003506750000000558, 0.031845542000000115, 0.14575491699999965, 0.0030490830000005076, 2.7834304579999998, 0.1267470829999997], "inconsistent thingy": [3.000000000419334e-06]}, "final_exec_time": 6.8423099999999994, "stages": [], "best_programs": [], "solution": {"code": "magic_value(A):- tail(A,B),magic_value(B).\nmagic_value(A):- head(A,c7),magic(c7).", "is_solution": true, "conf_matrix": [500, 0, 500, 0], "total_exec_time": 6.842308084, "durations": [{"operation": "Test", "called": 30, "total": 4.804784209000003, "mean": 0.16015947363333344, "maximum": 2.7867152920000002, "__type__": "DurationSummary"}, {"operation": "Find_Bindings_Prolog", "called": 23, "total": 4.622901749000001, "mean": 0.20099572821739137, "maximum": 2.7834304579999998, "__type__": "DurationSummary"}, {"operation": "Combine", "called": 29, "total": 1.2949926259999984, "mean": 0.04465491813793098, "maximum": 1.048721875, "__type__": "DurationSummary"}, {"operation": "Constrain", "called": 29, "total": 0.012299370000001808, "mean": 0.0004241162068966141, "maximum": 0.001378040999999941, "__type__": "DurationSummary"}, {"operation": "Generate", "called": 30, "total": 0.010661413999998537, "mean": 0.0003553804666666179, "maximum": 0.0006783749999996758, "__type__": "DurationSummary"}, {"operation": "Inconsistent Thingy", "called": 1, "total": 3.000000000419334e-06, "mean": 3.000000000419334e-06, "maximum": 3.000000000419334e-06, "__type__": "DurationSummary"}], "__type__": "ProgramStats"}, "is_solution": true, "stats_file": "./results/list_example/magicpopper_types/500/0/stats.json", "end": true, "__type__": "Stats"}