{"log_best_programs": true, "num_literals": 0, "total_programs": 31, "total_rules": 0, "total_ground_rules": 0, "durations": {"generate": [0.00038995800000002356, 0.0002785829999999989, 0.0002174999999999816, 0.00032999999999999696, 0.0002167089999999816, 0.00026687499999999975, 0.0011319999999999664, 0.0021337920000000232, 0.0006722919999999633, 0.00015537500000001314, 0.0004126670000000332, 0.0009802499999999603, 0.00020616600000000762, 0.0001954160000000038, 0.00015599999999998948, 0.0002823750000000014, 0.0005184579999999994, 0.0001950829999999848, 0.0055998329999999985, 0.00018158300000004068, 0.0009914589999999723, 0.00021799999999999597, 0.001159416999999996, 0.00018200000000001548, 0.0001807079999999739, 0.0002219170000000159, 0.0008783750000000423, 0.00017804199999998938, 0.00022900000000003473, 0.0013855409999999901, 0.000271874999999977, 0.09042704200000001], "find_bindings_prolog": [0.01245287500000003, 0.0006137499999999685, 0.0009403749999999933, 0.0005018330000000071, 0.0008910830000000147, 0.00047720899999997846, 0.0004350000000000187, 0.00041045800000000243, 0.00038199999999999346, 0.00037233300000000247, 0.0005419159999999756, 0.0004316659999999972, 0.00047708299999998927, 0.00048637500000003886, 0.0004459590000000513, 0.00039404199999998335, 0.0003274169999999965, 0.0008321669999999948, 0.000765624999999992, 0.0008409169999999966, 0.0008452919999999975, 0.0008770839999999724, 0.0008397089999999663, 0.0008569170000000126, 0.0008681660000000035, 0.0008013330000000152, 0.0008526250000000513, 0.0008225409999999544, 0.0007757500000000195, 0.0007400830000000025], "test": [0.013340458, 0.00029333300000000673, 0.001023542000000044, 0.0016177500000000289, 0.0007142499999999719, 0.0016925419999999636, 0.0006419999999999759, 0.0006928749999999817, 0.0005601670000000003, 0.0005282500000000079, 0.0005250419999999756, 0.0010576670000000399, 0.000691832999999975, 0.0008313750000000231, 0.0008346250000000333, 0.0008328750000000107, 0.0005437080000000316, 0.00047195799999999455, 0.0016207909999999548, 0.0014585000000000292, 0.0016205839999999805, 0.001622166000000036, 0.0018898339999999791, 0.0018535419999999858, 0.002179125000000004, 0.0018778750000000288, 0.0017111670000000134, 0.0018647079999999927, 0.0018288340000000014, 0.0015461250000000093, 0.0015032500000000115], "combine": [0.002999167000000025, 4.5900000000820285e-07, 0.0020733330000000105, 4.5900000000820285e-07, 0.00088408299999998, 4.5799999998097363e-07, 4.1600000000308057e-07, 4.1699999997479864e-07, 3.749999999969056e-07, 3.749999999969056e-07, 3.749999999969056e-07, 3.749999999969056e-07, 3.749999999969056e-07, 4.5799999998097363e-07, 4.1600000000308057e-07, 3.749999999969056e-07, 3.749999999969056e-07, 3.749999999969056e-07, 4.1600000000308057e-07, 4.170000000303098e-07, 4.1699999997479864e-07, 4.170000000303098e-07, 4.5900000000820285e-07, 3.749999999969056e-07, 4.5799999998097363e-07, 4.170000000303098e-07, 4.580000000364848e-07, 4.1600000000308057e-07, 4.1699999997479864e-07, 4.1699999997479864e-07, 4.170000000303098e-07], "constrain": [0.001473374999999999, 0.00145099999999998, 0.0003314170000000005, 0.0012706659999999759, 0.0004109999999999947, 0.004271542000000017, 0.0007774999999999865, 0.0009040000000000159, 0.000277417000000002, 0.000272207999999996, 0.000276208, 0.002898249999999991, 0.0008967500000000017, 0.00046287500000002924, 0.0005107500000000043, 0.003409959000000018, 0.0002723339999999852, 0.00026520800000001676, 0.0006182079999999535, 0.0004621659999999861, 0.0004617920000000164, 0.0004601249999999779, 0.000529084000000013, 0.00032087499999999824, 0.0005132910000000268, 0.000513874999999997, 0.0005104999999999693, 0.0005175000000000041, 0.00032091700000003165, 0.00017045800000003997, 0.00016895799999999683]}, "final_exec_time": 0.256939209, "stages": [], "best_programs": [], "solution": {"code": "next_control(A,black):- true_control(A,white).\nnext_control(A,white):- true_control(A,black).", "is_solution": true, "conf_matrix": [13, 0, 13, 0], "total_exec_time": 0.256935959, "durations": [{"operation": "Test", "called": 3, "total": 0.01465733300000005, "mean": 0.004885777666666684, "maximum": 0.013340458, "__type__": "DurationSummary"}, {"operation": "Find_Bindings_Prolog", "called": 2, "total": 0.013066624999999998, "mean": 0.006533312499999999, "maximum": 0.01245287500000003, "__type__": "DurationSummary"}, {"operation": "Combine", "called": 2, "total": 0.002999626000000033, "mean": 0.0014998130000000165, "maximum": 0.002999167000000025, "__type__": "DurationSummary"}, {"operation": "Constrain", "called": 2, "total": 0.002924374999999979, "mean": 0.0014621874999999895, "maximum": 0.001473374999999999, "__type__": "DurationSummary"}, {"operation": "Generate", "called": 3, "total": 0.0008860410000000041, "mean": 0.00029534700000000136, "maximum": 0.00038995800000002356, "__type__": "DurationSummary"}], "__type__": "ProgramStats"}, "is_solution": true, "stats_file": "./results/iggp-gt-centipede-next/magicpopper_types/0/stats.json", "end": true, "__type__": "Stats"}