{"log_best_programs": true, "num_literals": 0, "total_programs": 151, "total_rules": 0, "total_ground_rules": 0, "durations": {"generate": [0.0002809579999999978, 0.00013024999999999842, 0.000155874999999972, 0.00027525000000000466, 0.00010575000000001555, 0.0007424999999999793, 0.000571958000000039, 0.00018783399999999784, 0.00034641600000001604, 0.00014895800000003234, 0.00047704100000001137, 0.00041804199999995184, 0.00019583400000000584, 0.00014500000000000624, 0.0002450840000000065, 0.00015937500000001714, 0.00015866700000000122, 0.00017845799999999246, 0.0001470829999999923, 0.00027691699999998765, 0.00016404100000000366, 0.00022279099999999996, 0.0006925829999999689, 0.00016537499999996763, 0.0001602910000000346, 0.00016604100000000566, 0.0005655829999999806, 0.000126333000000034, 0.0001324169999999958, 0.0001259169999999754, 0.0005511249999999857, 0.0002047920000000092, 0.0005129160000000299, 0.00017883299999998936, 0.00022970900000002237, 0.00019099999999999673, 0.0006005000000000038, 0.00019795799999999808, 0.00016079099999999347, 0.00022566699999998496, 0.00017054099999996852, 0.00016320799999997027, 0.00032524999999999915, 0.00015045799999996445, 0.00023000000000000798, 0.0003598750000000095, 0.0001694999999999891, 0.00016920799999997627, 0.0001751669999999761, 0.00022704200000001062, 0.0004270000000000107, 0.0001431250000000217, 0.00015162499999998857, 0.00014066699999998322, 0.0001354579999999772, 0.000191875000000008, 0.00033658400000002864, 0.00017162500000000858, 0.0002031250000000262, 0.0003647500000000248, 0.0002034160000000118, 0.00018612500000003696, 0.00016283299999997336, 0.00023216700000000534, 0.00019533300000001974, 0.00018008299999999755, 0.00019483299999994985, 0.0001707080000000194, 0.00017979200000001194, 0.0002415000000000056, 0.0002038749999999645, 0.00021495799999998733, 0.0002478750000000085, 0.00019062499999999982, 0.00019141700000002704, 0.00016320799999997027, 0.0023294580000000065, 0.00021283399999999508, 0.00019683299999995185, 0.0001647080000000134, 0.00019008400000003478, 0.00017566600000001875, 0.00017450000000002186, 0.00018812499999998344, 0.00017854200000000375, 0.000179874999999996, 0.00016325000000000367, 0.00015920799999996627, 0.00017533399999997146, 0.00019099999999999673, 0.00017620899999998274, 0.00017341700000000904, 0.0001799169999999739, 0.00018016600000003713, 0.00018266699999996971, 0.00039570899999996634, 0.00017154099999999728, 0.00018099999999998673, 0.00019050000000003786, 0.00018737499999998963, 0.00029412500000003394, 0.00021370799999997914, 0.00041925000000003765, 0.0003305829999999954, 0.00024487499999997775, 0.0002542919999999893, 0.0002467079999999844, 0.00023620800000001552, 0.0002730830000000628, 0.0001935840000000244, 0.00019558299999999917, 0.0006828749999999717, 0.0003025829999999674, 0.0001662919999999568, 0.00017087500000001477, 0.00014012500000004646, 0.0001620840000000623, 0.00014958300000000868, 0.00023133300000000023, 0.0001899169999999284, 0.0007990409999999448, 0.00021212500000000745, 0.00019795799999999808, 0.00019537499999999763, 0.00015229199999999832, 0.00020145900000001493, 0.00022795799999997257, 0.00016491600000001494, 0.00019945899999995742, 0.00040804199999999735, 0.00030037499999990835, 0.00021083299999991034, 0.00014779200000003545, 0.00015233300000006, 0.00014854200000002926, 0.0002946670000000262, 0.00014520799999995226, 0.00020591700000005542, 0.00014808300000002106, 0.00019804099999998215, 0.00014533299999996974, 0.0004992500000000621, 0.00022383400000003384, 0.00032774999999996, 0.00016874999999993978, 0.00071208300000003, 0.00018620800000002102, 0.00041837499999997085, 0.0001942910000000131, 0.0015065419999999996, 0.00032362499999993855, 0.0033159170000000016], "find_bindings_prolog": [0.010622832999999998, 0.0007492499999999791, 0.0004642920000000328, 0.0005036670000000409, 0.0006657079999999871, 0.0004841669999999798, 0.000759749999999948, 0.0013375420000000249, 0.0004704999999999848, 0.0006714999999999915, 0.0006509999999999572, 0.0007778339999999773, 0.0006955000000000156, 0.0006864580000000009, 0.0007779579999999675, 0.00045208399999996374, 0.0006337499999999885, 0.00047083300000000383, 0.00040045799999999243, 0.0005347920000000062, 0.000647958000000004, 0.00063787500000001, 0.0006473329999999722, 0.0004076659999999732, 0.00038645799999997843, 0.0007206660000000364, 0.0006786669999999662, 0.000606959000000018, 0.000689499999999954, 0.0007327500000000042, 0.000565209000000011, 0.0007927090000000026, 0.0005506670000000047, 0.0007997080000000101, 0.0007253329999999947, 0.0008021669999999648, 0.0004862500000000214, 0.0004310419999999926, 0.0006208749999999652, 0.0008093329999999677, 0.0007191249999999871, 0.0005032079999999772, 0.0004038329999999646, 0.00044208300000003753, 0.0004554999999999976, 0.0004416660000000072, 0.0004493750000000296, 0.0004398749999999785, 0.0005492079999999677, 0.0006356660000000347, 0.0005284170000000032, 0.0005165830000000149, 0.0007759160000000431, 0.0008095830000000026, 0.0005239590000000183, 0.0005109580000000058, 0.0007810839999999875, 0.0006474580000000452, 0.0007522500000000099, 0.0007656659999999982, 0.0007295419999999719, 0.0008264580000000299, 0.0007175830000000216, 0.0008212089999999894, 0.0009247500000000297, 0.0005797079999999566, 0.0004950000000000232, 0.0006921669999999658, 0.0007433749999999906, 0.0008003749999999643, 0.0006296250000000225, 0.0005036669999999854, 0.0007065829999999829, 0.000731083999999993, 0.0007193340000000159, 0.0005020840000000137, 0.0006226249999999878, 0.0007308329999999863, 0.0008169170000000281, 0.0008104170000000077, 0.000539542000000004, 0.0004974579999999507, 0.0008278750000000334, 0.0008387920000000326, 0.0004965829999999949, 0.0007330829999999677, 0.0004982920000000113, 0.0007332080000000407, 0.0008130000000000082, 0.000710959000000011, 0.0005059170000000224, 0.0005289589999999955, 0.0005765830000000194, 0.0008732909999999983, 0.0006167920000000326, 0.0009005830000000103, 0.0009917500000000135, 0.0009184170000000047, 0.0006164999999999643, 0.000609083999999982, 0.0005485410000000135, 0.0008959579999999745, 0.000789291999999997, 0.0005518749999999795, 0.0009584160000000175, 0.0005964580000000774, 0.0004730830000000408, 0.0005304170000000052, 0.0004654590000000569, 0.0004474580000000117, 0.00043837499999999086, 0.0005064169999999812, 0.0004365830000000459, 0.000465624999999914, 0.0004530839999999925, 0.0004710419999999216, 0.0004398330000000561, 0.00041799999999991844, 0.00042520899999998196, 0.0004132909999999823, 0.0004237919999999784, 0.00042116699999994456, 0.00041437499999996685, 0.0004149169999999591, 0.00042445800000001643, 0.00041604200000000535, 0.0007075420000000054, 0.0007391250000000626, 0.0007177080000000391, 0.0006987080000000478, 0.0007229589999999675, 0.0007115410000000377, 0.0007162499999999739, 0.0007225419999999927, 0.0007673750000000146, 0.0007362499999999939],