{"log_best_programs": true, "num_literals": 0, "total_programs": 144, "total_rules": 0, "total_ground_rules": 0, "durations": {"generate": [0.0004362089999999652, 0.0001410829999999863, 0.00017783300000001612, 0.0003033749999999946, 0.00011529199999998907, 0.0010124170000000432, 0.000605874999999978, 0.000327208999999995, 0.00033929200000004656, 0.0001891249999999567, 0.0004950420000000011, 0.00037087499999999274, 0.0001751670000000316, 0.00018416700000001285, 0.00018308400000000002, 0.0001822910000000011, 0.00018129199999999956, 0.00027450000000001085, 0.0002790409999999799, 0.00015883299999996936, 0.0002911250000000032, 0.0003522919999999763, 0.00017429200000002032, 0.0001743339999999982, 0.000191541999999989, 0.00017245800000004197, 0.0008084999999999898, 0.00022687500000001526, 0.00016424999999997691, 0.00037087499999999274, 0.00014466699999998722, 0.0002525830000000284, 0.00017383300000001212, 0.00017525000000001567, 0.00017400000000000748, 0.0002051249999999727, 0.00043404200000002335, 0.0001331250000000117, 0.00018695800000001483, 0.00027650000000001285, 0.00017000000000000348, 0.0001922079999999715, 0.00016649999999995835, 0.0003757079999999746, 0.00017741699999995753, 0.00029887500000003175, 0.00018383300000002212, 0.0001810830000000263, 0.00022483299999997985, 0.0001918329999999746, 0.00019350000000006862, 0.0008822499999999733, 0.00020054200000008127, 0.00019633299999999299, 0.00022170799999998714, 0.00026254199999997674, 0.00017583300000001412, 0.00017820800000001302, 0.0001707920000000307, 0.00032850000000006485, 0.0001863750000000719, 0.00019466700000003723, 0.0001950830000000403, 0.00020937499999995612, 0.00018795799999993257, 0.00020449999999994084, 0.00046470799999998036, 0.0001958329999999231, 0.0005311249999999657, 0.00019208399999992576, 0.00020054199999997024, 0.0002231670000000241, 0.00025258400000005565, 0.00021604200000002738, 0.00019962500000003658, 0.00021687500000000526, 0.0002551250000000227, 0.00020808399999994176, 0.00023374999999992152, 0.0002662909999999741, 0.00019179199999996843, 0.00040641600000002054, 0.00021016699999998334, 0.00021095900000001055, 0.00020733299999997623, 0.00019662500000006133, 0.0001963339999999647, 0.00020079100000003347, 0.00021570799999992563, 0.00019154099999996177, 0.00019695799999996932, 0.00022379200000000044, 0.00020300000000006424, 0.00020370800000002465, 0.0002214579999999522, 0.0002427080000000359, 0.00021716699999996258, 0.00023041699999992726, 0.0002058329999999886, 0.00033483299999992333, 0.0002089999999999037, 0.0002091250000000322, 0.0002114159999999643, 0.0009746669999999291, 0.0015004580000000933, 0.0005203750000000174, 0.00015341700000004455, 0.00016516699999991058, 0.00014604200000001288, 0.00017704200000001613, 0.000149541999999947, 0.00016695899999996655, 0.00014895799999992132, 0.0006091670000000216, 0.00017750000000005262, 0.00019641699999994877, 0.00016808300000004106, 0.00017887499999991174, 0.00021129199999991854, 0.0001708340000000641, 0.00019379200000002594, 0.0001862499999999434, 0.00027841600000000355, 0.00015629200000000232, 0.0002478329999999751, 0.00016599999999999948, 0.00015558299999995917, 0.00018220899999998874, 0.0001664170000000853, 0.00033474999999993926, 0.00047912500000002467, 0.00019508299999992929, 0.00023650000000008387, 0.0002918749999999415, 0.0007024169999999552, 0.00022737499999991861, 0.0010267910000000269, 0.00017770799999994313, 0.0002354159999999883, 0.0001979169999999364, 0.0002190829999999533, 0.00040995899999995977, 0.00020979200000004194, 0.00020608300000002355, 0.004085208000000007], "find_bindings_prolog": [0.012453875000000003, 0.0016308329999999982, 0.000560082999999989, 0.0007269999999999777, 0.0010797499999999904, 0.0005510419999999461, 0.001763125000000032, 0.0026032500000000014, 0.0009870419999999935, 0.0006003339999999802, 0.0009626249999999947, 0.0006924580000000069, 0.000951957999999975, 0.0009561670000000078, 0.0004760829999999605, 0.0017061669999999807, 0.001571250000000024, 0.0004912919999999765, 0.0018314170000000018, 0.00182549999999998, 0.0016720000000000068, 0.0005320000000000324, 0.0018021249999999878, 0.000718207999999998, 0.0005273749999999966, 0.0004810419999999871, 0.000541542000000006, 0.0005213749999999906, 0.0005666249999999873, 0.000590083000000019, 0.0004277500000000045, 0.00044041599999999903, 0.001627916000000007, 0.001645249999999987, 0.001760291000000025, 0.0017444999999999822, 0.0018046660000000103, 0.0018565000000000387, 0.0018722079999999863, 0.0017127499999999851, 0.0018628750000000416, 0.0018593749999999964, 0.0019900839999999476, 0.0018292089999999428, 0.002017625000000023, 0.000567750000000089, 0.002004042000000039, 0.0006994580000000417, 0.0006307920000000466, 0.0005224580000000589, 0.0017900419999999917, 0.0016402500000000098, 0.0005846250000000053, 0.0005378329999999876, 0.0006242920000000263, 0.000613958000000081, 0.0020259160000000165, 0.0018941250000000798, 0.0020443329999999538, 0.0006349580000000188, 0.0020196670000000028, 0.0020048330000000947, 0.001983583000000011, 0.0020838750000000683, 0.0006764580000000464, 0.0018238750000000303, 0.0006087499999999357, 0.0017409160000000368, 0.001914916999999905, 0.0019671249999999585, 0.001897707999999998, 0.001963416999999912, 0.0018633340000000498, 0.0018900419999999807, 0.0006217910000000382, 0.0019636249999999134, 0.0005971670000000096, 0.0020358749999999093, 0.0019171669999999974, 0.0005899999999999794, 0.0005346670000000442, 0.001954208000000013, 0.001911666000000034, 0.0005769999999999387, 0.0018860830000000384, 0.0019021659999999274, 0.0005711250000000057, 0.0020329999999999515, 0.001947083000000016, 0.0019700000000000273, 0.0020655000000000534, 0.0020759580000000444, 0.0020610840000000463, 0.0006186249999999838, 0.001877374999999959, 0.00200987500000005, 0.00045691700000005664, 0.0019519169999999697, 0.0005205830000000189, 0.000525957999999993, 0.0005171669999999295, 0.0005255409999999072, 0.0005152089999999054, 0.0005915420000000005, 0.0005227909999999669, 0.0005627500000000563, 0.0005050410000000394, 0.0004655000000000076, 0.00046479199999993615, 0.0004701249999999879, 0.00045675000000000576, 0.0004892079999999632, 0.00046587499999994897, 0.0004956249999999995, 0.0005514580000000047, 0.0018868749999999546, 0.0017209169999999885, 0.0005062919999999638, 0.0004637920000000184, 0.0017199170000000708, 0.0018605829999999157, 0.0004979999999999984, 0.0005150419999999656, 0.0017184999999999562, 0.001819832999999993, 0.0019132089999999158, 0.0018687910000000363, 0.001995583000000023, 0.0019408330000000307],