{"log_best_programs": true, "num_literals": 0, "total_programs": 1, "total_rules": 0, "total_ground_rules": 0, "durations": {"generate": [0.0006822499999999954], "find_bindings_prolog": [0.020283374999999992], "bind": [0.03360912500000002], "test": [0.05493266699999999]}, "final_exec_time": 0.15343349999999994, "stages": [], "best_programs": [], "solution": {"code": "f([25, 71, 13, 94, 27, 5, 52, 7, 72, 15, 99, 45, 75, 62, 85, 30, 15, 39, 45, 60, 2, 83, 60, 66, 60, 78, 38, 54, 29, 89, 74, 95, 24, 83, 57, 16, 60, 83, 41],13):- magic([25, 71, 13, 94, 27, 5, 52, 7, 72, 15, 99, 45, 75, 62, 85, 30, 15, 39, 45, 60, 2, 83, 60, 66, 60, 78, 38, 54, 29, 89, 74, 95, 24, 83, 57, 16, 60, 83, 41]),magic(13).\nf([27, 39, 35, 75, 32, 14, 58, 11, 17, 33, 89, 87, 63, 11, 99, 85, 14, 54, 35, 85, 72, 2, 17, 26, 92, 52, 61, 1, 82, 92, 32, 4, 84, 37],33):- magic([27, 39, 35, 75, 32, 14, 58, 11, 17, 33, 89, 87, 63, 11, 99, 85, 14, 54, 35, 85, 72, 2, 17, 26, 92, 52, 61, 1, 82, 92, 32, 4, 84, 37]),magic(33).\nf([38, 12, 93, 15, 41, 101, 49, 14, 36, 47, 74, 61, 31, 45, 65, 100, 24, 33, 96, 63, 98, 28, 77, 35, 30, 23, 76, 78, 79, 77, 92, 92, 75, 98, 37, 36, 18, 91, 67, 81, 28],33):- magic([38, 12, 93, 15, 41, 101, 49, 14, 36, 47, 74, 61, 31, 45, 65, 100, 24, 33, 96, 63, 98, 28, 77, 35, 30, 23, 76, 78, 79, 77, 92, 92, 75, 98, 37, 36, 18, 91, 67, 81, 28]),magic(33).\nf([43, 4],4):- magic(4),magic([43, 4]).\nf([46, 42, 100, 86, 90, 81, 18, 62, 33, 52, 24, 66, 68, 97, 32],81):- magic(81),magic([46, 42, 100, 86, 90, 81, 18, 62, 33, 52, 24, 66, 68, 97, 32]).\nf([57, 73, 50, 23, 25, 61, 35, 88, 50, 1, 33, 71, 90, 25, 80, 78, 22, 15, 63, 21, 90],15):- magic([57, 73, 50, 23, 25, 61, 35, 88, 50, 1, 33, 71, 90, 25, 80, 78, 22, 15, 63, 21, 90]),magic(15).\nf([65, 63, 50, 79, 82, 63, 82, 7, 90, 54, 98, 25, 75, 98, 14, 19, 38, 82, 18, 25, 27, 70, 10, 14, 11, 74, 68, 78, 50, 60, 4, 92, 99, 45, 86, 83],27):- magic([65, 63, 50, 79, 82, 63, 82, 7, 90, 54, 98, 25, 75, 98, 14, 19, 38, 82, 18, 25, 27, 70, 10, 14, 11, 74, 68, 78, 50, 60, 4, 92, 99, 45, 86, 83]),magic(27).\nf([71, 92, 97, 15, 13, 3, 75, 9, 46, 82, 46, 16, 79, 100, 38, 33, 84, 58, 57, 77, 3, 36, 21, 30, 74, 35, 86, 11, 42, 11, 80, 96, 69, 41, 56, 13, 19, 24, 34, 51],36):- magic(36),magic([71, 92, 97, 15, 13, 3, 75, 9, 46, 82, 46, 16, 79, 100, 38, 33, 84, 58, 57, 77, 3, 36, 21, 30, 74, 35, 86, 11, 42, 11, 80, 96, 69, 41, 56, 13, 19, 24, 34, 51]).\nf([72, 92, 20, 2, 2, 51, 68, 97, 86, 30, 18, 73, 17, 15, 35, 14, 61, 55, 4, 26, 93, 42, 57, 25, 74, 17, 90, 79, 13, 32],51):- magic(51),magic([72, 92, 20, 2, 2, 51, 68, 97, 86, 30, 18, 73, 17, 15, 35, 14, 61, 55, 4, 26, 93, 42, 57, 25, 74, 17, 90, 79, 13, 32]).\nf([91, 74, 7, 98, 61, 100, 100, 98, 96, 91, 34, 38, 18, 57, 80, 50, 100, 7, 61, 88, 51, 64, 70, 81, 59, 63, 44, 72, 81, 42, 88, 44, 68, 49, 63, 7],64):- magic([91, 74, 7, 98, 61, 100, 100, 98, 96, 91, 34, 38, 18, 57, 80, 50, 100, 7, 61, 88, 51, 64, 70, 81, 59, 63, 44, 72, 81, 42, 88, 44, 68, 49, 63, 7]),magic(64).", "is_solution": true, "conf_matrix": [10, 0, 10, 0], "total_exec_time": 0.15340712500000003, "durations": [{"operation": "Test", "called": 1, "total": 0.05493266699999999, "mean": 0.05493266699999999, "maximum": 0.05493266699999999, "__type__": "DurationSummary"}, {"operation": "Bind", "called": 1, "total": 0.03360912500000002, "mean": 0.03360912500000002, "maximum": 0.03360912500000002, "__type__": "DurationSummary"}, {"operation": "Find_Bindings_Prolog", "called": 1, "total": 0.020283374999999992, "mean": 0.020283374999999992, "maximum": 0.020283374999999992, "__type__": "DurationSummary"}, {"operation": "Generate", "called": 1, "total": 0.0006822499999999954, "mean": 0.0006822499999999954, "maximum": 0.0006822499999999954, "__type__": "DurationSummary"}], "__type__": "ProgramStats"}, "is_solution": true, "stats_file": "./results/member/magicpopper/1/stats.json", "end": false, "__type__": "Stats"}