{"log_best_programs": true, "num_literals": 0, "total_programs": 34, "total_rules": 0, "total_ground_rules": 0, "durations": {"generate": [0.000320208000000044, 0.0001467500000000288, 0.0005487079999999533, 0.00017033400000004972, 0.0002530829999999873, 0.00023658300000001242, 0.00041195799999999005, 0.0001803750000000104, 0.000673291999999992, 0.00040729200000000354, 0.0003171250000000292, 0.00015058300000003744, 0.0001519580000000076, 0.00018466699999997171, 0.0002114579999999977, 0.0001387919999999987, 0.0003043750000000234, 0.0010179170000000903, 0.000184000000000073, 0.00016304199999994662, 0.00013920800000000177, 0.00017179199999994843, 0.00014008300000001306, 0.00016720799999991875, 0.0001687080000000174, 0.00018483300000005087, 0.00014775000000000205, 0.0002446670000000317, 0.00023062500000003983, 0.00021229099999997558, 0.0001724590000000692, 0.0009722500000000078, 0.00017770800000005416, 0.0003106669999999312, 0.0013799169999999528], "find_bindings_prolog": [0.027974582999999997, 0.0007091249999999771, 0.0008180839999999967, 0.0005613329999999972, 0.0010315000000000185, 0.00043766699999997494, 0.0007913339999999769, 0.0005011250000000467, 0.0004282079999999855, 0.0004930419999999991, 0.0005222089999999957, 0.0005567919999999171, 0.0006154999999999911, 0.0005445830000000429, 0.000504416000000063, 0.00046795799999999055, 0.00055633300000002, 0.0004674159999999983, 0.0005020840000000693], "test": [0.028733167000000004, 0.0003627500000000228, 0.0013947500000000002, 0.0017229589999999684, 0.0010399580000000075, 0.0022824579999999872, 0.0006079999999999974, 0.0004907499999999843, 0.0006285830000000159, 0.0012808330000000367, 0.0007497920000000269, 0.00038683400000000256, 0.00040720799999999224, 0.0006351250000000142, 0.00038562500000000055, 0.00038083300000002485, 0.0009779169999999393, 0.000750291000000014, 0.0007698749999999199, 0.00041520800000005575, 0.0003997079999999986, 0.0004457909999999732, 0.00041875000000002327, 0.00044562500000000504, 0.0005595419999999685, 0.0004330839999999725, 0.0004805829999999789, 0.0008530829999999767, 0.0008133750000000051, 0.0007552910000000468, 0.0006825830000000144, 0.0007844579999999324, 0.0006869160000000374, 0.0009952090000000524], "combine": [0.002267083000000003, 4.1600000000308057e-07, 9.579999999953515e-07, 4.580000000364848e-07, 3.749999999969056e-07, 5.000000000143778e-07, 4.1600000000308057e-07, 4.1699999997479864e-07, 4.1600000000308057e-07, 0.01078612499999998, 4.1699999997479864e-07, 4.5799999998097363e-07, 5.000000000143778e-07, 4.1600000000308057e-07, 4.170000000303098e-07, 4.170000000303098e-07, 2.6250000000338503e-06, 5.419999999922709e-07, 4.1699999997479864e-07, 4.580000000364848e-07, 4.1600000000308057e-07, 4.1700000008582094e-07, 3.7500000005241674e-07, 4.1699999997479864e-07, 4.1600000000308057e-07, 4.1700000008582094e-07, 4.1699999997479864e-07, 4.1699999997479864e-07, 3.7499999994139444e-07, 3.7499999994139444e-07, 4.1699999997479864e-07, 4.1699999997479864e-07, 3.7500000005241674e-07, 3.7499999994139444e-07], "constrain": [0.0019632500000000275, 0.001475333000000023, 0.0016070840000000364, 0.00025816700000003134, 0.0022859169999999707, 0.00030804099999998114, 0.002362374999999972, 0.0003593329999999617, 0.0002627080000000004, 0.0006072919999999815, 0.0006861249999999819, 0.0024581249999999777, 0.0006657500000000205, 0.0005531249999999877, 0.0006908330000000018, 0.0006970840000000145, 0.0006269580000000108, 0.0006243339999999487, 0.0006026660000000295, 0.0007640420000000203, 0.0010529170000000976, 0.0008061249999999909, 0.0007678749999999734, 0.0007889580000000063, 0.0008829579999999337, 0.0007882089999999842, 0.0007844170000000927, 0.0007141250000000099, 0.0006327080000000374, 0.0005971660000000378, 0.0008725000000000538, 0.0004078749999999465, 0.0005933330000000847, 0.0003864170000000833]}, "final_exec_time": 0.16614345800000002, "stages": [], "best_programs": [], "solution": {"code": "next_value(A,B):- does(A,player,noop),my_true_value(A,C),my_succ(B,C),magic(player),magic(noop).\nnext_value(A,5):- does(A,player,pressButton),magic(5),magic(player),magic(pressButton).", "is_solution": true, "conf_matrix": [8, 0, 46, 0], "total_exec_time": 0.166140958, "durations": [{"operation": "Test", "called": 10, "total": 0.038544208000000024, "mean": 0.0038544208000000023, "maximum": 0.028733167000000004, "__type__": "DurationSummary"}, {"operation": "Find_Bindings_Prolog", "called": 7, "total": 0.03232362599999994, "mean": 0.004617660857142848, "maximum": 0.027974582999999997, "__type__": "DurationSummary"}, {"operation": "Constrain", "called": 9, "total": 0.010882208000000004, "mean": 0.0012091342222222228, "maximum": 0.002362374999999972, "__type__": "DurationSummary"}, {"operation": "Generate", "called": 10, "total": 0.0033485830000000716, "mean": 0.00033485830000000715, "maximum": 0.000673291999999992, "__type__": "DurationSummary"}, {"operation": "Combine", "called": 9, "total": 0.0022710390000000302, "mean": 0.00025233766666667005, "maximum": 0.002267083000000003, "__type__": "DurationSummary"}], "__type__": "ProgramStats"}, "is_solution": true, "stats_file": "./results/iggp-minimaldecay/magicpopper_args/0/stats.json", "end": true, "__type__": "Stats"}