{"log_best_programs": true, "num_literals": 0, "total_programs": 2, "total_rules": 0, "total_ground_rules": 0, "durations": {"generate": [0.0003142919999999938, 0.0015889159999999958, 0.0006309580000001258], "find_bindings_prolog": [0.018033625000000053, 0.692174125], "bind": [5.829999999984459e-07, 0.06191083399999986], "test": [0.018284416999999997, 0.754907584], "combine": [5.419999999922709e-07, 0.01826658300000017], "constrain": [0.003157666999999975, 0.004375832999999885]}, "final_exec_time": 0.924111334, "stages": [], "best_programs": [], "solution": null, "is_solution": false, "stats_file": "./results/list_magicvaluesameclause/magicpopper/9/2/stats.json", "end": true, "__type__": "Stats"}