{"log_best_programs": true, "num_literals": 0, "total_programs": 38, "total_rules": 0, "total_ground_rules": 0, "durations": {"generate": [0.00036470799999999137, 0.00028287500000001575, 0.000607416999999999, 0.0006175840000000044, 0.001309417000000035, 0.001691708000000014, 0.0002806669999999567, 0.00036074999999996527, 0.0003521249999999809, 0.00034208299999999303, 0.00017320799999998027, 0.00028591599999999717, 0.002464999999999995, 0.00016058399999996364, 0.00016320800000002578, 0.00012399999999995748, 0.0001283750000000139, 0.00011591599999999369, 0.0006860419999999978, 0.0002591250000000267, 0.000299875000000005, 0.00024029099999994807, 0.00018758299999999117, 0.0005019169999999629, 0.0001774579999999637, 0.003925708000000028, 0.00046045899999996864, 0.0004065829999999604, 0.00032533400000001045, 0.0014001250000000298, 0.0003013749999999926, 0.0009099159999999551, 0.0021479999999999277, 0.00024254099999998502, 0.001064166000000033, 0.0002475419999999895, 0.0024528329999999876, 0.00017366699999998847, 0.11794954099999999], "find_bindings_prolog": [0.019400250000000008, 0.0007795839999999998, 0.0005986669999999972, 0.0026133749999999734, 0.0006878750000000045, 0.0009487079999999648, 0.0009608749999999722, 0.0010310829999999882, 0.0006807500000000077, 0.0005867919999999471, 0.0004117909999999947, 0.0006668750000000112, 0.00045266599999999046, 0.0004189169999999631, 0.0004530830000000208, 0.0004086669999999737, 0.00041245800000000443, 0.000489209000000046, 0.0004642920000000328, 0.0006041670000000443, 0.00046279199999998966, 0.0004802919999999933, 0.000467749999999989, 0.00032608300000003254, 0.0009297080000000291, 0.0009254579999999901, 0.001711041999999996, 0.0009609160000000339, 0.000919292000000016, 0.0008905830000000003, 0.0010643329999999729, 0.0008998340000000438, 0.0008027090000000126, 0.0009823330000000574, 0.002467459000000005, 0.0009086249999999962, 0.0008325829999999979], "test": [0.022357665999999998, 0.0006474579999999897, 0.0013273750000000195, 0.0007583329999999999, 0.004380375000000047, 0.0011231660000000088, 0.0019679999999999698, 0.0016735419999999723, 0.002127958000000041, 0.0009863749999999838, 0.0010067500000000007, 0.0005756670000000019, 0.0008487499999999537, 0.0007334589999999919, 0.0005786249999999993, 0.0007239580000000245, 0.0005632500000000151, 0.0006627079999999563, 0.0008508749999999732, 0.0008618329999999785, 0.0011420409999999825, 0.0007207499999999922, 0.0008385000000000198, 0.0006131659999999983, 0.000469749999999991, 0.0019674579999999775, 0.0019922079999999953, 0.0032184160000000017, 0.0020324580000000148, 0.0020004579999999827, 0.0019382500000000302, 0.0023929999999999785, 0.001737125000000006, 0.0018535419999999858, 0.002125916999999977, 0.0032206670000000104, 0.0025827920000000004, 0.0016212909999999692], "combine": [0.005712084000000006, 5.829999999984459e-07, 0.0020592919999999904, 4.1600000000308057e-07, 5.000000000143778e-07, 0.0027960830000000048, 8.329999999778792e-07, 4.5900000000820285e-07, 5.419999999922709e-07, 4.589999999526917e-07, 3.749999999969056e-07, 4.1699999997479864e-07, 4.580000000364848e-07, 4.5799999998097363e-07, 4.170000000303098e-07, 4.170000000303098e-07, 4.580000000364848e-07, 4.1600000000308057e-07, 3.749999999969056e-07, 3.749999999969056e-07, 3.7500000005241674e-07, 4.170000000303098e-07, 3.7500000005241674e-07, 2.909999999856083e-07, 3.329999999635014e-07, 4.1699999997479864e-07, 4.5900000000820285e-07, 4.5799999998097363e-07, 4.5799999998097363e-07, 4.5799999998097363e-07, 4.5799999998097363e-07, 6.250000000873612e-07, 4.579999999254625e-07, 6.249999999763389e-07, 4.580000000364848e-07, 4.999999999588667e-07, 4.5900000000820285e-07, 4.580000000364848e-07], "constrain": [0.0025948330000000186, 0.0011793749999999825, 0.0015121659999999815, 0.00013454199999995975, 0.002705041000000019, 0.0003542500000000004, 0.003401666999999997, 0.0002258330000000086, 0.0031172090000000097, 0.0009422079999999999, 0.0010528340000000025, 0.0008127500000000287, 0.00031354100000002827, 0.0003222920000000018, 0.00029445799999999744, 0.00033608400000001426, 0.0002702909999999781, 0.00031124999999998515, 0.0004673749999999921, 0.00590366600000003, 0.0006357089999999843, 0.0008877919999999984, 0.000521875000000005, 0.0002726670000000042, 0.000267874999999973, 0.0007703339999999836, 0.0005797909999999962, 0.0003950000000000342, 0.0005442499999999684, 0.0005500000000000504, 0.0005359589999999748, 0.00035404199999999886, 0.0004916249999999955, 0.0004974580000000062, 0.0004921249999999544, 0.0005006669999999547, 0.00019899999999994922, 0.0001755420000000285]}, "final_exec_time": 0.3422572079999999, "stages": [], "best_programs": [], "solution": {"code": "next_control(A,black):- true_control(A,white).\nnext_control(A,white):- true_control(A,black).", "is_solution": true, "conf_matrix": [13, 0, 13, 0], "total_exec_time": 0.342253625, "durations": [{"operation": "Test", "called": 6, "total": 0.030594373000000064, "mean": 0.0050990621666666775, "maximum": 0.022357665999999998, "__type__": "DurationSummary"}, {"operation": "Find_Bindings_Prolog", "called": 5, "total": 0.024079750999999983, "mean": 0.004815950199999997, "maximum": 0.019400250000000008, "__type__": "DurationSummary"}, {"operation": "Constrain", "called": 5, "total": 0.008125956999999961, "mean": 0.0016251913999999923, "maximum": 0.002705041000000019, "__type__": "DurationSummary"}, {"operation": "Combine", "called": 5, "total": 0.007772875000000012, "mean": 0.0015545750000000025, "maximum": 0.005712084000000006, "__type__": "DurationSummary"}, {"operation": "Generate", "called": 6, "total": 0.004873709000000059, "mean": 0.0008122848333333432, "maximum": 0.001691708000000014, "__type__": "DurationSummary"}], "__type__": "ProgramStats"}, "is_solution": true, "stats_file": "./results/iggp-gt-centipede-next/magicpopper_all/4/stats.json", "end": true, "__type__": "Stats"}