{"log_best_programs": true, "num_literals": 0, "total_programs": 24, "total_rules": 0, "total_ground_rules": 0, "durations": {"generate": [0.00041641700000000226, 0.0003410829999999643, 0.0003382080000000065, 0.000304208000000028, 0.0004045419999999522, 0.00029654200000001074, 0.00029091700000000165, 0.0003570420000000296, 0.00028954100000000427, 0.0002961669999999583, 0.0002782919999999578, 0.0002783749999999974, 0.00029812499999998243, 0.0002635420000000055, 0.0004622089999999912, 0.0003174169999999865, 0.0003159169999999989, 0.0002971669999999871, 0.0004484999999999628, 0.0002485829999999689, 0.000312332999999998, 0.00028291600000002193, 0.0005105839999999806, 0.0005365420000000287, 0.00013716599999996637], "test": [0.02100966700000001, 0.005794124999999983, 0.000615750000000026, 0.002001625000000007, 0.002403750000000038, 0.0023564999999999836, 0.000621957999999978, 0.0006510419999999906, 0.0006334999999999535, 0.0005849580000000243, 0.0005399170000000009, 0.0005304170000000052, 0.0005813330000000172, 0.0005331249999999677, 0.00284641699999999, 0.002804542000000021, 0.0007467500000000182, 0.00039004100000000763, 0.00031929200000002655, 0.0003074579999999827, 0.00042454200000002773, 0.00031641700000001327, 0.012093291000000006, 0.009919334000000002], "combine": [7.499999999938112e-07, 0.003205125000000031, 4.1699999997479864e-07, 0.000747957999999993, 5.829999999984459e-07, 4.580000000364848e-07, 4.1600000000308057e-07, 4.1699999997479864e-07, 4.1600000000308057e-07, 4.1699999997479864e-07, 3.3300000001901253e-07, 3.749999999969056e-07, 3.749999999969056e-07, 4.1600000000308057e-07, 5.419999999922709e-07, 4.999999999588667e-07, 4.1699999997479864e-07, 4.1600000000308057e-07, 4.1600000000308057e-07, 3.749999999969056e-07, 3.749999999969056e-07, 3.749999999969056e-07, 5.83000000053957e-07, 0.0028192910000000015], "constrain": [0.0012353330000000051, 0.000974291000000016, 0.0010257920000000254, 0.00013404099999997365, 0.0009934169999999964, 0.0002281659999999741, 0.0012429999999999941, 0.000223542000000021, 0.00018620899999999274, 0.00018666700000002923, 0.0001735840000000044, 0.00017000000000000348, 0.0001703750000000004, 0.000169541999999967, 0.0001050829999999503, 0.00011533299999999524, 0.0001942079999999735, 0.00015008399999999478, 0.0001851670000000416, 0.00017687500000002077, 0.00014783399999995783, 0.00014491700000002217, 0.0013060839999999851, 0.0010822500000000068], "find_bindings_prolog": [0.004654292000000004, 0.000431875000000026, 0.001189125000000013, 0.0013487500000000097, 0.0010979579999999545, 0.0004230000000000067, 0.0004486669999999582, 0.0004354159999999663, 0.00039041700000003177, 0.00036358300000000066, 0.0003507500000000108, 0.0004034159999999898, 0.00035770899999998385, 0.001478959000000002, 0.0014153749999999965, 0.00042041700000000626, 0.010616292000000027, 0.007272957999999996]}, "final_exec_time": 0.14508841700000003, "stages": [], "best_programs": [], "solution": {"code": "magic_value(A):- head(A,c7),magic(c7).\nmagic_value(A):- tail(A,B),magic_value(B).", "is_solution": true, "conf_matrix": [10, 0, 10, 0], "total_exec_time": 0.145086708, "durations": [{"operation": "Test", "called": 24, "total": 0.06902575100000008, "mean": 0.0028760729583333366, "maximum": 0.02100966700000001, "__type__": "DurationSummary"}, {"operation": "Find_Bindings_Prolog", "called": 18, "total": 0.03309895899999998, "mean": 0.0018388310555555547, "maximum": 0.010616292000000027, "__type__": "DurationSummary"}, {"operation": "Constrain", "called": 23, "total": 0.009639543999999944, "mean": 0.00041911060869564976, "maximum": 0.0013060839999999851, "__type__": "DurationSummary"}, {"operation": "Generate", "called": 24, "total": 0.008185168999999826, "mean": 0.00034104870833332607, "maximum": 0.0005365420000000287, "__type__": "DurationSummary"}, {"operation": "Combine", "called": 23, "total": 0.003962454999999976, "mean": 0.00017228065217391199, "maximum": 0.003205125000000031, "__type__": "DurationSummary"}], "__type__": "ProgramStats"}, "is_solution": true, "stats_file": "./results/list_example/magicpopper_types/10/9/stats.json", "end": true, "__type__": "Stats"}