{"log_best_programs": true, "num_literals": 0, "total_programs": 8, "total_rules": 0, "total_ground_rules": 0, "durations": {"generate": [0.00038312499999992866, 0.0004883749999999853, 0.0015269580000001337, 0.0011269579999999557, 0.0017028749999998816, 0.0004934999999999246, 0.001120082999999994, 0.00130766700000029, 0.0012425419999999576], "find_bindings_prolog": [0.024693207999999967, 0.03523783300000005, 0.1322189170000001, 0.148173667, 0.15779275000000004, 0.1481059170000001], "test": [0.028765375000000093, 0.048134791999999926, 0.018579166999999952, 0.13252525000000004, 0.14851499999999995, 0.019860583999999903, 0.15830579199999995, 0.14844545899999995], "combine": [0.02764395899999994, 0.005134958000000189, 5.83000000053957e-07, 6.249999999763389e-07, 9.579999999953515e-07, 5.00000000069889e-07, 5.84000000358742e-07, 4.5899999978615824e-07], "constrain": [0.0018089159999998827, 0.0023308749999999545, 0.0004140000000001365, 0.0029946249999999175, 0.005095457999999997, 0.001811500000000077, 0.001830749999999881, 0.005018333000000208]}, "final_exec_time": 2.038276958, "stages": [], "best_programs": [], "solution": {"code": "magic_value(A):- head(A,qy),magic(qy).\nmagic_value(A):- head(A,qm),magic(qm).\nmagic_value(A):- head(A,gz),magic(gz).\nmagic_value(A):- head(A,es),magic(es).\nmagic_value(A):- head(A,mw),magic(mw).\nmagic_value(A):- head(A,pv),magic(pv).\nmagic_value(A):- head(A,kw),magic(kw).\nmagic_value(A):- head(A,mz),magic(mz).\nmagic_value(A):- head(A,dt),magic(dt).\nmagic_value(A):- head(A,bq),magic(bq).\nmagic_value(A):- head(A,hl),magic(hl).\nmagic_value(A):- head(A,an),magic(an).\nmagic_value(A):- head(A,df),magic(df).\nmagic_value(A):- head(A,jt),magic(jt).\nmagic_value(A):- head(A,ag),magic(ag).\nmagic_value(A):- head(A,kd),magic(kd).\nmagic_value(A):- head(A,np),magic(np).\nmagic_value(A):- head(A,rv),magic(rv).\nmagic_value(A):- head(A,hn),magic(hn).\nmagic_value(A):- head(A,c),magic(c).\nmagic_value(A):- head(A,kv),magic(kv).\nmagic_value(A):- head(A,mq),magic(mq).\nmagic_value(A):- head(A,da),magic(da).\nmagic_value(A):- head(A,ql),magic(ql).\nmagic_value(A):- head(A,mp),magic(mp).\nmagic_value(A):- head(A,cw),magic(cw).\nmagic_value(A):- head(A,rq),magic(rq).\nmagic_value(A):- head(A,lu),magic(lu).\nmagic_value(A):- head(A,du),magic(du).\nmagic_value(A):- head(A,jm),magic(jm).\nmagic_value(A):- head(A,nd),magic(nd).\nmagic_value(A):- head(A,ae),magic(ae).\nmagic_value(A):- head(A,jf),magic(jf).\nmagic_value(A):- head(A,jh),magic(jh).\nmagic_value(A):- head(A,al),magic(al).\nmagic_value(A):- head(A,hb),magic(hb).\nmagic_value(A):- head(A,ka),magic(ka).\nmagic_value(A):- head(A,ah),magic(ah).\nmagic_value(A):- head(A,ew),magic(ew).\nmagic_value(A):- head(A,er),magic(er).", "is_solution": true, "conf_matrix": [200, 0, 200, 0], "total_exec_time": 2.0382743330000004, "durations": [{"operation": "Test", "called": 1, "total": 0.028765375000000093, "mean": 0.028765375000000093, "maximum": 0.028765375000000093, "__type__": "DurationSummary"}, {"operation": "Find_Bindings_Prolog", "called": 1, "total": 0.024693207999999967, "mean": 0.024693207999999967, "maximum": 0.024693207999999967, "__type__": "DurationSummary"}, {"operation": "Generate", "called": 1, "total": 0.00038312499999992866, "mean": 0.00038312499999992866, "maximum": 0.00038312499999992866, "__type__": "DurationSummary"}], "__type__": "ProgramStats"}, "is_solution": true, "stats_file": "./results/list_magicvalues_multipleclauses/magicpopper/40/8/stats.json", "end": true, "__type__": "Stats"}