{"log_best_programs": true, "num_literals": 0, "total_programs": 2, "total_rules": 0, "total_ground_rules": 0, "durations": {"generate": [0.00030804100000003665, 0.0017796669999999848, 0.0004968750000000632], "find_bindings_prolog": [0.016039250000000005, 0.646920875], "bind": [5.409999999650417e-07, 0.083076084], "test": [0.01628695899999999, 0.730744292], "combine": [5.829999999984459e-07, 0.019705709000000127], "constrain": [0.002990332999999956, 0.003932958999999903]}, "final_exec_time": 0.891686459, "stages": [], "best_programs": [], "solution": null, "is_solution": false, "stats_file": "./results/list_magicvaluesameclause/magicpopper/6/2/stats.json", "end": true, "__type__": "Stats"}