{"log_best_programs": true, "num_literals": 0, "total_programs": 3, "total_rules": 0, "total_ground_rules": 0, "durations": {"generate": [0.025189167000000623, 25.616546542, 0.007863582999995344], "test": [0.0006578749999999189, 0.003395499999996332, 0.0035793329999975754], "combine": [5.000000005139782e-07, 5.830000020523585e-07], "constrain": [0.002062041000000292, 0.0029990000000026384]}, "final_exec_time": 35.109543459, "stages": [], "best_programs": [], "solution": {"code": "next_value(A,B):- my_succ(B,C),my_true_value(A,C).", "is_solution": true, "conf_matrix": [0, 0, 0, 0], "total_exec_time": 35.109524042000004, "durations": [{"operation": "Generate", "called": 3, "total": 25.649599291999994, "mean": 8.549866430666665, "maximum": 25.616546542, "__type__": "DurationSummary"}, {"operation": "Test", "called": 3, "total": 0.007632707999993826, "mean": 0.0025442359999979423, "maximum": 0.0035793329999975754, "__type__": "DurationSummary"}, {"operation": "Constrain", "called": 2, "total": 0.0050610410000029304, "mean": 0.0025305205000014652, "maximum": 0.0029990000000026384, "__type__": "DurationSummary"}, {"operation": "Combine", "called": 2, "total": 1.0830000025663367e-06, "mean": 5.415000012831683e-07, "maximum": 5.830000020523585e-07, "__type__": "DurationSummary"}], "__type__": "ProgramStats"}, "is_solution": true, "stats_file": "./results/md/popper/6000/3/stats.json", "end": false, "__type__": "Stats"}