{"log_best_programs": true, "num_literals": 0, "total_programs": 8, "total_rules": 0, "total_ground_rules": 0, "durations": {"generate": [0.000361542000000048, 0.0006220000000001225, 0.001470666999999981, 0.0010703750000000678, 0.001656165999999848, 0.000685958000000042, 0.0008954580000000156, 0.0009919999999996598, 0.0007249580000001643], "find_bindings_prolog": [0.019293792000000032, 0.03337095899999998, 0.13606637500000018, 0.145040791, 0.1609312089999999, 0.14432741699999996], "test": [0.021333792000000074, 0.0458043749999999, 0.01832679100000001, 0.13636370799999997, 0.01662958399999992, 0.14538641699999988, 0.16141187499999976, 0.1446665829999998], "combine": [0.01043475000000016, 0.004692750000000023, 5.00000000069889e-07, 6.250000001983835e-07, 7.500000001048335e-07, 5.00000000069889e-07, 4.5899999978615824e-07, 5.00000000069889e-07], "constrain": [0.0016260420000000497, 0.0024230419999999864, 0.0004354580000001107, 0.0030385420000000884, 0.0019227079999999397, 0.0051278329999999706, 0.005334417000000258, 0.001629625000000079]}, "final_exec_time": 1.974744042, "stages": [], "best_programs": [], "solution": {"code": "magic_value(A):- head(A,jh),magic(jh).\nmagic_value(A):- head(A,jf),magic(jf).\nmagic_value(A):- head(A,ax),magic(ax).\nmagic_value(A):- head(A,ij),magic(ij).\nmagic_value(A):- head(A,el),magic(el).\nmagic_value(A):- head(A,ev),magic(ev).\nmagic_value(A):- head(A,oq),magic(oq).\nmagic_value(A):- head(A,od),magic(od).\nmagic_value(A):- head(A,gw),magic(gw).\nmagic_value(A):- head(A,lh),magic(lh).\nmagic_value(A):- head(A,mm),magic(mm).\nmagic_value(A):- head(A,ke),magic(ke).\nmagic_value(A):- head(A,im),magic(im).\nmagic_value(A):- head(A,kx),magic(kx).\nmagic_value(A):- head(A,hu),magic(hu).\nmagic_value(A):- head(A,db),magic(db).\nmagic_value(A):- head(A,px),magic(px).\nmagic_value(A):- head(A,kr),magic(kr).\nmagic_value(A):- head(A,dl),magic(dl).\nmagic_value(A):- head(A,hp),magic(hp).", "is_solution": true, "conf_matrix": [200, 0, 200, 0], "total_exec_time": 1.9747415000000001, "durations": [{"operation": "Test", "called": 1, "total": 0.021333792000000074, "mean": 0.021333792000000074, "maximum": 0.021333792000000074, "__type__": "DurationSummary"}, {"operation": "Find_Bindings_Prolog", "called": 1, "total": 0.019293792000000032, "mean": 0.019293792000000032, "maximum": 0.019293792000000032, "__type__": "DurationSummary"}, {"operation": "Generate", "called": 1, "total": 0.000361542000000048, "mean": 0.000361542000000048, "maximum": 0.000361542000000048, "__type__": "DurationSummary"}], "__type__": "ProgramStats"}, "is_solution": true, "stats_file": "./results/list_magicvalues_multipleclauses/magicpopper/20/3/stats.json", "end": true, "__type__": "Stats"}