{"log_best_programs": true, "num_literals": 0, "total_programs": 22, "total_rules": 0, "total_ground_rules": 0, "durations": {"generate": [0.00044324999999995063, 0.00030404099999997714, 0.00038599999999999746, 0.00024162500000002307, 0.0002299590000000018, 0.00020329099999999434, 0.00032058400000001264, 0.00025416699999997183, 0.00027450000000001085, 0.00022620900000003274, 0.00046841699999999875, 0.00021841599999999906, 0.00021429099999997758, 0.0001999169999999939, 0.0007263750000000013, 0.0003267500000000423, 0.0003707079999999974, 0.0002987500000000143, 0.00032208299999997303, 0.000396333000000082, 0.0004570419999999631, 0.0002643749999999834, 0.006555625000000065], "test": [0.000576834000000026, 0.0003287499999999888, 0.026812166000000026, 0.012590708999999978, 0.014102667000000013, 0.001112916999999991, 0.0019282499999999647, 0.0015410000000000146, 0.001866417000000009, 0.00044199999999999795, 0.001810209000000007, 0.0007524170000000052, 0.0015249170000000145, 0.0003641249999999929, 0.004442125000000019, 0.004465457999999978, 0.010665707999999996, 0.004561208000000039, 0.004492625000000028, 0.004421416000000011, 0.004406459000000029, 0.030096041999999934], "combine": [6.249999999763389e-07, 4.159999999475694e-07, 0.002838957999999947, 4.5900000000820285e-07, 4.170000000303098e-07, 3.749999999969056e-07, 4.5799999998097363e-07, 4.170000000303098e-07, 4.999999999588667e-07, 3.749999999969056e-07, 4.170000000303098e-07, 3.749999999969056e-07, 4.170000000303098e-07, 4.1699999997479864e-07, 4.5900000000820285e-07, 3.749999999969056e-07, 3.749999999969056e-07, 4.1600000000308057e-07, 4.1600000000308057e-07, 3.7499999994139444e-07, 2.919999999573264e-07, 0.002085125000000021], "constrain": [0.0024841250000000037, 0.0002791249999999912, 0.001976833000000011, 0.0008837919999999944, 0.0004007080000000274, 0.002165708000000044, 0.0016032910000000067, 0.0007926670000000247, 0.0007413749999999886, 0.0008492079999999902, 0.0010640000000000094, 0.0007177079999999836, 0.0007370000000000432, 0.0008457089999999723, 0.004400416000000018, 0.0016559999999999908, 0.0009182079999999759, 0.004007625000000015, 0.0016853339999999273, 0.0017231250000000475, 0.001669124999999938, 0.0008992920000000515], "find_bindings_prolog": [0.024693624999999997, 0.008983874999999975, 0.011731040999999998, 0.0012307089999999965, 0.0009175840000000268, 0.001354666999999976, 0.001109125000000044, 0.0005907500000000288, 0.0010512089999999974, 0.004249665999999985, 0.004267624999999997, 0.009769833000000006, 0.004362707999999993, 0.004293708999999979, 0.004235499999999948, 0.004223416999999952, 0.02563512499999998]}, "final_exec_time": 0.24782716700000001, "stages": [], "best_programs": [], "solution": {"code": "magic_value(A):- tail(A,B),my_append(C,['aag'],B),magic(['aag']).", "is_solution": true, "conf_matrix": [7, 0, 10, 0], "total_exec_time": 0.247825417, "durations": [{"operation": "Test", "called": 22, "total": 0.13330441900000006, "mean": 0.006059291772727276, "maximum": 0.030096041999999934, "__type__": "DurationSummary"}, {"operation": "Find_Bindings_Prolog", "called": 17, "total": 0.11270016799999988, "mean": 0.006629421647058816, "maximum": 0.02563512499999998, "__type__": "DurationSummary"}, {"operation": "Constrain", "called": 21, "total": 0.031601082, "mean": 0.0015048134285714286, "maximum": 0.004400416000000018, "__type__": "DurationSummary"}, {"operation": "Generate", "called": 22, "total": 0.0071470829999999985, "mean": 0.00032486740909090905, "maximum": 0.0007263750000000013, "__type__": "DurationSummary"}, {"operation": "Combine", "called": 21, "total": 0.0028473339999998126, "mean": 0.0001355873333333244, "maximum": 0.002838957999999947, "__type__": "DurationSummary"}], "__type__": "ProgramStats"}, "is_solution": true, "stats_file": "./results/list_append/magicpopper_args/2/0/stats.json", "end": true, "__type__": "Stats"}