{"log_best_programs": true, "num_literals": 0, "total_programs": 2, "total_rules": 0, "total_ground_rules": 0, "durations": {"generate": [0.000329749999999962, 0.0018305839999999685, 0.00043520899999993645], "find_bindings_prolog": [0.027612833000000003, 1.048474333], "bind": [5.829999999984459e-07, 0.16042541599999982], "test": [0.02787825000000005, 1.209898167], "combine": [5.419999999922709e-07, 0.04209645799999984], "constrain": [0.003149915999999975, 0.004480749999999922]}, "final_exec_time": 1.4144379999999999, "stages": [], "best_programs": [], "solution": null, "is_solution": false, "stats_file": "./results/list_magicvaluesameclause/magicpopper/13/8/stats.json", "end": true, "__type__": "Stats"}