{"log_best_programs": true, "num_literals": 0, "total_programs": 126, "total_rules": 0, "total_ground_rules": 0, "durations": {"generate": [0.0002812090000000045, 0.00013854199999996375, 0.0001814159999999898, 0.0003902920000000143, 0.0001255000000000006, 0.0002913330000000047, 0.0007566250000000108, 0.00021662500000002582, 0.0004722499999999519, 0.0002619580000000066, 0.0005682919999999703, 0.00018466700000002723, 0.00031795800000000707, 0.0003043750000000234, 0.0007152500000000006, 0.000160665999999976, 0.0002649579999999818, 0.0001975840000000284, 0.0002378749999999985, 0.00021674999999998779, 0.00019637499999997088, 0.00017604200000004289, 0.0005558329999999501, 0.00017299999999997873, 0.00017687499999996525, 0.0006512499999999921, 0.00013462499999999933, 0.0001539170000000034, 0.00016566600000000875, 0.0005638339999999853, 0.0002302920000000208, 0.00014570799999996664, 0.00016091599999995543, 0.0001690830000000143, 0.00022854199999999825, 0.0005080829999999925, 0.0003602920000000398, 0.00022495799999999733, 0.00018166699999999647, 0.00042437499999997685, 0.00030412500000004394, 0.00019066699999997772, 0.00018866599999994849, 0.00014083300000000687, 0.00034037500000000387, 0.00015695900000001206, 0.00027058399999996263, 0.0001574999999999771, 0.00017887500000002277, 0.0002486660000000085, 0.0002802499999999819, 0.0004366250000000238, 0.00018816699999996134, 0.0001454999999999651, 0.0001842919999999748, 0.00016650000000001386, 0.000635084000000008, 0.0002139170000000079, 0.00019199999999996997, 0.0002171670000000181, 0.0002010829999999908, 0.00035320899999996547, 0.00020570799999997114, 0.0001567500000000388, 0.00016141699999999704, 0.0001704170000000338, 0.00016979100000003022, 0.001532415999999981, 0.00020416700000003285, 0.00021566600000000324, 0.0001651670000000216, 0.00017966699999999447, 0.0001691249999999922, 0.00016787500000003952, 0.0001695420000000225, 0.00020254199999991673, 0.00015458400000001316, 0.00018099999999998673, 0.00016816699999999685, 0.00017904199999996262, 0.00016895800000005234, 0.0006760000000000099, 0.0001555410000000368, 0.00031845799999996593, 0.0002127920000000172, 0.00015654100000006554, 0.0003194579999999947, 0.00016424999999997691, 0.00017849999999997035, 0.0002510410000000629, 0.00019104200000008564, 0.0003106250000000088, 0.00021662500000008134, 0.00014449999999999186, 0.00017137499999997363, 0.00012008299999999306, 0.00012970799999989513, 0.00012395799999997958, 0.0001299589999999018, 0.00012866700000002673, 0.0004367080000000634, 0.00015191599999997418, 0.00014783299999998611, 0.0001415000000000166, 0.00017054199999999575, 0.0002443340000000127, 0.0002166249999999703, 0.0001571249999999802, 0.00017108399999998802, 0.000544415999999992, 0.00017137499999997363, 0.00015358300000001268, 0.0001846249999999383, 0.00013695800000002034, 0.00014333300000002325, 0.0001351660000000754, 0.00019079199999993968, 0.00015220800000004253, 0.00033191699999990387, 0.0002755840000000509, 0.00023308299999991178, 0.00040362500000001855, 0.0003099169999999374, 0.0006503329999999474, 0.0003510830000000853, 0.0012963750000000163, 0.0033094999999999652], "find_bindings_prolog": [0.010989833000000004, 0.0027972920000000068, 0.0009404590000000046, 0.0005914589999999609, 0.0008891669999999685, 0.0016739170000000247, 0.0012153750000000185, 0.0016385829999999713, 0.0017941669999999577, 0.001477292000000019, 0.0006622499999999754, 0.001649249999999991, 0.0014999580000000234, 0.0005213340000000399, 0.0007037080000000251, 0.0017878749999999943, 0.002312915999999998, 0.0016725829999999497, 0.0016411660000000272, 0.0008177499999999505, 0.0007497499999999935, 0.000991875000000031, 0.0009822079999999844, 0.0009291249999999751, 0.0004078339999999958, 0.0009526249999999847, 0.0010674580000000211, 0.0011580829999999764, 0.001047416999999995, 0.0012743330000000164, 0.0010758329999999705, 0.0009797089999999953, 0.0016428330000000102, 0.0017297499999999744, 0.0004645830000000184, 0.0009777499999999995, 0.001026917000000016, 0.000988958999999956, 0.0009768749999999882, 0.0014939170000000113, 0.0013745420000000341, 0.0006349580000000188, 0.00042479199999995165, 0.0003950420000000121, 0.0009612079999999912, 0.0015389579999999792, 0.0013369579999999992, 0.001732334000000002, 0.0017348750000000246, 0.0019877919999999882, 0.0011604579999999753, 0.0014886250000000212, 0.0018055419999999933, 0.0017302499999999887, 0.0015523330000000168, 0.0011018749999999744, 0.0013841659999999645, 0.0015986249999999647, 0.0016164160000000094, 0.0016663330000000198, 0.0012652079999999621, 0.0010977500000000084, 0.0015754170000000234, 0.0017318329999999604, 0.0016552089999999908, 0.0016297499999999854, 0.0016692080000000331, 0.0014785829999999778, 0.0010387909999999279, 0.001443417000000058, 0.0010700829999999995, 0.0014983750000000517, 0.0017364170000000456, 0.0017061670000000362, 0.0008649579999999712, 0.001581790999999999, 0.0010362919999999942, 0.0016001669999999857, 0.001035582999999951, 0.0016514160000000722, 0.0008588750000000367, 0.0010553750000000806, 0.0018550410000000017, 0.0011108750000000667, 0.0018337500000000784, 0.0004669999999999952, 0.00044712499999999267, 0.00043320800000001825, 0.00043949999999992606, 0.0004365410000000125, 0.000460415999999908, 0.0004313750000000116, 0.0005142919999999718, 0.0005377909999999542, 0.00048029100000002156, 0.00047837500000003086, 0.0004861670000000373, 0.0004189580000000248, 0.0004199590000000253, 0.00041691700000001664, 0.0004648749999999202, 0.00046558299999999164, 0.00047912500000002467, 0.00047516599999997133, 0.00041858400000005513, 0.0004407909999999404, 0.001523500000000011, 0.0016720419999999292, 0.0015767079999999822, 0.001778999999999975, 0.0017052499999999915],