{"log_best_programs": true, "num_literals": 0, "total_programs": 153, "total_rules": 0, "total_ground_rules": 0, "durations": {"generate": [0.00030887499999998624, 0.0001367500000000188, 0.00015724999999999767, 0.00034445799999999194, 0.0001191669999999756, 0.00047637500000002886, 0.000604207999999995, 0.00033604100000000914, 0.0002892909999999693, 0.0003203340000000332, 0.00038450000000000983, 0.0001435839999999744, 0.00020804100000004766, 0.0001599580000000156, 0.0001650830000000103, 0.00015720799999996427, 0.00016470900000004063, 0.00019033400000001421, 0.00018404199999999538, 0.0002999169999999829, 0.0007136660000000017, 0.00019825000000001092, 0.00045570899999997083, 0.00016508399999998202, 0.00016362500000000058, 0.00016516599999999437, 0.0006506659999999664, 0.0003121660000000026, 0.0001754159999999838, 0.0002326659999999925, 0.00018766700000000247, 0.00023400000000001198, 0.0001631249999999862, 0.00028000000000000247, 0.00017345899999998693, 0.00019929200000001757, 0.00016812500000001895, 0.0001671249999999902, 0.00016991700000001941, 0.0001651670000000216, 0.00017966700000004998, 0.00016250000000000986, 0.00017262499999998182, 0.00016216699999999085, 0.0001599580000000156, 0.00016766699999998247, 0.0001619170000000114, 0.00017200000000000548, 0.0004615000000000036, 0.00014612499999999695, 0.00020783400000001784, 0.0001428339999999806, 0.00022441699999997677, 0.00016487500000000876, 0.0001551670000000116, 0.0001639170000000134, 0.00017966699999999447, 0.00015374999999995254, 0.00017008400000001478, 0.0001619580000000176, 0.00016387500000003552, 0.00018816700000001685, 0.00015695800000004034, 0.0001599580000000156, 0.00017970899999997236, 0.0004814580000000457, 0.00017162500000000858, 0.00017299999999997873, 0.00019416599999999562, 0.0002487079999999864, 0.00019320800000000027, 0.00023000000000000798, 0.0001947919999999992, 0.0004545839999999801, 0.00019808399999998727, 0.000210333000000007, 0.00020666700000004923, 0.00020770800000002865, 0.00019204200000000338, 0.00021450000000000635, 0.000199875000000016, 0.0001955840000000264, 0.00020158300000000517, 0.00019662500000000582, 0.000458082999999998, 0.00019495800000002284, 0.00018499999999999073, 0.0001862079999999655, 0.0001843340000000082, 0.00018820899999999474, 0.00019183400000000184, 0.00023062499999998431, 0.0001815420000000345, 0.0001791669999999801, 0.00018137499999998363, 0.00019779100000000271, 0.00037045899999998966, 0.0001355410000000168, 0.00013612500000004246, 0.00012245799999999196, 0.00048108299999999327, 0.00024783400000000233, 0.0007692910000000053, 0.00048316700000000656, 0.001991541000000041, 0.00014695799999997483, 0.00026562499999993605, 0.00013333299999995774, 0.0001672090000000015, 0.0001940420000000609, 0.00014250000000004537, 0.00020508400000007754, 0.000363416999999977, 0.00021654100000001453, 0.00021258300000004393, 0.0001454579999999872, 0.00019449999999998635, 0.00014616700000003036, 0.00036041700000000176, 0.00023354199999991998, 0.0001539170000000034, 0.00020383300000004212, 0.00014562499999992706, 0.0001758749999999365, 0.00014608299999996355, 0.00017920799999993076, 0.00014720800000000978, 0.0002119590000000393, 0.00023774999999992552, 0.0002494579999999802, 0.00018737499999998963, 0.0002087080000000574, 0.00015012500000000095, 0.00020687499999993975, 0.00014462500000000933, 0.0005400410000000466, 0.0001683749999999984, 0.0001702499999999274, 0.00016583400000003135, 0.00016612500000001695, 0.00015591599999997818, 0.00015774999999995654, 0.000145874999999962, 0.00030083300000005586, 0.00014691700000002417, 0.0005242500000000039, 0.00017733300000000174, 0.0001866660000000575, 0.0001782499999999354, 0.0008044579999999524, 0.00020766699999996696, 0.0009326250000000202, 0.00022483299999997985, 0.003212458000000029], "find_bindings_prolog": [0.010676624999999995, 0.0007588330000000143, 0.0004270419999999886, 0.0004955830000000216, 0.0008067079999999893, 0.0004620409999999686, 0.00077783299999995, 0.0008002500000000023, 0.0004089580000000148, 0.0006561670000000408, 0.0006659159999999886, 0.0006779169999999723, 0.0006579169999999523, 0.00043524999999999814, 0.000781625000000008, 0.00040891700000000863, 0.0012371250000000056, 0.0006517079999999731, 0.0004701670000000213, 0.0007073750000000101, 0.0006221670000000068, 0.0004804999999999948, 0.0006250419999999646, 0.0005685839999999831, 0.0007312500000000166, 0.0007276669999999874, 0.0006899579999999905, 0.0005927500000000308, 0.0007428749999999762, 0.0004733329999999647, 0.0004765840000000021, 0.0006990829999999892, 0.000709832999999993, 0.000713416999999994, 0.0008018330000000295, 0.0006105829999999979, 0.000707750000000007, 0.0006995000000000196, 0.0007042919999999953, 0.000701416999999982, 0.0006973750000000001, 0.0006027920000000186, 0.00046279199999998966, 0.0007022500000000154, 0.0004735000000000156, 0.000787291999999995, 0.0004622080000000195, 0.0007691659999999878, 0.00046358300000004515, 0.00046958299999999564, 0.0007873749999999791, 0.0008402089999999807, 0.000477749999999999, 0.0008055420000000479, 0.00045954199999997947, 0.00046354199999998347, 0.0004647090000000076, 0.0004694170000000275, 0.0008133750000000051, 0.0006995000000000196, 0.0006950420000000346, 0.0004658750000000045, 0.0008823329999999574, 0.0007337499999999775, 0.0007282920000000193, 0.0008155420000000024, 0.0007085000000000008, 0.0007686670000000007, 0.0004954160000000263, 0.0004987499999999923, 0.000993958000000017, 0.0008453339999999754, 0.0005524590000000051, 0.0007688750000000022, 0.0005167090000000041, 0.0005152500000000226, 0.0005301669999999703, 0.0006549590000000105, 0.000771624999999998, 0.0007432920000000065, 0.0008667499999999717, 0.0009002089999999852, 0.0006454579999999877, 0.0007532089999999769, 0.0007454590000000039, 0.00074362499999997, 0.0004891249999999792, 0.0004918750000000305, 0.000851500000000005, 0.0007377499999999815, 0.00047716700000000056, 0.0007287919999999781, 0.0008610829999999847, 0.00041404200000000335, 0.0004080830000000035, 0.00047483399999997955, 0.0004026249999999898, 0.0004617080000000051, 0.0004402919999999533, 0.0004311250000000877, 0.0004337079999999771, 0.000431749999999953, 0.0004228749999999337, 0.0013386249999999267, 0.000496083000000036, 0.0004427920000000807, 0.00044658400000008314, 0.0004532079999999272, 0.00044208400000000925, 0.00042925000000004765, 0.00044283300000003134, 0.00044120800000002625, 0.0004540829999999385, 0.0004587500000000633, 0.0007005409999999435, 0.0005379170000000544, 0.0004510420000000126, 0.0004332079999999072, 0.0006971660000000268, 0.00047724999999998463, 0.00045754100000006126, 0.0004393749999999086, 0.00044050000000006584, 0.00043925000000000214, 0.0004362079999999935, 0.00044558300000008266, 0.00041687499999998323, 0.00041866599999995646, 0.0004419589999999918, 0.0004246669999999897, 0.000703750000000003, 0.0007133750000000161, 0.0006873330000000122, 0.0007350830000000252, 0.0007456659999999227, 0.0007229170000000451, 0.0007648749999999982, 0.0007344169999999872],