{"log_best_programs": true, "num_literals": 0, "total_programs": 15, "total_rules": 0, "total_ground_rules": 0, "durations": {"generate": [0.005481208999999987, 0.017156791000000005, 0.046863792000000015, 0.34766041599999997, 0.026607665999999974, 0.0018169580000000352, 0.000932416000000158, 0.03164937499999998, 0.0031685839999999743, 0.20402762500000016, 0.0004689159999999859, 0.0012859170000001363, 0.0005637919999998964, 0.0997593750000001, 0.005830958999999858, 0.050058541999999484], "find_bindings_prolog": [0.010566083000000004, 0.09033524999999998, 0.0007224580000000369, 0.0016782499999999922, 0.23104445799999995, 0.18920608400000005, 0.0025810830000001506, 0.09991337499999986, 0.1020549169999998, 0.0007899160000000016, 0.1024213340000002, 0.7040840830000001, 0.10701599999999978], "test": [0.010893040999999992, 0.130771125, 0.0013589160000000433, 0.0031077079999999313, 0.37676224999999985, 0.3358170840000001, 0.004578208999999944, 0.1608775830000002, 0.17704695800000003, 0.0010747499999999022, 0.0010560420000000903, 0.15468741699999988, 0.0010269170000003491, 1.1846747499999997, 0.3184134590000003], "combine": [5.829999999984459e-07, 0.007961415999999999, 4.1600000000308057e-07, 5.419999999922709e-07, 6.669999998987208e-07, 6.249999999763389e-07, 5.419999999922709e-07, 6.250000001983835e-07, 5.839999999146528e-07, 4.1699999986377634e-07, 3.7499999994139444e-07, 6.669999996766762e-07, 5.00000000069889e-07, 0.0022414999999997853, 0.003217457999999951], "constrain": [0.007221209000000006, 0.01607866600000002, 0.014254917000000034, 0.07361499999999999, 0.019968083000000192, 0.025521291999999862, 0.023856625000000076, 0.012186417000000116, 0.014231542000000097, 0.006268665999999978, 0.006598624999999636, 0.00376079099999993, 0.00625837500000026, 0.10656391700000034, 0.0515422920000006]}, "final_exec_time": 4.213759916, "stages": [], "best_programs": [], "solution": {"code": "drug_design(A):- atom(A,C),atom_type(C,o),atom(A,F),atom_type(F,h),bound(F,C,0.217),magic(h),magic(o),magic(0.217).", "is_solution": true, "conf_matrix": [10, 0, 10, 0], "total_exec_time": 4.213757166, "durations": [{"operation": "Test", "called": 15, "total": 2.8621462090000005, "mean": 0.1908097472666667, "maximum": 1.1846747499999997, "__type__": "DurationSummary"}, {"operation": "Find_Bindings_Prolog", "called": 13, "total": 1.642413291, "mean": 0.12633948392307692, "maximum": 0.7040840830000001, "__type__": "DurationSummary"}, {"operation": "Generate", "called": 15, "total": 0.7932737910000003, "mean": 0.05288491940000002, "maximum": 0.34766041599999997, "__type__": "DurationSummary"}, {"operation": "Constrain", "called": 14, "total": 0.33638412500000053, "mean": 0.024027437500000037, "maximum": 0.10656391700000034, "__type__": "DurationSummary"}, {"operation": "Combine", "called": 14, "total": 0.01020945899999931, "mean": 0.0007292470714285222, "maximum": 0.007961415999999999, "__type__": "DurationSummary"}], "__type__": "ProgramStats"}, "is_solution": true, "stats_file": "./results/drug_design/magicpopper_types/8/stats.json", "end": true, "__type__": "Stats"}