{"log_best_programs": true, "num_literals": 0, "total_programs": 153, "total_rules": 0, "total_ground_rules": 0, "durations": {"generate": [0.00028637499999994986, 0.0001415839999999724, 0.00015454199999997975, 0.0002723749999999914, 9.79580000000091e-05, 0.0006926660000000084, 0.0005695829999999846, 0.00019212499999998744, 0.0004139170000000414, 0.00014383300000003763, 0.00031162499999998206, 0.00017733399999997346, 0.00014649999999999386, 0.0001631249999999862, 0.0001583330000000105, 0.00016245799999997645, 0.0001539580000000096, 0.00029362500000001956, 0.00024570800000001114, 0.00046679099999996643, 0.00017087500000001477, 0.00019695800000002484, 0.0007269579999999998, 0.000213542000000011, 0.00016399999999999748, 0.00016808400000001278, 0.0005745420000000112, 0.00013270900000000863, 0.00014425000000001242, 0.00013362500000002608, 0.0005567499999999947, 0.00022854199999999825, 0.00014566699999996047, 0.00014404099999998365, 0.00014095800000002434, 0.00020258400000000565, 0.000514332999999978, 0.0001751249999999982, 0.00016162499999999858, 0.00015599999999998948, 0.00016574999999996454, 0.0001674999999999871, 0.00021250000000000435, 0.0002779170000000164, 0.00014579100000000622, 0.00015904199999999813, 0.00014616700000003036, 0.0008546249999999977, 0.00015733400000000897, 0.00017070899999999112, 0.0001659580000000216, 0.00016429200000001032, 0.000161874999999978, 0.00021166599999999924, 0.00019012499999998544, 0.0001539170000000034, 0.00019999999999997797, 0.00016612500000001695, 0.0001638329999999466, 0.00016012500000001095, 0.00016666700000000922, 0.00016779199999999994, 0.00018649999999997835, 0.0005159170000000324, 0.0002487500000000198, 0.00015624999999996891, 0.00020962499999999107, 0.0001502910000000246, 0.00019070900000001112, 0.0005017090000000168, 0.00021283399999999508, 0.0001727080000000214, 0.00038508299999995277, 0.00016104200000000013, 0.00016116599999999037, 0.0001647920000000247, 0.00016591599999998818, 0.00019679099999997396, 0.001179042000000019, 0.0001842910000000031, 0.00018233299999997898, 0.00016104200000000013, 0.00018024999999999292, 0.00015895900000001406, 0.0001611250000000397, 0.0003075000000000161, 0.00016341699999999904, 0.00016862499999997782, 0.00017062500000003533, 0.0003455840000000099, 0.0004916249999999955, 0.0012694160000000232, 0.0002257909999999752, 0.00026737500000001413, 0.00021466700000000172, 0.0002142499999999714, 0.00022104200000000462, 0.00020445799999996295, 0.00026454199999997874, 0.0002027500000000293, 0.00020516599999997887, 0.0002067079999999999, 0.0001998749999999605, 0.0002275840000000029, 0.000553291999999983, 0.0001907500000000173, 0.00021383399999996833, 0.00020408400000004878, 0.0001851250000000082, 0.00020145800000004321, 0.00027737500000002413, 0.00017891700000005617, 0.00018708400000000402, 0.0003550420000000276, 0.0002135840000000444, 0.0001347500000000723, 0.00019041699999999828, 0.000127667000000109, 0.00013829200000003983, 0.00012762499999996457, 0.00015341700000004455, 0.00012999999999996348, 0.0006304169999999942, 0.00016904200000000813, 0.00017816700000006236, 0.00015462500000007484, 0.0001467920000000067, 0.00020579200000003794, 0.00018212499999992193, 0.000168000000000057, 0.00020379100000000872, 0.00047120800000000074, 0.00022258299999999842, 0.00020733400000005897, 0.0002716250000001086, 0.00021491600000000943, 0.00017216600000002913, 0.00030533300000001873, 0.00018699999999993722, 0.0002479160000000702, 0.00019674999999996778, 0.00024962499999992005, 0.00023012499999996994, 0.0008274580000000586, 0.00029283300000004786, 0.00040433300000009, 0.0002047920000000092, 0.0010227080000000388, 0.0003557909999999387, 0.000564082999999993, 0.0002995419999999305, 0.0018855829999999685, 0.0003534170000000225, 0.0034465409999999697], "find_bindings_prolog": [0.011220958999999975, 0.0007824170000000352, 0.0004482499999999834, 0.00046870799999998436, 0.0006452920000000195, 0.0004738750000000125, 0.0007869580000000043, 0.0008233750000000151, 0.0007072080000000147, 0.0006732910000000203, 0.00045841699999998875, 0.0007032080000000107, 0.0008079579999999975, 0.00070129200000002, 0.0013003750000000203, 0.00042516700000000407, 0.0006115839999999984, 0.0004748749999999857, 0.0005464580000000274, 0.0006483749999999788, 0.0006497079999999711, 0.00046591600000001065, 0.0006129160000000189, 0.0004533330000000002, 0.00044166699999997894, 0.0004398749999999785, 0.0004717920000000264, 0.00043720799999996673, 0.0003907080000000174, 0.0004493329999999962, 0.0004441669999999953, 0.000441542000000017, 0.00043883299999997183, 0.0004433749999999681, 0.00038595800000001956, 0.0003863750000000499, 0.0007467079999999848, 0.0007139580000000145, 0.0007223330000000194, 0.0006209580000000048, 0.0005018750000000405, 0.0004938329999999991, 0.0008066660000000114, 0.0007361249999999764, 0.0008266670000000031, 0.0007381669999999563, 0.000643875000000016, 0.00048445899999999265, 0.0007152500000000006, 0.0006354999999999555, 0.000483750000000005, 0.0007317499999999755, 0.0007767499999999927, 0.0007353749999999826, 0.000857957999999992, 0.0007769169999999881, 0.00045287500000001923, 0.0008338340000000333, 0.000485750000000007, 0.0007332919999999965, 0.000479083999999963, 0.0005526250000000288, 0.0005316669999999579, 0.0008491250000000061, 0.000764082999999971, 0.0007547500000000262, 0.0007350829999999697, 0.0006991670000000005, 0.00048437499999998135, 0.0007480000000000264, 0.0007610000000000117, 0.0005084160000000115, 0.0008485420000000077, 0.0007582500000000159, 0.0007426670000000302, 0.0008455419999999769, 0.0008311659999999943, 0.0008461249999999754, 0.0004945000000000088, 0.0004892919999999745, 0.0004940410000000006, 0.0005053329999999967, 0.0006001250000000069, 0.0006129169999999906, 0.0009389580000000453, 0.000929750000000007, 0.0010422090000000162, 0.0009686250000000007, 0.0005915409999999732, 0.0005543749999999958, 0.0009683750000000213, 0.000853166999999988, 0.0005412499999999931, 0.0007624169999999597, 0.0008128749999999907, 0.00082254100000001, 0.0007304580000000449, 0.0009219999999999784, 0.0008402499999999868, 0.0005359999999999809, 0.000506541000000027, 0.000503749999999914, 0.0007755409999999907, 0.0008924590000000121, 0.0007747090000000956, 0.0004991250000000447, 0.0008790409999999138, 0.00045312499999994316, 0.00044033300000001496, 0.0004270419999999886, 0.0004385829999999924, 0.0004210839999999605, 0.0004345829999999884, 0.000426540999999947, 0.00047074999999996425, 0.000459749999999981, 0.00045837500000001086, 0.000435749999999957, 0.0004559170000000279, 0.00048433399999991966, 0.000490290999999976, 0.00043641699999996675, 0.0005275000000000141, 0.0005124170000000428, 0.0006247500000000628, 0.0005050830000000728, 0.0005802080000000265, 0.00054929200000009, 0.0008674579999999876, 0.000836708999999991, 0.0008126250000000113, 0.0007714580000000026, 0.0008362920000000162, 0.0008247499999999297, 0.0008829169999999831, 0.0008555829999999931, 0.0009075419999999834, 0.0009515829999999781],