{"log_best_programs": true, "num_literals": 0, "total_programs": 8, "total_rules": 0, "total_ground_rules": 0, "durations": {"generate": [0.00039154199999980044, 0.000587749999999998, 0.0015265420000001306, 0.00110870899999993, 0.0017524159999999789, 0.0007210410000002554, 0.0005717079999998376, 0.002197041000000066, 0.0008678749999999624], "find_bindings_prolog": [0.027531792, 0.032432000000000016, 0.14026074999999993, 0.1550120829999999, 0.16566704199999993, 0.1522735420000001], "test": [0.03285629100000009, 0.04447554199999981, 0.01959570799999999, 0.14059108399999998, 0.15536854199999994, 0.021164624999999937, 0.1662037500000002, 0.15261224999999978], "combine": [0.07143779100000014, 0.005484833000000133, 5.83000000053957e-07, 7.07999999960407e-07, 7.090000000431473e-07, 5.830000002760016e-07, 5.419999999922709e-07, 5.419999999922709e-07], "constrain": [0.0018532499999999175, 0.0024114579999998664, 0.0004362500000001379, 0.003073917000000037, 0.005386709000000156, 0.0018642920000000451, 0.00544616600000003, 0.0017046669999998265]}, "final_exec_time": 2.154624292, "stages": [], "best_programs": [], "solution": {"code": "magic_value(A):- head(A,jl),magic(jl).\nmagic_value(A):- head(A,ny),magic(ny).\nmagic_value(A):- head(A,mv),magic(mv).\nmagic_value(A):- head(A,ma),magic(ma).\nmagic_value(A):- head(A,hv),magic(hv).\nmagic_value(A):- head(A,ky),magic(ky).\nmagic_value(A):- head(A,y),magic(y).\nmagic_value(A):- head(A,lu),magic(lu).\nmagic_value(A):- head(A,fc),magic(fc).\nmagic_value(A):- head(A,qi),magic(qi).\nmagic_value(A):- head(A,pp),magic(pp).\nmagic_value(A):- head(A,fa),magic(fa).\nmagic_value(A):- head(A,c),magic(c).\nmagic_value(A):- head(A,bv),magic(bv).\nmagic_value(A):- head(A,eo),magic(eo).\nmagic_value(A):- head(A,pr),magic(pr).\nmagic_value(A):- head(A,hm),magic(hm).\nmagic_value(A):- head(A,ka),magic(ka).\nmagic_value(A):- head(A,ro),magic(ro).\nmagic_value(A):- head(A,rh),magic(rh).\nmagic_value(A):- head(A,iq),magic(iq).\nmagic_value(A):- head(A,ca),magic(ca).\nmagic_value(A):- head(A,as),magic(as).\nmagic_value(A):- head(A,jo),magic(jo).\nmagic_value(A):- head(A,ch),magic(ch).\nmagic_value(A):- head(A,pe),magic(pe).\nmagic_value(A):- head(A,kq),magic(kq).\nmagic_value(A):- head(A,bc),magic(bc).\nmagic_value(A):- head(A,ps),magic(ps).\nmagic_value(A):- head(A,mb),magic(mb).\nmagic_value(A):- head(A,rg),magic(rg).\nmagic_value(A):- head(A,nz),magic(nz).\nmagic_value(A):- head(A,rz),magic(rz).\nmagic_value(A):- head(A,ht),magic(ht).\nmagic_value(A):- head(A,fs),magic(fs).\nmagic_value(A):- head(A,pf),magic(pf).\nmagic_value(A):- head(A,nm),magic(nm).\nmagic_value(A):- head(A,jk),magic(jk).\nmagic_value(A):- head(A,nn),magic(nn).\nmagic_value(A):- head(A,z),magic(z).\nmagic_value(A):- head(A,cf),magic(cf).\nmagic_value(A):- head(A,gz),magic(gz).\nmagic_value(A):- head(A,mw),magic(mw).\nmagic_value(A):- head(A,dz),magic(dz).\nmagic_value(A):- head(A,bk),magic(bk).\nmagic_value(A):- head(A,ot),magic(ot).\nmagic_value(A):- head(A,g),magic(g).\nmagic_value(A):- head(A,ao),magic(ao).\nmagic_value(A):- head(A,fu),magic(fu).\nmagic_value(A):- head(A,gw),magic(gw).\nmagic_value(A):- head(A,es),magic(es).\nmagic_value(A):- head(A,bd),magic(bd).\nmagic_value(A):- head(A,ia),magic(ia).\nmagic_value(A):- head(A,ko),magic(ko).\nmagic_value(A):- head(A,fd),magic(fd).", "is_solution": true, "conf_matrix": [200, 0, 200, 0], "total_exec_time": 2.1546215419999997, "durations": [{"operation": "Test", "called": 1, "total": 0.03285629100000009, "mean": 0.03285629100000009, "maximum": 0.03285629100000009, "__type__": "DurationSummary"}, {"operation": "Find_Bindings_Prolog", "called": 1, "total": 0.027531792, "mean": 0.027531792, "maximum": 0.027531792, "__type__": "DurationSummary"}, {"operation": "Generate", "called": 1, "total": 0.00039154199999980044, "mean": 0.00039154199999980044, "maximum": 0.00039154199999980044, "__type__": "DurationSummary"}], "__type__": "ProgramStats"}, "is_solution": true, "stats_file": "./results/list_magicvalues_multipleclauses/magicpopper/55/9/stats.json", "end": true, "__type__": "Stats"}