{"log_best_programs": true, "num_literals": 0, "total_programs": 8, "total_rules": 0, "total_ground_rules": 0, "durations": {"generate": [0.00037562499999999055, 0.0005327080000001594, 0.0016564580000000273, 0.00103720900000015, 0.0017192919999999834, 0.0008109590000002775, 0.0010258749999998429, 0.000621957999999978, 0.0004929590000002371], "find_bindings_prolog": [0.03304362499999991, 0.035531333, 0.14205762499999985, 0.15264050000000018, 0.15497562500000006, 0.15480291599999996], "test": [0.04014116700000003, 0.049599417000000035, 0.019079958000000063, 0.14238350000000022, 0.15298129100000013, 0.15549158399999996, 0.15517424999999996, 0.018081709000000057], "combine": [0.09101091699999997, 0.00993145899999992, 5.00000000069889e-07, 6.249999999763389e-07, 6.670000001207654e-07, 5.00000000069889e-07, 5.419999999922709e-07, 5.419999999922709e-07], "constrain": [0.0018100829999998513, 0.002572125000000147, 0.0004221249999998289, 0.0030292499999999833, 0.005208999999999797, 0.005295625000000026, 0.0016866250000000527, 0.0005393749999997866]}, "final_exec_time": 2.202075417, "stages": [], "best_programs": [], "solution": {"code": "magic_value(A):- head(A,oz),magic(oz).\nmagic_value(A):- head(A,f),magic(f).\nmagic_value(A):- head(A,co),magic(co).\nmagic_value(A):- head(A,mi),magic(mi).\nmagic_value(A):- head(A,io),magic(io).\nmagic_value(A):- head(A,sb),magic(sb).\nmagic_value(A):- head(A,ma),magic(ma).\nmagic_value(A):- head(A,pu),magic(pu).\nmagic_value(A):- head(A,by),magic(by).\nmagic_value(A):- head(A,nm),magic(nm).\nmagic_value(A):- head(A,fw),magic(fw).\nmagic_value(A):- head(A,me),magic(me).\nmagic_value(A):- head(A,ox),magic(ox).\nmagic_value(A):- head(A,mv),magic(mv).\nmagic_value(A):- head(A,mj),magic(mj).\nmagic_value(A):- head(A,pq),magic(pq).\nmagic_value(A):- head(A,hz),magic(hz).\nmagic_value(A):- head(A,nr),magic(nr).\nmagic_value(A):- head(A,bp),magic(bp).\nmagic_value(A):- tail(A,B),head(B,ls),magic(ls).\nmagic_value(A):- head(A,id),magic(id).\nmagic_value(A):- head(A,on),magic(on).\nmagic_value(A):- head(A,el),magic(el).\nmagic_value(A):- head(A,fm),magic(fm).\nmagic_value(A):- head(A,rz),magic(rz).\nmagic_value(A):- head(A,ls),magic(ls).\nmagic_value(A):- head(A,dw),magic(dw).\nmagic_value(A):- head(A,mx),magic(mx).\nmagic_value(A):- head(A,cv),magic(cv).\nmagic_value(A):- head(A,fk),magic(fk).\nmagic_value(A):- head(A,kg),magic(kg).\nmagic_value(A):- head(A,dh),magic(dh).\nmagic_value(A):- head(A,rr),magic(rr).\nmagic_value(A):- head(A,eb),magic(eb).\nmagic_value(A):- tail(A,B),head(B,kx),magic(kx).\nmagic_value(A):- head(A,c),magic(c).\nmagic_value(A):- head(A,eh),magic(eh).\nmagic_value(A):- head(A,ja),magic(ja).\nmagic_value(A):- head(A,ra),magic(ra).\nmagic_value(A):- head(A,fo),magic(fo).\nmagic_value(A):- head(A,fs),magic(fs).\nmagic_value(A):- head(A,nu),magic(nu).\nmagic_value(A):- head(A,rv),magic(rv).\nmagic_value(A):- head(A,ck),magic(ck).\nmagic_value(A):- head(A,mn),magic(mn).\nmagic_value(A):- head(A,d),magic(d).\nmagic_value(A):- head(A,bd),magic(bd).\nmagic_value(A):- head(A,qn),magic(qn).\nmagic_value(A):- head(A,qx),magic(qx).\nmagic_value(A):- head(A,fv),magic(fv).\nmagic_value(A):- head(A,ac),magic(ac).\nmagic_value(A):- head(A,l),magic(l).\nmagic_value(A):- head(A,gv),magic(gv).\nmagic_value(A):- head(A,sg),magic(sg).\nmagic_value(A):- head(A,in),magic(in).\nmagic_value(A):- head(A,oe),magic(oe).\nmagic_value(A):- head(A,ku),magic(ku).\nmagic_value(A):- head(A,cb),magic(cb).\nmagic_value(A):- head(A,jw),magic(jw).\nmagic_value(A):- head(A,od),magic(od).\nmagic_value(A):- head(A,qz),magic(qz).\nmagic_value(A):- head(A,ln),magic(ln).\nmagic_value(A):- head(A,jx),magic(jx).\nmagic_value(A):- head(A,nx),magic(nx).\nmagic_value(A):- head(A,rs),magic(rs).\nmagic_value(A):- head(A,aa),magic(aa).\nmagic_value(A):- head(A,ri),magic(ri).\nmagic_value(A):- head(A,oq),magic(oq).\nmagic_value(A):- head(A,j),magic(j).\nmagic_value(A):- head(A,no),magic(no).\nmagic_value(A):- head(A,jk),magic(jk).\nmagic_value(A):- head(A,ch),magic(ch).\nmagic_value(A):- head(A,or),magic(or).\nmagic_value(A):- head(A,az),magic(az).\nmagic_value(A):- head(A,di),magic(di).\nmagic_value(A):- head(A,gz),magic(gz).\nmagic_value(A):- head(A,oh),magic(oh).\nmagic_value(A):- head(A,kx),magic(kx).", "is_solution": true, "conf_matrix": [200, 0, 200, 0], "total_exec_time": 2.202072709, "durations": [{"operation": "Combine", "called": 1, "total": 0.09101091699999997, "mean": 0.09101091699999997, "maximum": 0.09101091699999997, "__type__": "DurationSummary"}, {"operation": "Test", "called": 2, "total": 0.08974058400000007, "mean": 0.044870292000000034, "maximum": 0.049599417000000035, "__type__": "DurationSummary"}, {"operation": "Find_Bindings_Prolog", "called": 2, "total": 0.06857495799999991, "mean": 0.034287478999999954, "maximum": 0.035531333, "__type__": "DurationSummary"}, {"operation": "Constrain", "called": 1, "total": 0.0018100829999998513, "mean": 0.0018100829999998513, "maximum": 0.0018100829999998513, "__type__": "DurationSummary"}, {"operation": "Generate", "called": 2, "total": 0.0009083330000001499, "mean": 0.00045416650000007497, "maximum": 0.0005327080000001594, "__type__": "DurationSummary"}], "__type__": "ProgramStats"}, "is_solution": true, "stats_file": "./results/list_magicvalues_multipleclauses/magicpopper/80/7/stats.json", "end": true, "__type__": "Stats"}