{"log_best_programs": true, "num_literals": 0, "total_programs": 1, "total_rules": 0, "total_ground_rules": 0, "durations": {"generate": [0.0017675409999999836, 0.008404374999997799], "find_bindings_prolog": [99.83534058400001], "test": [101.40164504200001], "combine": [0.005220291000000543], "constrain": [0.004723916000003214]}, "final_exec_time": 101.493039541, "stages": [], "best_programs": [], "solution": {"code": "sumk(A):- my_member(A,C),my_member(A,B),add(B,C,295685200623),magic(295685200623).", "is_solution": true, "conf_matrix": [10, 0, 10, 0], "total_exec_time": 101.4930375, "durations": [{"operation": "Test", "called": 1, "total": 101.40164504200001, "mean": 101.40164504200001, "maximum": 101.40164504200001, "__type__": "DurationSummary"}, {"operation": "Find_Bindings_Prolog", "called": 1, "total": 99.83534058400001, "mean": 99.83534058400001, "maximum": 99.83534058400001, "__type__": "DurationSummary"}, {"operation": "Generate", "called": 1, "total": 0.0017675409999999836, "mean": 0.0017675409999999836, "maximum": 0.0017675409999999836, "__type__": "DurationSummary"}], "__type__": "ProgramStats"}, "is_solution": true, "stats_file": "./results/sumk/magicpopper_args/4/stats.json", "end": true, "__type__": "Stats"}