{"log_best_programs": true, "num_literals": 0, "total_programs": 16, "total_rules": 0, "total_ground_rules": 0, "durations": {"generate": [0.0007054579999999921, 0.0004902080000000475, 0.001030958999999998, 0.0010528750000000087, 0.0005317499999999975, 0.007166167000000001, 0.0005274999999999586, 0.0005704169999999897, 0.0005306670000000402, 0.0008253340000000109, 0.0005184579999999994, 0.0005900409999999856, 0.0010139160000000036, 0.0005813749999999951, 0.004507584000000009, 0.0007660409999999951, 0.7412795000000001], "find_bindings_prolog": [0.01637908299999996, 0.0014471249999999936, 0.0013905000000000167, 0.001340958999999975, 0.0006878330000000266, 0.0005468750000000022, 0.0005901669999999748, 0.000505417000000008, 0.0014496249999999544, 0.0006133330000000492, 0.000478083000000018, 0.0005758750000000035, 0.0005533329999999892, 0.0014516249999999564, 0.0008035000000000125], "test": [0.01771275, 0.0004402079999999975, 0.0025464169999999675, 0.002465041999999973, 0.002448541999999998, 0.0010997090000000043, 0.0007783750000000533, 0.0009796669999999619, 0.0007382499999999959, 0.0028011660000000216, 0.0008549170000000106, 0.0006925420000000182, 0.0009598749999999989, 0.000929750000000007, 0.0027792079999999775, 0.001187500000000008], "combine": [0.0037410840000000056, 5.000000000143778e-07, 7.090000000431473e-07, 5.829999999984459e-07, 5.840000000256751e-07, 4.5900000000820285e-07, 4.1600000000308057e-07, 4.170000000303098e-07, 4.5900000000820285e-07, 5.829999999984459e-07, 4.1600000000308057e-07, 4.580000000364848e-07, 4.1699999997479864e-07, 4.170000000303098e-07, 5.000000000143778e-07, 0.003601583999999991], "constrain": [0.0016651249999999895, 0.002005709000000022, 0.0004151250000000162, 0.00041037499999996285, 0.0004114580000000312, 0.0023844590000000054, 0.0018969160000000262, 0.0007200840000000097, 0.0005323339999999677, 0.002248291999999985, 0.0006107499999999932, 0.0005989580000000383, 0.000585749999999996, 0.0005690830000000258, 0.0009069999999999911, 0.0006068750000000067]}, "final_exec_time": 0.892889584, "stages": [], "best_programs": [], "solution": {"code": "f(A,B):- square(A,D),magic(3.142),mult(D,3.142,B).", "is_solution": true, "conf_matrix": [10, 0, 10, 0], "total_exec_time": 0.892878917, "durations": [{"operation": "Test", "called": 16, "total": 0.03941391799999999, "mean": 0.0024633698749999995, "maximum": 0.01771275, "__type__": "DurationSummary"}, {"operation": "Find_Bindings_Prolog", "called": 15, "total": 0.02881333299999994, "mean": 0.0019208888666666626, "maximum": 0.01637908299999996, "__type__": "DurationSummary"}, {"operation": "Generate", "called": 16, "total": 0.021408750000000032, "mean": 0.001338046875000002, "maximum": 0.007166167000000001, "__type__": "DurationSummary"}, {"operation": "Constrain", "called": 15, "total": 0.01596141800000006, "mean": 0.0010640945333333374, "maximum": 0.0023844590000000054, "__type__": "DurationSummary"}, {"operation": "Combine", "called": 15, "total": 0.0037480020000001946, "mean": 0.00024986680000001297, "maximum": 0.0037410840000000056, "__type__": "DurationSummary"}], "__type__": "ProgramStats"}, "is_solution": true, "stats_file": "./results/pi/magicpopper_types/3/stats.json", "end": true, "__type__": "Stats"}