{"log_best_programs": true, "num_literals": 0, "total_programs": 8, "total_rules": 0, "total_ground_rules": 0, "durations": {"generate": [0.0003790420000000516, 0.0005712079999999897, 0.0013429579999999497, 0.0011597920000001594, 0.0015724580000000543, 0.0011966249999999512, 0.0005260830000000105, 0.001094584000000065, 0.001034208000000092], "find_bindings_prolog": [0.02493654099999998, 0.0348362499999999, 0.12824933400000016, 0.14811437500000002, 0.1437002919999999, 0.13920016699999982], "test": [0.028714458000000054, 0.04851008300000004, 0.018735707999999907, 0.12855375000000002, 0.14863112500000009, 0.14404720799999993, 0.01860645899999991, 0.13954570899999963], "combine": [0.029120874999999824, 0.005272500000000013, 5.409999999095305e-07, 5.839999999146528e-07, 6.670000001207654e-07, 4.999999996257998e-07, 5.829999998319124e-07, 5.419999999922709e-07], "constrain": [0.0018900830000001534, 0.0023797079999998694, 0.00042004200000000935, 0.0030498749999998687, 0.005332791000000059, 0.0048257920000001064, 0.0018843330000000158, 0.0016913750000000505]}, "final_exec_time": 1.9549990419999999, "stages": [], "best_programs": [], "solution": {"code": "magic_value(A):- head(A,jf),magic(jf).\nmagic_value(A):- head(A,df),magic(df).\nmagic_value(A):- head(A,jm),magic(jm).\nmagic_value(A):- head(A,rq),magic(rq).\nmagic_value(A):- head(A,qm),magic(qm).\nmagic_value(A):- head(A,ew),magic(ew).\nmagic_value(A):- head(A,ag),magic(ag).\nmagic_value(A):- head(A,da),magic(da).\nmagic_value(A):- head(A,mq),magic(mq).\nmagic_value(A):- head(A,rv),magic(rv).\nmagic_value(A):- head(A,hb),magic(hb).\nmagic_value(A):- head(A,c),magic(c).\nmagic_value(A):- head(A,hn),magic(hn).\nmagic_value(A):- head(A,ql),magic(ql).\nmagic_value(A):- head(A,hl),magic(hl).\nmagic_value(A):- head(A,mz),magic(mz).\nmagic_value(A):- head(A,dt),magic(dt).\nmagic_value(A):- head(A,bq),magic(bq).\nmagic_value(A):- head(A,pv),magic(pv).\nmagic_value(A):- head(A,lu),magic(lu).\nmagic_value(A):- head(A,ae),magic(ae).\nmagic_value(A):- head(A,qy),magic(qy).\nmagic_value(A):- head(A,er),magic(er).\nmagic_value(A):- head(A,ka),magic(ka).\nmagic_value(A):- head(A,kv),magic(kv).\nmagic_value(A):- head(A,an),magic(an).\nmagic_value(A):- head(A,jh),magic(jh).\nmagic_value(A):- head(A,gz),magic(gz).\nmagic_value(A):- head(A,np),magic(np).\nmagic_value(A):- head(A,mw),magic(mw).\nmagic_value(A):- head(A,al),magic(al).\nmagic_value(A):- head(A,jt),magic(jt).\nmagic_value(A):- head(A,ah),magic(ah).\nmagic_value(A):- head(A,mp),magic(mp).\nmagic_value(A):- head(A,es),magic(es).\nmagic_value(A):- head(A,du),magic(du).\nmagic_value(A):- head(A,kw),magic(kw).\nmagic_value(A):- head(A,kd),magic(kd).\nmagic_value(A):- head(A,cw),magic(cw).\nmagic_value(A):- head(A,nd),magic(nd).", "is_solution": true, "conf_matrix": [200, 0, 200, 0], "total_exec_time": 1.9549962920000001, "durations": [{"operation": "Test", "called": 1, "total": 0.028714458000000054, "mean": 0.028714458000000054, "maximum": 0.028714458000000054, "__type__": "DurationSummary"}, {"operation": "Find_Bindings_Prolog", "called": 1, "total": 0.02493654099999998, "mean": 0.02493654099999998, "maximum": 0.02493654099999998, "__type__": "DurationSummary"}, {"operation": "Generate", "called": 1, "total": 0.0003790420000000516, "mean": 0.0003790420000000516, "maximum": 0.0003790420000000516, "__type__": "DurationSummary"}], "__type__": "ProgramStats"}, "is_solution": true, "stats_file": "./results/list_magicvalues_multipleclauses/magicpopper/40/5/stats.json", "end": true, "__type__": "Stats"}