{"log_best_programs": true, "num_literals": 0, "total_programs": 10, "total_rules": 0, "total_ground_rules": 0, "durations": {"generate": [0.00048537500000023215, 0.0003672090000002015, 0.00044733400000041, 0.0004311660000002604, 0.00053820800000004, 0.00037120799999890153, 0.00040245900000002166, 0.00044700000000119644, 0.00039587499999882425, 0.0004337089999992827], "test": [0.12495191699999886, 0.12564254199999958, 0.05781687500000032, 0.371045582999999, 0.37895916700000143, 0.12089899999999965, 0.059071917000000695, 0.04512779200000239, 0.047102708000000604, 1.657136458], "combine": [7.07999999960407e-07, 0.13887312499999993, 5.829999984996448e-07, 0.2395062499999998, 8.329999996448123e-07, 0.24488900000000058, 5.839999985823852e-07, 5.419999986600033e-07, 5.409999985772629e-07], "constrain": [0.0013443329999986986, 0.0013892919999989317, 0.001609124999999878, 0.00020329199999835623, 0.0015287910000001403, 0.00022412499999902025, 0.0017898750000000518, 0.000311249999999319, 0.0002502920000004849], "find_bindings_prolog": [0.12485479199999894, 0.05727254199999976, 0.37028620799999956, 0.3779550839999999, 0.1200263750000019, 0.05849858299999866, 0.04456458399999974, 0.046541459000000174, 1.6535265829999979]}, "final_exec_time": 18.508756166, "stages": [], "best_programs": [], "solution": {"code": "magic_value(A):- head(A,dh),last(A,dh),magic(dh).\nmagic_value(A):- head(A,bd),last(A,bd),magic(bd).\nmagic_value(A):- last(A,fn),head(A,fn),magic(fn).\nmagic_value(A):- head(A,y),last(A,y),magic(y).\nmagic_value(A):- last(A,c7),magic(c7).\nmagic_value(A):- head(A,fa),last(A,fa),magic(fa).\nmagic_value(A):- head(A,t),last(A,t),magic(t).\nmagic_value(A):- head(A,fu),last(A,fu),magic(fu).\nmagic_value(A):- last(A,ax),head(A,ax),magic(ax).\nmagic_value(A):- tail(A,C),head(C,c7),magic(c7).\nmagic_value(A):- head(A,fw),last(A,fw),magic(fw).\nmagic_value(A):- head(A,fz),last(A,fz),magic(fz).\nmagic_value(A):- head(A,c7),magic(c7).\nmagic_value(A):- head(A,bg),last(A,bg),magic(bg).\nmagic_value(A):- head(A,ap),last(A,ap),magic(ap).\nmagic_value(A):- head(A,dm),last(A,dm),magic(dm).\nmagic_value(A):- head(A,ga),last(A,ga),magic(ga).\nmagic_value(A):- head(A,ex),last(A,ex),magic(ex).\nmagic_value(A):- last(A,ep),head(A,ep),magic(ep).\nmagic_value(A):- last(A,m),head(A,m),magic(m).\nmagic_value(A):- head(A,da),last(A,da),magic(da).\nmagic_value(A):- head(A,gn),last(A,gn),magic(gn).\nmagic_value(A):- head(A,s),last(A,s),magic(s).\nmagic_value(A):- head(A,ed),last(A,ed),magic(ed).\nmagic_value(A):- head(A,fx),last(A,fx),magic(fx).\nmagic_value(A):- head(A,gc),last(A,gc),magic(gc).\nmagic_value(A):- head(A,ci),last(A,ci),magic(ci).\nmagic_value(A):- head(A,eq),last(A,eq),magic(eq).", "is_solution": true, "conf_matrix": [0, 0, 0, 0], "total_exec_time": 18.508730583000002, "durations": [{"operation": "Test", "called": 10, "total": 2.9877539590000026, "mean": 0.29877539590000024, "maximum": 1.657136458, "__type__": "DurationSummary"}, {"operation": "Find_Bindings_Prolog", "called": 9, "total": 2.8535262099999965, "mean": 0.3170584677777774, "maximum": 1.6535265829999979, "__type__": "DurationSummary"}, {"operation": "Combine", "called": 9, "total": 0.6232721659999942, "mean": 0.06925246288888826, "maximum": 0.24488900000000058, "__type__": "DurationSummary"}, {"operation": "Constrain", "called": 9, "total": 0.008650374999994881, "mean": 0.000961152777777209, "maximum": 0.0017898750000000518, "__type__": "DurationSummary"}, {"operation": "Generate", "called": 10, "total": 0.004319542999999371, "mean": 0.0004319542999999371, "maximum": 0.00053820800000004, "__type__": "DurationSummary"}], "__type__": "ProgramStats"}, "is_solution": true, "stats_file": "./results/list_example/magicpopper_types/10000/5/stats.json", "end": false, "__type__": "Stats"}