{"log_best_programs": true, "num_literals": 0, "total_programs": 8, "total_rules": 0, "total_ground_rules": 0, "durations": {"generate": [0.0003569580000000183, 0.0005747080000000349, 0.0013506660000000004, 0.0012463750000000218, 0.0014807079999998862, 0.0005769579999999053, 0.0011152919999999344, 0.001091249999999988, 0.0010477080000002026], "find_bindings_prolog": [0.024727666999999842, 0.03461566699999996, 0.1319939590000001, 0.14702087499999994, 0.14983425000000006, 0.14442879200000025], "test": [0.028561583999999973, 0.04767937499999997, 0.018966084000000105, 0.13231537500000012, 0.14736525, 0.01912879200000006, 0.1503704589999999, 0.14477708300000014], "combine": [0.033506999999999953, 0.004866374999999978, 5.00000000069889e-07, 6.249999999763389e-07, 6.670000001207654e-07, 5.419999999922709e-07, 5.00000000069889e-07, 5.00000000069889e-07], "constrain": [0.001849042000000134, 0.0023574589999999507, 0.0004267500000001423, 0.0030427920000000164, 0.005481499999999917, 0.000537958000000005, 0.0019670419999999744, 0.0017007079999999952]}, "final_exec_time": 1.982888209, "stages": [], "best_programs": [], "solution": {"code": "magic_value(A):- head(A,mq),magic(mq).\nmagic_value(A):- head(A,gz),magic(gz).\nmagic_value(A):- head(A,jf),magic(jf).\nmagic_value(A):- head(A,kw),magic(kw).\nmagic_value(A):- head(A,ae),magic(ae).\nmagic_value(A):- head(A,hl),magic(hl).\nmagic_value(A):- head(A,rq),magic(rq).\nmagic_value(A):- head(A,c),magic(c).\nmagic_value(A):- head(A,nd),magic(nd).\nmagic_value(A):- head(A,qy),magic(qy).\nmagic_value(A):- head(A,bq),magic(bq).\nmagic_value(A):- head(A,an),magic(an).\nmagic_value(A):- head(A,da),magic(da).\nmagic_value(A):- head(A,np),magic(np).\nmagic_value(A):- head(A,df),magic(df).\nmagic_value(A):- head(A,mw),magic(mw).\nmagic_value(A):- head(A,es),magic(es).\nmagic_value(A):- head(A,du),magic(du).\nmagic_value(A):- head(A,rv),magic(rv).\nmagic_value(A):- head(A,mz),magic(mz).\nmagic_value(A):- head(A,al),magic(al).\nmagic_value(A):- head(A,cw),magic(cw).\nmagic_value(A):- head(A,pv),magic(pv).\nmagic_value(A):- head(A,ew),magic(ew).\nmagic_value(A):- head(A,jh),magic(jh).\nmagic_value(A):- head(A,qm),magic(qm).\nmagic_value(A):- head(A,kv),magic(kv).\nmagic_value(A):- head(A,ka),magic(ka).\nmagic_value(A):- head(A,hn),magic(hn).\nmagic_value(A):- head(A,jm),magic(jm).\nmagic_value(A):- head(A,lu),magic(lu).\nmagic_value(A):- head(A,ah),magic(ah).\nmagic_value(A):- head(A,kd),magic(kd).\nmagic_value(A):- head(A,mp),magic(mp).\nmagic_value(A):- head(A,jt),magic(jt).\nmagic_value(A):- head(A,hb),magic(hb).\nmagic_value(A):- head(A,ql),magic(ql).\nmagic_value(A):- head(A,ag),magic(ag).\nmagic_value(A):- head(A,dt),magic(dt).\nmagic_value(A):- head(A,er),magic(er).", "is_solution": true, "conf_matrix": [200, 0, 200, 0], "total_exec_time": 1.982885709, "durations": [{"operation": "Test", "called": 1, "total": 0.028561583999999973, "mean": 0.028561583999999973, "maximum": 0.028561583999999973, "__type__": "DurationSummary"}, {"operation": "Find_Bindings_Prolog", "called": 1, "total": 0.024727666999999842, "mean": 0.024727666999999842, "maximum": 0.024727666999999842, "__type__": "DurationSummary"}, {"operation": "Generate", "called": 1, "total": 0.0003569580000000183, "mean": 0.0003569580000000183, "maximum": 0.0003569580000000183, "__type__": "DurationSummary"}], "__type__": "ProgramStats"}, "is_solution": true, "stats_file": "./results/list_magicvalues_multipleclauses/magicpopper/40/9/stats.json", "end": true, "__type__": "Stats"}