{"log_best_programs": true, "num_literals": 0, "total_programs": 76, "total_rules": 0, "total_ground_rules": 0, "durations": {"generate": [0.0003173329999999752, 0.00014483300000001087, 0.00035329200000000505, 0.000392208000000005, 0.00010416599999996112, 0.0006127499999999952, 0.00017104199999995462, 0.00021920799999997076, 0.0006162089999999232, 0.0004795000000000771, 0.00039370800000004813, 0.0004020829999999975, 0.0004529580000000033, 0.0005174169999999645, 0.00027737500000002413, 0.0005562919999999583, 0.0001958329999999231, 0.00016625000000003443, 0.00016095799999993332, 0.0003986249999999858, 0.00013983399999994983, 0.00031362499999998406, 0.0003533749999999891, 0.0005005829999999989, 0.000299749999999932, 0.0003234589999999704, 0.00020141699999998153, 0.00019895899999999855, 0.00020162499999998307, 0.0004030830000000263, 0.00017191599999999418, 0.00020216700000008636, 0.00016133299999998574, 0.00014791700000005292, 0.0006477080000000246, 0.0001495839999999804, 0.00026166699999996546, 0.00021570800000003665, 0.0002559580000000006, 0.0004305000000000003, 0.00030937500000005613, 0.0006693749999999721, 0.00020408299999996604, 0.0002398750000000005, 0.00034241599999995653, 0.0025353339999999447, 0.00031599999999998296, 0.00017370800000005016, 0.00019895800000002684, 0.0002559580000000006, 0.00018262499999999182, 0.00016499999999997073, 0.00021883300000002937, 0.0003271249999999837, 0.00022537499999997213, 0.0001591250000000377, 0.0001511669999999521, 0.00023016700000000334, 0.00040312499999994866, 0.00017375000000008356, 0.0001690829999999588, 0.0004722919999999853, 0.0002866670000000182, 0.00044562500000000504, 0.00016929200000004307, 0.00015004200000001688, 0.00015683300000002287, 0.00022541700000000553, 0.0004065830000000714, 0.00019974999999994303, 0.00017125000000006718, 0.0005526250000000843, 0.0001675410000000488, 0.0003897079999999331, 0.00015724999999999767, 0.00017016699999994334, 0.00365220799999999], "find_bindings_prolog": [0.012444582999999954, 0.00978870799999998, 0.005496000000000001, 0.006452457999999939, 0.010296666999999982, 0.0015133340000000883, 0.002497625000000059, 0.01084320900000002, 0.010702749999999983, 0.006488083000000033, 0.0026881669999999636, 0.0011403329999999379, 0.0022160000000001068, 0.0011579999999999924, 0.002137457999999981, 0.002172415999999955, 0.006421334000000001, 0.0005803749999999663, 0.00648100000000007, 0.007057416999999955, 0.006219291999999932, 0.0064189170000000795, 0.010294334000000016, 0.009568999999999939, 0.0005709579999999548, 0.006041207999999965, 0.006293791999999909, 0.009317291999999977, 0.010062374999999957, 0.001739332999999954, 0.00688583399999998, 0.00669916699999995, 0.000608083000000037, 0.0006490409999999613, 0.010175374999999987, 0.01051654099999999, 0.01009216700000004, 0.010258749999999983, 0.0011129999999999196, 0.0062457079999999054, 0.006338417000000041, 0.0007599169999999988, 0.0008547079999999818, 0.0005866250000000628, 0.0005550830000000673, 0.0006045409999999585, 0.0009479159999999931, 0.0007960000000000189, 0.0006621250000000689, 0.0006973750000000001, 0.0006687079999999623, 0.0006558750000000835, 0.0008022090000000537, 0.0008490840000000555, 0.0005584579999999839, 0.000733291999999941, 0.0006325839999999916, 0.0005902919999999368, 0.000673542000000027, 0.0009820420000000718, 0.0010585419999999957], "test": [0.013156416000000004, 0.00037283399999998856, 0.011060208999999988, 0.0005065000000000208, 0.0004265829999999804, 0.0062373330000000116, 0.007450042000000101, 0.011809208000000071, 0.002044959000000013, 0.003155582999999962, 0.012509875000000004, 0.012511124999999956, 0.007311875000000079, 0.0034327500000000954, 0.0016949159999999353, 0.003022084000000036, 0.0017803749999999452, 0.002910666000000006, 0.0029820420000000736, 0.0003977499999999745, 0.00038400000000005097, 0.0004900839999999462, 0.000631417000000023, 0.007266582999999938, 0.0007818330000000095, 0.00734458299999996, 0.007969667000000014, 0.007076375000000024, 0.007300374999999915, 0.011989208000000029, 0.01110995800000003, 0.0009025000000000283, 0.007061874999999995, 0.007384041000000008, 0.010815584000000045, 0.01215370800000004, 0.002212707999999952, 0.007951375000000094, 0.007830875000000015, 0.0008109160000000504, 0.0008750419999999925, 0.011836208999999931, 0.012371666000000059, 0.011684417000000002, 0.012229124999999952, 0.0014171659999999697, 0.0020067089999999954, 0.0072870830000000275, 0.0010844580000000104, 0.007730040999999965, 0.000569875000000053, 0.0008085410000000515, 0.0009993329999999911, 0.001259249999999934, 0.0008020830000000645, 0.0007585419999999177, 0.0008088330000000088, 0.0012004169999999537, 0.0004965829999999949, 0.0004854589999999659, 0.002502834000000065, 0.0035420419999999675, 0.0010322090000000061, 0.0009206250000000082, 0.0009044169999999907, 0.0008718750000000774, 0.0008607499999999657, 0.00109245899999999, 0.0011144590000000676, 0.0007621250000000579, 0.000951166999999975, 0.0008571670000000475, 0.0008109579999999728, 0.0008915840000000008, 0.0012003750000000313, 0.0012782919999999587], "combine": [0.0030959579999999542, 3.749999999969056e-07, 0.0029557499999999792, 5.409999999650417e-07, 4.580000000364848e-07, 4.999999999588667e-07, 5.419999999922709e-07, 5.83000000053957e-07, 4.579999999254625e-07, 4.579999999254625e-07, 5.83000000053957e-07, 5.840000000256751e-07, 5.840000000256751e-07, 5.00000000069889e-07, 4.1600000000308057e-07, 4.1600000000308057e-07, 3.7500000005241674e-07, 3.7499999994139444e-07, 4.1699999997479864e-07, 5.410000000205528e-07, 4.1600000000308057e-07, 4.1600000000308057e-07, 3.7499999994139444e-07, 5.00000000069889e-07, 4.1699999997479864e-07, 4.999999999588667e-07, 5.83000000053957e-07, 5.00000000069889e-07, 5.419999999922709e-07, 4.999999999588667e-07, 4.5900000000820285e-07, 3.3300000001901253e-07, 4.1699999997479864e-07, 4.999999999588667e-07, 4.1700000008582094e-07, 5.829999999429347e-07, 0.0034174999999999622, 5.840000000256751e-07, 5.83000000053957e-07, 4.5900000000820285e-07, 4.1699999997479864e-07, 5.839999999146528e-07, 5.419999999922709e-07, 5.83000000053957e-07, 6.249999999763389e-07, 6.249999999763389e-07, 3.7499999994139444e-07, 5.829999999429347e-07, 4.580000000364848e-07, 7.500000001048335e-07, 4.580000000364848e-07, 4.1699999997479864e-07, 4.580000000364848e-07, 4.579999999254625e-07, 3.7500000005241674e-07, 3.7500000005241674e-07, 3.7500000005241674e-07, 4.999999999588667e-07, 4.1600000000308057e-07, 4.1699999997479864e-07, 4.1699999997479864e-07, 3.7500000005241674e-07, 4.1600000000308057e-07, 4.1600000000308057e-07, 3.7499999994139444e-07, 4.1699999997479864e-07, 3.7499999994139444e-07, 4.1699999997479864e-07, 3.7499999994139444e-07, 3.7500000005241674e-07, 3.7499999994139444e-07, 4.580000000364848e-07, 4.1600000000308057e-07, 4.579999999254625e-07, 4.580000000364848e-07, 4.580000000364848e-07],