{"log_best_programs": true, "num_literals": 0, "total_programs": 12, "total_rules": 0, "total_ground_rules": 0, "durations": {"generate": [0.0008855830000005227, 0.00034649999999913916, 0.00044870800000040845, 0.000386666999999008, 0.001033292000000685, 0.0003222919999998908, 0.00034708299999941516, 0.0005351659999988101, 0.00034554199999980995, 0.0004367910000002695, 0.000399291000000801, 0.00038970899999846154], "test": [0.12048970799999914, 0.0885429999999996, 0.03275570799999983, 0.3687433750000011, 0.2796799579999991, 0.07892454099999924, 0.035682333000000455, 0.027093042000000622, 0.027918915999999072, 0.05558391699999987, 0.04859991699999888, 0.334591167000001], "combine": [5.830000002760016e-07, 0.10555745899999991, 6.660000000380251e-07, 0.302782624999999, 1.0420000009503383e-06, 0.19850470799999975, 5.000000005139782e-07, 4.580000005915963e-07, 5.830000002760016e-07, 4.5799999881523945e-07, 5.000000005139782e-07], "constrain": [0.002780999999998812, 0.0012399590000011784, 0.0014584580000001068, 0.0002320830000002161, 0.0017202080000000564, 0.00031904199999921445, 0.002934500000000284, 0.0002622920000003859, 0.00047087499999953764, 0.00022262499999925467, 0.00021941600000019434], "find_bindings_prolog": [0.08786375000000035, 0.03233016699999958, 0.36715533399999956, 0.2788823339999986, 0.07828570800000101, 0.035256625000000597, 0.026638416999999137, 0.027433083000000025, 0.055138583999999824, 0.04777375000000106, 0.3311714160000001]}, "final_exec_time": 13.989057542, "stages": [], "best_programs": [], "solution": {"code": "magic_value(A):- head(A,fr),last(A,fr),magic(fr).\nmagic_value(A):- last(A,cr),head(A,cr),magic(cr).\nmagic_value(A):- last(A,s),head(A,s),magic(s).\nmagic_value(A):- last(A,cu),head(A,cu),magic(cu).\nmagic_value(A):- head(A,c7),magic(c7).\nmagic_value(A):- tail(A,C),head(C,c7),magic(c7).\nmagic_value(A):- last(A,c7),magic(c7).\nmagic_value(A):- head(A,cf),last(A,cf),magic(cf).\nmagic_value(A):- last(A,et),head(A,et),magic(et).\nmagic_value(A):- last(A,al),head(A,al),magic(al).\nmagic_value(A):- last(A,gs),head(A,gs),magic(gs).\nmagic_value(A):- head(A,dr),last(A,dr),magic(dr).\nmagic_value(A):- last(A,bm),head(A,bm),magic(bm).\nmagic_value(A):- head(A,ce),last(A,ce),magic(ce).\nmagic_value(A):- head(A,fm),last(A,fm),magic(fm).\nmagic_value(A):- last(A,h),head(A,h),magic(h).\nmagic_value(A):- last(A,ez),head(A,ez),magic(ez).\nmagic_value(A):- last(A,gm),head(A,gm),magic(gm).\nmagic_value(A):- head(A,fi),last(A,fi),magic(fi).\nmagic_value(A):- last(A,gn),head(A,gn),magic(gn).\nmagic_value(A):- last(A,gc),head(A,gc),magic(gc).\nmagic_value(A):- head(A,gk),last(A,gk),magic(gk).\nmagic_value(A):- head(A,em),last(A,em),magic(em).\nmagic_value(A):- head(A,ec),last(A,ec),magic(ec).\nmagic_value(A):- head(A,fo),last(A,fo),magic(fo).\nmagic_value(A):- last(A,k),head(A,k),magic(k).\nmagic_value(A):- head(A,by),last(A,by),magic(by).\nmagic_value(A):- last(A,z),head(A,z),magic(z).\nmagic_value(A):- head(A,fl),last(A,fl),magic(fl).\nmagic_value(A):- last(A,bv),head(A,bv),magic(bv).", "is_solution": true, "conf_matrix": [0, 0, 0, 0], "total_exec_time": 13.989027708, "durations": [{"operation": "Test", "called": 12, "total": 1.498605581999998, "mean": 0.12488379849999982, "maximum": 0.3687433750000011, "__type__": "DurationSummary"}, {"operation": "Find_Bindings_Prolog", "called": 11, "total": 1.3679291679999999, "mean": 0.12435719709090907, "maximum": 0.36715533399999956, "__type__": "DurationSummary"}, {"operation": "Combine", "called": 11, "total": 0.6068495820000006, "mean": 0.05516814381818187, "maximum": 0.302782624999999, "__type__": "DurationSummary"}, {"operation": "Constrain", "called": 11, "total": 0.011860457999999241, "mean": 0.0010782234545453856, "maximum": 0.002934500000000284, "__type__": "DurationSummary"}, {"operation": "Generate", "called": 12, "total": 0.005876623999997221, "mean": 0.0004897186666664352, "maximum": 0.001033292000000685, "__type__": "DurationSummary"}], "__type__": "ProgramStats"}, "is_solution": true, "stats_file": "./results/list_example/magicpopper_types/7000/5/stats.json", "end": false, "__type__": "Stats"}