{"log_best_programs": true, "num_literals": 0, "total_programs": 29, "total_rules": 0, "total_ground_rules": 0, "durations": {"generate": [0.0002442500000000014, 0.00019537499999999763, 0.00022441700000003229, 0.00036637499999997436, 0.00019916599999997286, 0.0002174999999999816, 0.0001810830000000263, 0.00018162500000001858, 0.00045270800000002387, 0.00016458299999999593, 0.0008103339999999681, 0.00018212499999997744, 0.0002082919999999988, 0.000213208999999992, 0.00018129199999999956, 0.00016887499999995725, 0.00019508400000001203, 0.00023012500000002545, 0.0002031250000000262, 0.0001927919999999972, 0.00018495800000001283, 0.0001777909999999827, 0.00021566600000000324, 0.00033029099999998257, 0.00016008300000003306, 0.0005902500000000144, 0.00017858300000000993, 0.00019558299999999917, 0.00016820800000000302, 0.0020024159999999513], "find_bindings_prolog": [0.01820174999999996, 0.0017414590000000008, 0.00520720899999999, 0.009077624999999978, 0.0019447920000000285, 0.0012259159999999936, 0.004572875000000032, 0.004440084000000011, 0.00157537499999999, 0.0014542920000000237, 0.0012926249999999917, 0.0018027500000000196, 0.004202749999999977, 0.0009844170000000152, 0.0012347919999999846, 0.001206291000000026, 0.0029320830000000297, 0.00319212499999999, 0.0013586660000000084, 0.0006670830000000127, 0.001195166999999997, 0.001093875000000022, 0.001191624999999974, 0.0005354169999999825, 0.0005142499999999939, 0.0015355420000000009, 0.0013600829999999564, 0.0015978340000000202, 0.0016274160000000482], "test": [0.024042291999999965, 0.0027195000000000413, 0.007679459, 0.012784624999999994, 0.002814958000000034, 0.0019742500000000107, 0.007192666999999986, 0.006934125000000013, 0.0026812079999999905, 0.0024259169999999997, 0.0023946249999999836, 0.0027794999999999903, 0.007933999999999997, 0.0013505830000000163, 0.0019258340000000151, 0.0018816249999999979, 0.005826250000000033, 0.006294250000000001, 0.002068499999999973, 0.0011880420000000003, 0.0020231669999999924, 0.0019160420000000067, 0.0021146659999999873, 0.0008685420000000277, 0.0008475840000000123, 0.002653167000000012, 0.002333625000000006, 0.002841666999999992, 0.0029532080000000405], "combine": [0.019094583, 0.00512770899999998, 0.007038541999999981, 0.007816833000000023, 0.008436249999999978, 4.170000000303098e-07, 4.1699999997479864e-07, 4.589999999526917e-07, 3.749999999969056e-07, 3.339999999907306e-07, 5.000000000143778e-07, 4.1600000000308057e-07, 4.999999999588667e-07, 3.749999999969056e-07, 3.749999999969056e-07, 4.1600000000308057e-07, 6.249999999763389e-07, 5.000000000143778e-07, 4.170000000303098e-07, 3.749999999969056e-07, 4.5900000000820285e-07, 3.749999999969056e-07, 3.749999999969056e-07, 4.170000000303098e-07, 3.329999999635014e-07, 4.1600000000308057e-07, 4.170000000303098e-07, 4.170000000303098e-07, 4.1699999997479864e-07], "constrain": [0.0012961670000000147, 0.002131625000000026, 0.0017680830000000314, 0.0016927079999999872, 0.00023804099999996664, 0.0003253749999999611, 0.00046791600000001266, 0.00036795800000000156, 0.0006024579999999724, 0.0005985000000000018, 0.0002769579999999938, 0.0003663340000000237, 0.0004329580000000388, 0.002182667000000027, 0.00036570800000002013, 0.00036170800000001613, 0.0004550000000000387, 0.0004174590000000089, 0.0003633749999999991, 0.0006742499999999874, 0.0003653750000000011, 0.00035037500000001387, 0.0003889579999999948, 0.0005806670000000347, 0.0005805840000000506, 0.0006620410000000021, 0.0006653750000000236, 0.0006547499999999817, 0.0006527090000000291]}, "final_exec_time": 0.25842633299999995, "stages": [], "best_programs": [], "solution": {"code": "goal(27,you,100):- magic(you),magic(100),magic(27).\ngoal(A,you,0):- my_true_cell(A,D,onecoin),my_true_cell(A,D,onecoin),magic(onecoin),magic(0),magic(onecoin),magic(you).\ngoal(12,you,100):- magic(you),magic(100),magic(12).", "is_solution": true, "conf_matrix": [62, 0, 62, 0], "total_exec_time": 0.258424333, "durations": [{"operation": "Test", "called": 5, "total": 0.050040834000000034, "mean": 0.010008166800000006, "maximum": 0.024042291999999965, "__type__": "DurationSummary"}, {"operation": "Combine", "called": 4, "total": 0.03907766699999998, "mean": 0.009769416749999996, "maximum": 0.019094583, "__type__": "DurationSummary"}, {"operation": "Find_Bindings_Prolog", "called": 5, "total": 0.03617283499999996, "mean": 0.007234566999999992, "maximum": 0.01820174999999996, "__type__": "DurationSummary"}, {"operation": "Constrain", "called": 4, "total": 0.006888583000000059, "mean": 0.0017221457500000148, "maximum": 0.002131625000000026, "__type__": "DurationSummary"}, {"operation": "Generate", "called": 5, "total": 0.0012295829999999786, "mean": 0.0002459165999999957, "maximum": 0.00036637499999997436, "__type__": "DurationSummary"}], "__type__": "ProgramStats"}, "is_solution": true, "stats_file": "./results/iggp-coins-goal/magicpopper_all/4/stats.json", "end": true, "__type__": "Stats"}