{"log_best_programs": true, "num_literals": 0, "total_programs": 29, "total_rules": 0, "total_ground_rules": 0, "durations": {"generate": [0.00025920800000001076, 0.000197541999999995, 0.00021387500000003, 0.0003582910000000106, 0.00020212499999999745, 0.00021525000000000016, 0.00018004099999996415, 0.00017299999999997873, 0.00044845900000001215, 0.00015566599999999875, 0.0008114580000000426, 0.0001787919999999832, 0.00022062500000002983, 0.00017174999999997054, 0.00017266699999995971, 0.00016562500000000258, 0.000189875000000006, 0.000177874999999994, 0.0001734580000000152, 0.0001987500000000253, 0.00016366600000000675, 0.00016225000000003043, 0.00019970800000002065, 0.0003226250000000208, 0.0001587080000000074, 0.0005947089999999711, 0.00016762500000000458, 0.00018458399999998765, 0.0001651249999999882, 0.0019847919999999575], "find_bindings_prolog": [0.018065832999999976, 0.0017242500000000383, 0.005179708000000005, 0.008614500000000025, 0.001954750000000005, 0.0011720829999999904, 0.004617166000000006, 0.0043281249999999605, 0.0015947080000000002, 0.001427125000000029, 0.0011876250000000255, 0.0017282080000000088, 0.0040862500000000135, 0.0008478340000000473, 0.0011963749999999718, 0.001144083000000018, 0.002901833999999992, 0.0028792920000000333, 0.0012694160000000232, 0.0005911670000000036, 0.0012502090000000021, 0.0011661249999999623, 0.0012520000000000309, 0.0005220840000000337, 0.0005310419999999816, 0.001514874999999971, 0.001292208000000017, 0.0016115409999999941, 0.0016123329999999658], "test": [0.023760249999999983, 0.002691041999999977, 0.007601208000000026, 0.012262582999999994, 0.0028088749999999885, 0.0019164170000000036, 0.007182540999999987, 0.0067647920000000195, 0.0026752090000000117, 0.002375292000000029, 0.0022592499999999904, 0.002679333000000006, 0.007536250000000022, 0.0011973750000000005, 0.0018724159999999879, 0.001808166, 0.005366749999999976, 0.00586816699999998, 0.001951000000000036, 0.001088792000000005, 0.0020535000000000414, 0.001966416999999998, 0.002148083000000023, 0.0008459590000000072, 0.0008541249999999834, 0.002598292000000002, 0.00223325000000002, 0.0028208750000000005, 0.0029199580000000003], "combine": [0.019189999999999985, 0.005055374999999973, 0.006864917000000026, 0.007844249999999997, 0.00834737499999999, 4.580000000364848e-07, 5.000000000143778e-07, 5.000000000143778e-07, 4.5799999998097363e-07, 4.589999999526917e-07, 5.419999999922709e-07, 4.580000000364848e-07, 5.000000000143778e-07, 3.749999999969056e-07, 4.1600000000308057e-07, 5.000000000143778e-07, 4.5799999998097363e-07, 5.000000000143778e-07, 4.5900000000820285e-07, 3.749999999969056e-07, 4.170000000303098e-07, 4.1699999997479864e-07, 4.5799999998097363e-07, 3.3300000001901253e-07, 3.749999999969056e-07, 4.1600000000308057e-07, 4.1600000000308057e-07, 4.5799999998097363e-07, 4.1699999997479864e-07], "constrain": [0.0013251669999999605, 0.002085875000000015, 0.0016774170000000144, 0.0018620410000000365, 0.00023808300000000004, 0.0003230000000000177, 0.000469749999999991, 0.0003526249999999953, 0.0005866250000000073, 0.0005847910000000289, 0.00026737500000001413, 0.00036966700000001795, 0.0003970409999999869, 0.0021668750000000125, 0.00035891700000001414, 0.00035558299999999265, 0.00039033299999996496, 0.00039287500000001474, 0.00036004100000003314, 0.0006444590000000416, 0.00034533400000003045, 0.00034270799999996937, 0.0003782910000000306, 0.0005725830000000154, 0.0005724170000000472, 0.000639957999999996, 0.0006397079999999611, 0.0006472909999999943, 0.0006437089999999923]}, "final_exec_time": 0.25525825, "stages": [], "best_programs": [], "solution": {"code": "goal(A,you,0):- my_true_cell(A,D,onecoin),my_true_cell(A,D,onecoin),magic(onecoin),magic(0),magic(onecoin),magic(you).\ngoal(27,you,100):- magic(you),magic(27),magic(100).\ngoal(12,you,100):- magic(100),magic(12),magic(you).", "is_solution": true, "conf_matrix": [62, 0, 62, 0], "total_exec_time": 0.25525549999999997, "durations": [{"operation": "Test", "called": 5, "total": 0.04912395799999997, "mean": 0.009824791599999994, "maximum": 0.023760249999999983, "__type__": "DurationSummary"}, {"operation": "Combine", "called": 4, "total": 0.03895454199999998, "mean": 0.009738635499999995, "maximum": 0.019189999999999985, "__type__": "DurationSummary"}, {"operation": "Find_Bindings_Prolog", "called": 5, "total": 0.03553904100000005, "mean": 0.00710780820000001, "maximum": 0.018065832999999976, "__type__": "DurationSummary"}, {"operation": "Constrain", "called": 4, "total": 0.006950500000000026, "mean": 0.0017376250000000065, "maximum": 0.002085875000000015, "__type__": "DurationSummary"}, {"operation": "Generate", "called": 5, "total": 0.0012310410000000438, "mean": 0.0002462082000000088, "maximum": 0.0003582910000000106, "__type__": "DurationSummary"}], "__type__": "ProgramStats"}, "is_solution": true, "stats_file": "./results/iggp-coins-goal/magicpopper_all/1/stats.json", "end": true, "__type__": "Stats"}