{"log_best_programs": true, "num_literals": 0, "total_programs": 26, "total_rules": 0, "total_ground_rules": 0, "durations": {"generate": [0.0002910420000000191, 0.0002418329999999691, 0.00019837499999997288, 0.0001939160000000162, 0.0003349579999999963, 0.00029533399999998045, 0.00022216699999999534, 0.00021141699999999153, 0.000195541999999993, 0.00017958299999998317, 0.00018074999999995178, 0.00021570900000000837, 0.00022979199999995092, 0.00020566699999996496, 0.00021066699999999772, 0.00020979199999998643, 0.00019458300000002593, 0.00021137500000001364, 0.000240207999999964, 0.00018004100000001966, 0.00017808399999996727, 0.00021775000000001654, 0.00017154099999999728, 0.0001747080000000234, 0.00019258300000002393, 0.000423084000000018, 0.00022970799999999514], "find_bindings_prolog": [0.011561292, 0.000675167000000032, 0.0003354999999999886, 0.00029208399999997026, 0.0003973329999999997, 0.0003537909999999922, 0.0003337919999999994, 0.00033637499999999987, 0.00032891700000003965, 0.0003446670000000207, 0.00032558300000001816, 0.0006321250000000389, 0.00035883300000000284, 0.0011583749999999893], "test": [0.012144750000000037, 0.0012113750000000145, 0.0004975830000000236, 0.0004425419999999902, 0.014551541000000001, 0.0005890000000000062, 0.0005353330000000267, 0.0005076669999999894, 0.0002982910000000061, 0.0002874579999999627, 0.00029833299999998397, 0.000284208000000008, 0.0005144169999999892, 0.000501874999999985, 0.0005200000000000204, 0.0004950410000000294, 0.00128575000000003, 0.0005322920000000453, 0.000282208000000006, 0.0002686670000000002, 0.000264207999999988, 0.0002663330000000075, 0.00027287500000000575, 0.0002674590000000254, 0.0002689579999999858, 0.0024912500000000004], "combine": [0.0025025000000000186, 5.840000000256751e-07, 3.749999999969056e-07, 2.919999999573264e-07, 5.839999999701639e-07, 3.749999999969056e-07, 3.749999999969056e-07, 3.749999999969056e-07, 3.749999999969056e-07, 3.749999999969056e-07, 3.749999999969056e-07, 4.1600000000308057e-07, 3.749999999969056e-07, 3.3300000001901253e-07, 3.749999999969056e-07, 3.339999999907306e-07, 4.170000000303098e-07, 3.749999999969056e-07, 3.3300000001901253e-07, 3.749999999969056e-07, 3.749999999969056e-07, 3.339999999907306e-07, 3.749999999969056e-07, 3.339999999907306e-07, 3.749999999969056e-07, 0.0021663330000000203], "constrain": [0.0007349170000000016, 0.0008413749999999776, 0.00017400000000000748, 0.00017116600000000037, 0.00016108400000003353, 0.0010969590000000085, 0.00019962500000003658, 0.00019470900000001512, 0.0001742909999999931, 0.0001731249999999962, 0.0001712090000000055, 0.00014204200000000888, 0.0001654999999999851, 0.00016725000000000767, 0.00016399999999999748, 0.00016445800000003397, 0.00020433300000000099, 0.00016733400000001897, 0.00014337499999994563, 0.00014100000000000223, 0.0001379589999999653, 0.00013729200000001107, 0.00013983400000000534, 0.00013887499999998276, 0.0001391669999999956, 0.0010627500000000012]}, "final_exec_time": 0.09287745799999997, "stages": [], "best_programs": [], "solution": {"code": "multiple(1):- magic(1).\nmultiple(A):- div2(A,B),multiple(B).", "is_solution": true, "conf_matrix": [6, 0, 10, 0], "total_exec_time": 0.09287600000000001, "durations": [{"operation": "Test", "called": 26, "total": 0.03987941400000017, "mean": 0.0015338236153846219, "maximum": 0.014551541000000001, "__type__": "DurationSummary"}, {"operation": "Find_Bindings_Prolog", "called": 14, "total": 0.017433834000000092, "mean": 0.0012452738571428637, "maximum": 0.011561292, "__type__": "DurationSummary"}, {"operation": "Constrain", "called": 25, "total": 0.0062448790000000365, "mean": 0.00024979516000000145, "maximum": 0.0010969590000000085, "__type__": "DurationSummary"}, {"operation": "Generate", "called": 26, "total": 0.005800500999999847, "mean": 0.00022309619230768642, "maximum": 0.000423084000000018, "__type__": "DurationSummary"}, {"operation": "Combine", "called": 25, "total": 0.002511710999999972, "mean": 0.00010046843999999888, "maximum": 0.0025025000000000186, "__type__": "DurationSummary"}], "__type__": "ProgramStats"}, "is_solution": true, "stats_file": "./results/multiple/magicpopper_all/0/stats.json", "end": true, "__type__": "Stats"}