{"log_best_programs": true, "num_literals": 0, "total_programs": 8, "total_rules": 0, "total_ground_rules": 0, "durations": {"generate": [0.0003391659999998353, 0.0005568750000000122, 0.0012508749999999846, 0.0010982500000000783, 0.0014659999999999673, 0.0010861659999998885, 0.0006952080000000027, 0.0003497500000002596, 0.0010799170000002078], "find_bindings_prolog": [0.017201958000000017, 0.03339924999999999, 0.11953116600000002, 0.14112241700000006, 0.13121004199999997, 0.1284826670000001], "test": [0.018458708999999907, 0.04620124999999997, 0.017773666999999937, 0.11981108399999996, 0.14160358299999998, 0.13153425000000007, 0.12879699999999983, 0.017849957999999777], "combine": [0.006653499999999868, 0.004152457999999859, 5.419999999922709e-07, 6.249999999763389e-07, 6.249999999763389e-07, 5.00000000069889e-07, 5.410000003536197e-07, 5.00000000069889e-07], "constrain": [0.0015107500000000051, 0.002179750000000036, 0.00040145900000010393, 0.0032827090000000503, 0.005225416999999899, 0.0015433339999999518, 0.004915374999999944, 0.0018313750000000795]}, "final_exec_time": 1.826889666, "stages": [], "best_programs": [], "solution": {"code": "magic_value(A):- head(A,pb),magic(pb).\nmagic_value(A):- head(A,b),magic(b).\nmagic_value(A):- head(A,pn),magic(pn).\nmagic_value(A):- head(A,sf),magic(sf).\nmagic_value(A):- head(A,ot),magic(ot).\nmagic_value(A):- head(A,pu),magic(pu).\nmagic_value(A):- head(A,gr),magic(gr).\nmagic_value(A):- head(A,is),magic(is).\nmagic_value(A):- head(A,oq),magic(oq).\nmagic_value(A):- head(A,lk),magic(lk).", "is_solution": true, "conf_matrix": [200, 0, 200, 0], "total_exec_time": 1.826887083, "durations": [{"operation": "Test", "called": 1, "total": 0.018458708999999907, "mean": 0.018458708999999907, "maximum": 0.018458708999999907, "__type__": "DurationSummary"}, {"operation": "Find_Bindings_Prolog", "called": 1, "total": 0.017201958000000017, "mean": 0.017201958000000017, "maximum": 0.017201958000000017, "__type__": "DurationSummary"}, {"operation": "Generate", "called": 1, "total": 0.0003391659999998353, "mean": 0.0003391659999998353, "maximum": 0.0003391659999998353, "__type__": "DurationSummary"}], "__type__": "ProgramStats"}, "is_solution": true, "stats_file": "./results/list_magicvalues_multipleclauses/magicpopper/10/5/stats.json", "end": true, "__type__": "Stats"}