{"log_best_programs": true, "num_literals": 0, "total_programs": 8, "total_rules": 0, "total_ground_rules": 0, "durations": {"generate": [0.0003519169999999239, 0.00043250000000005784, 0.0013120840000000467, 0.0011231249999998916, 0.0011209999999999276, 0.0007169170000000946, 0.0014000000000000679, 0.0007669169999999781, 0.0010454580000001101], "find_bindings_prolog": [0.014997999999999845, 0.030604582999999907, 0.11260779199999993, 0.12323908300000008, 0.12212670799999992, 0.128558167], "test": [0.015747833000000044, 0.041225332999999864, 0.016697750000000067, 0.11288429199999994, 0.12353420799999992, 0.017038667000000007, 0.12242783400000001, 0.12900958400000007], "combine": [0.005605250000000117, 0.0033916670000000426, 5.00000000069889e-07, 5.419999999922709e-07, 5.419999999922709e-07, 5.00000000069889e-07, 4.5900000000820285e-07, 4.580000001475071e-07], "constrain": [0.0014667079999999277, 0.0020949590000001184, 0.0003741669999999253, 0.002662916000000015, 0.004606291999999845, 0.0018344580000000388, 0.004630791999999939, 0.0016063749999999377]}, "final_exec_time": 1.726384625, "stages": [], "best_programs": [], "solution": {"code": "magic_value(A):- head(A,jk),magic(jk).\nmagic_value(A):- head(A,qb),magic(qb).\nmagic_value(A):- head(A,qp),magic(qp).\nmagic_value(A):- head(A,kw),magic(kw).\nmagic_value(A):- head(A,ky),magic(ky).", "is_solution": true, "conf_matrix": [200, 0, 200, 0], "total_exec_time": 1.7263820829999998, "durations": [{"operation": "Test", "called": 1, "total": 0.015747833000000044, "mean": 0.015747833000000044, "maximum": 0.015747833000000044, "__type__": "DurationSummary"}, {"operation": "Find_Bindings_Prolog", "called": 1, "total": 0.014997999999999845, "mean": 0.014997999999999845, "maximum": 0.014997999999999845, "__type__": "DurationSummary"}, {"operation": "Generate", "called": 1, "total": 0.0003519169999999239, "mean": 0.0003519169999999239, "maximum": 0.0003519169999999239, "__type__": "DurationSummary"}], "__type__": "ProgramStats"}, "is_solution": true, "stats_file": "./results/list_magicvalues_multipleclauses/magicpopper/5/6/stats.json", "end": true, "__type__": "Stats"}