{"log_best_programs": true, "num_literals": 0, "total_programs": 5, "total_rules": 0, "total_ground_rules": 0, "durations": {"generate": [0.24493391700000006, 0.007378875000000007, 0.5903911669999999, 0.0004441250000000174, 0.0029549579999998965, 0.378380709], "test": [0.0015860830000000714, 0.0005591670000000271, 0.0007155420000000134, 0.0006737500000000285, 0.0006323749999999073], "combine": [5.829999999429347e-07, 4.1699999997479864e-07, 5.83000000053957e-07, 5.00000000069889e-07, 4.579999999254625e-07], "constrain": [0.023581542000000066, 0.00620729199999992, 0.07026783400000003, 0.03474283300000014, 0.020305457999999943]}, "final_exec_time": 1.468790833, "stages": [], "best_programs": [], "solution": null, "is_solution": false, "stats_file": "./results/drug_design/popper/5/stats.json", "end": true, "__type__": "Stats"}