{"log_best_programs": true, "num_literals": 0, "total_programs": 8, "total_rules": 0, "total_ground_rules": 0, "durations": {"generate": [0.000391749999999913, 0.0006341249999999299, 0.0011632089999999984, 0.00164487499999999, 0.0021379159999999064, 0.0008821249999999559, 0.0007108329999998553, 0.000395750000000028, 0.0007045829999996478], "find_bindings_prolog": [0.035146624999999876, 0.03334979100000002, 0.13284612499999993, 0.14481991599999988, 0.14537312499999988, 0.15390470799999978], "test": [0.04314583399999994, 0.04454074999999991, 0.01875129100000006, 0.13317, 0.019913083000000054, 0.1451591670000001, 0.14572037500000024, 0.1544195420000003], "combine": [0.10517620800000005, 0.005894541999999836, 5.00000000069889e-07, 7.07999999960407e-07, 5.83000000053957e-07, 4.5899999978615824e-07, 5.419999999922709e-07, 5.419999999922709e-07], "constrain": [0.001759332999999863, 0.0023209169999998114, 0.0004254169999999835, 0.003239833000000081, 0.0005269590000001045, 0.005262790999999822, 0.00521220900000019, 0.0021641670000001056]}, "final_exec_time": 2.134523417, "stages": [], "best_programs": [], "solution": {"code": "magic_value(A):- head(A,hx),magic(hx).\nmagic_value(A):- head(A,of),magic(of).\nmagic_value(A):- head(A,kx),magic(kx).\nmagic_value(A):- head(A,km),magic(km).\nmagic_value(A):- head(A,fa),magic(fa).\nmagic_value(A):- head(A,gg),magic(gg).\nmagic_value(A):- head(A,gs),magic(gs).\nmagic_value(A):- head(A,hy),magic(hy).\nmagic_value(A):- head(A,qc),magic(qc).\nmagic_value(A):- head(A,sh),magic(sh).\nmagic_value(A):- head(A,ae),magic(ae).\nmagic_value(A):- head(A,gj),magic(gj).\nmagic_value(A):- head(A,kk),magic(kk).\nmagic_value(A):- head(A,nq),magic(nq).\nmagic_value(A):- head(A,pk),magic(pk).\nmagic_value(A):- head(A,be),magic(be).\nmagic_value(A):- head(A,n),magic(n).\nmagic_value(A):- head(A,pq),magic(pq).\nmagic_value(A):- head(A,ln),magic(ln).\nmagic_value(A):- head(A,gw),magic(gw).\nmagic_value(A):- head(A,pc),magic(pc).\nmagic_value(A):- head(A,l),magic(l).\nmagic_value(A):- head(A,j),magic(j).\nmagic_value(A):- head(A,ii),magic(ii).\nmagic_value(A):- head(A,nv),magic(nv).\nmagic_value(A):- head(A,gf),magic(gf).\nmagic_value(A):- head(A,lj),magic(lj).\nmagic_value(A):- head(A,ce),magic(ce).\nmagic_value(A):- head(A,cb),magic(cb).\nmagic_value(A):- head(A,cu),magic(cu).\nmagic_value(A):- head(A,db),magic(db).\nmagic_value(A):- head(A,hr),magic(hr).\nmagic_value(A):- head(A,at),magic(at).\nmagic_value(A):- head(A,rt),magic(rt).\nmagic_value(A):- head(A,ds),magic(ds).\nmagic_value(A):- head(A,cv),magic(cv).\nmagic_value(A):- head(A,es),magic(es).\nmagic_value(A):- head(A,mu),magic(mu).\nmagic_value(A):- head(A,le),magic(le).\nmagic_value(A):- head(A,oq),magic(oq).\nmagic_value(A):- head(A,rw),magic(rw).\nmagic_value(A):- head(A,qe),magic(qe).\nmagic_value(A):- head(A,mm),magic(mm).\nmagic_value(A):- head(A,oz),magic(oz).\nmagic_value(A):- head(A,pf),magic(pf).\nmagic_value(A):- head(A,fh),magic(fh).\nmagic_value(A):- head(A,kg),magic(kg).\nmagic_value(A):- head(A,cz),magic(cz).\nmagic_value(A):- head(A,gm),magic(gm).\nmagic_value(A):- head(A,ru),magic(ru).\nmagic_value(A):- head(A,mq),magic(mq).\nmagic_value(A):- head(A,qa),magic(qa).\nmagic_value(A):- head(A,hd),magic(hd).\nmagic_value(A):- head(A,ko),magic(ko).\nmagic_value(A):- head(A,du),magic(du).\nmagic_value(A):- head(A,m),magic(m).\nmagic_value(A):- head(A,gn),magic(gn).\nmagic_value(A):- head(A,u),magic(u).\nmagic_value(A):- head(A,on),magic(on).\nmagic_value(A):- head(A,fw),magic(fw).\nmagic_value(A):- head(A,nc),magic(nc).\nmagic_value(A):- head(A,ar),magic(ar).\nmagic_value(A):- head(A,ch),magic(ch).\nmagic_value(A):- head(A,jo),magic(jo).\nmagic_value(A):- head(A,ff),magic(ff).\nmagic_value(A):- head(A,qv),magic(qv).\nmagic_value(A):- head(A,dz),magic(dz).\nmagic_value(A):- head(A,dk),magic(dk).\nmagic_value(A):- head(A,ek),magic(ek).\nmagic_value(A):- head(A,bj),magic(bj).\nmagic_value(A):- head(A,pu),magic(pu).\nmagic_value(A):- head(A,hn),magic(hn).\nmagic_value(A):- head(A,ps),magic(ps).\nmagic_value(A):- head(A,mk),magic(mk).\nmagic_value(A):- head(A,rs),magic(rs).\nmagic_value(A):- head(A,bi),magic(bi).\nmagic_value(A):- head(A,mv),magic(mv).\nmagic_value(A):- head(A,nx),magic(nx).\nmagic_value(A):- head(A,ri),magic(ri).\nmagic_value(A):- head(A,cm),magic(cm).\nmagic_value(A):- head(A,an),magic(an).\nmagic_value(A):- head(A,oj),magic(oj).\nmagic_value(A):- head(A,gd),magic(gd).\nmagic_value(A):- head(A,ay),magic(ay).\nmagic_value(A):- head(A,hc),magic(hc).\nmagic_value(A):- head(A,hm),magic(hm).\nmagic_value(A):- head(A,qn),magic(qn).\nmagic_value(A):- head(A,rp),magic(rp).\nmagic_value(A):- head(A,lo),magic(lo).\nmagic_value(A):- head(A,cy),magic(cy).", "is_solution": true, "conf_matrix": [200, 0, 200, 0], "total_exec_time": 2.134520125, "durations": [{"operation": "Test", "called": 1, "total": 0.04314583399999994, "mean": 0.04314583399999994, "maximum": 0.04314583399999994, "__type__": "DurationSummary"}, {"operation": "Find_Bindings_Prolog", "called": 1, "total": 0.035146624999999876, "mean": 0.035146624999999876, "maximum": 0.035146624999999876, "__type__": "DurationSummary"}, {"operation": "Generate", "called": 1, "total": 0.000391749999999913, "mean": 0.000391749999999913, "maximum": 0.000391749999999913, "__type__": "DurationSummary"}], "__type__": "ProgramStats"}, "is_solution": true, "stats_file": "./results/list_magicvalues_multipleclauses/magicpopper/90/3/stats.json", "end": true, "__type__": "Stats"}