{"log_best_programs": true, "num_literals": 0, "total_programs": 30, "total_rules": 0, "total_ground_rules": 0, "durations": {"generate": [0.00043816700000021136, 0.00035229199999986527, 0.00043554199999995546, 0.0003694579999999892, 0.0005007500000000498, 0.0003265839999997411, 0.0003521659999998761, 0.0003971249999996651, 0.000321542000000008, 0.0003727090000000821, 0.0003766249999999083, 0.00041079199999982663, 0.0004172499999999246, 0.0004031250000000597, 0.00037137500000028467, 0.000527749999999827, 0.0003749170000002522, 0.00042712499999986164, 0.00036137500000066325, 0.00039316700000036064, 0.0003732920000008022, 0.0004777080000000211, 0.0004950419999989464, 0.00035012500000064506, 0.0004353330000004263, 0.0005361249999999984, 0.0003343329999996314, 0.0008343330000002425, 0.0004512090000012847, 0.0004171250000020166, 0.00015558300000151348], "test": [0.03207204099999994, 0.04379891600000008, 0.005863457999999877, 0.2036816250000002, 0.20481870800000035, 0.04198075000000001, 0.005581833000000369, 0.004451874999999994, 0.004451582999999815, 0.013923416999999993, 0.007956667000000195, 0.008017167000000214, 4.537710875, 0.04333104200000015, 0.21238974999999982, 0.008348833999999528, 0.005101165999999324, 0.005065165999999621, 0.0051974579999995996, 0.23187658300000002, 0.04262812500000024, 0.006821750000000293, 0.023112915999998762, 0.014764750000001214, 0.015474041000000938, 0.008970542000000137, 0.008796833999999976, 4.4140873329999994, 0.01712091700000329, 0.13443733300000105], "combine": [7.090000000431473e-07, 0.014837916999999923, 4.5900000000820285e-07, 0.0525675000000001, 7.090000000431473e-07, 0.05302212500000003, 4.5799999970341787e-07, 4.1599999978103597e-07, 4.580000001475071e-07, 0.08059920899999984, 4.580000001475071e-07, 4.5799999970341787e-07, 5.170376707999999, 6.670000001207654e-07, 6.249999984220267e-07, 5.000000005139782e-07, 4.580000005915963e-07, 4.1700000075195476e-07, 5.830000002760016e-07, 7.090000000431473e-07, 5.839999985823852e-07, 4.999999987376214e-07, 5.420000004363601e-07, 5.000000005139782e-07, 5.420000004363601e-07, 5.420000004363601e-07, 5.000000005139782e-07, 7.079999981840501e-07, 7.079999981840501e-07, 0.06088783299999889], "constrain": [0.0012271249999999956, 0.0013178339999999622, 0.0013158749999999664, 0.00018108300000019284, 0.0013519160000003971, 0.00018887500000008828, 0.0015667089999999995, 0.00025158299999983313, 0.00021779199999993892, 0.00022950000000010462, 0.0002162079999998845, 0.00022749999999982506, 0.0002572500000006528, 0.00011600000000022703, 0.00011770899999952178, 0.00022808399999973972, 0.00023066600000021253, 0.00022983300000056772, 0.00024741700000063815, 0.00016045899999994617, 0.00016220900000085692, 0.0003019999999995804, 0.0002049999999993446, 0.00020624999999974136, 0.0003444590000007963, 0.0002609590000002271, 0.00024104200000074627, 0.0014054170000008526, 0.0013440410000029601, 0.0014149169999981837], "find_bindings_prolog": [0.04330245900000018, 0.00560549999999993, 0.20291229199999994, 0.20391954099999987, 0.041324125000000045, 0.0053176249999999925, 0.004199959000000142, 0.004204958000000314, 0.012980124999999898, 0.007694250000000125, 0.00776541700000033, 4.401518166, 0.0423107500000004, 0.21124845800000003, 0.008089541999998673, 0.004821083999999587, 0.004800541000001601, 0.0049337079999993705, 0.23053120900000046, 0.04186558299999987, 0.0063928749999995205, 4.412902041999999, 0.13368545899999873], "inconsistent thingy": [3.7090000013506597e-06]}, "final_exec_time": 17.239401875, "stages": [], "best_programs": [], "solution": {"code": "magic_value(A):- head(A,c7),magic(c7).\nmagic_value(A):- tail(A,B),magic_value(B).", "is_solution": true, "conf_matrix": [1000, 0, 1000, 0], "total_exec_time": 17.239399959, "durations": [{"operation": "Test", "called": 30, "total": 10.311833455000006, "mean": 0.3437277818333335, "maximum": 4.537710875, "__type__": "DurationSummary"}, {"operation": "Find_Bindings_Prolog", "called": 23, "total": 10.042325667999997, "mean": 0.43662285513043464, "maximum": 4.412902041999999, "__type__": "DurationSummary"}, {"operation": "Combine", "called": 29, "total": 5.371416668999995, "mean": 0.1852212644482757, "maximum": 5.170376707999999, "__type__": "DurationSummary"}, {"operation": "Constrain", "called": 29, "total": 0.0143507950000068, "mean": 0.0004948550000002345, "maximum": 0.0015667089999999995, "__type__": "DurationSummary"}, {"operation": "Generate", "called": 30, "total": 0.012634461000004427, "mean": 0.00042114870000014757, "maximum": 0.0008343330000002425, "__type__": "DurationSummary"}, {"operation": "Inconsistent Thingy", "called": 1, "total": 3.7090000013506597e-06, "mean": 3.7090000013506597e-06, "maximum": 3.7090000013506597e-06, "__type__": "DurationSummary"}], "__type__": "ProgramStats"}, "is_solution": true, "stats_file": "./results/list_example/magicpopper_types/1000/6/stats.json", "end": true, "__type__": "Stats"}