{"log_best_programs": true, "num_literals": 0, "total_programs": 76, "total_rules": 0, "total_ground_rules": 0, "durations": {"generate": [0.0003315420000000735, 0.00017016699999994334, 0.00017370799999993913, 0.0004075000000000051, 0.00011179099999991671, 0.0006779590000000058, 0.00021225000000002492, 0.0002975000000000616, 0.0006427079999999918, 0.00048074999999991874, 0.0003984579999998239, 0.00024120799999982623, 0.000277209000000056, 0.0004895000000000316, 0.0002014159999998988, 0.0005744999999999223, 0.00019212499999987642, 0.0001890829999999788, 0.00018787500000017054, 0.0004213330000000237, 0.00012737499999992963, 0.0002529579999999143, 0.00017920800000004178, 0.00048074999999991874, 0.00035854099999999, 0.000316666000000021, 0.00019737499999994412, 0.00020820800000009854, 0.00024266700000019625, 0.0004595409999998967, 0.00023345799999985317, 0.0003045409999999915, 0.00019483399999997708, 0.00024487499999992224, 0.0007092079999999612, 0.00022091700000004266, 0.0002879170000000819, 0.0002215830000000807, 0.0003015829999997166, 0.00041958399999986185, 0.0003661249999997729, 0.000525624999999863, 0.0002160830000002001, 0.0004095830000001577, 0.0002512919999997365, 0.0021131659999999997, 0.0004018339999998233, 0.00023387500000016104, 0.00020691600000022348, 0.0001777079999998321, 0.0001901659999998806, 0.00019529199999990254, 0.0002242089999997532, 0.0001711669999999721, 0.00016437499999977234, 0.00015287499999994125, 0.0001774999999999416, 0.00017987500000016254, 0.00016870799999990638, 0.00015095899999995055, 0.0001940829999997895, 0.00016670899999970956, 0.00022720800000008978, 0.0005152499999998561, 0.00017166599999995924, 0.00013666700000003473, 0.00021175000000006605, 0.00015970900000006338, 0.00020175000000000054, 0.00016670900000015365, 0.00034774999999998, 0.0007526250000000623, 0.00017708399999971647, 0.00022570799999988012, 0.00015487499999977672, 0.00017837499999995288, 0.003100207999999771], "find_bindings_prolog": [0.02504358299999998, 0.07046866600000001, 0.04867462499999997, 0.05396104099999999, 0.07885066699999999, 0.006944540999999971, 0.014245791999999868, 0.07583716699999998, 0.07272133299999983, 0.046217208000000065, 0.01364279199999996, 0.007363000000000008, 0.014289459000000004, 0.006588457999999964, 0.014052458000000101, 0.014448207999999907, 0.05033945800000006, 0.0016826249999999376, 0.050139041999999856, 0.04922037499999998, 0.04787979200000003, 0.05546445799999988, 0.08442020899999991, 0.08716674999999996, 0.001901541000000062, 0.06102099999999977, 0.053994499999999945, 0.07435808399999999, 0.0731056670000001, 0.008793292000000008, 0.05050962500000011, 0.055016500000000246, 0.0021049159999999567, 0.0015367499999996426, 0.07168170799999984, 0.07788470900000011, 0.07685687500000027, 0.071256875, 0.002193375000000053, 0.05074600000000018, 0.04990012499999974, 0.002223750000000191, 0.0021057090000002887, 0.0020343750000000327, 0.002028958999999997, 0.0025900420000000146, 0.0025770000000000515, 0.0023676249999997623, 0.002220375000000274, 0.0016268749999999166, 0.0016929160000000998, 0.001836792000000198, 0.001626834000000077, 0.001661707999999873, 0.0016153330000001631, 0.0016126249999999231, 0.0016813330000000626, 0.0017350420000004085, 0.008444625000000094, 0.002041291999999917, 0.007567667], "test": [0.02573974999999995, 0.0005029170000000471, 0.07167950000000001, 0.0006811669999999825, 0.00045158300000003315, 0.049531375000000044, 0.05520291700000002, 0.08064612500000012, 0.007449750000000144, 0.014911125000000025, 0.07737158299999991, 0.07419183299999998, 0.04707787500000005, 0.014305290999999887, 0.00785433400000013, 0.015176708000000039, 0.007282790999999955, 0.014912749999999919, 0.015311124999999981, 0.0005483749999999343, 0.0007079580000000085, 0.023335499999999954, 0.028408916999999922, 0.051352500000000134, 0.0018932500000001795, 0.05113000000000012, 0.05020116699999999, 0.04888495799999992, 0.056477250000000145, 0.08620529099999996, 0.08907945799999983, 0.0023246670000001135, 0.06236525000000004, 0.05525437500000008, 0.07588295800000022, 0.07475237500000009, 0.009300542000000078, 0.05173991599999983, 0.05633750000000015, 0.002310833000000123, 0.0017383749999999587, 0.07339854199999962, 0.07964466600000009, 0.0786882499999999, 0.07302945800000016, 0.0024911250000001495, 0.018505000000000216, 0.051917957999999764, 0.05105545900000008, 0.0005665829999998984, 0.0024520829999996607, 0.010197374999999731, 0.0023379999999999512, 0.0022554580000000435, 0.002234540999999979, 0.0027959170000002587, 0.008736834000000027, 0.002806582999999918, 0.0025710420000000234, 0.002426583000000093, 0.0018489999999999895, 0.09888174999999988, 0.0005964590000000491, 0.001937124999999984, 0.0020381659999997304, 0.00043516700000001407, 0.0018507080000000897, 0.005716416999999918, 0.0018981249999998617, 0.001837625000000287, 0.001833625000000172, 0.0019049589999999839, 0.0019694160000001126, 0.008680041999999943, 0.0022595409999999205, 0.007786083000000055], "combine": [0.0037160829999999256, 5.419999999922709e-07, 0.002905290999999921, 5.419999999922709e-07, 4.5900000000820285e-07, 4.999999999588667e-07, 7.07999999960407e-07, 6.659999998159805e-07, 4.999999998478444e-07, 4.999999998478444e-07, 5.83000000053957e-07, 6.249999999763389e-07, 5.00000000069889e-07, 5.419999999922709e-07, 5.00000000069889e-07, 4.999999998478444e-07, 5.00000000069889e-07, 5.00000000069889e-07, 4.580000001475071e-07, 5.00000000069889e-07, 4.1600000000308057e-07, 4.1700000008582094e-07, 4.5900000000820285e-07, 4.999999998478444e-07, 4.1600000000308057e-07, 5.419999999922709e-07, 5.409999999095305e-07, 5.410000001315751e-07, 5.839999999146528e-07, 6.249999999763389e-07, 5.829999998319124e-07, 5.00000000069889e-07, 6.249999997542943e-07, 5.00000000069889e-07, 5.419999999922709e-07, 5.419999999922709e-07, 0.0023020420000001707, 6.670000001207654e-07, 5.419999999922709e-07, 4.1599999978103597e-07, 4.1599999978103597e-07, 5.409999999095305e-07, 5.829999998319124e-07, 5.839999999146528e-07, 5.829999998319124e-07, 1.000000000139778e-06, 4.160000002251252e-07, 5.419999999922709e-07, 5.839999999146528e-07, 4.1699999986377634e-07, 5.00000000069889e-07, 4.580000001475071e-07, 4.580000001475071e-07, 3.7499999994139444e-07, 3.7499999994139444e-07, 4.1700000030786555e-07, 5.00000000069889e-07, 3.7499999994139444e-07, 4.1700000030786555e-07, 4.5899999978615824e-07, 4.5900000023024745e-07, 5.419999999922709e-07, 4.1699999986377634e-07, 4.5899999978615824e-07, 3.7499999994139444e-07, 3.7499999994139444e-07, 4.5900000023024745e-07, 5.829999998319124e-07, 4.1699999986377634e-07, 4.5799999970341787e-07, 4.160000002251252e-07, 4.5900000023024745e-07, 5.00000000069889e-07, 4.1699999986377634e-07, 4.1599999978103597e-07, 4.5900000023024745e-07],