{"log_best_programs": true, "num_literals": 0, "total_programs": 8, "total_rules": 0, "total_ground_rules": 0, "durations": {"generate": [0.0003985829999999524, 0.0006355420000001555, 0.0012857920000000078, 0.0017014580000001, 0.0022144580000000857, 0.0007938330000001326, 0.0007922080000000165, 0.0007374580000001352, 0.0016448329999998457], "find_bindings_prolog": [0.03084600000000015, 0.03270116699999992, 0.1403174170000001, 0.15784125000000016, 0.14623820899999984, 0.15074966699999992], "test": [0.036645457999999964, 0.04548591699999993, 0.019349875000000072, 0.14063716699999995, 0.017559375000000044, 0.15834416699999987, 0.14658516700000002, 0.1510896660000003], "combine": [0.081256875, 0.0052555000000000796, 5.409999999095305e-07, 7.07999999960407e-07, 6.249999999763389e-07, 5.00000000069889e-07, 5.409999999095305e-07, 5.00000000069889e-07], "constrain": [0.001847833000000021, 0.0026107080000001837, 0.000433624999999882, 0.003351624999999858, 0.001886333999999934, 0.005457332999999842, 0.0017747089999997634, 0.005571583000000047]}, "final_exec_time": 2.111367083, "stages": [], "best_programs": [], "solution": {"code": "magic_value(A):- head(A,ns),magic(ns).\nmagic_value(A):- head(A,rr),magic(rr).\nmagic_value(A):- head(A,pm),magic(pm).\nmagic_value(A):- head(A,ig),magic(ig).\nmagic_value(A):- head(A,nh),magic(nh).\nmagic_value(A):- head(A,de),magic(de).\nmagic_value(A):- head(A,mu),magic(mu).\nmagic_value(A):- head(A,ds),magic(ds).\nmagic_value(A):- head(A,pn),magic(pn).\nmagic_value(A):- head(A,og),magic(og).\nmagic_value(A):- head(A,av),magic(av).\nmagic_value(A):- head(A,rj),magic(rj).\nmagic_value(A):- head(A,sd),magic(sd).\nmagic_value(A):- head(A,ll),magic(ll).\nmagic_value(A):- head(A,ew),magic(ew).\nmagic_value(A):- head(A,ip),magic(ip).\nmagic_value(A):- head(A,iu),magic(iu).\nmagic_value(A):- head(A,qh),magic(qh).\nmagic_value(A):- head(A,gv),magic(gv).\nmagic_value(A):- head(A,mb),magic(mb).\nmagic_value(A):- head(A,dx),magic(dx).\nmagic_value(A):- head(A,hx),magic(hx).\nmagic_value(A):- head(A,np),magic(np).\nmagic_value(A):- head(A,cu),magic(cu).\nmagic_value(A):- head(A,md),magic(md).\nmagic_value(A):- head(A,ou),magic(ou).\nmagic_value(A):- head(A,o),magic(o).\nmagic_value(A):- head(A,co),magic(co).\nmagic_value(A):- head(A,gl),magic(gl).\nmagic_value(A):- head(A,fj),magic(fj).\nmagic_value(A):- head(A,bx),magic(bx).\nmagic_value(A):- head(A,nv),magic(nv).\nmagic_value(A):- head(A,rw),magic(rw).\nmagic_value(A):- head(A,kh),magic(kh).\nmagic_value(A):- head(A,mn),magic(mn).\nmagic_value(A):- head(A,du),magic(du).\nmagic_value(A):- head(A,on),magic(on).\nmagic_value(A):- head(A,hy),magic(hy).\nmagic_value(A):- head(A,dh),magic(dh).\nmagic_value(A):- head(A,ka),magic(ka).\nmagic_value(A):- head(A,lx),magic(lx).\nmagic_value(A):- head(A,ql),magic(ql).\nmagic_value(A):- head(A,oi),magic(oi).\nmagic_value(A):- head(A,gm),magic(gm).\nmagic_value(A):- head(A,br),magic(br).\nmagic_value(A):- head(A,lh),magic(lh).\nmagic_value(A):- head(A,my),magic(my).\nmagic_value(A):- head(A,kk),magic(kk).\nmagic_value(A):- head(A,em),magic(em).\nmagic_value(A):- head(A,ix),magic(ix).\nmagic_value(A):- head(A,py),magic(py).\nmagic_value(A):- head(A,sg),magic(sg).\nmagic_value(A):- head(A,ae),magic(ae).\nmagic_value(A):- head(A,x),magic(x).\nmagic_value(A):- head(A,ev),magic(ev).\nmagic_value(A):- head(A,ii),magic(ii).\nmagic_value(A):- head(A,ow),magic(ow).\nmagic_value(A):- head(A,jd),magic(jd).\nmagic_value(A):- head(A,cl),magic(cl).\nmagic_value(A):- head(A,or),magic(or).\nmagic_value(A):- head(A,kz),magic(kz).\nmagic_value(A):- head(A,dr),magic(dr).\nmagic_value(A):- head(A,jl),magic(jl).\nmagic_value(A):- head(A,fm),magic(fm).\nmagic_value(A):- head(A,gs),magic(gs).", "is_solution": true, "conf_matrix": [200, 0, 200, 0], "total_exec_time": 2.111363791, "durations": [{"operation": "Test", "called": 1, "total": 0.036645457999999964, "mean": 0.036645457999999964, "maximum": 0.036645457999999964, "__type__": "DurationSummary"}, {"operation": "Find_Bindings_Prolog", "called": 1, "total": 0.03084600000000015, "mean": 0.03084600000000015, "maximum": 0.03084600000000015, "__type__": "DurationSummary"}, {"operation": "Generate", "called": 1, "total": 0.0003985829999999524, "mean": 0.0003985829999999524, "maximum": 0.0003985829999999524, "__type__": "DurationSummary"}], "__type__": "ProgramStats"}, "is_solution": true, "stats_file": "./results/list_magicvalues_multipleclauses/magicpopper/65/7/stats.json", "end": true, "__type__": "Stats"}