{"log_best_programs": true, "num_literals": 0, "total_programs": 1, "total_rules": 0, "total_ground_rules": 0, "durations": {"generate": [0.00032041699999996176, 0.0006707910000000039], "find_bindings_prolog": [0.027351374999999956], "test": [0.027805209000000053], "combine": [0.004090582999999981], "constrain": [0.0015440839999999456]}, "final_exec_time": 0.296853209, "stages": [], "best_programs": [], "solution": {"code": "magic_value(A):- member(a,A),magic(a).", "is_solution": true, "conf_matrix": [100, 0, 100, 0], "total_exec_time": 0.296850292, "durations": [{"operation": "Test", "called": 1, "total": 0.027805209000000053, "mean": 0.027805209000000053, "maximum": 0.027805209000000053, "__type__": "DurationSummary"}, {"operation": "Find_Bindings_Prolog", "called": 1, "total": 0.027351374999999956, "mean": 0.027351374999999956, "maximum": 0.027351374999999956, "__type__": "DurationSummary"}, {"operation": "Generate", "called": 1, "total": 0.00032041699999996176, "mean": 0.00032041699999996176, "maximum": 0.00032041699999996176, "__type__": "DurationSummary"}], "__type__": "ProgramStats"}, "is_solution": true, "stats_file": "./results/list_magicvaluesameclause/magicpopper/1/2/stats.json", "end": true, "__type__": "Stats"}