{"log_best_programs": true, "num_literals": 0, "total_programs": 20, "total_rules": 0, "total_ground_rules": 0, "durations": {"generate": [0.0004605420000000082, 0.00037799999999998946, 0.00032700000000007723, 0.0003137919999999239, 0.0003039590000000203, 0.000299417000000024, 0.0002995000000000081, 0.0002957919999999614, 0.0003579169999999854, 0.00029691700000000765, 0.00031995799999995356, 0.000319749999999952, 0.00038887500000006625, 0.00046912499999995916, 0.00039762499999995704, 0.0004064579999999429, 0.0006797920000000124, 0.00037754199999995297, 0.00039812500000002693, 0.000429542000000005], "test": [0.025655207999999985, 0.000832082999999928, 0.0007173329999999867, 0.0004361250000000094, 0.00037412500000000293, 0.000717874999999979, 0.000430208000000043, 0.0003395000000000481, 0.0008096669999999584, 0.00043879099999999394, 0.00036483399999998056, 0.0005124579999999934, 0.0009577919999999018, 0.0012321669999999507, 0.01731908400000004, 0.011312917000000033, 0.009386582999999948, 0.017468791999999955, 0.017485917000000017, 0.001137292000000012], "combine": [7.090000000431473e-07, 6.669999998987208e-07, 3.7500000005241674e-07, 4.580000000364848e-07, 4.1600000000308057e-07, 4.5900000000820285e-07, 3.339999999907306e-07, 3.7500000005241674e-07, 3.3300000001901253e-07, 5.00000000069889e-07, 4.580000000364848e-07, 4.580000000364848e-07, 4.999999999588667e-07, 6.249999999763389e-07, 5.829999999429347e-07, 6.670000000097431e-07, 4.1600000000308057e-07, 4.999999999588667e-07, 5.840000000256751e-07], "constrain": [0.0012652080000000732, 0.0016156250000000094, 0.00014954200000005802, 0.00012175000000003156, 9.687499999999627e-05, 9.645799999991045e-05, 0.00016337499999996563, 9.262500000006835e-05, 0.00012783399999993783, 0.00010774999999996204, 0.00014300000000000423, 0.00011791599999999569, 0.0020924169999999576, 0.0018067080000000457, 0.00020216699999997534, 0.00023091699999999715, 0.00016379200000005145, 0.00017420899999998074, 0.00017591599999999818]}, "final_exec_time": 0.288606791, "stages": [], "best_programs": [], "solution": {"code": "magic_value(A):- head(A,B),c7(B).\nmagic_value(A):- tail(A,B),magic_value(B).", "is_solution": true, "conf_matrix": [10, 0, 1, 0], "total_exec_time": 0.288604375, "durations": [{"operation": "Test", "called": 20, "total": 0.10792875099999977, "mean": 0.005396437549999989, "maximum": 0.025655207999999985, "__type__": "DurationSummary"}, {"operation": "Constrain", "called": 19, "total": 0.008944084000000019, "mean": 0.0004707412631578957, "maximum": 0.0020924169999999576, "__type__": "DurationSummary"}, {"operation": "Generate", "called": 20, "total": 0.007519627999999834, "mean": 0.0003759813999999917, "maximum": 0.0006797920000000124, "__type__": "DurationSummary"}, {"operation": "Combine", "called": 19, "total": 9.417000000122577e-06, "mean": 4.956315789538198e-07, "maximum": 7.090000000431473e-07, "__type__": "DurationSummary"}], "__type__": "ProgramStats"}, "is_solution": true, "stats_file": "./results/list_constant/popper/1/8/stats.json", "end": true, "__type__": "Stats"}