{"log_best_programs": true, "num_literals": 0, "total_programs": 58, "total_rules": 0, "total_ground_rules": 0, "durations": {"generate": [0.0003031659999999936, 0.0005031249999999932, 0.00021074999999998179, 0.00019087499999997926, 0.00018899999999999473, 0.00017720799999998427, 0.00019291700000001466, 0.0001958329999999786, 0.00018337499999998563, 0.0001814579999999677, 0.0002958329999999676, 0.00022262499999997631, 0.0001797909999999847, 0.00045908299999997126, 0.00020004200000001138, 0.00019700000000000273, 0.00020799999999998597, 0.00019454099999999253, 0.00019449999999998635, 0.00019808399999998727, 0.00019287500000003677, 0.00018904200000002813, 0.00019433400000001821, 0.00018974999999998854, 0.00019387500000001, 0.00019016600000004713, 0.00019124999999997616, 0.00018945900000000293, 0.00019495800000002284, 0.0001907500000000173, 0.000187875000000004, 0.00019229200000003832, 0.00022737499999997413, 0.00020049999999999235, 0.0001951250000000182, 0.00019108400000000803, 0.00020370800000002465, 0.00020529199999996806, 0.00020245800000001646, 0.00018979199999996643, 0.00019362499999997507, 0.00020062500000000982, 0.00019066700000003323, 0.00020745900000002093, 0.00018920799999999627, 0.00018970899999998236, 0.00019195799999999208, 0.00018933400000004097, 0.0001931250000000162, 0.00019233299999998898, 0.00019033299999998698, 0.0001894579999999757, 0.00032566700000002946, 0.00024083299999999586, 0.00023162500000001307, 0.00024091699999995164, 0.00022941700000000953, 0.00022237499999999688, 0.0002214580000000077], "find_bindings_prolog": [0.009865959000000007, 0.0008015839999999663, 0.0008442499999999908, 0.0008164170000000137, 0.0004614589999999974, 0.00043091700000003064, 0.001003084000000043], "test": [0.010486250000000003, 0.013501291000000026, 0.00031320800000000926, 0.0002872090000000105, 0.00027762500000000356, 0.00028483300000003986, 0.00027250000000000885, 0.0002728339999999996, 0.0002650829999999993, 0.00026620799999999, 0.0003210829999999998, 0.0003149999999999542, 0.00027337500000002013, 0.0003292910000000093, 0.0003297919999999954, 0.0003262079999999945, 0.00032295900000001154, 0.00033487500000001225, 0.00031154099999997076, 0.00031404200000001437, 0.00031037499999997387, 0.00030999999999997696, 0.00030325000000003266, 0.00031204200000001237, 0.00030595799999999507, 0.0003047919999999982, 0.0003039169999999869, 0.00030333399999998845, 0.000299084000000005, 0.0003122919999999918, 0.00029966700000000346, 0.0003131670000000031, 0.0003232910000000033, 0.0003011669999999911, 0.00030216700000001984, 0.0002990419999999716, 0.00029691700000000765, 0.0003062079999999745, 0.000304208000000028, 0.00030370800000001363, 0.00030074999999996077, 0.00030795799999999707, 0.000303875000000009, 0.00032391599999997966, 0.00030887499999998624, 0.0003275000000000361, 0.00032370900000000535, 0.0003039590000000203, 0.0003153750000000066, 0.00032604200000002637, 0.0003068340000000336, 0.00030929200000001655, 0.001862874999999986, 0.0019503750000000042, 0.0019553340000000308, 0.0007563329999999979, 0.0007225420000000482, 0.0020821670000000236], "combine": [0.0026002499999999706, 5.829999999984459e-07, 3.749999999969056e-07, 3.3300000001901253e-07, 3.749999999969056e-07, 3.749999999969056e-07, 3.7500000005241674e-07, 3.749999999969056e-07, 3.749999999969056e-07, 3.749999999969056e-07, 4.1600000000308057e-07, 4.170000000303098e-07, 3.749999999969056e-07, 5.42000000047782e-07, 4.1600000000308057e-07, 4.170000000303098e-07, 3.329999999635014e-07, 3.3300000001901253e-07, 3.7500000005241674e-07, 4.170000000303098e-07, 3.749999999969056e-07, 4.170000000303098e-07, 4.1600000000308057e-07, 4.1600000000308057e-07, 3.339999999907306e-07, 3.749999999969056e-07, 3.329999999635014e-07, 4.159999999475694e-07, 3.329999999635014e-07, 4.5900000000820285e-07, 4.1699999997479864e-07, 3.749999999969056e-07, 4.170000000303098e-07, 3.749999999969056e-07, 3.749999999969056e-07, 3.749999999969056e-07, 3.749999999969056e-07, 3.749999999969056e-07, 3.749999999969056e-07, 3.3300000001901253e-07, 3.3400000004624175e-07, 3.749999999969056e-07, 3.3300000001901253e-07, 4.1699999997479864e-07, 3.3300000001901253e-07, 4.580000000364848e-07, 3.749999999969056e-07, 3.749999999969056e-07, 3.749999999969056e-07, 3.749999999969056e-07, 4.170000000303098e-07, 3.749999999969056e-07, 5.42000000047782e-07, 4.580000000364848e-07, 4.580000000364848e-07, 3.749999999969056e-07, 4.170000000303098e-07, 0.002243165999999963], "constrain": [0.0007331670000000345, 0.0010654159999999857, 0.00017925000000001967, 0.00017174999999997054, 0.0001683749999999984, 0.00016845799999998246, 0.00014100000000000223, 0.0001394579999999812, 0.00013837499999996838, 0.00013808300000001106, 0.00015216600000000913, 0.00014137499999999914, 0.0001391249999999622, 0.0009337910000000171, 0.00016466700000000722, 0.0001643330000000165, 0.0001983330000000505, 0.00019858299999997442, 0.00016279199999996719, 0.00016175000000001605, 0.00016229200000000832, 0.0001623749999999924, 0.00016383300000000212, 0.00016366700000003398, 0.0001623749999999924, 0.00016216599999996362, 0.00016325000000000367, 0.0001619170000000114, 0.00016104200000000013, 0.00016579199999999794, 0.00016204100000000166, 0.00016245900000000368, 0.00016258299999999393, 0.00016375000000001805, 0.0001631249999999862, 0.00016383300000000212, 0.00016220799999999702, 0.0001619160000000397, 0.0001628340000000006, 0.00016208400000000678, 0.00016266700000000522, 0.0001631249999999862, 0.0001659589999999933, 0.00016174999999996054, 0.00016220799999999702, 0.00016499999999997073, 0.00016337500000002114, 0.00016224999999997491, 0.00016295799999999083, 0.00016037499999999039, 0.00015858400000001716, 0.0001583339999999822, 0.001057124999999992, 0.0009909579999999862, 0.00024562500000002707, 0.00024374999999998703, 0.00021266699999999972, 0.00019195799999999208]}, "final_exec_time": 0.11670670799999999, "stages": [], "best_programs": [], "solution": {"code": "multiple(A):- div2(A,B),multiple(B).\nmultiple(1):- magic(1).", "is_solution": true, "conf_matrix": [7, 0, 10, 0], "total_exec_time": 0.11670533300000002, "durations": [{"operation": "Test", "called": 58, "total": 0.04860750400000022, "mean": 0.0008380604137931072, "maximum": 0.013501291000000026, "__type__": "DurationSummary"}, {"operation": "Find_Bindings_Prolog", "called": 7, "total": 0.01422367000000005, "mean": 0.002031952857142864, "maximum": 0.009865959000000007, "__type__": "DurationSummary"}, {"operation": "Constrain", "called": 57, "total": 0.013412498999999911, "mean": 0.00023530699999999843, "maximum": 0.0010654159999999857, "__type__": "DurationSummary"}, {"operation": "Generate", "called": 58, "total": 0.012397833999999913, "mean": 0.00021375575862068815, "maximum": 0.0005031249999999932, "__type__": "DurationSummary"}, {"operation": "Combine", "called": 57, "total": 0.00262229000000036, "mean": 4.600508771930456e-05, "maximum": 0.0026002499999999706, "__type__": "DurationSummary"}], "__type__": "ProgramStats"}, "is_solution": true, "stats_file": "./results/multiple/magicpopper_args/7/stats.json", "end": true, "__type__": "Stats"}