{"log_best_programs": true, "num_literals": 0, "total_programs": 1, "total_rules": 0, "total_ground_rules": 0, "durations": {"generate": [0.00030645800000000945, 0.0007459590000000738], "find_bindings_prolog": [0.026571667000000077], "test": [0.02697879200000003], "combine": [0.0037897920000000695], "constrain": [0.0013684170000000107]}, "final_exec_time": 0.28405770799999996, "stages": [], "best_programs": [], "solution": {"code": "magic_value(A):- member(a,A),magic(a).", "is_solution": true, "conf_matrix": [100, 0, 100, 0], "total_exec_time": 0.28405520799999995, "durations": [{"operation": "Test", "called": 1, "total": 0.02697879200000003, "mean": 0.02697879200000003, "maximum": 0.02697879200000003, "__type__": "DurationSummary"}, {"operation": "Find_Bindings_Prolog", "called": 1, "total": 0.026571667000000077, "mean": 0.026571667000000077, "maximum": 0.026571667000000077, "__type__": "DurationSummary"}, {"operation": "Generate", "called": 1, "total": 0.00030645800000000945, "mean": 0.00030645800000000945, "maximum": 0.00030645800000000945, "__type__": "DurationSummary"}], "__type__": "ProgramStats"}, "is_solution": true, "stats_file": "./results/list_magicvaluesameclause/magicpopper/1/6/stats.json", "end": true, "__type__": "Stats"}