{"log_best_programs": true, "num_literals": 0, "total_programs": 8, "total_rules": 0, "total_ground_rules": 0, "durations": {"generate": [0.0003908749999999017, 0.0005739590000000128, 0.0014705830000001363, 0.0010900000000000354, 0.0016590830000000611, 0.0010018749999998189, 0.0011346660000000064, 0.0007114590000001364, 0.0010584169999998672], "find_bindings_prolog": [0.030213875000000057, 0.033907083999999976, 0.12672570900000002, 0.14282808400000002, 0.1470316250000001, 0.14538045899999963], "test": [0.036045375000000046, 0.046477582999999933, 0.019171084000000116, 0.12703291599999988, 0.14316808299999995, 0.14753174999999974, 0.14572733299999996, 0.02088449999999975], "combine": [0.06695241699999999, 0.005584834000000205, 5.00000000069889e-07, 6.660000000380251e-07, 6.660000000380251e-07, 5.409999999095305e-07, 5.00000000069889e-07, 5.419999999922709e-07], "constrain": [0.0017557079999999115, 0.002350166999999903, 0.0004322500000000229, 0.0031044169999998594, 0.005134082999999956, 0.0019152079999997795, 0.001725375000000362, 0.001808291999999767]}, "final_exec_time": 2.035035041, "stages": [], "best_programs": [], "solution": {"code": "magic_value(A):- head(A,ix),magic(ix).\nmagic_value(A):- head(A,jd),magic(jd).\nmagic_value(A):- head(A,mn),magic(mn).\nmagic_value(A):- head(A,de),magic(de).\nmagic_value(A):- head(A,pn),magic(pn).\nmagic_value(A):- head(A,ka),magic(ka).\nmagic_value(A):- head(A,oi),magic(oi).\nmagic_value(A):- head(A,av),magic(av).\nmagic_value(A):- head(A,gs),magic(gs).\nmagic_value(A):- head(A,iu),magic(iu).\nmagic_value(A):- head(A,ll),magic(ll).\nmagic_value(A):- head(A,np),magic(np).\nmagic_value(A):- head(A,rr),magic(rr).\nmagic_value(A):- head(A,ig),magic(ig).\nmagic_value(A):- head(A,cl),magic(cl).\nmagic_value(A):- head(A,dh),magic(dh).\nmagic_value(A):- head(A,mu),magic(mu).\nmagic_value(A):- head(A,ii),magic(ii).\nmagic_value(A):- head(A,sd),magic(sd).\nmagic_value(A):- head(A,dx),magic(dx).\nmagic_value(A):- head(A,lh),magic(lh).\nmagic_value(A):- head(A,cu),magic(cu).\nmagic_value(A):- head(A,nv),magic(nv).\nmagic_value(A):- head(A,kh),magic(kh).\nmagic_value(A):- head(A,hy),magic(hy).\nmagic_value(A):- head(A,nh),magic(nh).\nmagic_value(A):- head(A,py),magic(py).\nmagic_value(A):- head(A,ev),magic(ev).\nmagic_value(A):- head(A,rj),magic(rj).\nmagic_value(A):- head(A,fj),magic(fj).\nmagic_value(A):- head(A,ns),magic(ns).\nmagic_value(A):- head(A,hx),magic(hx).\nmagic_value(A):- head(A,ql),magic(ql).\nmagic_value(A):- head(A,gm),magic(gm).\nmagic_value(A):- head(A,og),magic(og).\nmagic_value(A):- head(A,ds),magic(ds).\nmagic_value(A):- head(A,bx),magic(bx).\nmagic_value(A):- head(A,co),magic(co).\nmagic_value(A):- head(A,ae),magic(ae).\nmagic_value(A):- head(A,kk),magic(kk).\nmagic_value(A):- head(A,pm),magic(pm).\nmagic_value(A):- head(A,gl),magic(gl).\nmagic_value(A):- head(A,gv),magic(gv).\nmagic_value(A):- head(A,qh),magic(qh).\nmagic_value(A):- head(A,kz),magic(kz).\nmagic_value(A):- head(A,ew),magic(ew).\nmagic_value(A):- head(A,mb),magic(mb).\nmagic_value(A):- head(A,on),magic(on).\nmagic_value(A):- head(A,x),magic(x).\nmagic_value(A):- head(A,my),magic(my).\nmagic_value(A):- head(A,du),magic(du).\nmagic_value(A):- head(A,br),magic(br).\nmagic_value(A):- head(A,or),magic(or).\nmagic_value(A):- head(A,em),magic(em).\nmagic_value(A):- head(A,o),magic(o).\nmagic_value(A):- head(A,ow),magic(ow).\nmagic_value(A):- head(A,md),magic(md).\nmagic_value(A):- head(A,ou),magic(ou).\nmagic_value(A):- head(A,ip),magic(ip).\nmagic_value(A):- head(A,dr),magic(dr).\nmagic_value(A):- head(A,sg),magic(sg).\nmagic_value(A):- head(A,rw),magic(rw).\nmagic_value(A):- head(A,fm),magic(fm).\nmagic_value(A):- head(A,jl),magic(jl).\nmagic_value(A):- head(A,lx),magic(lx).", "is_solution": true, "conf_matrix": [200, 0, 200, 0], "total_exec_time": 2.035032583, "durations": [{"operation": "Test", "called": 1, "total": 0.036045375000000046, "mean": 0.036045375000000046, "maximum": 0.036045375000000046, "__type__": "DurationSummary"}, {"operation": "Find_Bindings_Prolog", "called": 1, "total": 0.030213875000000057, "mean": 0.030213875000000057, "maximum": 0.030213875000000057, "__type__": "DurationSummary"}, {"operation": "Generate", "called": 1, "total": 0.0003908749999999017, "mean": 0.0003908749999999017, "maximum": 0.0003908749999999017, "__type__": "DurationSummary"}], "__type__": "ProgramStats"}, "is_solution": true, "stats_file": "./results/list_magicvalues_multipleclauses/magicpopper/65/9/stats.json", "end": true, "__type__": "Stats"}