{"log_best_programs": true, "num_literals": 0, "total_programs": 8, "total_rules": 0, "total_ground_rules": 0, "durations": {"generate": [0.00036524999999998364, 0.0005790410000001689, 0.0014453329999999376, 0.0012045839999998975, 0.00223116599999984, 0.0011737910000000351, 0.0007219169999999053, 0.0005278330000000331, 0.0002551670000001671], "find_bindings_prolog": [0.018508417000000055, 0.03499024999999989, 0.13359158300000007, 0.15506441700000018, 0.14205095799999978, 0.14385499999999984], "test": [0.02034849999999988, 0.04810858299999987, 0.018540957999999996, 0.13390554200000016, 0.155543333, 0.14237283300000003, 0.14417058299999974, 0.01952495799999987], "combine": [0.007782916999999889, 0.004594915999999838, 5.839999999146528e-07, 7.090000000431473e-07, 6.670000001207654e-07, 5.419999999922709e-07, 4.580000001475071e-07, 6.249999997542943e-07], "constrain": [0.0014341659999999035, 0.0023505409999999838, 0.00043500000000018524, 0.0031059589999999915, 0.005429083999999973, 0.0015693329999999506, 0.004898292000000026, 0.0005342920000002138]}, "final_exec_time": 1.9616075, "stages": [], "best_programs": [], "solution": {"code": "magic_value(A):- head(A,cw),magic(cw).\nmagic_value(A):- head(A,eg),magic(eg).\nmagic_value(A):- head(A,kh),magic(kh).\nmagic_value(A):- head(A,o),magic(o).\nmagic_value(A):- head(A,aj),magic(aj).\nmagic_value(A):- head(A,dz),magic(dz).\nmagic_value(A):- head(A,sg),magic(sg).\nmagic_value(A):- head(A,es),magic(es).\nmagic_value(A):- head(A,mg),magic(mg).\nmagic_value(A):- head(A,qd),magic(qd).\nmagic_value(A):- head(A,ja),magic(ja).\nmagic_value(A):- head(A,pm),magic(pm).\nmagic_value(A):- head(A,gj),magic(gj).\nmagic_value(A):- head(A,lc),magic(lc).\nmagic_value(A):- head(A,kx),magic(kx).", "is_solution": true, "conf_matrix": [200, 0, 200, 0], "total_exec_time": 1.9616051250000002, "durations": [{"operation": "Test", "called": 1, "total": 0.02034849999999988, "mean": 0.02034849999999988, "maximum": 0.02034849999999988, "__type__": "DurationSummary"}, {"operation": "Find_Bindings_Prolog", "called": 1, "total": 0.018508417000000055, "mean": 0.018508417000000055, "maximum": 0.018508417000000055, "__type__": "DurationSummary"}, {"operation": "Generate", "called": 1, "total": 0.00036524999999998364, "mean": 0.00036524999999998364, "maximum": 0.00036524999999998364, "__type__": "DurationSummary"}], "__type__": "ProgramStats"}, "is_solution": true, "stats_file": "./results/list_magicvalues_multipleclauses/magicpopper/15/2/stats.json", "end": true, "__type__": "Stats"}