{"log_best_programs": true, "num_literals": 0, "total_programs": 29, "total_rules": 0, "total_ground_rules": 0, "durations": {"generate": [0.0004417910000000802, 0.0003999170000001939, 0.00040254099999970094, 0.0004115420000001535, 0.0005084580000005445, 0.00037129199999963447, 0.0003911250000001587, 0.0004182500000000644, 0.0003487499999996757, 0.000427417000000041, 0.00039104100000031394, 0.0004904169999999652, 0.0004130410000016127, 0.0004721660000015504, 0.00042629200000021683, 0.0006250419999958012, 0.0003816669999991973, 0.000348333000005141, 0.00043187499999675083, 0.00037541600000423614, 0.00042954100000258677, 0.0005271249999978522, 0.00047720799999950714, 0.0003870409999962021, 0.0005527499999971042, 0.0004909580000003189, 0.0003275409999972112, 0.0008833329999973216, 0.0004885829999992097, 0.00016029100000025664], "test": [0.04932429199999966, 0.05729358399999995, 0.015606957999999338, 0.21430858300000022, 0.06057166699999961, 0.21675787499999988, 0.01602445799999952, 0.012139541999999892, 0.012235708999999595, 0.023146875000000122, 0.024376415999999956, 8.102346458, 0.23673616600000003, 0.05824829200000181, 0.06750900000000115, 0.07884841599999959, 0.013275499999998885, 0.023728916999999683, 0.014097749999997689, 0.013724875000001191, 0.24665445799999475, 0.018105541000004166, 0.055396749999999884, 0.03149045800000039, 0.02906708300000105, 0.024160582999996905, 0.027213834000001214, 4.603764542, 0.4375193750000008], "combine": [6.660000000380251e-07, 0.03729470800000012, 5.830000002760016e-07, 0.05945358299999981, 0.06022187499999987, 6.660000000380251e-07, 4.999999996257998e-07, 5.000000005139782e-07, 5.409999994654413e-07, 5.419999995481817e-07, 4.999999996257998e-07, 35.383682042000004, 6.25000005527454e-07, 5.829999949469311e-07, 7.079999946313364e-07, 5.420000022127169e-07, 4.999999987376214e-07, 5.839999985823852e-07, 4.999999987376214e-07, 5.420000022127169e-07, 7.090000053722179e-07, 5.420000022127169e-07, 4.999999987376214e-07, 7.080000017367638e-07, 6.669999947916949e-07, 5.000000058430487e-07, 4.999999987376214e-07, 8.339999979511958e-07, 0.173829290999997], "constrain": [0.001365625000000037, 0.0013347499999998291, 0.0015819160000001276, 0.0002099580000001211, 0.0014574170000001274, 0.000212167000000818, 0.0016322080000001904, 0.0003198750000006356, 0.00024229100000017212, 0.0002541660000003887, 0.0002449169999998446, 0.00020362499999748707, 0.00013449999999437523, 0.0001242499999989377, 0.00025545800000514873, 0.00016066700000294531, 0.00023749999999722604, 0.00025366599999898654, 0.0002474579999969251, 0.0002582919999980504, 0.00018045799999555356, 0.0002895000000009418, 0.00020754200000538958, 0.00022425000000225737, 0.0003832499999987249, 0.00025504199999915045, 0.0002572499999971001, 0.001593291999995472, 0.0013611250000025166], "find_bindings_prolog": [0.05676658400000001, 0.015295875000000514, 0.2137690000000001, 0.06003587499999963, 0.21619570799999988, 0.01568787500000024, 0.011813708000000034, 0.011911749999999444, 0.022810041000000503, 0.024030959000000074, 7.723141458000001, 0.2355096669999952, 0.05752783300000175, 0.06524466700000175, 0.07810762500000124, 0.012961416999999642, 0.023400541999997415, 0.013751166999995235, 0.01338295800000111, 0.24590154199999859, 0.017584958000000483, 4.603020457999996, 0.43619600000000247]}, "final_exec_time": 55.275920750000004, "stages": [], "best_programs": [], "solution": {"code": "magic_value(A):- tail(A,B),magic_value(B).\nmagic_value(A):- head(A,c7),magic(c7).", "is_solution": true, "conf_matrix": [3000, 0, 3000, 0], "total_exec_time": 55.275918916, "durations": [{"operation": "Combine", "called": 28, "total": 35.54066625, "mean": 1.2693095089285715, "maximum": 35.383682042000004, "__type__": "DurationSummary"}, {"operation": "Test", "called": 29, "total": 14.783673956999998, "mean": 0.5097818605862068, "maximum": 8.102346458, "__type__": "DurationSummary"}, {"operation": "Find_Bindings_Prolog", "called": 23, "total": 14.174047666999993, "mean": 0.616262942043478, "maximum": 7.723141458000001, "__type__": "DurationSummary"}, {"operation": "Constrain", "called": 28, "total": 0.014121289999986963, "mean": 0.0005043317857138201, "maximum": 0.0016322080000001904, "__type__": "DurationSummary"}, {"operation": "Generate", "called": 29, "total": 0.013040452999992347, "mean": 0.00044967079310318436, "maximum": 0.0008833329999973216, "__type__": "DurationSummary"}], "__type__": "ProgramStats"}, "is_solution": true, "stats_file": "./results/list_example/magicpopper_types/3000/2/stats.json", "end": true, "__type__": "Stats"}