{"log_best_programs": true, "num_literals": 0, "total_programs": 78, "total_rules": 0, "total_ground_rules": 0, "durations": {"generate": [0.0002660840000000553, 0.0001254579999999672, 0.00014933400000005648, 0.00039929199999999554, 0.00011262499999997733, 0.0006191249999999426, 0.00016095900000001606, 0.0003681669999999748, 0.0004749589999999415, 0.0004082499999999989, 0.0005202909999999505, 0.0004269579999999218, 0.00024199999999996447, 0.000594208000000096, 0.0002014579999999322, 0.0003247920000000182, 0.0002266249999999248, 0.00021816699999999134, 0.00023358299999998167, 0.0006997919999999214, 0.00014341600000000732, 0.00019962499999992556, 0.00014658400000000515, 0.0006935409999999642, 0.00036637500000002987, 0.00030200000000002447, 0.00020933300000003374, 0.00021691699999992764, 0.00018787500000005952, 0.0003219589999999828, 0.00019975000000005405, 0.00024020800000013054, 0.00020720799999995876, 0.0001888340000000266, 0.000313208999999981, 0.00018979200000002194, 0.00022174999999990952, 0.000196000000000085, 0.00020750000000013813, 0.0007524580000000114, 0.000277874999999872, 0.0002867920000000357, 0.0002656250000001581, 0.00020275000000014032, 0.00022387500000009553, 0.001842834000000071, 0.00019162500000002858, 0.0001452500000000967, 0.00014404099999998365, 0.00018066600000010702, 0.0001512089999999855, 0.00013841699999983526, 0.00016679099999983293, 0.00018291699999983813, 0.00018329200000000156, 0.00015858300000015646, 0.00022054100000001853, 0.00016595900000004882, 0.00020508400000007754, 0.0001570419999998851, 0.00014008399999987375, 0.00019462500000000382, 0.00020550000000008062, 0.00018166699999988545, 0.000260665999999965, 0.00026399999999981993, 0.0001455839999999764, 0.0002411660000001259, 0.00023687499999991424, 0.0009235830000000611, 0.00022749999999982506, 0.00018237499999984585, 0.0001598329999998871, 0.00032879199999991116, 0.0002219169999999604, 0.0005454579999999432, 0.00015637499999998639, 0.0001907080000000949, 0.0031699590000000555], "find_bindings_prolog": [0.01987595799999997, 0.03214837500000001, 0.015095625000000057, 0.013897750000000042, 0.030989459000000052, 0.011374165999999963, 0.0077922920000000895, 0.014231792000000021, 0.03178704100000007, 0.03139308399999996, 0.004263458000000053, 0.010764792000000023, 0.011286499999999977, 0.007310625000000015, 0.011339584000000014, 0.011466084000000043, 0.0011145420000000517, 0.015413750000000004, 0.015379542000000024, 0.01485154199999994, 0.01600725000000003, 0.015380833000000038, 0.039225000000000065, 0.03850850000000006, 0.0012550419999999285, 0.018875666000000013, 0.019011249999999924, 0.040276417000000064, 0.03923599999999983, 0.01713275000000003, 0.016770208000000064, 0.004517916999999816, 0.0012922920000000282, 0.03133904100000007, 0.03230350000000004, 0.03387558300000015, 0.031038542000000113, 0.0011282089999999911, 0.0014925829999998808, 0.0009885839999999035, 0.001336709000000047, 0.0009698329999998645, 0.0011772500000000186, 0.014925665999999893, 0.015893000000000157, 0.0016629160000001253, 0.0016201670000000057, 0.0013277920000001053, 0.001631582999999992, 0.0017653340000001183, 0.0011822499999998293, 0.0009491249999999951, 0.0012077909999999026, 0.001505624999999844, 0.001247833000000087, 0.0011130839999999864, 0.0010744579999999448, 0.0013457089999999727, 0.00150416600000014, 0.0010596659999999591, 0.0014579169999999753, 0.004231874999999885, 0.0035008329999999255], "test": [0.02049516699999998, 0.0005600409999999556, 0.033283708999999995, 0.000597542000000062, 0.0006886249999999983, 0.015845499999999957, 0.014450500000000033, 0.03224845899999995, 0.012103167000000026, 0.008302750000000025, 0.014829708000000053, 0.033077208000000025, 0.03277891600000005, 0.004766249999999972, 0.011416250000000017, 0.012255958000000011, 0.008008374999999957, 0.012308125000000003, 0.01240229100000001, 0.00045129200000004754, 0.0008164999999999978, 0.0007715829999999091, 0.011948292000000027, 0.0013462499999999933, 0.016084625000000075, 0.016114583000000016, 0.01552191699999994, 0.016668165999999984, 0.016072291000000072, 0.04094437500000003, 0.040171999999999985, 0.001667000000000085, 0.019832208000000184, 0.019952959000000048, 0.04201974999999991, 0.040999792000000035, 0.018075957999999837, 0.0176502500000002, 0.005014167000000125, 0.0015029589999999704, 0.03283145799999998, 0.033922542, 0.035300625000000085, 0.032609624999999864, 0.0013412080000001492, 0.011011333999999984, 0.001705625000000044, 0.001189125000000013, 0.010012917000000066, 0.0015624169999999271, 0.001167750000000023, 0.0013751250000000326, 0.01564700000000019, 0.016640417000000074, 0.010063417000000019, 0.01740441700000006, 0.0019027080000000307, 0.0018475840000000687, 0.0015659169999999722, 0.0005867499999998582, 0.01821433299999997, 0.0018740829999999153, 0.02282012499999997, 0.014974958000000038, 0.0020192910000000897, 0.0013894999999999325, 0.0011488330000000158, 0.0014412910000001222, 0.0017508339999998679, 0.0015181669999999592, 0.001381375000000018, 0.0012966249999999402, 0.0015669590000000344, 0.0017396670000000558, 0.001305125000000018, 0.0016647080000000702, 0.004435500000000037, 0.003728541000000085], "combine": [0.003656834000000053, 4.1600000000308057e-07, 0.0025598749999999892, 5.839999999146528e-07, 4.580000000364848e-07, 4.999999999588667e-07, 5.410000000205528e-07, 4.5900000000820285e-07, 5.419999999922709e-07, 5.410000000205528e-07, 5.419999999922709e-07, 5.410000000205528e-07, 6.249999999763389e-07, 4.5899999989718054e-07, 9.160000000729696e-07, 4.999999999588667e-07, 5.00000000069889e-07, 6.249999999763389e-07, 5.410000000205528e-07, 6.249999999763389e-07, 4.5900000000820285e-07, 4.1700000008582094e-07, 4.580000000364848e-07, 4.579999999254625e-07, 5.83000000053957e-07, 5.419999999922709e-07, 5.840000000256751e-07, 5.839999999146528e-07, 5.83000000053957e-07, 6.660000000380251e-07, 5.839999999146528e-07, 4.1700000008582094e-07, 5.419999999922709e-07, 6.249999999763389e-07, 6.250000001983835e-07, 5.83000000053957e-07, 5.840000001366974e-07, 5.419999999922709e-07, 0.0021667919999999175, 4.579999999254625e-07, 6.669999998987208e-07, 5.840000001366974e-07, 5.83000000053957e-07, 6.249999999763389e-07, 4.1700000008582094e-07, 5.419999999922709e-07, 4.1700000008582094e-07, 3.7499999994139444e-07, 4.1699999986377634e-07, 3.7499999994139444e-07, 4.1699999986377634e-07, 3.7499999994139444e-07, 6.670000001207654e-07, 5.829999998319124e-07, 5.00000000069889e-07, 5.419999999922709e-07, 4.1700000008582094e-07, 4.580000001475071e-07, 4.1600000000308057e-07, 3.7499999994139444e-07, 5.419999999922709e-07, 4.1700000008582094e-07, 5.00000000069889e-07, 5.419999999922709e-07, 4.1699999986377634e-07, 3.7499999994139444e-07, 3.3299999979696793e-07, 5.00000000069889e-07, 4.579999999254625e-07, 4.1600000000308057e-07, 4.579999999254625e-07, 4.1600000000308057e-07, 4.1700000008582094e-07, 5.00000000069889e-07, 3.7500000016343904e-07, 3.7499999994139444e-07, 4.580000001475071e-07, 4.580000001475071e-07],