{"log_best_programs": true, "num_literals": 0, "total_programs": 35, "total_rules": 0, "total_ground_rules": 0, "durations": {"generate": [0.0007188329999999743, 0.000514208000000016, 0.0009375409999999862, 0.0009102920000000347, 0.0004903340000000367, 0.009915499999999966, 0.0004883330000000075, 0.0009182499999999538, 0.0005971670000000096, 0.0009468749999999582, 0.0011395410000000217, 0.0005080829999999925, 0.0007510419999999796, 0.0010316670000000139, 0.0005196250000000235, 0.007374624999999968, 0.0004782500000000134, 0.0013282089999999691, 0.0011370420000000325, 0.0012254999999999905, 0.0005185839999999886, 0.009406375000000022, 0.0005168329999999943, 0.0005189580000000138, 0.0008960000000000079, 0.0005341660000000026, 0.0009381670000000453, 0.000613499999999989, 0.0016245420000000066, 0.0015791250000000145, 0.000589292000000019, 0.0004713330000000182, 0.0010739169999999798, 0.010392667000000022, 0.0005258329999999756, 0.5745672500000001], "find_bindings_prolog": [0.01450691599999998, 0.0012697079999999805, 0.0012145830000000468, 0.0012480420000000048, 0.0006139580000000255, 0.0005370419999999876, 0.0005117920000000109, 0.0004945420000000422, 0.0005523749999999938, 0.0005421660000000106, 0.00045666599999999447, 0.000495292000000036, 0.0004870840000000265, 0.000784165999999975, 0.0006975830000000016, 0.0011054999999999815, 0.0005475409999999847, 0.00092408300000002, 0.0007011670000000025, 0.0008750000000000147, 0.0006963329999999934, 0.0004753750000000001, 0.0004273749999999521, 0.0004598339999999923, 0.00041733399999999143, 0.00046404199999999785, 0.00041366700000000645, 0.00042520899999998196, 0.0004792919999999645, 0.00044037499999999286, 0.0005764169999999957, 0.0004578749999999965, 0.00137229099999997, 0.0008034170000000285], "test": [0.01580187500000002, 0.0004580410000000201, 0.0022829580000000016, 0.0022017920000000357, 0.0023492499999999694, 0.0010232089999999694, 0.0009244999999999948, 0.0008907910000000019, 0.0008719159999999726, 0.0009264589999999906, 0.0009246250000000122, 0.0007969160000000364, 0.000835499999999989, 0.0008496250000000205, 0.0011744579999999893, 0.001073875000000002, 0.0016631249999999875, 0.0009432500000000066, 0.0013124580000000163, 0.00109591600000003, 0.0013657920000000323, 0.0009237079999999676, 0.0007010419999999851, 0.0006355420000000445, 0.0006700000000000039, 0.0006219160000000001, 0.000673749999999973, 0.0006055839999999924, 0.0006249580000000088, 0.0006998340000000103, 0.000649542000000003, 0.0007818339999999813, 0.0006654999999999855, 0.002699333000000026, 0.0012666250000000212], "combine": [0.00337787500000003, 5.000000000143778e-07, 5.839999999701639e-07, 4.1699999997479864e-07, 5.419999999922709e-07, 5.829999999984459e-07, 4.170000000303098e-07, 5.000000000143778e-07, 4.1699999997479864e-07, 4.580000000364848e-07, 4.5799999998097363e-07, 4.1699999997479864e-07, 4.170000000303098e-07, 4.5900000000820285e-07, 1.2079999999747848e-06, 4.170000000303098e-07, 4.5799999998097363e-07, 5.000000000143778e-07, 4.5799999998097363e-07, 4.580000000364848e-07, 4.1699999997479864e-07, 4.1699999997479864e-07, 4.5900000000820285e-07, 3.749999999969056e-07, 4.170000000303098e-07, 4.5799999998097363e-07, 4.580000000364848e-07, 4.170000000303098e-07, 4.1600000000308057e-07, 4.5799999998097363e-07, 4.5799999998097363e-07, 4.1699999997479864e-07, 4.170000000303098e-07, 5.829999999984459e-07, 0.0021293329999999555], "constrain": [0.001975249999999984, 0.0021931249999999625, 0.0003630000000000022, 0.0003679169999999954, 0.000393750000000026, 0.0023426659999999933, 0.0006722499999999854, 0.0006771250000000006, 0.0006607909999999939, 0.0007188750000000077, 0.0006743750000000048, 0.0006818749999999985, 0.0005209579999999603, 0.0005625830000000054, 0.0006401249999999914, 0.0005515839999999939, 0.0006543339999999787, 0.0005667089999999986, 0.0007868329999999868, 0.0005708329999999928, 0.0005744999999999778, 0.0018682919999999936, 0.00048483300000001783, 0.0004761249999999939, 0.0004729579999999678, 0.0005257499999999915, 0.00048370899999999883, 0.0004395000000000371, 0.00045208300000004753, 0.0004922920000000053, 0.00048274999999997625, 0.00048037500000003286, 0.0004899170000000064, 0.0022093750000000134, 0.00044675000000005127]}, "final_exec_time": 0.788930417, "stages": [], "best_programs": [], "solution": {"code": "f(A,B):- square(A,C),magic(3.142),mult(C,3.142,B).", "is_solution": true, "conf_matrix": [10, 0, 10, 0], "total_exec_time": 0.7889267090000001, "durations": [{"operation": "Generate", "called": 35, "total": 0.06213020900000005, "mean": 0.0017751488285714298, "maximum": 0.010392667000000022, "__type__": "DurationSummary"}, {"operation": "Test", "called": 35, "total": 0.0519854990000001, "mean": 0.0014852999714285743, "maximum": 0.01580187500000002, "__type__": "DurationSummary"}, {"operation": "Find_Bindings_Prolog", "called": 34, "total": 0.036474041999999984, "mean": 0.0010727659411764701, "maximum": 0.01450691599999998, "__type__": "DurationSummary"}, {"operation": "Constrain", "called": 34, "total": 0.026507416999999922, "mean": 0.0007796299117647036, "maximum": 0.0023426659999999933, "__type__": "DurationSummary"}, {"operation": "Combine", "called": 34, "total": 0.0033937100000000497, "mean": 9.981500000000147e-05, "maximum": 0.00337787500000003, "__type__": "DurationSummary"}], "__type__": "ProgramStats"}, "is_solution": true, "stats_file": "./results/pi/magicpopper_types/2/stats.json", "end": true, "__type__": "Stats"}