{"log_best_programs": true, "num_literals": 0, "total_programs": 2, "total_rules": 0, "total_ground_rules": 0, "durations": {"generate": [0.00030524999999997915, 0.0016460419999999587, 0.0006009170000000896], "find_bindings_prolog": [0.016301250000000045, 0.7111946250000001], "bind": [5.410000000205528e-07, 0.10947137500000004], "test": [0.016554082999999997, 0.82148075], "combine": [5.419999999922709e-07, 0.030442958000000075], "constrain": [0.002934749999999986, 0.0042929160000000355]}, "final_exec_time": 0.9955305839999999, "stages": [], "best_programs": [], "solution": null, "is_solution": false, "stats_file": "./results/list_magicvaluesameclause/magicpopper/9/1/stats.json", "end": true, "__type__": "Stats"}