{"log_best_programs": true, "num_literals": 0, "total_programs": 29, "total_rules": 0, "total_ground_rules": 0, "durations": {"generate": [0.0006026250000000233, 0.00015620800000004653, 0.0003407089999999946, 0.00048000000000003595, 0.0005400839999999962, 0.0004982500000000334, 0.00025012499999998994, 0.00017295800000000083, 0.0010106249999999872, 0.00033962500000001006, 0.0001574579999999992, 0.00020874999999997979, 0.00017125000000001167, 0.00020058400000000365, 0.00016962500000000658, 0.00017050000000001786, 0.0001959589999999678, 0.00017012500000002095, 0.00019462500000000382, 0.00020175000000000054, 0.0002452089999999685, 0.00014629199999999232, 0.00017795799999997808, 0.00022479100000000196, 0.00019570800000001665, 0.00014287499999998676, 0.00016108400000003353, 0.0006493750000000076, 0.0004768749999999877, 0.0030180419999999986], "find_bindings_prolog": [0.011083583000000008, 0.0011362500000000053, 0.0004730000000000012, 0.0004122500000000029, 0.00045629099999999756, 0.003502457999999986, 0.00048274999999997625, 0.000463749999999985, 0.012912833999999984, 0.0005887910000000329, 0.000558082999999987, 0.0004936249999999975, 0.00048162499999998554, 0.0004970830000000093, 0.0004859170000000024, 0.0004902500000000254, 0.0004936249999999975, 0.0005464580000000274, 0.0005397089999999993, 0.0005648750000000202, 0.0005007910000000004, 0.00048158300000000764, 0.0004834170000000415, 0.0004993749999999686, 0.00047362499999997754, 0.00047600000000003195, 0.0004675000000000096, 0.00048475000000003376, 0.0004998330000000051], "test": [0.012014249999999949, 0.002238374999999959, 0.0007758330000000035, 0.0005872909999999898, 0.000756415999999982, 0.007583333000000025, 0.0006925829999999689, 0.0006581660000000156, 0.032189915999999985, 0.0009157919999999709, 0.0008521659999999875, 0.000706541000000005, 0.0006868749999999757, 0.0008681669999999753, 0.0008514159999999937, 0.000859624999999975, 0.0008676670000000164, 0.0009132079999999987, 0.0009172500000000361, 0.0009480840000000157, 0.0007153750000000181, 0.0006862499999999994, 0.0006908750000000352, 0.000706083000000024, 0.0006793749999999821, 0.0006841670000000133, 0.0006732089999999524, 0.0006943329999999914, 0.0007137080000000351], "combine": [0.0029182080000000332, 0.0010241250000000424, 4.580000000364848e-07, 4.1600000000308057e-07, 3.749999999969056e-07, 4.1699999997479864e-07, 4.5900000000820285e-07, 3.3300000001901253e-07, 0.0025382500000000197, 5.000000000143778e-07, 3.749999999969056e-07, 3.749999999969056e-07, 3.339999999907306e-07, 3.749999999969056e-07, 3.3300000001901253e-07, 3.749999999969056e-07, 3.749999999969056e-07, 3.749999999969056e-07, 3.749999999969056e-07, 3.749999999969056e-07, 3.329999999635014e-07, 3.749999999969056e-07, 3.749999999969056e-07, 3.329999999635014e-07, 3.749999999969056e-07, 3.749999999969056e-07, 3.749999999969056e-07, 3.3300000001901253e-07, 3.749999999969056e-07], "constrain": [0.0015830829999999851, 0.0002054999999999696, 0.00028316600000000136, 0.00035124999999996964, 0.0019485410000000258, 0.00024337499999999013, 0.0005301669999999703, 0.0005207080000000364, 0.0015562499999999813, 0.0006134580000000112, 0.00061787499999999, 0.0005993750000000131, 0.0005897089999999938, 0.0006637079999999851, 0.00042716599999997884, 0.0004205409999999965, 0.0006490419999999886, 0.0006528749999999972, 0.0006628329999999738, 0.000657624999999995, 0.0003731250000000297, 0.0005735000000000046, 0.0005793749999999931, 0.0005757079999999526, 0.0003734999999999711, 0.000575292000000005, 0.0005762080000000225, 0.0005789170000000121, 0.0003697919999999799]}, "final_exec_time": 0.15863941599999998, "stages": [], "best_programs": [], "solution": {"code": "goal(A,robot,0):- not_my_true(A,q),magic(q),magic(0),magic(robot).\ngoal(A,robot,0):- not_my_true(A,r),magic(robot),magic(r),magic(0).\ngoal(A,robot,100):- my_true(A,7),my_true(A,p),my_true(A,q),magic(7),magic(p),magic(robot),magic(q),magic(100).\ngoal(A,robot,0):- not_my_true(A,p),magic(robot),magic(0),magic(p).", "is_solution": true, "conf_matrix": [22, 0, 22, 0], "total_exec_time": 0.15863720800000003, "durations": [{"operation": "Test", "called": 9, "total": 0.05749616299999988, "mean": 0.006388462555555542, "maximum": 0.032189915999999985, "__type__": "DurationSummary"}, {"operation": "Find_Bindings_Prolog", "called": 9, "total": 0.030923165999999946, "mean": 0.0034359073333333273, "maximum": 0.012912833999999984, "__type__": "DurationSummary"}, {"operation": "Constrain", "called": 8, "total": 0.005665789999999948, "mean": 0.0007082237499999935, "maximum": 0.0019485410000000258, "__type__": "DurationSummary"}, {"operation": "Generate", "called": 9, "total": 0.004051584000000108, "mean": 0.000450176000000012, "maximum": 0.0010106249999999872, "__type__": "DurationSummary"}, {"operation": "Combine", "called": 8, "total": 0.003944791000000114, "mean": 0.0004930988750000143, "maximum": 0.0029182080000000332, "__type__": "DurationSummary"}], "__type__": "ProgramStats"}, "is_solution": true, "stats_file": "./results/iggp-buttons-goal/magicpopper_args/8/stats.json", "end": true, "__type__": "Stats"}