{"log_best_programs": true, "num_literals": 0, "total_programs": 2, "total_rules": 0, "total_ground_rules": 0, "durations": {"generate": [0.00033841699999997976, 0.002046250000000027, 0.0005781250000000959], "find_bindings_prolog": [0.025619583, 1.0728496669999998], "bind": [5.42000000047782e-07, 0.10560004199999984], "test": [0.025908541000000007, 1.179396125], "combine": [5.840000000256751e-07, 0.027235042000000043], "constrain": [0.0031195829999999813, 0.004688542000000018]}, "final_exec_time": 1.369795417, "stages": [], "best_programs": [], "solution": null, "is_solution": false, "stats_file": "./results/list_magicvaluesameclause/magicpopper/13/7/stats.json", "end": true, "__type__": "Stats"}