{"log_best_programs": true, "num_literals": 0, "total_programs": 31, "total_rules": 0, "total_ground_rules": 0, "durations": {"generate": [0.0003881660000000231, 0.00027783400000003233, 0.0002103750000000404, 0.0003194160000000168, 0.00022258299999999842, 0.00027491699999998565, 0.0011272080000000462, 0.002139834000000007, 0.0008205000000000018, 0.0001559580000000116, 0.00015583399999996583, 0.0007904170000000432, 0.000281083999999987, 0.00015579199999998794, 0.0001839590000000113, 0.00023662499999999032, 0.0005514999999999826, 0.0008156249999999865, 0.0019856670000000243, 0.00017962500000001658, 0.0005661250000000284, 0.00023974999999998303, 0.0011764590000000186, 0.0002267089999999916, 0.0005898750000000175, 0.0026693330000000515, 0.00017354099999999928, 0.00020487499999999326, 0.00026966700000002897, 0.0007346669999999667, 0.00019600000000002948, 0.09726458399999999], "find_bindings_prolog": [0.012408083000000014, 0.0006110830000000123, 0.0009404590000000046, 0.0004960410000000026, 0.0008930000000000327, 0.0004798330000000406, 0.00043512499999998067, 0.0004077080000000066, 0.0003801659999999596, 0.0003502080000000185, 0.00045316700000003207, 0.0005060829999999905, 0.0004785840000000041, 0.00038245800000002994, 0.0005289580000000238, 0.00037441700000001576, 0.0003498330000000216, 0.0008466660000000514, 0.0007845419999999992, 0.0008650000000000047, 0.0008572079999999982, 0.0008462499999999928, 0.0008373330000000512, 0.001177166999999979, 0.0008325000000000138, 0.0007850420000000136, 0.0007998750000000054, 0.0007225419999999927, 0.0007483750000000233, 0.0007527079999999908], "test": [0.01330358399999998, 0.0002983750000000174, 0.0010238340000000012, 0.001617833000000013, 0.0007107080000000043, 0.0017038750000000213, 0.0006470829999999927, 0.0006942500000000074, 0.0005587089999999906, 0.000527084000000011, 0.0004967499999999903, 0.0008457499999999785, 0.0008717920000000379, 0.0008292910000000098, 0.0006356670000000064, 0.0010400839999999967, 0.000521875000000005, 0.0004979580000000206, 0.0018645830000000307, 0.0016940830000000129, 0.0019142080000000283, 0.0018604159999999759, 0.001861665999999984, 0.0018369579999999996, 0.002191708999999986, 0.0016151670000000284, 0.00156116700000003, 0.0015806250000000022, 0.0014145829999999693, 0.0015157080000000045, 0.0015247909999999698], "combine": [0.003071209000000019, 4.5799999998097363e-07, 0.002056749999999996, 4.5799999998097363e-07, 0.0008699589999999757, 4.1699999997479864e-07, 3.749999999969056e-07, 4.170000000303098e-07, 4.170000000303098e-07, 3.749999999969056e-07, 3.749999999969056e-07, 4.1699999997479864e-07, 4.1699999997479864e-07, 4.1699999997479864e-07, 3.749999999969056e-07, 4.170000000303098e-07, 4.1699999997479864e-07, 4.1699999997479864e-07, 4.999999999588667e-07, 4.1699999997479864e-07, 4.580000000364848e-07, 4.580000000364848e-07, 4.5799999998097363e-07, 4.5900000000820285e-07, 4.1699999997479864e-07, 4.170000000303098e-07, 4.5799999998097363e-07, 3.749999999969056e-07, 4.580000000364848e-07, 4.1600000000308057e-07, 4.589999999526917e-07], "constrain": [0.0014295840000000393, 0.0014544579999999918, 0.0003259589999999868, 0.0012940419999999953, 0.00041166699999994893, 0.00427441700000003, 0.0007773340000000184, 0.0009027500000000077, 0.00027783400000003233, 0.00027287500000000575, 0.000272207999999996, 0.005780542, 0.00046074999999995425, 0.0005096660000000197, 0.0008715829999999536, 0.0006698330000000086, 0.0002657909999999597, 0.0002786250000000323, 0.00032958300000002216, 0.0006743750000000048, 0.0005220839999999782, 0.0005229589999999895, 0.0005197499999999855, 0.00032241700000001927, 0.0005171250000000072, 0.00046712500000001267, 0.00045924999999996663, 0.00046154100000000975, 0.0004620410000000241, 0.00016850000000001586, 0.00016824999999998091]}, "final_exec_time": 0.261703, "stages": [], "best_programs": [], "solution": {"code": "next_control(A,white):- true_control(A,black).\nnext_control(A,black):- true_control(A,white).", "is_solution": true, "conf_matrix": [13, 0, 13, 0], "total_exec_time": 0.26169908399999997, "durations": [{"operation": "Test", "called": 3, "total": 0.014625792999999998, "mean": 0.004875264333333333, "maximum": 0.01330358399999998, "__type__": "DurationSummary"}, {"operation": "Find_Bindings_Prolog", "called": 2, "total": 0.013019166000000026, "mean": 0.006509583000000013, "maximum": 0.012408083000000014, "__type__": "DurationSummary"}, {"operation": "Combine", "called": 2, "total": 0.003071667, "mean": 0.0015358335, "maximum": 0.003071209000000019, "__type__": "DurationSummary"}, {"operation": "Constrain", "called": 2, "total": 0.002884042000000031, "mean": 0.0014420210000000155, "maximum": 0.0014544579999999918, "__type__": "DurationSummary"}, {"operation": "Generate", "called": 3, "total": 0.0008763750000000958, "mean": 0.00029212500000003194, "maximum": 0.0003881660000000231, "__type__": "DurationSummary"}], "__type__": "ProgramStats"}, "is_solution": true, "stats_file": "./results/iggp-gt-centipede-next/magicpopper_types/1/stats.json", "end": true, "__type__": "Stats"}