{"log_best_programs": true, "num_literals": 0, "total_programs": 78, "total_rules": 0, "total_ground_rules": 0, "durations": {"generate": [0.00031637499999997987, 0.0004617920000000164, 0.000159874999999976, 0.00012958299999998868, 0.0002794160000000323, 0.0005122090000000412, 0.00040266599999999597, 0.0002607079999999984, 0.00034562499999996055, 0.00014458299999997593, 0.00029245799999999544, 0.0002242920000000148, 0.0002691249999999812, 0.000559416999999951, 0.0006453329999999702, 0.00024204199999999787, 0.0002522500000000094, 0.0010402499999999648, 0.00040000000000001146, 0.000504833999999954, 0.000290208000000014, 0.00022966699999998896, 0.0005772499999999736, 0.0007662499999999683, 0.00027458399999996663, 0.001087249999999984, 0.00025933399999999995, 0.0003126669999999887, 0.00019395799999999408, 0.00016529199999998356, 0.0005151669999999831, 0.0003047919999999982, 0.00023637500000001088, 0.00021779100000002272, 0.00020954099999997977, 0.00019904200000003813, 0.0001627499999999893, 0.0003509579999999568, 0.00018391600000000619, 0.0010198330000000255, 0.0002791670000000246, 0.0005858340000000073, 0.000179874999999996, 0.00015729099999994833, 0.0004927920000000197, 0.0007577080000000236, 0.0002079170000000019, 0.0005515000000000381, 0.0002346249999999328, 0.0002693329999999827, 0.00023445799999999295, 0.001483582999999955, 0.00033483300000003435, 0.00016333400000001497, 0.0001819160000000597, 0.00015904200000005364, 0.00014162500000003408, 0.00016120799999996827, 0.00015895799999998683, 0.00014449999999999186, 0.00017425000000004243, 0.0001763339999999447, 0.00020370800000002465, 0.0001808340000000186, 0.000160665999999976, 0.00024495800000001733, 0.00020720800000006978, 0.00016295799999999083, 0.00021954099999998977, 0.00015966700000002998, 0.00014858400000006267, 0.00017579200000006345, 0.00017341700000006455, 0.00015062500000007084, 0.0004341669999999853, 0.0008949999999999791, 0.0003214160000000188, 0.0007250840000000425, 0.002484790999999986], "find_bindings_prolog": [0.014253000000000016, 0.0006083340000000437, 0.0005258340000000028, 0.00043604199999996984, 0.006884459000000009, 0.0007998330000000275, 0.0019255830000000085, 0.001101624999999995, 0.0005853749999999991, 0.0004561670000000073, 0.0007816660000000142, 0.000533958000000001, 0.00046712500000001267, 0.0029131250000000164, 0.0007983329999999844, 0.0027115420000000112, 0.0026409589999999983, 0.0007583750000000333, 0.0005412499999999931, 0.0006111670000000236, 0.0007230000000000292, 0.0007839159999999956, 0.0007075000000000276, 0.00360270800000001, 0.004180374999999958, 0.0007385420000000087, 0.0005960419999999633, 0.000592083000000021, 0.000510959000000033, 0.0005951660000000358, 0.0007040420000000158, 0.0006003749999999863, 0.0007209169999999876, 0.0005340830000000185, 0.0005125830000000109, 0.0005252090000000265, 0.0005225000000000368, 0.00045595800000003406, 0.00045162500000001105, 0.0063172499999999965, 0.0006154579999999577, 0.001109790999999971, 0.0013820000000000499, 0.0012172080000000252, 0.0004608749999999717, 0.0027654160000000205, 0.0030565000000000175, 0.007805791000000006, 0.008337458000000075, 0.009302791999999949, 0.011436000000000002, 0.012851666999999956, 0.0006499170000000554, 0.0004798339999999568, 0.00046725000000003014, 0.0004627090000000056, 0.00048074999999991874, 0.0004562080000000135, 0.0004610419999999671, 0.00046404199999994233, 0.00045291700000005264, 0.0004708749999999817, 0.0005482919999999503, 0.0005125000000000268, 0.0004949579999999898, 0.0004780829999999625, 0.0004937080000000371, 0.0004893339999999524, 0.00047724999999998463, 0.0005256670000000074, 0.00048333400000000193, 0.0005014589999999819, 0.0004737500000000505, 0.00046762499999997154, 0.00045962499999996353, 0.0004790410000000689, 0.0005037920000000584, 0.0021642080000000563], "test": [0.016717207999999983, 0.0010522919999999547, 0.0009777499999999995, 0.000719499999999984, 0.014677333000000015, 0.0017609160000000013, 0.003178292000000027, 0.0018585409999999913, 0.0010684579999999944, 0.0007617080000000276, 0.001224041000000009, 0.0008458749999999959, 0.0007660000000000444, 0.006204166999999983, 0.0020882079999999803, 0.005434500000000009, 0.004351291000000035, 0.00135995800000005, 0.0008591250000000161, 0.0012777920000000553, 0.0013967080000000243, 0.0014466249999999792, 0.0014125409999999894, 0.006998250000000039, 0.008410625000000005, 0.0013287499999999897, 0.0009513750000000321, 0.0011232079999999867, 0.0010242500000000043, 0.0012567500000000287, 0.0015737499999999849, 0.000955417000000014, 0.0016944589999999815, 0.0010567079999999618, 0.0008531250000000101, 0.0010349580000000302, 0.0008762920000000007, 0.0006501250000000014, 0.000640291000000015, 0.015864833999999994, 0.0010089999999999821, 0.0020184999999999786, 0.0030131250000000054, 0.0025181250000000377, 0.0007863339999999996, 0.006316083000000028, 0.007102166999999993, 0.017551082999999967, 0.019316458000000036, 0.021687582999999955, 0.025885166000000015, 0.03141649999999996, 0.0009521670000000038, 0.0006865000000000343, 0.0008217499999999545, 0.0008168339999999885, 0.0006807079999999743, 0.0008145840000000071, 0.00081704199999999, 0.0006628750000000627, 0.0006562079999999915, 0.0006737089999999668, 0.0009254579999999901, 0.0008860000000000534, 0.0007159999999999389, 0.000839166999999974, 0.0007015000000000216, 0.0006962910000000155, 0.0008324590000000631, 0.0008825420000000417, 0.000689292000000008, 0.0008713339999999459, 0.0008404590000000711, 0.0006747079999999128, 0.000662207999999942, 0.000683749999999983, 0.0008731249999999191, 0.0055377079999999745], "combine": [0.006258916000000003, 5.000000000143778e-07, 5.000000000143778e-07, 4.5799999998097363e-07, 7.07999999960407e-07, 4.1699999997479864e-07, 0.003531125000000024, 0.004314750000000034, 5.829999999984459e-07, 3.749999999969056e-07, 4.1699999997479864e-07, 4.1600000000308057e-07, 4.1600000000308057e-07, 5.000000000143778e-07, 4.170000000303098e-07, 5.419999999922709e-07, 5.419999999922709e-07, 4.1600000000308057e-07, 3.329999999635014e-07, 4.1600000000308057e-07, 1.0000000000287557e-06, 3.749999999969056e-07, 4.170000000303098e-07, 5.410000000205528e-07, 5.839999999701639e-07, 6.250000000318501e-07, 3.749999999969056e-07, 3.749999999969056e-07, 3.749999999969056e-07, 3.749999999969056e-07, 4.5900000000820285e-07, 4.1699999997479864e-07, 4.1600000000308057e-07, 3.749999999969056e-07, 3.749999999969056e-07, 3.749999999969056e-07, 4.170000000303098e-07, 4.1699999997479864e-07, 3.749999999969056e-07, 5.839999999701639e-07, 4.5900000000820285e-07, 3.749999999969056e-07, 5.000000000143778e-07, 3.749999999969056e-07, 3.749999999969056e-07, 4.5799999998097363e-07, 4.580000000364848e-07, 5.419999999922709e-07, 4.999999999588667e-07, 5.829999999429347e-07, 4.999999999588667e-07, 5.00000000069889e-07, 5.00000000069889e-07, 3.7500000005241674e-07, 3.7499999994139444e-07, 3.3299999990799023e-07, 3.339999999907306e-07, 3.7500000005241674e-07, 3.3300000001901253e-07, 3.3300000001901253e-07, 3.3300000001901253e-07, 3.3300000001901253e-07, 3.7500000005241674e-07, 3.7500000005241674e-07, 3.3300000001901253e-07, 3.7499999994139444e-07, 3.7500000005241674e-07, 3.3300000001901253e-07, 3.7499999994139444e-07, 3.7500000005241674e-07, 4.1600000000308057e-07, 3.3300000001901253e-07, 3.7499999994139444e-07, 3.3300000001901253e-07, 3.3300000001901253e-07, 2.909999999856083e-07, 3.7500000005241674e-07, 5.410000000205528e-07],