{"log_best_programs": true, "num_literals": 0, "total_programs": 8, "total_rules": 0, "total_ground_rules": 0, "durations": {"generate": [0.000393624999999842, 0.0004895000000000316, 0.0015292499999999265, 0.0011722089999999241, 0.0015420000000001544, 0.002034040999999931, 0.0010063750000002258, 0.0005004579999998704, 0.00020137500000005915], "find_bindings_prolog": [0.024074666999999828, 0.03634583400000002, 0.13508770800000014, 0.14243095800000005, 0.16111799999999987, 0.1411549169999997], "test": [0.027424040999999955, 0.04998770900000005, 0.018873499999999988, 0.13537741699999994, 0.142767667, 0.16162220799999982, 0.1414892499999998, 0.01707499999999973], "combine": [0.02058695900000007, 0.004707542000000009, 5.419999999922709e-07, 5.829999998319124e-07, 6.660000000380251e-07, 5.410000003536197e-07, 5.00000000069889e-07, 5.00000000069889e-07], "constrain": [0.0018241670000000987, 0.0023729169999999744, 0.00039620800000017553, 0.002914333000000102, 0.004927499999999974, 0.0018658750000000168, 0.0017074589999999112, 0.0005260830000000105]}, "final_exec_time": 2.004787292, "stages": [], "best_programs": [], "solution": {"code": "magic_value(A):- head(A,gf),magic(gf).\nmagic_value(A):- head(A,mq),magic(mq).\nmagic_value(A):- head(A,qb),magic(qb).\nmagic_value(A):- head(A,br),magic(br).\nmagic_value(A):- head(A,ps),magic(ps).\nmagic_value(A):- head(A,df),magic(df).\nmagic_value(A):- head(A,cc),magic(cc).\nmagic_value(A):- head(A,bz),magic(bz).\nmagic_value(A):- head(A,ni),magic(ni).\nmagic_value(A):- head(A,ae),magic(ae).\nmagic_value(A):- head(A,ab),magic(ab).\nmagic_value(A):- head(A,rg),magic(rg).\nmagic_value(A):- head(A,hq),magic(hq).\nmagic_value(A):- head(A,kc),magic(kc).\nmagic_value(A):- head(A,p),magic(p).\nmagic_value(A):- head(A,rj),magic(rj).\nmagic_value(A):- head(A,lf),magic(lf).\nmagic_value(A):- head(A,ks),magic(ks).\nmagic_value(A):- head(A,lz),magic(lz).\nmagic_value(A):- head(A,y),magic(y).\nmagic_value(A):- head(A,iy),magic(iy).\nmagic_value(A):- head(A,s),magic(s).\nmagic_value(A):- head(A,ew),magic(ew).\nmagic_value(A):- head(A,bq),magic(bq).\nmagic_value(A):- head(A,op),magic(op).\nmagic_value(A):- head(A,gh),magic(gh).\nmagic_value(A):- head(A,km),magic(km).\nmagic_value(A):- head(A,mv),magic(mv).\nmagic_value(A):- head(A,gb),magic(gb).\nmagic_value(A):- head(A,av),magic(av).\nmagic_value(A):- head(A,io),magic(io).\nmagic_value(A):- head(A,kt),magic(kt).\nmagic_value(A):- head(A,rd),magic(rd).\nmagic_value(A):- head(A,ra),magic(ra).\nmagic_value(A):- head(A,mw),magic(mw).", "is_solution": true, "conf_matrix": [200, 0, 200, 0], "total_exec_time": 2.004785167, "durations": [{"operation": "Test", "called": 1, "total": 0.027424040999999955, "mean": 0.027424040999999955, "maximum": 0.027424040999999955, "__type__": "DurationSummary"}, {"operation": "Find_Bindings_Prolog", "called": 1, "total": 0.024074666999999828, "mean": 0.024074666999999828, "maximum": 0.024074666999999828, "__type__": "DurationSummary"}, {"operation": "Generate", "called": 1, "total": 0.000393624999999842, "mean": 0.000393624999999842, "maximum": 0.000393624999999842, "__type__": "DurationSummary"}], "__type__": "ProgramStats"}, "is_solution": true, "stats_file": "./results/list_magicvalues_multipleclauses/magicpopper/35/2/stats.json", "end": true, "__type__": "Stats"}