{"log_best_programs": true, "num_literals": 0, "total_programs": 152, "total_rules": 0, "total_ground_rules": 0, "durations": {"generate": [0.00032450000000000534, 0.00015012500000000095, 0.0001827500000000093, 0.00040637500000001436, 0.00014095899999999606, 0.00031758300000001016, 0.0008149169999999706, 0.0002651249999999772, 0.0004912079999999652, 0.00025287499999998575, 0.0005623750000000038, 0.00014612499999999695, 0.00021254199999998225, 0.00022925000000001416, 0.0007626669999999947, 0.00018066699999996771, 0.0003206669999999967, 0.000206666000000022, 0.0002925409999999795, 0.0002601660000000061, 0.00022566699999998496, 0.00022541700000000553, 0.0002287499999999998, 0.0006400830000000135, 0.0001995000000000191, 0.00020649999999999835, 0.0004097080000000086, 0.00015504199999999413, 0.0002783749999999974, 0.00014245800000001196, 0.0006850840000000025, 0.00018866699999997572, 0.0005395829999999546, 0.00016499999999997073, 0.00017729100000002385, 0.00017241699999998028, 0.00037758300000001466, 0.00018524999999997016, 0.00017341700000000904, 0.00022258399999997014, 0.000236333000000033, 0.00031375000000000153, 0.00017633299999997298, 0.00019558299999999917, 0.0003616659999999827, 0.00018829200000003432, 0.00030641600000003155, 0.0003251670000000151, 0.0003306670000000067, 0.0004129999999999967, 0.0005394169999999865, 0.00019862500000000782, 0.0002475000000000116, 0.00019995800000000008, 0.00021779199999999443, 0.0005211250000000112, 0.00036316600000002586, 0.00020958300000001318, 0.00020004200000001138, 0.00021237499999998688, 0.00037404200000001886, 0.00023812499999997794, 0.00018808399999992176, 0.00021099999999996122, 0.0007471249999999596, 0.00022500000000003073, 0.00017729200000005108, 0.00019408300000001155, 0.00020245799999996095, 0.00021337499999996012, 0.00027358300000002167, 0.00018758400000007391, 0.000209542000000007, 0.00019583400000000584, 0.0001822919999999728, 0.0002714580000000577, 0.0001971250000000202, 0.0013372910000000182, 0.0001919169999999859, 0.00020054200000008127, 0.00017804199999993386, 0.00019999999999997797, 0.00017887500000002277, 0.00019058299999996642, 0.00019316699999993858, 0.00021179199999998843, 0.00019250000000003986, 0.00018299999999993322, 0.0001991670000000001, 0.00018608399999997527, 0.001221625000000004, 0.0002166249999999703, 0.0002879580000000326, 0.0002027500000000293, 0.00018791600000001019, 0.00021412500000006496, 0.0002186249999999168, 0.00023125000000001616, 0.00021216600000006913, 0.00020166700000001647, 0.00022645899999995667, 0.0007007079999999943, 0.00023050000000002235, 0.0002359160000000582, 0.00022299999999997322, 0.00043491700000009015, 0.0002151670000000161, 0.000474207999999976, 0.00036733399999999694, 0.00025004100000003415, 0.00021525000000000016, 0.0003114580000000977, 0.0007535000000000736, 0.0002894169999999585, 0.0001902919999999808, 0.00025533300000002424, 0.00016579199999999794, 0.00021133300000009125, 0.000148000000000037, 0.00017620800000006653, 0.00016304200000005764, 0.000740415999999966, 0.00019595799999994057, 0.0002082499999999099, 0.0001914579999999777, 0.0002551250000000227, 0.0002285829999999489, 0.0001999580000000556, 0.00020091699999991164, 0.0003010829999999798, 0.0005948749999999947, 0.0002295830000000887, 0.00021733400000001346, 0.000348333000000034, 0.0003530420000000811, 0.00016925000000000967, 0.00017774999999997654, 0.00017866700000002123, 0.00035570800000006564, 0.00016925000000000967, 0.00022916699999997459, 0.0002127080000000614, 0.0005454999999999766, 0.00027408299999998054, 0.00048187499999996497, 0.00020804099999993664, 0.0008741660000000095, 0.0004325419999999802, 0.0005015830000000276, 0.00024087500000002926, 0.0017828339999998999, 0.0002896250000000711, 0.003583459000000011], "find_bindings_prolog": [0.011635625000000038, 0.001901167000000037, 0.000634833999999973, 0.0005561669999999963, 0.000861084000000012, 0.001972417000000004, 0.0006817909999999872, 0.0006496669999999649, 0.0008146250000000133, 0.0007451670000000465, 0.000601499999999977, 0.0018752089999999888, 0.0018887499999999946, 0.000624290999999999, 0.0008233340000000089, 0.002170874999999961, 0.002721000000000029, 0.0021118749999999853, 0.0019617919999999622, 0.0020794590000000057, 0.0008928329999999818, 0.00084516699999998, 0.0008630829999999867, 0.0007353340000000319, 0.0004689580000000193, 0.0007052499999999906, 0.0007278330000000111, 0.0007085829999999849, 0.000712541000000011, 0.0007481670000000218, 0.0007105419999999807, 0.0007191249999999871, 0.002148041000000045, 0.0022070419999999924, 0.0008119580000000015, 0.0007616659999999942, 0.0005161250000000339, 0.0007806250000000348, 0.0009340829999999745, 0.00239575000000003, 0.0023118750000000188, 0.0008440419999999893, 0.0007835409999999987, 0.0018329579999999956, 0.0018682919999999936, 0.0005243330000000435, 0.001895707999999996, 0.0019616670000000003, 0.0005189589999999855, 0.0007955000000000045, 0.002016167000000013, 0.002336041000000011, 0.0019588750000000266, 0.0022484999999999866, 0.0008540830000000055, 0.002196792000000003, 0.002134416999999944, 0.0019132499999999775, 0.0007592499999999891, 0.0018677910000000075, 0.002043416999999992, 0.0019185420000000786, 0.0019201669999999726, 0.0008269579999999888, 0.0018943750000000037, 0.0019026250000000466, 0.0018838339999999176, 0.002019333000000012, 0.0020280000000000298, 0.002031583000000059, 0.001951166999999976, 0.0007621669999999803, 0.001885791000000081, 0.0007277919999999494, 0.0007298340000000403, 0.0021370840000000113, 0.0020609999999999795, 0.002244292000000092, 0.0007840000000000069, 0.0007620000000000404, 0.0007807079999999633, 0.0007192079999999157, 0.002076458999999975, 0.0019934169999999973, 0.0020038340000000376, 0.0017821670000000012, 0.0007366250000000463, 0.0020699590000000656, 0.002111709000000017, 0.002106207999999943, 0.0020940000000000403, 0.0007879999999998999, 0.0020701250000000337, 0.0020925840000000084, 0.000917041999999979, 0.002188708000000039, 0.0008969999999999256, 0.0024223750000000877, 0.0009209170000000766, 0.0008982499999999893, 0.0025036670000000427, 0.002160708000000011, 0.0008895420000000209, 0.002109291999999985, 0.0024475409999999975, 0.0024183749999999726, 0.0005500830000000345, 0.0006251670000000376, 0.0005860420000000088, 0.0005669170000000001, 0.0005376659999999367, 0.0005828749999999827, 0.0005126250000000443, 0.0005452499999999416, 0.0005970419999999921, 0.0005687920000000402, 0.0005101250000000279, 0.0005772500000000846, 0.000528083000000068, 0.0005122079999999585, 0.0005259999999999154, 0.0005065000000000763, 0.0005186660000000565, 0.0005149580000000098, 0.0005092079999999832, 0.000658208000000049, 0.0005602920000000733, 0.0019557080000000004, 0.0020570829999999596, 0.001972709000000017, 0.00193891700000004, 0.002058833999999954, 0.00208374999999994, 0.0021719169999999677, 0.002065875000000106, 0.002157375000000017, 0.0021614589999999767],