{"log_best_programs": true, "num_literals": 0, "total_programs": 20, "total_rules": 0, "total_ground_rules": 0, "durations": {"generate": [0.00048587499999996897, 0.0003718329999999881, 0.000342540999999974, 0.00031566699999996395, 0.000294540999999926, 0.00029037499999995386, 0.0002991250000000667, 0.0002893749999999251, 0.00035545799999991967, 0.00035191599999995216, 0.00030474999999996477, 0.00031362499999998406, 0.00036329199999995954, 0.0007053750000000081, 0.0003791250000000357, 0.0003765829999999859, 0.0003931670000000276, 0.0005107919999999266, 0.0004144159999999175, 0.00041320899999996996], "test": [0.03700704099999996, 0.0010969159999999478, 0.0008424579999999349, 0.0004373329999999287, 0.0004487089999999361, 0.0007591249999999716, 0.0004962910000000376, 0.0003850839999999245, 0.0007992079999999957, 0.0004904580000000269, 0.0005060840000000733, 0.0006607079999999543, 0.001002834000000008, 0.0013710409999999618, 0.017804875000000053, 0.011757790999999962, 0.009022291999999932, 0.014895917000000036, 0.014793582999999999, 0.001051166999999964], "combine": [6.670000000097431e-07, 6.249999999763389e-07, 4.999999999588667e-07, 4.1699999997479864e-07, 4.1699999997479864e-07, 4.5900000000820285e-07, 3.7500000005241674e-07, 4.1699999997479864e-07, 4.1700000008582094e-07, 3.7499999994139444e-07, 3.3300000001901253e-07, 3.7499999994139444e-07, 5.419999999922709e-07, 6.659999999270028e-07, 4.580000000364848e-07, 4.5900000000820285e-07, 5.410000000205528e-07, 5.409999999095305e-07, 4.580000001475071e-07], "constrain": [0.0018979999999999553, 0.003908166999999962, 0.00012983300000002362, 0.00012024999999993291, 9.662500000007235e-05, 9.762499999999008e-05, 0.00016316599999999237, 9.262500000006835e-05, 0.00011816599999991961, 9.099999999995223e-05, 0.00014225000000001042, 0.00011241699999997579, 0.002564125000000028, 0.00017241600000006407, 0.0012189579999999367, 0.00016704199999995062, 0.00017616700000000485, 0.00019529200000001357, 0.0001799590000000073]}, "final_exec_time": 0.33606112499999996, "stages": [], "best_programs": [], "solution": {"code": "magic_value(A):- tail(A,B),magic_value(B).\nmagic_value(A):- head(A,B),c7(B).", "is_solution": true, "conf_matrix": [10, 0, 1, 0], "total_exec_time": 0.336058917, "durations": [{"operation": "Test", "called": 20, "total": 0.11562891499999961, "mean": 0.00578144574999998, "maximum": 0.03700704099999996, "__type__": "DurationSummary"}, {"operation": "Constrain", "called": 19, "total": 0.01164408299999986, "mean": 0.0006128464736842032, "maximum": 0.003908166999999962, "__type__": "DurationSummary"}, {"operation": "Generate", "called": 20, "total": 0.007571039999999418, "mean": 0.00037855199999997093, "maximum": 0.0007053750000000081, "__type__": "DurationSummary"}, {"operation": "Combine", "called": 19, "total": 9.041999999959138e-06, "mean": 4.7589473683995465e-07, "maximum": 6.670000000097431e-07, "__type__": "DurationSummary"}], "__type__": "ProgramStats"}, "is_solution": true, "stats_file": "./results/list_constant/popper/1/0/stats.json", "end": true, "__type__": "Stats"}