{"log_best_programs": true, "num_literals": 0, "total_programs": 30, "total_rules": 0, "total_ground_rules": 0, "durations": {"generate": [0.0004361250000000094, 0.00037595800000000956, 0.0004289580000000903, 0.0003518750000000015, 0.0005029590000000805, 0.0003264999999998963, 0.000338208000000062, 0.00038841699999991874, 0.0003718329999999881, 0.0003654160000001738, 0.00034612500000008595, 0.0003592500000002552, 0.00045579100000026074, 0.00038141700000027257, 0.0004107090000005087, 0.0005413329999992555, 0.0004282920000004964, 0.0003477500000013123, 0.0003230829999996132, 0.000517457999999138, 0.00036633399999885796, 0.0004918749999998084, 0.0004276250000003756, 0.0003123750000000314, 0.00044854100000080166, 0.00045300000000025875, 0.0003315419999996294, 0.000742791000000409, 0.0004667080000011481, 0.00039779200000111814, 0.0001391250000004618], "test": [0.03271691700000012, 0.043538333000000096, 0.005444833000000093, 0.18647454200000002, 0.18605637500000016, 0.043308375000000066, 0.005350332999999985, 0.004188790999999803, 0.004584499999999991, 0.00785233399999985, 0.007699750000000005, 0.014616208000000075, 0.19899699999999987, 1.100521875, 0.04093616699999991, 0.005265665999999669, 0.004643833999999458, 0.004506124999998917, 0.008140875000000491, 0.060397332999999165, 0.20851020899999995, 0.006750374999999309, 0.009945709000000136, 0.017162416999999763, 0.011179083000000034, 0.009987834000000362, 0.008878042000000974, 4.012386417, 0.01745212500000015, 0.13625799999999977], "combine": [7.499999998827889e-07, 0.015304583000000038, 4.580000001475071e-07, 0.03161045799999984, 7.500000003268781e-07, 0.03178016699999997, 4.5899999978615824e-07, 5.00000000069889e-07, 5.409999999095305e-07, 6.249999997542943e-07, 4.1700000030786555e-07, 0.04778129199999981, 6.249999997542943e-07, 5.352679209, 5.84000000358742e-07, 5.000000005139782e-07, 3.7500000082957285e-07, 4.999999987376214e-07, 4.580000005915963e-07, 5.420000004363601e-07, 6.250000001983835e-07, 5.000000005139782e-07, 4.999999987376214e-07, 5.000000005139782e-07, 5.420000004363601e-07, 6.250000001983835e-07, 4.580000005915963e-07, 8.339999997275527e-07, 7.499999998827889e-07, 0.060921957999999776], "constrain": [0.0012974169999999674, 0.0012295419999999169, 0.0012460420000000028, 0.00018108400000005354, 0.0013783750000002648, 0.0001866669999999182, 0.0015442079999998803, 0.0002452920000002301, 0.00023241699999987375, 0.00022608399999990425, 0.00020454100000000253, 0.00024245899999986165, 0.0001381670000002444, 0.0001695840000000004, 0.00011566699999931984, 0.00026662499999829947, 0.0002195000000000391, 0.00020725000000076932, 0.00022250000000134662, 0.0001540840000000543, 0.00016812500000007446, 0.00026400000000137425, 0.00017966699999938385, 0.00018841600000030212, 0.0003558330000004162, 0.0002541659999995005, 0.0002182089999998027, 0.0015214999999990653, 0.0013320409999995064, 0.0013295410000004892], "find_bindings_prolog": [0.04299091700000002, 0.005186457999999838, 0.18599279200000018, 0.18542333300000013, 0.04288120799999984, 0.0050874170000003716, 0.0039371660000000475, 0.004336750000000222, 0.007594542000000093, 0.007439166000000164, 0.01355204100000007, 0.19818316599999974, 0.95842625, 0.03998437499999952, 0.004995791999999, 0.004361665999999431, 0.004257458999999741, 0.007897958000000926, 0.059608125000000456, 0.20774279199999945, 0.006305334000000329, 4.01164975, 0.13550225000000005], "inconsistent thingy": [6.166999998669098e-06]}, "final_exec_time": 13.460030792, "stages": [], "best_programs": [], "solution": {"code": "magic_value(A):- head(A,c7),magic(c7).\nmagic_value(A):- tail(A,B),magic_value(B).", "is_solution": true, "conf_matrix": [1000, 0, 1000, 0], "total_exec_time": 13.460028874999999, "durations": [{"operation": "Test", "called": 30, "total": 6.403750376999998, "mean": 0.21345834589999993, "maximum": 4.012386417, "__type__": "DurationSummary"}, {"operation": "Find_Bindings_Prolog", "called": 23, "total": 6.143336707, "mean": 0.2671015959565217, "maximum": 4.01164975, "__type__": "DurationSummary"}, {"operation": "Combine", "called": 29, "total": 5.479169127000001, "mean": 0.1889368664482759, "maximum": 5.352679209, "__type__": "DurationSummary"}, {"operation": "Constrain", "called": 29, "total": 0.014189461999999375, "mean": 0.0004892917931034268, "maximum": 0.0015442079999998803, "__type__": "DurationSummary"}, {"operation": "Generate", "called": 30, "total": 0.012436040000003867, "mean": 0.0004145346666667956, "maximum": 0.000742791000000409, "__type__": "DurationSummary"}, {"operation": "Inconsistent Thingy", "called": 1, "total": 6.166999998669098e-06, "mean": 6.166999998669098e-06, "maximum": 6.166999998669098e-06, "__type__": "DurationSummary"}], "__type__": "ProgramStats"}, "is_solution": true, "stats_file": "./results/list_example/magicpopper_types/1000/7/stats.json", "end": true, "__type__": "Stats"}