{"log_best_programs": true, "num_literals": 0, "total_programs": 153, "total_rules": 0, "total_ground_rules": 0, "durations": {"generate": [0.0002851249999999972, 0.000134000000000023, 0.0001564170000000198, 0.000345542000000032, 0.0001175419999999705, 0.00027483299999997435, 0.0008144590000000451, 0.000235209000000014, 0.0003513749999999871, 0.00015575000000001005, 0.0004936669999999754, 0.000376541000000008, 0.0002442919999999793, 0.0001584170000000218, 0.00029400000000001647, 0.00022766699999998696, 0.00018008299999999755, 0.00015699999999996272, 0.0002102499999999674, 0.00015845799999997245, 0.00019195799999999208, 0.00014337500000000114, 0.0006764169999999847, 0.00016591599999998818, 0.00016308399999998002, 0.00016379100000002422, 0.00045833300000003296, 0.0001298329999999681, 0.00015645800000002597, 0.00014495800000002834, 0.0005739169999999794, 0.00042125000000003965, 0.00014908300000004981, 0.0001392089999999735, 0.00014125000000003718, 0.00014079099999997347, 0.00033016700000004784, 0.0001650830000000103, 0.00017679100000000947, 0.0001554999999999751, 0.0001531249999999762, 0.00022504200000000862, 0.00017641699999998428, 0.00015975000000001405, 0.00014341700000003454, 0.00018795799999998808, 0.0001499580000000056, 0.00016504200000000413, 0.00014933300000002925, 0.00019683300000000736, 0.0003107920000000042, 0.000585416999999977, 0.00020379100000000872, 0.00017279100000000547, 0.0001663330000000185, 0.00021929200000003757, 0.0001487500000000308, 0.0006675000000000431, 0.00023899999999998922, 0.00018362499999996507, 0.0001627499999999893, 0.0002130410000000249, 0.00017445899999996017, 0.0001667079999999599, 0.000181541999999979, 0.0004926670000000022, 0.00018050000000002786, 0.00015987500000003152, 0.000160665999999976, 0.00016337499999996563, 0.00016733299999999174, 0.0002663330000000075, 0.0001627920000000227, 0.00021825000000003092, 0.00017904200000001813, 0.00019962500000003658, 0.00019287500000003677, 0.00017191700000002141, 0.0013083749999999728, 0.00018220800000001702, 0.00016037499999999039, 0.0001755839999999509, 0.0002407080000000339, 0.00021687500000000526, 0.0004438330000000046, 0.00020837499999998288, 0.00018891600000003894, 0.0001954579999999817, 0.0001707499999999973, 0.0002735839999999934, 0.0001679169999999619, 0.0010384579999999644, 0.00018220899999998874, 0.00018170800000000265, 0.00017249999999996435, 0.00017570799999999664, 0.0001767079999999699, 0.000187875000000004, 0.00018079100000001347, 0.0001811250000000042, 0.00017095799999999883, 0.0001754579999999617, 0.00017804199999998938, 0.00019091699999995715, 0.0005678330000000176, 0.00020683299999996185, 0.0002094159999999623, 0.0001879169999999819, 0.00019504199999997862, 0.00019179099999999671, 0.00028125000000001066, 0.00018016600000003713, 0.00019408300000001155, 0.0005620830000000465, 0.00021487500000005877, 0.0001306660000000015, 0.00015849999999995035, 0.00013095799999995883, 0.0001722919999999073, 0.00014058399999994364, 0.00012616599999992761, 0.00014787500000001952, 0.0006410420000000361, 0.00016229200000006383, 0.00016249999999995435, 0.00014924999999998967, 0.0001410410000000084, 0.0001867079999999799, 0.00018579200000001794, 0.00017770799999994313, 0.00017770800000005416, 0.0004377499999999035, 0.00034041699999998176, 0.00014762499999998457, 0.0001522499999999649, 0.00014179100000000222, 0.00020937500000006715, 0.00015108399999996802, 0.00019379199999991492, 0.00014941700000004055, 0.00027516599999999336, 0.00014325000000003918, 0.00025999999999992696, 0.0006423340000000222, 0.0001667079999999599, 0.00031362499999998406, 0.00016604199999992186, 0.0009446660000000939, 0.0002701249999998989, 0.00044758300000002915, 0.0001847919999999892, 0.0016896669999999503, 0.0002143330000000665, 0.003023082999999982], "find_bindings_prolog": [0.010327584, 0.0007765840000000246, 0.0004214579999999857, 0.000486207999999988, 0.0007081250000000039, 0.00044995800000002806, 0.0007852500000000151, 0.0013415840000000068, 0.0005143750000000114, 0.0007064579999999654, 0.0007055000000000256, 0.0004909579999999858, 0.0006098339999999758, 0.0008432910000000238, 0.0004057909999999887, 0.0006945419999999647, 0.0006984580000000129, 0.0007916659999999687, 0.000447749999999969, 0.0006546250000000198, 0.0006098750000000375, 0.0004604579999999969, 0.0006081249999999594, 0.0004067080000000334, 0.00042204200000001135, 0.00046479199999999166, 0.000423875000000018, 0.0004222500000000129, 0.0004202079999999775, 0.0008361250000000209, 0.000786082999999993, 0.0004421250000000154, 0.0004330830000000008, 0.00043370900000000434, 0.00043199999999998795, 0.00043883399999999906, 0.00045995800000003806, 0.00047112500000001667, 0.0007220419999999783, 0.0007113750000000141, 0.0004599170000000319, 0.0004678330000000286, 0.0005489579999999883, 0.00047904100000001337, 0.00040666599999999997, 0.00039091699999999063, 0.0007105829999999869, 0.0007314580000000181, 0.0007271670000000285, 0.0006229170000000006, 0.0006541670000000388, 0.0004694580000000337, 0.0008420419999999873, 0.0007449999999999957, 0.00047595799999999855, 0.0008129159999999969, 0.0007533329999999672, 0.0007271660000000013, 0.0007540830000000165, 0.00047237499999996935, 0.0007272919999999905, 0.0007398329999999675, 0.0007467919999999961, 0.0006471250000000262, 0.0007372089999999609, 0.0004770000000000052, 0.0007380840000000277, 0.0006508749999999952, 0.0008373340000000229, 0.0007739589999999907, 0.0007590410000000158, 0.0005153339999999784, 0.0008325829999999979, 0.000847500000000001, 0.00050741700000001, 0.0008730000000000127, 0.0005927919999999531, 0.0005721250000000344, 0.0005787500000000168, 0.0004929580000000433, 0.0007716670000000314, 0.0011606660000000324, 0.0008630410000000088, 0.00047562500000003505, 0.0007791249999999916, 0.0007656670000000254, 0.0007655839999999858, 0.00047712500000002267, 0.0006537090000000023, 0.0007620420000000183, 0.0006510000000000127, 0.00047433299999999345, 0.0008375829999999751, 0.0008643329999999949, 0.00047716700000000056, 0.0007558340000000108, 0.0007533750000000006, 0.0006797090000000283, 0.000547749999999958, 0.0007911669999999815, 0.0007713329999999852, 0.00088329199999998, 0.0004925420000000402, 0.000495083999999979, 0.0007624579999999659, 0.001596791999999958, 0.0009279580000000065, 0.00045483300000004334, 0.0004291250000000302, 0.00042841599999998703, 0.0004217920000000319, 0.0004339589999999838, 0.0004282500000000189, 0.00046441600000002303, 0.0004353750000000156, 0.00047954100000002775, 0.0004357919999999904, 0.0004533749999999781, 0.0004182919999999868, 0.0004169579999999673, 0.00041479199999994165, 0.0004230419999999846, 0.00043162499999993553, 0.00041991600000002016, 0.0004332499999999406, 0.00042195800000000006, 0.0004233750000000036, 0.00042162500000009207, 0.0007435419999999304, 0.0007186249999999728, 0.0007149170000000371, 0.0007146249999999688, 0.0007484589999999791, 0.0007304169999999832, 0.0007492500000000346, 0.0007300000000000084, 0.0007674579999999986, 0.0007723750000000473],