{"log_best_programs": true, "num_literals": 0, "total_programs": 8, "total_rules": 0, "total_ground_rules": 0, "durations": {"generate": [0.00038854200000004724, 0.00044800000000000395, 0.0015100420000000447, 0.0011602499999998628, 0.0017320409999999065, 0.0004934580000000022, 0.0011687080000000183, 0.001315915999999806, 0.0012397090000000333], "find_bindings_prolog": [0.023393874999999786, 0.036243333000000044, 0.13209141600000018, 0.13916974999999998, 0.15103566699999993, 0.1427883750000003], "test": [0.02672787500000018, 0.04980741700000002, 0.01904550000000005, 0.1324069579999998, 0.13950924999999992, 0.017916166999999872, 0.15155008300000006, 0.1431598329999999], "combine": [0.020450666999999978, 0.0046658749999999305, 6.249999999763389e-07, 6.660000000380251e-07, 6.250000001983835e-07, 5.840000001366974e-07, 5.419999999922709e-07, 8.339999997275527e-07], "constrain": [0.0017237080000001015, 0.002338417000000037, 0.00042837500000003637, 0.003074583999999936, 0.004960166999999904, 0.0005300830000001255, 0.0018674579999999885, 0.005560500000000079]}, "final_exec_time": 1.9831794999999999, "stages": [], "best_programs": [], "solution": {"code": "magic_value(A):- head(A,br),magic(br).\nmagic_value(A):- head(A,p),magic(p).\nmagic_value(A):- head(A,km),magic(km).\nmagic_value(A):- head(A,iy),magic(iy).\nmagic_value(A):- head(A,hq),magic(hq).\nmagic_value(A):- head(A,ks),magic(ks).\nmagic_value(A):- head(A,io),magic(io).\nmagic_value(A):- head(A,ps),magic(ps).\nmagic_value(A):- head(A,gf),magic(gf).\nmagic_value(A):- head(A,rj),magic(rj).\nmagic_value(A):- head(A,ae),magic(ae).\nmagic_value(A):- head(A,kc),magic(kc).\nmagic_value(A):- head(A,gb),magic(gb).\nmagic_value(A):- head(A,bz),magic(bz).\nmagic_value(A):- head(A,kt),magic(kt).\nmagic_value(A):- head(A,mq),magic(mq).\nmagic_value(A):- head(A,rg),magic(rg).\nmagic_value(A):- head(A,lz),magic(lz).\nmagic_value(A):- head(A,av),magic(av).\nmagic_value(A):- head(A,bq),magic(bq).\nmagic_value(A):- head(A,lf),magic(lf).\nmagic_value(A):- head(A,op),magic(op).\nmagic_value(A):- head(A,qb),magic(qb).\nmagic_value(A):- head(A,rd),magic(rd).\nmagic_value(A):- head(A,ab),magic(ab).\nmagic_value(A):- head(A,gh),magic(gh).\nmagic_value(A):- head(A,ew),magic(ew).\nmagic_value(A):- head(A,df),magic(df).\nmagic_value(A):- head(A,mv),magic(mv).\nmagic_value(A):- head(A,s),magic(s).\nmagic_value(A):- head(A,y),magic(y).\nmagic_value(A):- head(A,mw),magic(mw).\nmagic_value(A):- head(A,ra),magic(ra).\nmagic_value(A):- head(A,ni),magic(ni).\nmagic_value(A):- head(A,cc),magic(cc).", "is_solution": true, "conf_matrix": [200, 0, 200, 0], "total_exec_time": 1.983176958, "durations": [{"operation": "Test", "called": 1, "total": 0.02672787500000018, "mean": 0.02672787500000018, "maximum": 0.02672787500000018, "__type__": "DurationSummary"}, {"operation": "Find_Bindings_Prolog", "called": 1, "total": 0.023393874999999786, "mean": 0.023393874999999786, "maximum": 0.023393874999999786, "__type__": "DurationSummary"}, {"operation": "Generate", "called": 1, "total": 0.00038854200000004724, "mean": 0.00038854200000004724, "maximum": 0.00038854200000004724, "__type__": "DurationSummary"}], "__type__": "ProgramStats"}, "is_solution": true, "stats_file": "./results/list_magicvalues_multipleclauses/magicpopper/35/9/stats.json", "end": true, "__type__": "Stats"}