{"log_best_programs": true, "num_literals": 0, "total_programs": 9, "total_rules": 0, "total_ground_rules": 0, "durations": {"generate": [0.0002915839999999559, 0.00036879199999995116, 0.0002091250000000322, 0.000183334000000146, 0.0002454169999999145, 0.0003167080000001654, 0.0002820409999997331, 0.0002669169999998111, 0.0002612920000002461], "find_bindings_prolog": [0.025694207999999996, 0.05731370799999991, 0.013098083000000038, 0.23141437500000017, 0.2512198750000001, 0.24037124999999993, 0.23141962500000002], "test": [0.05729029099999994, 0.1848363340000001, 0.03136283299999998, 0.0018873749999999134, 0.231816625, 0.251911333, 0.2407495420000001, 0.015524334000000195, 0.2317737499999999], "combine": [0.012269166000000054, 0.003956124999999977, 5.419999999922709e-07, 4.999999998478444e-07, 6.669999998987208e-07, 8.330000000889015e-07, 5.830000002760016e-07, 7.919999998051708e-07, 5.419999999922709e-07], "constrain": [0.0019609999999998795, 0.001963084000000004, 0.0003893749999999141, 0.0003442920000000793, 0.010004708999999945, 0.025103958999999954, 0.011742749999999802, 0.00047587499999979244, 0.009971708000000135]}, "final_exec_time": 2.508206459, "stages": [], "best_programs": [], "solution": {"code": "magic_value(A):- head(A,ab),const(ab).\nmagic_value(A):- head(A,ap),const(ap).\nmagic_value(A):- head(A,bb),const(bb).\nmagic_value(A):- head(A,c),const(c).\nmagic_value(A):- head(A,do),const(do).\nmagic_value(A):- head(A,ek),const(ek).\nmagic_value(A):- head(A,gy),const(gy).\nmagic_value(A):- head(A,kb),const(kb).\nmagic_value(A):- head(A,mj),const(mj).\nmagic_value(A):- head(A,n),const(n).\nmagic_value(A):- head(A,np),const(np).\nmagic_value(A):- head(A,nr),const(nr).\nmagic_value(A):- head(A,oa),const(oa).\nmagic_value(A):- head(A,ot),const(ot).\nmagic_value(A):- head(A,qc),const(qc).\nmagic_value(A):- head(A,qr),const(qr).", "is_solution": true, "conf_matrix": [200, 0, 200, 0], "total_exec_time": 1.225487459, "durations": [{"operation": "Test", "called": 1, "total": 0.05729029099999994, "mean": 0.05729029099999994, "maximum": 0.05729029099999994, "__type__": "DurationSummary"}, {"operation": "Find_Bindings_Prolog", "called": 1, "total": 0.025694207999999996, "mean": 0.025694207999999996, "maximum": 0.025694207999999996, "__type__": "DurationSummary"}, {"operation": "Generate", "called": 1, "total": 0.0002915839999999559, "mean": 0.0002915839999999559, "maximum": 0.0002915839999999559, "__type__": "DurationSummary"}], "__type__": "ProgramStats"}, "is_solution": true, "stats_file": "./results/list_magicvalues_multipleclauses/magicpopper/16/stats.json", "__type__": "Stats"}