{"log_best_programs": true, "num_literals": 0, "total_programs": 28, "total_rules": 0, "total_ground_rules": 0, "durations": {"generate": [0.0003745829999999839, 0.00034116600000000386, 0.00021874999999998979, 0.0012167499999999887, 0.00022800000000000598, 0.00021674999999998779, 0.0006816669999999969, 0.00022979200000000644, 0.0012074169999999884, 0.0007544999999999913, 0.00021520800000002227, 0.0011172079999999807, 0.000253416999999978, 0.00024962499999997556, 0.0003014169999999705, 0.00022737499999997413, 0.0009091669999999885, 0.00025620799999998, 0.0002887919999999822, 0.0002354159999999883, 0.0002835419999999145, 0.0002455000000000096, 0.00036683299999995533, 0.0003289579999999903, 0.00024529200000000806, 0.00025204199999995236, 0.0003757919999999304, 0.0004990410000000889, 0.008490042000000031], "find_bindings_prolog": [0.012975375000000011, 0.0012916669999999963, 0.000807625000000034, 0.009006416000000017, 0.01187341599999997, 0.01444662499999999, 0.003035208999999983, 0.0007287500000000002, 0.0013568749999999796, 0.0006105419999999917, 0.0020080839999999656, 0.004155332999999983, 0.002216582999999994, 0.0034387909999999966, 0.006653041999999942, 0.01821000000000006, 0.039242290999999985], "test": [0.013707915999999987, 0.0020455420000000113, 0.0015075840000000063, 0.012641541000000034, 0.014230208999999994, 0.016744917000000026, 0.003565874999999996, 0.0008944999999999648, 0.0020782089999999975, 0.000782165999999973, 0.002491915999999983, 0.000381209000000049, 0.0010983749999999848, 0.00040399999999995995, 0.000287874999999993, 0.0002811670000000266, 0.004354833000000002, 0.003444249999999982, 0.004362541999999969, 0.0004802089999998982, 0.00040758299999998915, 0.007853541999999991, 0.0035920409999999903, 0.004332749999999996, 0.003540542000000091, 0.0005246670000000897, 0.02622237500000002, 0.04390012500000007], "combine": [0.0030537079999999883, 5.839999999701639e-07, 5.000000000143778e-07, 5.000000000143778e-07, 4.580000000364848e-07, 0.0018104160000000369, 5.000000000143778e-07, 4.1600000000308057e-07, 5.419999999922709e-07, 4.1699999997479864e-07, 5.000000000143778e-07, 4.170000000303098e-07, 3.7500000005241674e-07, 4.170000000303098e-07, 4.1600000000308057e-07, 4.1699999997479864e-07, 4.1600000000308057e-07, 5.000000000143778e-07, 4.579999999254625e-07, 3.7500000005241674e-07, 4.1600000000308057e-07, 4.579999999254625e-07, 4.999999999588667e-07, 4.1600000000308057e-07, 4.1699999997479864e-07, 3.7499999994139444e-07, 5.83000000053957e-07, 0.0019172089999999198], "constrain": [0.0008681669999999753, 0.002602834000000054, 0.00044329199999998403, 0.003908416000000026, 0.0004031250000000042, 0.00041237500000002036, 0.0012746249999999737, 0.0007406249999999948, 0.0015034170000000069, 0.0007438339999999988, 0.0010395420000000044, 0.0008314580000000071, 0.0008247920000000186, 0.0008247090000000346, 0.00021045899999999618, 0.00020900000000001473, 0.006429500000000032, 0.002914250000000007, 0.0024475409999999975, 0.0014154590000000633, 0.001407832999999914, 0.002893916999999968, 0.002109458000000064, 0.0020345830000000342, 0.002039333000000032, 0.001415665999999982, 0.002911666000000035, 0.0009014999999999995]}, "final_exec_time": 0.313955333, "stages": [], "best_programs": [], "solution": {"code": "magic_value(A):- tail(A,D),my_append(C,['aag'],D),magic(['aag']).", "is_solution": true, "conf_matrix": [7, 0, 10, 0], "total_exec_time": 0.313952875, "durations": [{"operation": "Test", "called": 28, "total": 0.17615846000000007, "mean": 0.006291373571428574, "maximum": 0.04390012500000007, "__type__": "DurationSummary"}, {"operation": "Find_Bindings_Prolog", "called": 17, "total": 0.1320566239999999, "mean": 0.007768036705882347, "maximum": 0.039242290999999985, "__type__": "DurationSummary"}, {"operation": "Constrain", "called": 27, "total": 0.04485987600000024, "mean": 0.0016614768888888979, "maximum": 0.006429500000000032, "__type__": "DurationSummary"}, {"operation": "Generate", "called": 28, "total": 0.012120207999999633, "mean": 0.0004328645714285583, "maximum": 0.0012167499999999887, "__type__": "DurationSummary"}, {"operation": "Combine", "called": 27, "total": 0.004875497000000006, "mean": 0.0001805739629629632, "maximum": 0.0030537079999999883, "__type__": "DurationSummary"}], "__type__": "ProgramStats"}, "is_solution": true, "stats_file": "./results/list_append/magicpopper_all/2/0/stats.json", "end": true, "__type__": "Stats"}