{"log_best_programs": true, "num_literals": 0, "total_programs": 8, "total_rules": 0, "total_ground_rules": 0, "durations": {"generate": [0.0003910830000000143, 0.0005444169999999637, 0.001472874999999929, 0.0010940000000001504, 0.001533291999999964, 0.0005690000000000417, 0.0010367909999999814, 0.001233624999999794, 0.0013814999999999245], "find_bindings_prolog": [0.02198245799999987, 0.03490383400000008, 0.12785266699999998, 0.14074295800000014, 0.1459840000000001, 0.143398291], "test": [0.024438999999999877, 0.046983832999999864, 0.01918299999999995, 0.128169875, 0.14108129199999997, 0.01944333399999998, 0.1465555409999999, 0.143739917], "combine": [0.014275875000000049, 0.004666334000000161, 5.419999999922709e-07, 5.83000000053957e-07, 6.660000000380251e-07, 5.00000000069889e-07, 4.999999996257998e-07, 5.419999999922709e-07], "constrain": [0.001685292000000116, 0.0023402079999998993, 0.00042454200000019426, 0.003036874999999828, 0.005127333000000123, 0.0019412909999998451, 0.005492124999999959, 0.0016983750000001407]}, "final_exec_time": 1.920307458, "stages": [], "best_programs": [], "solution": {"code": "magic_value(A):- head(A,ih),magic(ih).\nmagic_value(A):- head(A,rc),magic(rc).\nmagic_value(A):- head(A,jx),magic(jx).\nmagic_value(A):- head(A,bu),magic(bu).\nmagic_value(A):- head(A,bf),magic(bf).\nmagic_value(A):- head(A,qh),magic(qh).\nmagic_value(A):- head(A,dc),magic(dc).\nmagic_value(A):- head(A,ns),magic(ns).\nmagic_value(A):- head(A,fw),magic(fw).\nmagic_value(A):- head(A,bo),magic(bo).\nmagic_value(A):- head(A,no),magic(no).\nmagic_value(A):- head(A,dj),magic(dj).\nmagic_value(A):- head(A,l),magic(l).\nmagic_value(A):- head(A,ey),magic(ey).\nmagic_value(A):- head(A,ku),magic(ku).\nmagic_value(A):- head(A,ad),magic(ad).\nmagic_value(A):- head(A,df),magic(df).\nmagic_value(A):- head(A,cl),magic(cl).\nmagic_value(A):- head(A,ej),magic(ej).\nmagic_value(A):- head(A,ha),magic(ha).\nmagic_value(A):- head(A,lz),magic(lz).\nmagic_value(A):- head(A,ps),magic(ps).\nmagic_value(A):- head(A,hp),magic(hp).\nmagic_value(A):- head(A,nn),magic(nn).\nmagic_value(A):- head(A,nc),magic(nc).", "is_solution": true, "conf_matrix": [200, 0, 200, 0], "total_exec_time": 1.920304416, "durations": [{"operation": "Test", "called": 1, "total": 0.024438999999999877, "mean": 0.024438999999999877, "maximum": 0.024438999999999877, "__type__": "DurationSummary"}, {"operation": "Find_Bindings_Prolog", "called": 1, "total": 0.02198245799999987, "mean": 0.02198245799999987, "maximum": 0.02198245799999987, "__type__": "DurationSummary"}, {"operation": "Generate", "called": 1, "total": 0.0003910830000000143, "mean": 0.0003910830000000143, "maximum": 0.0003910830000000143, "__type__": "DurationSummary"}], "__type__": "ProgramStats"}, "is_solution": true, "stats_file": "./results/list_magicvalues_multipleclauses/magicpopper/25/7/stats.json", "end": true, "__type__": "Stats"}