{"log_best_programs": true, "num_literals": 0, "total_programs": 8, "total_rules": 0, "total_ground_rules": 0, "durations": {"generate": [0.00037208300000002303, 0.0006162910000000466, 0.0013787080000000618, 0.001187250000000084, 0.0017197499999999089, 0.0009846250000000722, 0.000898291000000162, 0.0009210830000001557, 0.0006447500000001938], "find_bindings_prolog": [0.020895541999999878, 0.03691837499999995, 0.13446695899999983, 0.14975770899999996, 0.15021408300000005, 0.16217141700000015], "test": [0.022683082999999993, 0.0495130829999999, 0.019483333000000158, 0.13478033299999992, 0.02222104199999997, 0.150116833, 0.15053383300000012, 0.16264283300000004], "combine": [0.00865349999999987, 0.004713915999999818, 6.249999999763389e-07, 6.660000000380251e-07, 6.249999999763389e-07, 5.00000000069889e-07, 5.00000000069889e-07, 5.00000000069889e-07], "constrain": [0.001629125000000009, 0.002267417000000105, 0.0004122089999998302, 0.003148542000000143, 0.0005392090000000405, 0.005193000000000003, 0.0016399580000001635, 0.0018592910000001517]}, "final_exec_time": 2.027238458, "stages": [], "best_programs": [], "solution": {"code": "magic_value(A):- head(A,cw),magic(cw).\nmagic_value(A):- head(A,qd),magic(qd).\nmagic_value(A):- head(A,kh),magic(kh).\nmagic_value(A):- head(A,sg),magic(sg).\nmagic_value(A):- head(A,eg),magic(eg).\nmagic_value(A):- head(A,o),magic(o).\nmagic_value(A):- head(A,es),magic(es).\nmagic_value(A):- head(A,aj),magic(aj).\nmagic_value(A):- head(A,pm),magic(pm).\nmagic_value(A):- head(A,kx),magic(kx).\nmagic_value(A):- head(A,dz),magic(dz).\nmagic_value(A):- head(A,lc),magic(lc).\nmagic_value(A):- head(A,mg),magic(mg).\nmagic_value(A):- head(A,gj),magic(gj).\nmagic_value(A):- head(A,ja),magic(ja).", "is_solution": true, "conf_matrix": [200, 0, 200, 0], "total_exec_time": 2.0272355409999996, "durations": [{"operation": "Test", "called": 1, "total": 0.022683082999999993, "mean": 0.022683082999999993, "maximum": 0.022683082999999993, "__type__": "DurationSummary"}, {"operation": "Find_Bindings_Prolog", "called": 1, "total": 0.020895541999999878, "mean": 0.020895541999999878, "maximum": 0.020895541999999878, "__type__": "DurationSummary"}, {"operation": "Generate", "called": 1, "total": 0.00037208300000002303, "mean": 0.00037208300000002303, "maximum": 0.00037208300000002303, "__type__": "DurationSummary"}], "__type__": "ProgramStats"}, "is_solution": true, "stats_file": "./results/list_magicvalues_multipleclauses/magicpopper/15/4/stats.json", "end": true, "__type__": "Stats"}