{"log_best_programs": true, "num_literals": 0, "total_programs": 91, "total_rules": 0, "total_ground_rules": 0, "durations": {"generate": [0.0003899589999999953, 0.00028083300000003586, 0.0003619169999999894, 0.0005067500000000003, 0.0002847500000000558, 0.0004873750000000676, 0.0002634999999999721, 0.00022004199999992036, 0.00022162500000000307, 0.00026216700000003534, 0.0003677910000000617, 0.00024650000000003836, 0.0004032910000000278, 0.0003733329999999757, 0.000446208000000059, 0.00037737500000023516, 0.0003211670000000666, 0.0006572919999996429, 0.0003380000000001715, 0.000365624999999703, 0.0002829589999997495, 0.00026574999999962046, 0.000289874999999995, 0.0003123750000000314, 0.0003154170000003731, 0.0003060829999999015, 0.0003166249999999593, 0.000502208000000337, 0.0005352080000005088, 0.00038424999999975284, 0.00024937500000099533, 0.00024833400000012773, 0.0003381669999988901, 0.0003295420000011262, 0.0002955829999997661, 0.0013267500000004873, 0.00041737499999960903, 0.00033558300000002816, 0.0003381249999989677, 0.0006543340000000342, 0.00036845800000051554, 0.00039558299999953306, 0.0003481659999984288, 0.000560082999999878, 0.0004368750000018906, 0.00034666700000229866, 0.0004140829999990103, 0.0004850410000010186, 0.0003800839999996697, 0.0003568329999978914, 0.0005484170000009669, 0.0003244999999978404, 0.0003374580000006233, 0.0002994170000008012, 0.0002872910000029094, 0.0003409159999989697, 0.00035762499999947295, 0.00034412499999803003, 0.0002878329999980167, 0.00031954199999972843, 0.00029250000000047294, 0.000299749999999932, 0.00042079199999989214, 0.00030200000000135674, 0.0003218750000009152, 0.00043804199999897264, 0.0004179999999998074, 0.00036391699999782645, 0.0003372079999977018, 0.00032179200000115316, 0.00030129199999962, 0.00037433299999989345, 0.00042795799999950646, 0.0003869999999999152, 0.0005404999999996107, 0.0009239160000014124, 0.00037816600000084577, 0.0003547079999997038, 0.0004944590000022231, 0.000353833000001913, 0.0004493339999989132, 0.0003370839999981001, 0.00038558299999991164, 0.0003358750000010957, 0.00033570899999801895, 0.00035704100000089056, 0.00030012500000253794, 0.0003597080000012909, 0.0004673340000032056, 0.00030158300000238114, 0.0003377500000034672, 0.0002770420000004492], "test": [0.02516920899999997, 0.009214166999999995, 0.0011069160000000133, 0.0029852499999999393, 0.0008589999999999431, 0.0011263750000000128, 0.0008914589999999833, 0.0006755829999999241, 0.0008756249999999355, 0.0008139999999999814, 0.0009237080000000786, 0.0037628749999999433, 0.006593292000000028, 1.6285624579999998, 1.6823481250000003, 3.1765993339999996, 0.01366887499999958, 0.004486542000000426, 0.004212166999999489, 0.0013769589999999, 0.002685625000000691, 0.00199575000000074, 0.007091625000000157, 0.0018040420000007273, 0.004087166999999781, 0.0023365829999999477, 1.6574599169999997, 2.067889833999999, 0.011271707999998881, 0.0017630410000002428, 0.0016152080000004787, 0.0008967089999991629, 0.011039999999999495, 0.0018626660000009565, 0.0011798750000000524, 3.6037348750000007, 0.008614542000000114, 0.008198458000000741, 3.9820669580000008, 1.6370482919999993, 0.006490916000000624, 0.005236333000002702, 0.002295833000001579, 0.007649750000002342, 0.0032806250000021464, 0.0015630410000007089, 0.010638208000003146, 0.005745708000002736, 0.0023955839999985074, 1.5404847079999975, 0.004738458000002055, 0.0011590420000011648, 0.0011941669999977478, 0.0010657080000022745, 0.0011217080000029966, 0.00840733300000096, 0.008498958999997086, 0.0011752089999994553, 0.0011310420000008037, 0.0034214579999982675, 0.001048415999999719, 0.0034628750000003095, 0.0013010420000014733, 0.0012763339999999346, 1.7370489169999992, 0.005897166000000453, 0.005991333000000765, 0.003164874999999512, 0.0015842920000004312, 0.002214042000002081, 0.0015099589999998386, 1.587463875000001, 0.007015292000001949, 0.0017271670000020833, 0.0050407919999990725, 0.004097166000001096, 0.0027657909999980745, 0.0030628329999977666, 0.00150308299999935, 0.0024610000000002685, 0.006394791999998262, 0.0063870000000001426, 0.0027702920000010067, 0.002679084000000387, 0.0026664160000002823, 0.0024837499999996737, 0.002485333000002754, 0.003180832999998273, 0.0012997499999976014, 0.0012616250000014873, 0.0030792079999990563], "combine": [6.659999999270028e-07, 0.0036421249999999405, 6.660000000380251e-07, 6.250000000873612e-07, 4.1600000000308057e-07, 5.829999999429347e-07, 4.1699999997479864e-07, 4.1699999997479864e-07, 4.1600000000308057e-07, 4.1600000000308057e-07, 5.419999999922709e-07, 4.999999999588667e-07, 5.839999999146528e-07, 1.166000000107914e-06, 9.169999999336653e-07, 2.292000000458927e-06, 7.499999998827889e-07, 5.839999994705636e-07, 5.000000005139782e-07, 3.7499999994139444e-07, 3.7500000082957285e-07, 5.000000005139782e-07, 5.000000005139782e-07, 4.999999996257998e-07, 4.580000005915963e-07, 3.7499999994139444e-07, 1.666999999372365e-06, 8.499999999855845e-06, 1.8750000005951506e-06, 4.1700000075195476e-07, 4.169999989755979e-07, 5.84000000358742e-07, 2.87499999984675e-06, 6.670000001207654e-07, 6.250000001983835e-07, 1.3330000001587905e-06, 7.499999998827889e-07, 5.410000003536197e-07, 1.3330000001587905e-06, 1.2080000004743852e-06, 5.829999984996448e-07, 5.419999986600033e-07, 5.420000022127169e-07, 7.909999979460736e-07, 4.169999989755979e-07, 4.1599999889285755e-07, 5.420000022127169e-07, 5.409999985772629e-07, 4.589999988979798e-07, 1.0420000009503383e-06, 6.249999984220267e-07, 4.5800000236795313e-07, 4.1599999889285755e-07, 4.590000024506935e-07, 5.419999986600033e-07, 5.830000020523585e-07, 5.420000022127169e-07, 5.410000021299766e-07, 4.5799999881523945e-07, 5.409999985772629e-07, 4.999999987376214e-07, 5.420000022127169e-07, 4.169999989755979e-07, 4.169999989755979e-07, 8.330000014211691e-07, 6.660000018143819e-07, 5.419999986600033e-07, 4.999999987376214e-07, 4.999999987376214e-07, 5.00000002290335e-07, 4.999999987376214e-07, 9.580000011055745e-07, 5.420000022127169e-07, 6.249999984220267e-07, 5.00000002290335e-07, 4.589999988979798e-07, 4.5800000236795313e-07, 5.410000021299766e-07, 5.00000002290335e-07, 4.169999989755979e-07, 5.419999986600033e-07, 7.079999981840501e-07, 4.999999987376214e-07, 5.00000002290335e-07, 4.5799999881523945e-07, 4.589999988979798e-07, 4.169999989755979e-07, 4.999999987376214e-07, 4.160000024455712e-07, 4.999999987376214e-07, 0.004213000000000022],