{"log_best_programs": true, "num_literals": 0, "total_programs": 2, "total_rules": 0, "total_ground_rules": 0, "durations": {"generate": [0.0006093750000000231, 0.0018962499999999882, 0.000575084000000059], "find_bindings_prolog": [0.025053833999999997, 1.0621624589999998], "bind": [5.840000000256751e-07, 0.10850929199999992], "test": [0.025725208, 1.171559958], "combine": [5.000000000143778e-07, 0.030800666999999837], "constrain": [0.003140332999999995, 0.004425833999999851]}, "final_exec_time": 1.3623925, "stages": [], "best_programs": [], "solution": null, "is_solution": false, "stats_file": "./results/list_magicvaluesameclause/magicpopper/11/2/stats.json", "end": true, "__type__": "Stats"}