{"log_best_programs": true, "num_literals": 0, "total_programs": 8, "total_rules": 0, "total_ground_rules": 0, "durations": {"generate": [0.0008549999999998281, 0.0012466249999998347, 0.0013628329999999522, 0.0013279169999997897, 0.00203091699999991, 0.0008342079999996699, 0.0008930409999998723, 0.003559083000000296, 0.0012658340000002433], "find_bindings_prolog": [0.053711875000000076, 0.05502487499999997, 0.16465245799999995, 0.17512187499999987, 0.21166916600000008, 0.18582487499999978], "test": [0.06415608299999986, 0.082095625, 0.024370500000000295, 0.16498991600000013, 0.17550704099999992, 0.022988958000000004, 0.21222833299999966, 0.18621500000000024], "combine": [0.12904424999999997, 0.007025333999999717, 6.250000001983835e-07, 6.250000001983835e-07, 6.250000001983835e-07, 6.249999997542943e-07, 5.419999999922709e-07, 5.419999999922709e-07], "constrain": [0.0022988750000001446, 0.0023995420000000323, 0.0004626249999999388, 0.003375541999999676, 0.005894959000000366, 0.0020904580000000728, 0.007223124999999886, 0.0019079170000000367]}, "final_exec_time": 2.563506583, "stages": [], "best_programs": [], "solution": {"code": "magic_value(A):- head(A,iq),magic(iq).\nmagic_value(A):- head(A,qb),magic(qb).\nmagic_value(A):- head(A,lj),magic(lj).\nmagic_value(A):- head(A,cf),magic(cf).\nmagic_value(A):- head(A,eh),magic(eh).\nmagic_value(A):- head(A,kr),magic(kr).\nmagic_value(A):- head(A,ac),magic(ac).\nmagic_value(A):- head(A,dz),magic(dz).\nmagic_value(A):- head(A,ep),magic(ep).\nmagic_value(A):- head(A,gl),magic(gl).\nmagic_value(A):- head(A,gz),magic(gz).\nmagic_value(A):- head(A,ke),magic(ke).\nmagic_value(A):- head(A,fl),magic(fl).\nmagic_value(A):- head(A,ea),magic(ea).\nmagic_value(A):- head(A,co),magic(co).\nmagic_value(A):- head(A,hf),magic(hf).\nmagic_value(A):- head(A,gq),magic(gq).\nmagic_value(A):- head(A,og),magic(og).\nmagic_value(A):- head(A,fb),magic(fb).\nmagic_value(A):- head(A,gh),magic(gh).\nmagic_value(A):- head(A,bi),magic(bi).\nmagic_value(A):- head(A,ji),magic(ji).\nmagic_value(A):- head(A,gc),magic(gc).\nmagic_value(A):- head(A,jz),magic(jz).\nmagic_value(A):- head(A,ix),magic(ix).\nmagic_value(A):- head(A,mi),magic(mi).\nmagic_value(A):- head(A,ba),magic(ba).\nmagic_value(A):- head(A,bu),magic(bu).\nmagic_value(A):- head(A,ls),magic(ls).\nmagic_value(A):- head(A,en),magic(en).\nmagic_value(A):- head(A,ll),magic(ll).\nmagic_value(A):- head(A,ro),magic(ro).\nmagic_value(A):- head(A,qu),magic(qu).\nmagic_value(A):- head(A,kd),magic(kd).\nmagic_value(A):- head(A,kq),magic(kq).\nmagic_value(A):- head(A,qr),magic(qr).\nmagic_value(A):- head(A,nd),magic(nd).\nmagic_value(A):- head(A,gg),magic(gg).\nmagic_value(A):- head(A,ar),magic(ar).\nmagic_value(A):- head(A,ib),magic(ib).\nmagic_value(A):- head(A,am),magic(am).\nmagic_value(A):- head(A,fu),magic(fu).\nmagic_value(A):- head(A,qp),magic(qp).\nmagic_value(A):- head(A,qt),magic(qt).\nmagic_value(A):- head(A,at),magic(at).\nmagic_value(A):- head(A,qa),magic(qa).\nmagic_value(A):- head(A,hp),magic(hp).\nmagic_value(A):- head(A,kc),magic(kc).\nmagic_value(A):- head(A,oa),magic(oa).\nmagic_value(A):- head(A,oy),magic(oy).\nmagic_value(A):- head(A,kk),magic(kk).\nmagic_value(A):- head(A,pf),magic(pf).\nmagic_value(A):- head(A,ih),magic(ih).\nmagic_value(A):- head(A,gm),magic(gm).\nmagic_value(A):- head(A,ee),magic(ee).\nmagic_value(A):- head(A,fx),magic(fx).\nmagic_value(A):- head(A,eu),magic(eu).\nmagic_value(A):- head(A,fv),magic(fv).\nmagic_value(A):- head(A,no),magic(no).\nmagic_value(A):- head(A,fn),magic(fn).\nmagic_value(A):- head(A,x),magic(x).\nmagic_value(A):- head(A,ad),magic(ad).\nmagic_value(A):- head(A,ia),magic(ia).\nmagic_value(A):- head(A,db),magic(db).\nmagic_value(A):- head(A,mq),magic(mq).\nmagic_value(A):- head(A,pv),magic(pv).\nmagic_value(A):- head(A,mb),magic(mb).\nmagic_value(A):- head(A,qf),magic(qf).\nmagic_value(A):- head(A,au),magic(au).\nmagic_value(A):- head(A,nq),magic(nq).\nmagic_value(A):- head(A,qy),magic(qy).\nmagic_value(A):- head(A,px),magic(px).\nmagic_value(A):- head(A,li),magic(li).\nmagic_value(A):- head(A,g),magic(g).\nmagic_value(A):- head(A,oo),magic(oo).\nmagic_value(A):- head(A,af),magic(af).\nmagic_value(A):- head(A,po),magic(po).\nmagic_value(A):- head(A,dg),magic(dg).\nmagic_value(A):- head(A,w),magic(w).\nmagic_value(A):- head(A,gx),magic(gx).\nmagic_value(A):- head(A,nh),magic(nh).\nmagic_value(A):- head(A,cn),magic(cn).\nmagic_value(A):- head(A,nc),magic(nc).\nmagic_value(A):- head(A,di),magic(di).\nmagic_value(A):- head(A,ht),magic(ht).\nmagic_value(A):- head(A,se),magic(se).\nmagic_value(A):- head(A,mm),magic(mm).\nmagic_value(A):- head(A,be),magic(be).\nmagic_value(A):- head(A,aj),magic(aj).\nmagic_value(A):- head(A,is),magic(is).\nmagic_value(A):- head(A,ec),magic(ec).\nmagic_value(A):- head(A,lo),magic(lo).\nmagic_value(A):- head(A,ru),magic(ru).\nmagic_value(A):- head(A,jj),magic(jj).\nmagic_value(A):- head(A,mt),magic(mt).", "is_solution": true, "conf_matrix": [200, 0, 200, 0], "total_exec_time": 2.563504041, "durations": [{"operation": "Test", "called": 1, "total": 0.06415608299999986, "mean": 0.06415608299999986, "maximum": 0.06415608299999986, "__type__": "DurationSummary"}, {"operation": "Find_Bindings_Prolog", "called": 1, "total": 0.053711875000000076, "mean": 0.053711875000000076, "maximum": 0.053711875000000076, "__type__": "DurationSummary"}, {"operation": "Generate", "called": 1, "total": 0.0008549999999998281, "mean": 0.0008549999999998281, "maximum": 0.0008549999999998281, "__type__": "DurationSummary"}], "__type__": "ProgramStats"}, "is_solution": true, "stats_file": "./results/list_magicvalues_multipleclauses/magicpopper/95/0/stats.json", "end": true, "__type__": "Stats"}