{"log_best_programs": true, "num_literals": 0, "total_programs": 18, "total_rules": 0, "total_ground_rules": 0, "durations": {"generate": [0.00045695900000003453, 0.00034879100000001495, 0.0003445830000000649, 0.0003279580000000726, 0.0004716669999998979, 0.00032054199999997923, 0.000334208000000058, 0.0002794999999999881, 0.0002703330000000115, 0.00032937500000007613, 0.00044158299999996764, 0.0005752500000000271, 0.00040604200000005086, 0.0003522500000000539, 0.0006063330000000144, 0.00044991599999999465, 0.0004958749999999235, 0.0004169579999999673, 0.00015387500000008103], "test": [0.026262375000000004, 0.005096582999999988, 0.0012060839999999962, 0.0006456670000000164, 0.0005205409999999855, 0.000845624999999961, 0.0007481249999999884, 0.000863417000000033, 0.0003839169999999559, 0.0011461249999999978, 0.001184415999999966, 0.01114958399999999, 0.0013970409999999323, 0.01637179199999994, 0.0016252089999999608, 0.015181292000000068, 0.0018441670000000077, 0.010369000000000073], "combine": [6.659999999825139e-07, 5.000000000143778e-07, 4.999999999588667e-07, 5.00000000069889e-07, 7.500000001048335e-07, 6.659999999270028e-07, 5.419999999922709e-07, 4.580000000364848e-07, 4.5900000000820285e-07, 5.00000000069889e-07, 5.829999999429347e-07, 6.670000000097431e-07, 5.419999999922709e-07, 6.249999999763389e-07, 5.83000000053957e-07, 4.5899999989718054e-07, 5.419999999922709e-07, 4.999999999588667e-07], "constrain": [0.0013607500000000217, 0.0021060419999999747, 0.00018695800000001483, 0.0001762079999999555, 0.0001619170000000114, 0.00013279099999996546, 9.941699999993503e-05, 0.00012808399999997278, 9.312499999991619e-05, 0.00021812500000006896, 0.0025071250000000544, 0.002414667000000037, 0.00017262500000003733, 0.00022254200000004776, 0.0001954579999999817, 0.00021141700000004704, 0.00018408300000005706, 0.0002787079999999609], "find_bindings_prolog": [0.004839916, 0.0009702080000000279, 0.00044587499999992897, 0.0008751250000000876, 0.010696082999999912, 0.0012442089999999961, 0.001501124999999992]}, "final_exec_time": 0.294622958, "stages": [], "best_programs": [], "solution": null, "is_solution": false, "stats_file": "./results/list_constant/magicpopper_types/1/6/stats.json", "end": true, "__type__": "Stats"}