{"log_best_programs": true, "num_literals": 0, "total_programs": 63, "total_rules": 0, "total_ground_rules": 0, "durations": {"generate": [0.0003229999999999622, 0.00025804200000001387, 0.00026366700000002297, 0.0002866249999999848, 0.0007763749999999958, 0.000275417, 0.0002966249999999948, 0.00022208400000001127, 0.00020812500000000345, 0.0008305000000000118, 0.00030370800000001363, 0.0004659170000000379, 0.0005745830000000174, 0.0001955000000000151, 0.0005187500000000123, 0.0005782500000000024, 0.0007116670000000269, 0.00018562500000002258, 0.0002294999999999936, 0.00030291700000001365, 0.00020420800000003902, 0.0001932090000000275, 0.0003514589999999984, 0.0003675419999999985, 0.0002659580000000106, 0.0001774999999999971, 0.0005811659999999663, 0.00023975000000003854, 0.00017854200000000375, 0.00032320800000001926, 0.0008091659999999723, 0.0002031250000000262, 0.0002211250000000442, 0.00036158299999999866, 0.000713292000000032, 0.00019287500000003677, 0.00020924999999999416, 0.001033416999999981, 0.00023408299999999604, 0.0005594999999999906, 0.00021999999999999797, 0.00023449999999997084, 0.00023791599999989366, 0.001451332999999999, 0.00043637500000004437, 0.00019537499999999763, 0.00020724999999999216, 0.00015308300000005381, 0.00016762500000000458, 0.0003009159999999289, 0.00017287499999996125, 0.0002071249999999747, 0.00019633299999999299, 0.00016329100000000984, 0.00017579199999995243, 0.00031779200000003893, 0.00017254199999994224, 0.0010022499999999823, 0.0002250409999999814, 0.00015212500000005846, 0.0008203330000000619, 0.0003027500000000183, 0.0006902920000000368, 0.005956333999999952], "find_bindings_prolog": [0.011207542000000015, 0.001143749999999999, 0.0012608330000000167, 0.0006300410000000256, 0.0006103749999999963, 0.0006160000000000054, 0.0006463340000000262, 0.0005667919999999826, 0.0005391670000000071, 0.0004996250000000035, 0.00047483300000000783, 0.0004514170000000095, 0.0026265830000000157, 0.0022759160000000445, 0.002902125000000033, 0.0035060410000000153, 0.0005253749999999946, 0.0004630830000000308, 0.0004350410000000249, 0.0005261249999999884, 0.0005787500000000168, 0.0006233340000000309, 0.0005420409999999931, 0.0009140839999999817, 0.000587292000000017, 0.0005555409999999927, 0.0005780409999999736, 0.0005801249999999869, 0.0005237080000000116, 0.000521291999999951, 0.0005264580000000074, 0.0005438339999999653, 0.0004955410000000438, 0.0005023330000000215, 0.001345291999999998, 0.0014331249999999796, 0.0012432089999999674, 0.0039919999999999956, 0.003370749999999978, 0.008045291999999982, 0.00894849999999997, 0.00952249999999999, 0.010414000000000034, 0.013530708999999974, 0.0006411250000000202, 0.00054554200000001, 0.0005036659999999582, 0.0004895000000000316, 0.0005167919999999881, 0.0005069170000000511, 0.0005103340000000012, 0.00053974999999995, 0.0005057080000000491, 0.0004821669999999223, 0.0005279169999999889, 0.0005036659999999582, 0.0005432920000000285, 0.0005125000000000268, 0.0005195409999999567, 0.0005314160000000623, 0.0005614579999999592, 0.0005934170000000405, 0.000629292000000059], "test": [0.011628000000000027, 0.001981958000000006, 0.0023857090000000136, 0.0012328750000000221, 0.0012944590000000256, 0.001302208000000027, 0.001315167000000006, 0.0012423750000000178, 0.0012025830000000348, 0.0008156249999999865, 0.0007751669999999655, 0.0007501249999999904, 0.005328999999999973, 0.003945625000000008, 0.006144624999999959, 0.007581583000000003, 0.0008537080000000086, 0.0007632080000000152, 0.0006099589999999933, 0.0008690829999999927, 0.001105167000000018, 0.0009781249999999964, 0.0007617919999999834, 0.0013916250000000074, 0.0011183329999999714, 0.0009022080000000154, 0.0009407080000000123, 0.0011142500000000388, 0.0008684999999999943, 0.0007247079999999628, 0.0008692920000000215, 0.0010560840000000127, 0.0008274580000000031, 0.0008310410000000323, 0.002706958000000037, 0.003121666000000023, 0.0022046660000000218, 0.008095999999999992, 0.007554000000000005, 0.01742391700000001, 0.01969025000000002, 0.02190237500000003, 0.024250459000000002, 0.03264291600000002, 0.0009977500000000195, 0.0007718330000000551, 0.0008766250000000753, 0.0007012499999999866, 0.0007287499999999447, 0.0008870420000000045, 0.0008885829999999428, 0.0009127920000000511, 0.0007230419999999516, 0.00069395800000005, 0.0007384169999999912, 0.0007167909999999944, 0.0007587500000000302, 0.0007299170000000244, 0.0008963750000000603, 0.000743750000000043, 0.0007803750000000553, 0.0009801249999999984, 0.0008654999999999635], "combine": [6.250000000318501e-07, 0.004182083000000003, 0.0013042500000000068, 4.5900000000820285e-07, 5.419999999922709e-07, 4.5799999998097363e-07, 3.749999999969056e-07, 4.170000000303098e-07, 4.1600000000308057e-07, 4.1600000000308057e-07, 4.1699999997479864e-07, 4.1600000000308057e-07, 4.580000000364848e-07, 4.5799999998097363e-07, 4.5799999998097363e-07, 5.000000000143778e-07, 4.1600000000308057e-07, 4.170000000303098e-07, 4.1600000000308057e-07, 4.5799999998097363e-07, 4.1699999997479864e-07, 5.419999999922709e-07, 4.580000000364848e-07, 4.1600000000308057e-07, 3.749999999969056e-07, 4.1699999997479864e-07, 3.749999999969056e-07, 4.170000000303098e-07, 3.749999999969056e-07, 4.170000000303098e-07, 4.5799999998097363e-07, 4.1600000000308057e-07, 4.1699999997479864e-07, 4.1600000000308057e-07, 4.5799999998097363e-07, 4.580000000364848e-07, 4.5900000000820285e-07, 5.000000000143778e-07, 5.829999999984459e-07, 5.000000000143778e-07, 5.419999999922709e-07, 5.419999999922709e-07, 5.83000000053957e-07, 0.0030573329999999954, 5.419999999922709e-07, 3.7500000005241674e-07, 3.7499999994139444e-07, 4.1699999997479864e-07, 3.7499999994139444e-07, 4.1600000000308057e-07, 3.7499999994139444e-07, 3.7499999994139444e-07, 4.5900000000820285e-07, 4.1700000008582094e-07, 3.7500000005241674e-07, 3.7499999994139444e-07, 4.1600000000308057e-07, 4.580000000364848e-07, 3.7499999994139444e-07, 4.5900000000820285e-07, 4.1699999997479864e-07, 3.3300000001901253e-07, 3.7499999994139444e-07], "constrain": [0.0018692919999999669, 0.000399874999999994, 0.00023654099999997902, 0.0022761669999999956, 0.0024286669999999955, 0.0007312499999999611, 0.0006860000000000199, 0.0004382499999999734, 0.0004273330000000297, 0.0005354579999999887, 0.0005270420000000331, 0.0002847500000000003, 0.0004798329999999851, 0.000617957999999974, 0.00037158300000000866, 0.0002439590000000158, 0.0005245839999999946, 0.0005182499999999979, 0.00025054199999996474, 0.0005999999999999894, 0.0006778749999999945, 0.0006235830000000386, 0.0005329159999999944, 0.000627417000000019, 0.0006630420000000026, 0.0006002499999999689, 0.0006266249999999918, 0.0006759170000000259, 0.0005919159999999701, 0.0005343750000000314, 0.0005860840000000422, 0.0006603749999999908, 0.0005890829999999903, 0.0005787910000000229, 0.00035958299999999666, 0.0004250000000000087, 0.0006687090000000451, 0.0004204999999999903, 0.00046554100000001375, 0.00027408300000003605, 0.0003025830000000229, 0.0002794159999999213, 0.00029529200000000255, 0.00017245799999998646, 0.0006097919999999979, 0.0005945419999999757, 0.0006555839999999868, 0.0005871670000000551, 0.0005889580000000283, 0.00043074999999992425, 0.0006672919999999305, 0.00042799999999998395, 0.00038400000000005097, 0.0005869579999999708, 0.00038283399999994305, 0.000600416000000048, 0.0005989170000000321, 0.0005937080000000261, 0.0004919580000000146, 0.00037833300000000847, 0.0006151249999999386, 0.0006845830000000719, 0.000615166999999972]}, "final_exec_time": 0.360907917, "stages": [], "best_programs": [], "solution": {"code": "goal(A,robot,0):- not_my_true(A,q),magic(robot),magic(q),magic(0).\ngoal(A,robot,0):- not_my_true(A,r),magic(0),magic(r),magic(robot).\ngoal(A,robot,100):- my_true(A,q),my_true(A,p),my_true(A,7),magic(robot),magic(100),magic(q),magic(p),magic(7).\ngoal(A,robot,0):- not_my_true(A,p),magic(robot),magic(0),magic(p).", "is_solution": true, "conf_matrix": [22, 0, 22, 0], "total_exec_time": 0.360904667,