{"log_best_programs": true, "num_literals": 0, "total_programs": 81, "total_rules": 0, "total_ground_rules": 0, "durations": {"generate": [0.001577457999999865, 0.0002110829999999453, 0.0002901249999998079, 0.00043720800000013327, 0.00012625000000010544, 0.00075516699999989, 0.00024645799999989393, 0.0002696250000000511, 0.0006327500000000708, 0.0004887500000001488, 0.00040424999999988387, 0.0002755840000001619, 0.00033345799999984216, 0.0006335829999999376, 0.0002629999999999022, 0.00034983400000010434, 0.00027029099999986705, 0.0002655000000000296, 0.0002542500000000114, 0.0008956250000000665, 0.0002577079999999121, 0.00022804100000017868, 0.00019920799999995076, 0.0006003329999999529, 0.000589624999999927, 0.000244666000000171, 0.00024500000000005073, 0.0002642919999999993, 0.0002806250000000343, 0.00041808300000001353, 0.000314541000000057, 0.00030749999999990507, 0.0006217920000000099, 0.0002795830000001942, 0.0003321670000002719, 0.0002654579999998852, 0.00026929200000003206, 0.00023791699999975435, 0.0002905830000003995, 0.002359082999999984, 0.0002951250000000627, 0.00027650000000001285, 0.00021837499999977084, 0.000356958999999879, 0.0005985420000000907, 0.000507166999999864, 0.0001876250000001356, 0.0002460840000000353, 0.00015674999999992778, 0.00018545800000024926, 0.00017570799999999664, 0.00019845799999984592, 0.00015458300000004144, 0.0003755000000000841, 0.00018804199999999938, 0.0002523329999997159, 0.00021245800000002646, 0.0002290419999999571, 0.0002384590000001907, 0.00017179199999972639, 0.00022725000000001216, 0.0002949170000001722, 0.0002586249999998458, 0.00018208399999997127, 0.00026687499999988873, 0.00014979100000012124, 0.00018375000000014907, 0.0001947079999999879, 0.00023920799999999076, 0.00023716700000031565, 0.0006702079999998389, 0.00021845799999997695, 0.0008230000000000182, 0.00018645799999994495, 0.0002031250000000817, 0.0001646669999999517, 0.00044420800000022354, 0.00028787499999971544, 0.00024704100000016993, 0.000231749999999753, 0.000232415999999791, 0.002750500000000322], "find_bindings_prolog": [0.04548754200000005, 0.07819066600000002, 0.023654542000000056, 0.02662004200000001, 0.07740704199999993, 0.006010083000000055, 0.013362499999999944, 0.07201220899999994, 0.07541187500000013, 0.02289129099999987, 0.01431025000000008, 0.005569500000000005, 0.014549708999999966, 0.015341416999999913, 0.015909917000000107, 0.006915500000000074, 0.02583050000000009, 0.025469541999999956, 0.026154875000000022, 0.024190125000000062, 0.027198875000000067, 0.0020826249999998936, 0.0019946250000000276, 0.09719575000000003, 0.08866162500000008, 0.028819375000000313, 0.030395124999999634, 0.0877951669999999, 0.08947341700000022, 0.026223250000000142, 0.025113375000000104, 0.011720540999999862, 0.07837658400000036, 0.07969975000000007, 0.08006812499999993, 0.07253825000000003, 0.0021553750000000704, 0.0017117910000004066, 0.002189374999999938, 0.001901208000000043, 0.004159166999999631, 0.026271916999999867, 0.0025360000000000937, 0.002727167000000197, 0.024709791999999897, 0.02509120900000017, 0.001907082999999865, 0.00216529199999993, 0.0021649999999997505, 0.0015350419999999865, 0.0015642080000000114, 0.0023026660000002863, 0.0016913750000000505, 0.0020676250000000174, 0.0019809159999999437, 0.002213375000000184, 0.001710999999999796, 0.0025708749999999725, 0.0021351250000001265, 0.002097040999999855, 0.002682915999999924, 0.0024257089999997206, 0.002669125000000161, 0.005806124999999884, 0.001806666999999873, 0.006196291000000187], "test": [0.046667707999999974, 0.0006682499999999258, 0.07989475000000001, 0.0007101660000001786, 0.0015807500000000196, 0.02425983300000012, 0.02748100000000009, 0.07902054200000008, 0.0065568750000000176, 0.014102083000000043, 0.07360062500000009, 0.07721916699999998, 0.023483874999999932, 0.015100166999999942, 0.006150291999999835, 0.015618542000000124, 0.01641433300000017, 0.016969583000000066, 0.007737332999999902, 0.04867308300000017, 0.0005664579999999919, 0.0010157910000001547, 0.05353949999999985, 0.02652483300000008, 0.02615179099999998, 0.02683816699999997, 0.024858999999999964, 0.02793650000000003, 0.0023533329999998465, 0.002513375000000151, 0.0991763750000001, 0.09079037500000009, 0.029951583000000337, 0.031367541999999915, 0.08994204199999967, 0.09152825000000009, 0.027178708000000107, 0.026051416999999688, 0.012388375000000007, 0.08039829100000029, 0.08168200000000025, 0.08193245799999982, 0.07427275, 0.0023778749999996407, 0.0019534160000000966, 0.002448708000000188, 0.05744408400000012, 0.002187417000000025, 0.003614749999999667, 0.004426250000000298, 0.026994583000000016, 0.0004965420000000442, 0.18796550000000023, 0.00285399999999969, 0.0029856660000002755, 0.025490334000000114, 0.025823833000000018, 0.0021829580000001236, 0.001908792000000048, 0.05780562499999986, 0.003366165999999726, 0.0021281250000000362, 0.0024280000000000967, 0.0024159169999999897, 0.001760792000000233, 0.0017863750000000067, 0.0025473749999997963, 0.0019464160000000064, 0.0023299159999998764, 0.0021987920000001715, 0.0024587079999998096, 0.001961708000000062, 0.0027988750000003115, 0.002379832999999998, 0.0023393340000001928, 0.0029258749999998557, 0.0027541250000000517, 0.00293545900000014, 0.006049416000000196, 0.002084374999999916, 0.00647687500000016], "combine": [0.004662667000000065, 4.999999998478444e-07, 0.002820124999999951, 5.840000001366974e-07, 4.999999998478444e-07, 6.660000000380251e-07, 6.660000000380251e-07, 5.409999999095305e-07, 4.579999999254625e-07, 5.419999999922709e-07, 6.249999999763389e-07, 6.660000000380251e-07, 6.250000001983835e-07, 5.840000001366974e-07, 5.00000000069889e-07, 5.00000000069889e-07, 5.83000000053957e-07, 4.999999998478444e-07, 5.83000000053957e-07, 6.660000000380251e-07, 5.83000000053957e-07, 5.83000000053957e-07, 5.409999999095305e-07, 5.83000000053957e-07, 6.659999998159805e-07, 5.83000000053957e-07, 6.249999999763389e-07, 6.660000000380251e-07, 5.419999999922709e-07, 5.419999999922709e-07, 6.249999999763389e-07, 6.660000000380251e-07, 6.669999996766762e-07, 6.249999997542943e-07, 6.670000001207654e-07, 6.250000001983835e-07, 6.250000001983835e-07, 5.829999998319124e-07, 0.0036130000000000884, 6.670000001207654e-07, 6.250000001983835e-07, 5.830000002760016e-07, 6.250000001983835e-07, 5.00000000069889e-07, 4.580000001475071e-07, 5.419999999922709e-07, 5.839999999146528e-07, 4.5900000023024745e-07, 4.5899999978615824e-07, 5.419999999922709e-07, 5.829999998319124e-07, 4.580000001475071e-07, 5.00000000069889e-07, 5.419999999922709e-07, 4.5899999978615824e-07, 5.419999999922709e-07, 5.00000000069889e-07, 4.580000001475071e-07, 5.00000000069889e-07, 5.419999999922709e-07, 5.829999998319124e-07, 5.00000000069889e-07, 4.1699999986377634e-07, 4.1599999978103597e-07, 4.1700000030786555e-07, 4.160000002251252e-07, 5.00000000069889e-07, 4.1700000030786555e-07, 3.7500000038548365e-07, 4.5900000023024745e-07, 5.00000000069889e-07, 4.1699999986377634e-07, 4.1699999986377634e-07, 4.1599999978103597e-07, 4.1700000030786555e-07, 4.580000001475071e-07, 4.5899999978615824e-07, 4.1699999986377634e-07, 4.5799999970341787e-07, 4.1599999978103597e-07, 4.580000001475071e-07],