{"log_best_programs": true, "num_literals": 0, "total_programs": 12, "total_rules": 0, "total_ground_rules": 0, "durations": {"generate": [0.000492000000000381, 0.00036745800000037576, 0.0004338330000006607, 0.00042620800000037207, 0.0004862919999997217, 0.00035708300000081294, 0.0003942500000011506, 0.00043845900000150095, 0.00036362499999853526, 0.00043191699999844957, 0.0004448749999994561, 0.0004411250000000422], "test": [0.0717156249999995, 0.07943212499999941, 0.025870499999999907, 0.2651569999999994, 0.26407420800000025, 0.07011487500000158, 0.027060541999999188, 0.020647290999999512, 0.020837916999999706, 0.039387375000000446, 0.03831508300000053, 0.11146941700000035], "combine": [7.499999998827889e-07, 0.06720741700000055, 5.84000000358742e-07, 0.11055958399999888, 7.919999998051708e-07, 0.11385816599999998, 6.250000001983835e-07, 5.419999986600033e-07, 5.830000002760016e-07, 5.410000003536197e-07, 5.830000002760016e-07], "constrain": [0.0013406670000000176, 0.0013838750000001454, 0.0016864170000001621, 0.0001884580000002245, 0.001446749999999497, 0.00023041599999906737, 0.0018052500000003135, 0.0002961250000002025, 0.00026670799999983785, 0.0002505419999998537, 0.00025991699999927675], "find_bindings_prolog": [0.07876425000000076, 0.025411667000000193, 0.2645621249999994, 0.26340979199999914, 0.06946854100000088, 0.026623042000000652, 0.02023337500000011, 0.020413333000000478, 0.038941874999999015, 0.03788274999999963, 0.10914437499999963]}, "final_exec_time": 9.017233416, "stages": [], "best_programs": [], "solution": {"code": "magic_value(A):- head(A,c7),magic(c7).\nmagic_value(A):- head(A,b),last(A,b),magic(b).\nmagic_value(A):- head(A,x),last(A,x),magic(x).\nmagic_value(A):- last(A,i),head(A,i),magic(i).\nmagic_value(A):- head(A,dt),last(A,dt),magic(dt).\nmagic_value(A):- head(A,ds),last(A,ds),magic(ds).\nmagic_value(A):- head(A,fs),last(A,fs),magic(fs).\nmagic_value(A):- last(A,az),head(A,az),magic(az).\nmagic_value(A):- last(A,fj),head(A,fj),magic(fj).\nmagic_value(A):- last(A,eb),head(A,eb),magic(eb).\nmagic_value(A):- last(A,da),head(A,da),magic(da).\nmagic_value(A):- last(A,c7),magic(c7).\nmagic_value(A):- head(A,aq),last(A,aq),magic(aq).\nmagic_value(A):- last(A,gk),head(A,gk),magic(gk).\nmagic_value(A):- last(A,co),head(A,co),magic(co).\nmagic_value(A):- tail(A,C),head(C,c7),magic(c7).\nmagic_value(A):- head(A,fy),last(A,fy),magic(fy).", "is_solution": true, "conf_matrix": [0, 0, 0, 0], "total_exec_time": 9.017207874999999, "durations": [{"operation": "Test", "called": 12, "total": 1.0340819579999998, "mean": 0.08617349649999999, "maximum": 0.2651569999999994, "__type__": "DurationSummary"}, {"operation": "Find_Bindings_Prolog", "called": 11, "total": 0.9548551249999999, "mean": 0.08680501136363636, "maximum": 0.2645621249999994, "__type__": "DurationSummary"}, {"operation": "Combine", "called": 11, "total": 0.2916301669999992, "mean": 0.026511833363636293, "maximum": 0.11385816599999998, "__type__": "DurationSummary"}, {"operation": "Constrain", "called": 11, "total": 0.009155124999998598, "mean": 0.0008322840909089635, "maximum": 0.0018052500000003135, "__type__": "DurationSummary"}, {"operation": "Generate", "called": 12, "total": 0.005077125000001459, "mean": 0.00042309375000012156, "maximum": 0.000492000000000381, "__type__": "DurationSummary"}], "__type__": "ProgramStats"}, "is_solution": true, "stats_file": "./results/list_example/magicpopper_types/5000/8/stats.json", "end": false, "__type__": "Stats"}