{"log_best_programs": true, "num_literals": 0, "total_programs": 14, "total_rules": 0, "total_ground_rules": 0, "durations": {"generate": [0.0006883329999999854, 0.0005457500000000115, 0.0010753749999999895, 0.0010811659999999668, 0.0005709159999999769, 0.011845292000000007, 0.0007226250000000323, 0.0012375419999999804, 0.0004885000000000028, 0.0010489160000000108, 0.0011999169999999948, 0.0015968329999999642, 0.0006160000000000054, 0.0007570409999999583, 1.0800545000000001], "find_bindings_prolog": [0.016078791999999953, 0.0014615000000000045, 0.0015277919999999723, 0.0014256250000000414, 0.0006870840000000045, 0.0005839999999999734, 0.0005623339999999977, 0.0005427920000000142, 0.0015637089999999687, 0.0014327499999999826, 0.0014494170000000084, 0.0008193750000000111], "test": [0.017456000000000027, 0.00046124999999996863, 0.002613207999999978, 0.002746458000000007, 0.0026117090000000176, 0.0011264579999999969, 0.0010029590000000255, 0.0009724999999999873, 0.0009428340000000035, 0.003122542000000006, 0.0004618339999999943, 0.0028237500000000137, 0.0029249590000000047, 0.001220416000000002], "combine": [0.0036078329999999492, 5.419999999922709e-07, 6.249999999763389e-07, 6.249999999763389e-07, 5.419999999922709e-07, 5.42000000047782e-07, 4.589999999526917e-07, 4.5799999998097363e-07, 4.5799999998097363e-07, 6.249999999763389e-07, 5.000000000143778e-07, 6.66999999954232e-07, 6.249999999763389e-07, 0.002819165999999984], "constrain": [0.0017137089999999522, 0.002122249999999992, 0.0004325419999999802, 0.0004638330000000246, 0.00042904099999996337, 0.002438999999999969, 0.0007253750000000281, 0.0007305420000000007, 0.0007742079999999985, 0.003513917000000033, 0.0003022920000000373, 0.0009037909999999871, 0.000977541999999998, 0.0006514999999999715]}, "final_exec_time": 1.231512917, "stages": [], "best_programs": [], "solution": {"code": "f(A,B):- square(A,C),magic(3.142),mult(C,3.142,B).", "is_solution": true, "conf_matrix": [10, 0, 10, 0], "total_exec_time": 1.231509375, "durations": [{"operation": "Test", "called": 14, "total": 0.04048687700000003, "mean": 0.002891919785714288, "maximum": 0.017456000000000027, "__type__": "DurationSummary"}, {"operation": "Find_Bindings_Prolog", "called": 12, "total": 0.02813516999999993, "mean": 0.0023445974999999944, "maximum": 0.016078791999999953, "__type__": "DurationSummary"}, {"operation": "Generate", "called": 14, "total": 0.023474205999999886, "mean": 0.0016767289999999918, "maximum": 0.011845292000000007, "__type__": "DurationSummary"}, {"operation": "Constrain", "called": 13, "total": 0.015528041999999964, "mean": 0.0011944647692307664, "maximum": 0.003513917000000033, "__type__": "DurationSummary"}, {"operation": "Combine", "called": 13, "total": 0.00361450099999977, "mean": 0.0002780385384615208, "maximum": 0.0036078329999999492, "__type__": "DurationSummary"}], "__type__": "ProgramStats"}, "is_solution": true, "stats_file": "./results/pi/magicpopper_types/4/stats.json", "end": true, "__type__": "Stats"}