{"log_best_programs": true, "num_literals": 0, "total_programs": 65, "total_rules": 0, "total_ground_rules": 0, "durations": {"generate": [0.0003442919999999683, 0.0002574579999999882, 0.0002410830000000308, 0.0002522910000000156, 0.0007317079999999976, 0.00026362499999998956, 0.00025679100000003396, 0.00017866699999996571, 0.00019058299999996642, 0.0007774999999999865, 0.00029220899999998773, 0.00044075000000004527, 0.0005531249999999877, 0.0001727499999999993, 0.0004504999999999648, 0.0005713750000000406, 0.0006944579999999534, 0.0001782919999999688, 0.0002143750000000444, 0.00027441599999999955, 0.00017895800000000683, 0.00017654200000000175, 0.00028279100000000446, 0.00022395800000002408, 0.00020166599999998924, 0.00015879100000004698, 0.0005183749999999598, 0.00019104199999997462, 0.00016399999999999748, 0.00030058400000004815, 0.0007525419999999672, 0.0001987079999999919, 0.00021691699999998315, 0.00034116600000000386, 0.0006917920000000244, 0.00018266699999996971, 0.0001931249999999607, 0.0009377080000000371, 0.00020466600000002, 0.0005094159999999848, 0.00021791599999998468, 0.00022204100000000615, 0.00021574999999995903, 0.0012688340000001075, 0.0004962499999999759, 0.00016479199999996919, 0.00021962500000005658, 0.00014812499999994344, 0.0001702919999999608, 0.00032095900000006505, 0.00023133300000000023, 0.0003472909999999718, 0.00022408299999998604, 0.0002422499999999994, 0.0001435419999999965, 0.0001850829999999748, 0.00014516599999991886, 0.00033604200000003637, 0.00015641600000004807, 0.00019579199999997243, 0.00021499999999996522, 0.0002351250000000027, 0.00016216600000007464, 0.00044041699999997075, 0.0001667499999999933, 0.006866249999999963], "find_bindings_prolog": [0.012606457999999987, 0.001149041999999989, 0.0012051659999999798, 0.0005726249999999933, 0.0005910840000000195, 0.0005889159999999949, 0.0005708749999999707, 0.0005087500000000023, 0.0005295000000000161, 0.00046966700000000694, 0.0004601669999999558, 0.0004510830000000188, 0.002610124999999963, 0.002180541000000036, 0.0028253329999999854, 0.003432125000000008, 0.0005190420000000251, 0.00044670800000001787, 0.0004176659999999832, 0.000491416999999994, 0.0005111250000000012, 0.000573625000000022, 0.00046070800000003187, 0.0004925000000000068, 0.0005480840000000042, 0.0005046670000000142, 0.0005208749999999762, 0.0005279590000000223, 0.0005050420000000111, 0.0004858750000000245, 0.0005032500000000106, 0.0005364580000000174, 0.0004955830000000216, 0.0004845419999999767, 0.0013399170000000238, 0.0014350840000000309, 0.0011896250000000275, 0.002870125000000001, 0.003209667000000027, 0.007989291999999981, 0.008181499999999953, 0.00929100000000005, 0.010130542000000076, 0.013168583000000011, 0.0006242920000000263, 0.0005162920000000293, 0.0005061249999999129, 0.0004933329999999847, 0.0004958339999999728, 0.000505292000000046, 0.0004993340000000179, 0.0005145420000000067, 0.0004806250000000123, 0.0004983330000000175, 0.0004965000000000108, 0.0004948330000000833, 0.0004938329999999436, 0.000499083999999983, 0.00048112499999997116, 0.0005188750000000297, 0.000490541000000011, 0.0005010829999999578, 0.0004984169999999732, 0.0005102919999999678, 0.00047962499999998354], "test": [0.013026374999999979, 0.0019774590000000147, 0.0023113330000000265, 0.001158207999999994, 0.001273249999999948, 0.0012672499999999975, 0.0012261250000000223, 0.0011632910000000107, 0.0011948750000000397, 0.0007759170000000148, 0.0007569590000000015, 0.0007469999999999977, 0.005289125000000006, 0.003812749999999976, 0.006063792000000012, 0.007488667000000004, 0.0008407499999999457, 0.0007409159999999804, 0.0005870829999999883, 0.0008253340000000109, 0.0010215829999999926, 0.0009254159999999567, 0.0006600840000000052, 0.0008289170000000401, 0.0010637079999999965, 0.0008392499999999581, 0.0008563749999999648, 0.001043708000000032, 0.0008436250000000145, 0.0006816669999999969, 0.000835750000000024, 0.0010446250000000212, 0.0008251249999999821, 0.0008163330000000024, 0.0026960420000000096, 0.0031171249999999984, 0.0021374170000000303, 0.006506708000000028, 0.007387790999999977, 0.017376999999999976, 0.018983416999999947, 0.02144508299999992, 0.02388887500000003, 0.03226195799999998, 0.0009722500000000078, 0.0007304999999999673, 0.0008767499999999817, 0.00070316700000006, 0.0007058749999999669, 0.0008762910000000845, 0.0008659159999999666, 0.0007233329999999372, 0.0006905419999999607, 0.0008665830000000874, 0.0007061669999999243, 0.0008613750000000531, 0.0007001669999999738, 0.0007121669999999858, 0.0006896659999999777, 0.000887417000000057, 0.0008610839999999564, 0.0007131660000000428, 0.0007075829999999561, 0.0008860420000000868, 0.0006897080000000111], "combine": [6.250000000318501e-07, 0.0038929169999999957, 0.001182709000000004, 4.170000000303098e-07, 5.419999999922709e-07, 3.749999999969056e-07, 3.749999999969056e-07, 3.339999999907306e-07, 3.749999999969056e-07, 3.7500000005241674e-07, 3.749999999969056e-07, 4.1699999997479864e-07, 5.000000000143778e-07, 4.5900000000820285e-07, 4.999999999588667e-07, 5.409999999650417e-07, 3.749999999969056e-07, 3.339999999907306e-07, 3.7500000005241674e-07, 4.5799999998097363e-07, 3.3300000001901253e-07, 3.749999999969056e-07, 4.1699999997479864e-07, 3.749999999969056e-07, 3.749999999969056e-07, 3.3400000004624175e-07, 3.749999999969056e-07, 3.749999999969056e-07, 3.749999999969056e-07, 2.9200000001283755e-07, 3.749999999969056e-07, 3.749999999969056e-07, 3.339999999907306e-07, 3.749999999969056e-07, 4.580000000364848e-07, 4.1699999997479864e-07, 4.170000000303098e-07, 4.5900000000820285e-07, 4.5799999998097363e-07, 4.580000000364848e-07, 4.999999999588667e-07, 5.829999999429347e-07, 4.579999999254625e-07, 0.003008208000000012, 4.999999999588667e-07, 3.7500000005241674e-07, 4.1699999997479864e-07, 3.3300000001901253e-07, 3.7500000005241674e-07, 3.7499999994139444e-07, 3.7499999994139444e-07, 3.7499999994139444e-07, 3.7499999994139444e-07, 3.3300000001901253e-07, 3.7500000005241674e-07, 3.339999999907306e-07, 4.1699999997479864e-07, 3.3300000001901253e-07, 3.7499999994139444e-07, 4.1600000000308057e-07, 3.7499999994139444e-07, 3.7500000005241674e-07, 3.3300000001901253e-07, 4.1600000000308057e-07, 3.7499999994139444e-07], "constrain": [0.0018037499999999929, 0.00038366699999997644, 0.00021674999999998779, 0.0020323329999999973, 0.0023797079999999804, 0.0007191249999999871, 0.0006692920000000435, 0.00042995800000000806, 0.0004257920000000359, 0.000529541999999994, 0.0005258340000000028, 0.00027895900000002305, 0.00034437500000000787, 0.0005908749999999907, 0.00037683299999996533, 0.00024570800000001114, 0.0005236659999999782, 0.0005115410000000042, 0.00024087500000002926, 0.0005854170000000325, 0.000733166999999979, 0.0005919590000000308, 0.0005159169999999769, 0.0005912499999999876, 0.0006623330000000149, 0.0005812919999999555, 0.0005892080000000077, 0.0006579999999999919, 0.0005877910000000042, 0.000523624999999972, 0.0005865419999999677, 0.0006505840000000096, 0.0005827919999999986, 0.0005795840000000219, 0.00035525000000002915, 0.0004107090000000091, 0.0006537090000000023, 0.0003939170000000214, 0.00045037500000000286, 0.0002721660000000181, 0.00029537500000009764, 0.0002691670000000146, 0.00028920899999995697, 0.00017058299999994642, 0.0005949589999999505, 0.0005818330000000316, 0.0006553749999999026, 0.0005863750000000278, 0.0005850419999999801, 0.0006548749999999437, 0.0006475000000000231, 0.0005830829999999843, 0.0005830000000000002, 0.0004177499999999945, 0.0003749169999999191, 0.000649624999999987, 0.0005805840000000506, 0.0005920000000000369, 0.000663416999999944, 0.0006600409999999446, 0.00042295900000000053, 0.0005912909999999938, 0.00037724999999999564, 0.00042079100000003145, 0.0003783339999999802]}, "final_exec_time": 0.36035354199999997, "stages": [], "best_programs": [],