{"log_best_programs": true, "num_literals": 0, "total_programs": 64, "total_rules": 0, "total_ground_rules": 0, "durations": {"generate": [0.0003317909999999702, 0.00025775000000000103, 0.0003322080000000005, 0.0003287920000000222, 0.00025216699999996983, 0.0004278340000000158, 0.00022966600000001725, 0.00020679099999998396, 0.00021058400000001365, 0.00021066699999999772, 0.0004334159999999643, 0.00024170799999995163, 0.00038733400000001694, 0.0003509580000000123, 0.0004075420000000385, 0.00042133299999980167, 0.0003238330000003842, 0.0006596660000006693, 0.0003491669999995395, 0.00041491699999962606, 0.00031349999999985556, 0.0002839999999997289, 0.0003276249999997205, 0.00036483399999998056, 0.00038750000000042917, 0.0004259160000001927, 0.0004354160000001883, 0.00041366600000003473, 0.0005421250000008371, 0.0003224169999995752, 0.0002853330000007759, 0.00036195899999924563, 0.00037541700000076617, 0.0003136670000003505, 0.0003408750000009064, 0.00032425000000024795, 0.0003753749999990674, 0.0004002920000001353, 0.0004015830000003717, 0.00040741700000168635, 0.0003772499999996626, 0.0003191249999972001, 0.0005258750000010082, 0.0004348749999998347, 0.0004605840000024841, 0.00031524999999987813, 0.00034916599999945674, 0.0004160000000013042, 0.00038741600000236076, 0.0004303339999971456, 0.0005727909999997394, 0.0003241250000023399, 0.0003699170000004415, 0.0003053749999999411, 0.0003333330000003798, 0.00043412499999817555, 0.0003721249999983911, 0.0002918750000020509, 0.0003131249999981378, 0.00045433300000041754, 0.0002955000000000041, 0.0002913749999997606, 0.0002895830000007038, 0.0003036670000007291, 0.0003425830000018948], "test": [0.020202374999999995, 0.005990125000000013, 0.0005148749999999702, 0.002930209000000017, 0.0008038340000000033, 0.000831499999999985, 0.0008282920000000082, 0.00045633299999997545, 0.0008502089999999907, 0.0008144999999999958, 0.0008569589999999905, 0.0037548750000000464, 0.006638249999999957, 1.571937875, 1.733555, 3.4460360829999996, 0.014557291000000028, 0.004546750000000266, 0.004930542000000315, 0.002791792000000015, 0.001445458000000066, 0.0010665000000003033, 0.007817250000000442, 0.0011652919999995959, 0.004370666999999884, 1.9417258340000005, 0.010610415999998679, 2.214091249999999, 0.01074845900000021, 0.002133917000000096, 0.00114187500000007, 0.009422084000000552, 0.0025201250000002062, 0.001158916999999704, 0.0011113750000006917, 0.005120207999999238, 0.0032006669999997683, 3.6667527910000004, 1.6586166250000005, 0.011874374999997883, 0.0021810840000000553, 3.4758305830000005, 0.011955457999999197, 0.008076124999998768, 0.0015767499999981283, 0.002757166999998617, 0.004604084000000341, 0.004872625000000852, 1.419371709, 0.005602457999998478, 0.0021360829999999, 0.008482000000000767, 0.0013244169999993005, 0.0021922500000002287, 0.008473291000001382, 0.0014135840000015776, 0.004916832999999343, 0.0009269580000008659, 0.002844124999999309, 0.010870957999998154, 0.010906249999997897, 0.0011594580000000576, 0.0047837910000012585, 0.0026249579999984007], "combine": [5.829999999984459e-07, 0.0028489999999999904, 5.410000000205528e-07, 5.419999999922709e-07, 4.5799999998097363e-07, 5.829999999984459e-07, 3.749999999969056e-07, 3.749999999969056e-07, 3.329999999635014e-07, 3.749999999969056e-07, 5.000000000143778e-07, 5.410000000205528e-07, 5.419999999922709e-07, 7.910000001665196e-07, 1.2909999997923194e-06, 1.666999999372365e-06, 7.07999999960407e-07, 5.000000005139782e-07, 6.250000001983835e-07, 4.5799999970341787e-07, 4.5899999978615824e-07, 4.5799999970341787e-07, 6.250000001983835e-07, 8.339999997275527e-07, 5.000000005139782e-07, 1.8329999988964119e-06, 4.999999987376214e-07, 2.0410000001191975e-06, 5.419999986600033e-07, 5.000000005139782e-07, 5.830000002760016e-07, 5.419999986600033e-07, 5.84000000358742e-07, 1.7920000008331272e-06, 5.410000003536197e-07, 2.0840000001243197e-06, 5.410000003536197e-07, 1.250000000396767e-06, 7.920000015815276e-07, 6.249999984220267e-07, 4.5800000236795313e-07, 1.0830000007899798e-06, 5.829999984996448e-07, 5.839999985823852e-07, 4.5799999881523945e-07, 3.74999999053216e-07, 4.999999987376214e-07, 5.410000021299766e-07, 1.2080000004743852e-06, 6.669999983444086e-07, 5.409999985772629e-07, 7.090000018195042e-07, 7.079999981840501e-07, 5.419999986600033e-07, 6.670000018971223e-07, 4.999999987376214e-07, 4.170000025283116e-07, 4.5799999881523945e-07, 5.829999984996448e-07, 5.409999985772629e-07, 5.00000002290335e-07, 4.999999987376214e-07, 5.409999985772629e-07, 0.004107624999999615], "constrain": [0.0011621669999999917, 0.0010836250000000325, 0.00023662499999999032, 0.0011721250000000238, 0.00021283399999999508, 0.0002367500000000078, 0.00020162500000003858, 0.00017412499999996944, 0.0001990829999999888, 0.00019929200000001757, 0.0020606669999999605, 0.0011391669999999965, 0.001273249999999948, 0.001767167000000125, 0.0003685409999998335, 0.00031937500000012164, 0.0003064999999997653, 0.0003331250000000452, 0.0003589169999997921, 0.0003592919999997335, 0.00035245800000005545, 0.00026829100000025363, 0.0003227500000004824, 0.0003348330000001454, 0.0003432920000001616, 0.0004207920000016685, 0.00037804199999946775, 0.00048170900000066297, 0.0003548329999993882, 0.00026587500000019304, 0.0016207920000006482, 0.000329709000000733, 0.0003117919999997554, 0.0003128329999988466, 0.0014438750000014267, 0.00031974999999917486, 0.000288250000000545, 0.0003322499999995898, 0.00035616699999962975, 0.00036087500000192563, 0.00028058300000211034, 0.00039225000000087107, 0.0003283749999987151, 0.00033033300000084864, 0.00033654200000299284, 0.0003382089999988125, 0.0003408339999992904, 0.0003632089999996424, 0.00035000000000096065, 0.0003923750000005555, 0.0003055839999994703, 0.00034999999999740794, 0.00031570799999869337, 0.0003050000000008879, 0.00037608300000258055, 0.0003285419999983219, 0.000291582999999207, 0.0016009579999973766, 0.00030904100000128665, 0.0002948340000017424, 0.0002914579999995226, 0.00028537500000069826, 0.00028645800000148824, 0.0003124579999997934], "find_bindings_prolog": [0.004566249999999994, 0.0013029170000000145, 0.0006022920000000043, 0.0006146249999999798, 0.0006120420000000348, 0.0006362920000000383, 0.0006013750000000151, 0.0019051250000000075, 0.0027310419999999613, 0.429992416, 0.4469244999999997, 2.406389833, 0.0061127919999997005, 0.0024959579999999093, 0.0020481249999999562, 0.0022728340000002234, 0.0009395420000002375, 0.0007688339999996074, 0.003046250000000583, 0.0008334160000007529, 0.0016925409999997143, 0.5434599579999997, 0.002073666999999446, 0.5234733340000002, 0.007125125000001731, 0.001732875000000078, 0.000832500000001346, 0.002277832999999063, 0.0017316250000014577, 2.491366709000001, 0.9178792080000022, 0.006218167000000108, 0.001836083000000599, 2.406981583999997, 0.0035933330000013086, 0.003335042000003341, 0.0009967500000023222, 0.002217916999999403, 0.0017383339999987868, 0.0017496670000021197, 0.8784903749999984, 0.0018936660000008487, 0.0018197500000027844, 0.0033397919999984538, 0.0009773749999979486, 0.0018681250000014415, 0.003355999999996584, 0.00094345899999837, 0.003473166000002692, 0.0016505829999999833, 0.008475791999998705, 0.00866479199999759, 0.002443500000001819, 0.002113999999998839], "inconsistent thingy": [1.1209000000178548e-05]}, "final_exec_time": 21.690259208, "stages": [], "best_programs": [], "solution": {"code": "next_list(A,B):- head(A,5895792205.234766),tail(A,D),head(D,B),magic(5895792205.234766).\nnext_list(A,B):- tail(A,C),next_list(C,B).", "is_solution": true, "conf_matrix": [10, 0, 10, 0], "total_exec_time": 21.6902575, "durations": [{"operation": "Test", "called": 64, "total": 21.37980475299999, "mean": 0.33405944926562486, "maximum": 3.6667527910000004, "__type__": "DurationSummary"}, {"operation": "Find_Bindings_Prolog", "called": 54, "total": 11.157219087000005, "mean": 0.20661516827777787, "maximum": 2.491366709000001, "__type__": "DurationSummary"}, {"operation": "Constrain", "called": 63,