{"log_best_programs": true, "num_literals": 0, "total_programs": 12, "total_rules": 0, "total_ground_rules": 0, "durations": {"generate": [0.0004532920000004381, 0.00039083299999997934, 0.0004295829999998446, 0.00038166700000008547, 0.0004829170000002492, 0.00034600000000040154, 0.00035279100000007446, 0.00041841700000055937, 0.00039387500000032105, 0.00043220800000032256, 0.0003459590000005619, 0.0004357079999994795], "test": [0.048165374999999955, 0.06167674999999928, 0.01599254200000022, 0.22536908300000036, 0.06269595799999994, 0.22550625000000046, 0.015969458000000714, 0.012510459000000473, 0.012750540999999949, 0.022756457999999924, 0.022637042000000385, 0.057026291999999756], "combine": [7.920000006933492e-07, 0.03595654200000009, 4.999999996257998e-07, 0.06132391600000009, 0.060328084000000004, 7.090000000431473e-07, 4.999999996257998e-07, 5.84000000358742e-07, 4.999999996257998e-07, 4.999999996257998e-07, 4.999999996257998e-07], "constrain": [0.0014188329999997862, 0.0013329579999998842, 0.0014617499999998174, 0.00018791699999987088, 0.0013819170000006764, 0.00019649999999948875, 0.0017067909999992636, 0.00039120799999992073, 0.00023183400000004184, 0.0002268330000001484, 0.0002294169999998985], "find_bindings_prolog": [0.0611524999999995, 0.015664082999999884, 0.2248692090000004, 0.06214608300000002, 0.2249824579999995, 0.0156485420000001, 0.012172917000000005, 0.012398874999999698, 0.022435791999999566, 0.022314959000000023, 0.05533245800000053]}, "final_exec_time": 5.3687524170000005, "stages": [], "best_programs": [], "solution": {"code": "magic_value(A):- head(A,p),last(A,p),magic(p).\nmagic_value(A):- head(A,gp),last(A,gp),magic(gp).\nmagic_value(A):- head(A,fo),last(A,fo),magic(fo).\nmagic_value(A):- head(A,bp),last(A,bp),magic(bp).\nmagic_value(A):- last(A,bv),head(A,bv),magic(bv).\nmagic_value(A):- tail(A,B),head(B,c7),magic(c7).\nmagic_value(A):- last(A,gc),head(A,gc),magic(gc).\nmagic_value(A):- last(A,de),head(A,de),magic(de).\nmagic_value(A):- last(A,c7),magic(c7).\nmagic_value(A):- head(A,bk),last(A,bk),magic(bk).\nmagic_value(A):- last(A,dp),head(A,dp),magic(dp).\nmagic_value(A):- head(A,c7),magic(c7).\nmagic_value(A):- last(A,ci),head(A,ci),magic(ci).\nmagic_value(A):- last(A,di),head(A,di),magic(di).\nmagic_value(A):- head(A,d),last(A,d),magic(d).", "is_solution": true, "conf_matrix": [0, 0, 0, 0], "total_exec_time": 5.368727917, "durations": [{"operation": "Test", "called": 12, "total": 0.7830562080000014, "mean": 0.06525468400000012, "maximum": 0.22550625000000046, "__type__": "DurationSummary"}, {"operation": "Find_Bindings_Prolog", "called": 11, "total": 0.7291178759999992, "mean": 0.0662834432727272, "maximum": 0.2249824579999995, "__type__": "DurationSummary"}, {"operation": "Combine", "called": 11, "total": 0.1576131269999994, "mean": 0.014328466090909037, "maximum": 0.06132391600000009, "__type__": "DurationSummary"}, {"operation": "Constrain", "called": 11, "total": 0.008765957999998797, "mean": 0.0007969052727271633, "maximum": 0.0017067909999992636, "__type__": "DurationSummary"}, {"operation": "Generate", "called": 12, "total": 0.004863250000002317, "mean": 0.0004052708333335264, "maximum": 0.0004829170000002492, "__type__": "DurationSummary"}], "__type__": "ProgramStats"}, "is_solution": true, "stats_file": "./results/list_example/magicpopper_types/3000/0/stats.json", "end": false, "__type__": "Stats"}