{"log_best_programs": true, "num_literals": 0, "total_programs": 8, "total_rules": 0, "total_ground_rules": 0, "durations": {"generate": [0.0003934580000000132, 0.0005725000000000868, 0.0014457919999999458, 0.0011466250000000677, 0.0017125420000001501, 0.0010350000000001192, 0.0006450419999999291, 0.0016922499999996177, 0.00043379100000029425], "find_bindings_prolog": [0.02149379200000001, 0.03153300000000003, 0.13056062499999999, 0.13801004100000003, 0.15911275000000002, 0.13695695799999985], "test": [0.024049124999999894, 0.0430955839999998, 0.018578666999999882, 0.13085312500000001, 0.01926779100000009, 0.1383485419999999, 0.15962270899999975, 0.13729179200000008], "combine": [0.014335458000000134, 0.004505291999999939, 5.83000000053957e-07, 6.669999998987208e-07, 6.669999998987208e-07, 4.579999999254625e-07, 4.1699999986377634e-07, 5.00000000069889e-07], "constrain": [0.0016622090000000256, 0.002282208000000008, 0.0004023340000001152, 0.003067791999999958, 0.0005197920000001854, 0.0050031669999999195, 0.0018311249999998225, 0.0016684159999997838]}, "final_exec_time": 2.009624416, "stages": [], "best_programs": [], "solution": {"code": "magic_value(A):- head(A,ih),magic(ih).\nmagic_value(A):- head(A,dc),magic(dc).\nmagic_value(A):- head(A,bo),magic(bo).\nmagic_value(A):- head(A,fw),magic(fw).\nmagic_value(A):- head(A,no),magic(no).\nmagic_value(A):- head(A,bf),magic(bf).\nmagic_value(A):- head(A,ku),magic(ku).\nmagic_value(A):- head(A,nc),magic(nc).\nmagic_value(A):- head(A,ps),magic(ps).\nmagic_value(A):- head(A,hp),magic(hp).\nmagic_value(A):- head(A,nn),magic(nn).\nmagic_value(A):- head(A,dj),magic(dj).\nmagic_value(A):- head(A,qh),magic(qh).\nmagic_value(A):- head(A,lz),magic(lz).\nmagic_value(A):- head(A,ej),magic(ej).\nmagic_value(A):- head(A,bu),magic(bu).\nmagic_value(A):- head(A,df),magic(df).\nmagic_value(A):- head(A,ad),magic(ad).\nmagic_value(A):- head(A,ns),magic(ns).\nmagic_value(A):- head(A,cl),magic(cl).\nmagic_value(A):- head(A,rc),magic(rc).\nmagic_value(A):- head(A,ey),magic(ey).\nmagic_value(A):- head(A,ha),magic(ha).\nmagic_value(A):- head(A,l),magic(l).\nmagic_value(A):- head(A,jx),magic(jx).", "is_solution": true, "conf_matrix": [200, 0, 200, 0], "total_exec_time": 2.009621375, "durations": [{"operation": "Test", "called": 1, "total": 0.024049124999999894, "mean": 0.024049124999999894, "maximum": 0.024049124999999894, "__type__": "DurationSummary"}, {"operation": "Find_Bindings_Prolog", "called": 1, "total": 0.02149379200000001, "mean": 0.02149379200000001, "maximum": 0.02149379200000001, "__type__": "DurationSummary"}, {"operation": "Generate", "called": 1, "total": 0.0003934580000000132, "mean": 0.0003934580000000132, "maximum": 0.0003934580000000132, "__type__": "DurationSummary"}], "__type__": "ProgramStats"}, "is_solution": true, "stats_file": "./results/list_magicvalues_multipleclauses/magicpopper/25/2/stats.json", "end": true, "__type__": "Stats"}