{"log_best_programs": true, "num_literals": 0, "total_programs": 80, "total_rules": 0, "total_ground_rules": 0, "durations": {"generate": [0.0002882499999999899, 0.0004329160000000054, 0.0001506660000000215, 0.00012470900000000062, 0.00026454200000003425, 0.0003322920000000118, 0.00039933400000002894, 0.00022295799999999533, 0.00032191599999997766, 0.00017574999999997454, 0.00023887500000002726, 0.00016412500000001495, 0.00029562500000002156, 0.0006514169999999875, 0.0006892500000000301, 0.0002187500000000453, 0.00019845800000001246, 0.0007915419999999784, 0.00035479199999999267, 0.00022608299999998804, 0.00017800000000001148, 0.0006029579999999868, 0.0001814159999999898, 0.0010164169999999917, 0.0002171249999999847, 0.0005139590000000083, 0.00015570799999997664, 0.00042637499999997885, 0.00017666699999996371, 0.00033916600000000185, 0.00024366599999997574, 0.00022266700000000972, 0.00016454199999998975, 0.00016495799999999283, 0.00030329200000001055, 0.0004545420000000022, 0.0002034999999999676, 0.0001674999999999871, 0.00024333400000003946, 0.00022570799999999114, 0.00022441699999997677, 0.00019691599999993592, 0.0002834579999999587, 0.00020795799999995257, 0.0005065840000000321, 0.0011266669999999701, 0.00022470799999996238, 0.0002046249999999583, 0.00019454199999990873, 0.0003025829999999674, 0.000350208000000074, 0.00022116699999996658, 0.00019737499999994412, 0.0025755839999999086, 0.0003055000000000696, 0.00018424999999999692, 0.00021041600000004657, 0.00015091600000005645, 0.00016004199999997137, 0.00029891600000009344, 0.00018250000000008537, 0.0002159170000000099, 0.00017920799999993076, 0.00014737499999994963, 0.00019650000000004386, 0.00019629200000004232, 0.00015637499999998639, 0.0002566249999998993, 0.0003705830000000354, 0.00020837499999992737, 0.00023979200000001644, 0.00021695899999996104, 0.00022979199999995092, 0.00022333300000010325, 0.00020537499999995212, 0.0002981249999999269, 0.00024733300000001623, 0.0005625420000000547, 0.000532332999999996, 0.0010723329999999809, 0.0034655000000000102], "find_bindings_prolog": [0.012443167000000033, 0.0005602920000000178, 0.0005468750000000022, 0.0004322079999999895, 0.006215957999999966, 0.0006095000000000406, 0.0017924169999999906, 0.0010946250000000157, 0.0006050830000000063, 0.0005822499999999509, 0.00042645800000001843, 0.0005287079999999889, 0.0005621250000000244, 0.002544458000000027, 0.0006540830000000275, 0.0025731250000000094, 0.002660000000000051, 0.0005553749999999691, 0.0004450839999999845, 0.0005112500000000186, 0.0005028330000000358, 0.0005736669999999999, 0.0005103330000000295, 0.002848375000000014, 0.0033477499999999827, 0.000524833999999974, 0.0005119590000000063, 0.0006539589999999817, 0.000504208000000006, 0.00046529200000000603, 0.00047995800000000255, 0.0005084580000000449, 0.0005105829999999534, 0.0007843750000000038, 0.006551916999999963, 0.001347250000000022, 0.0014043329999999798, 0.001261375000000009, 0.009095542000000012, 0.010080417000000008, 0.002788875000000024, 0.0029257499999999492, 0.007225041999999959, 0.007832541999999942, 0.0006701249999999659, 0.0007152919999999785, 0.0005427500000000363, 0.000611083999999984, 0.0008862499999999773, 0.0006553750000000136, 0.0008598749999999544, 0.0008105419999999697, 0.0005975000000000286, 0.013573249999999981, 0.0006931250000000722, 0.0005312499999999831, 0.0004936669999999754, 0.0005004170000000308, 0.0004786669999999882, 0.0006330420000000281, 0.000551749999999962, 0.0004952919999999805, 0.000496000000000052, 0.0004883339999999237, 0.0008888750000000112, 0.0005540840000000102, 0.0005099170000000264, 0.0005202909999999505, 0.0006054589999999749, 0.0005661249999999729, 0.0005719160000000612, 0.000531499999999907, 0.0005161249999999784, 0.0009834579999999926, 0.0005809999999999427, 0.0005328340000000376, 0.0007575000000000776, 0.0006352080000000537, 0.0005261250000000439, 0.003244541000000045], "test": [0.014815790999999967, 0.00098170799999997, 0.0009745840000000006, 0.00070208300000002, 0.013341375000000044, 0.0012338339999999892, 0.002849166000000014, 0.001831458000000008, 0.0010795410000000172, 0.0009216249999999815, 0.0006009999999999627, 0.0008267080000000093, 0.0008717919999999824, 0.0056969170000000235, 0.00135525000000003, 0.005189749999999993, 0.004281541, 0.0008708749999999932, 0.000740291000000004, 0.0011537910000000151, 0.0011444580000000149, 0.0012452089999999694, 0.0011522500000000213, 0.006185166999999991, 0.007358124999999993, 0.0008738750000000239, 0.000842290999999995, 0.001672459000000015, 0.0008486249999999917, 0.000657291999999976, 0.0008121669999999748, 0.0010142499999999943, 0.0010179999999999634, 0.0014065409999999834, 0.016197875000000028, 0.002373375000000011, 0.0030766249999999995, 0.0026052080000000255, 0.02106712500000002, 0.02376487500000002, 0.006356917000000073, 0.00702295899999994, 0.016441792000000066, 0.018462209000000063, 0.0009236670000000169, 0.0010725830000000158, 0.0010627920000000346, 0.001137625000000031, 0.0012405419999999001, 0.0010287079999999893, 0.0014978329999999485, 0.0013886250000000322, 0.0009453750000000261, 0.033735249999999994, 0.0010158340000000488, 0.0007847079999999673, 0.0008657080000000761, 0.0007084169999999057, 0.0006850409999999973, 0.0010183329999999824, 0.0009390000000000231, 0.0007110000000000172, 0.0008760410000000496, 0.0006970830000000428, 0.001303332999999962, 0.0009448340000000055, 0.0007212500000000066, 0.0008940830000000455, 0.0009020410000000201, 0.0009422919999999557, 0.0007850830000000197, 0.0009430839999999829, 0.0011169999999999236, 0.0013734169999999324, 0.0008130410000000143, 0.0009068749999999737, 0.0010120000000000129, 0.0010279579999999955, 0.0007428750000000317, 0.006762916999999979], "combine": [0.005542999999999965, 5.000000000143778e-07, 4.1600000000308057e-07, 4.1699999997479864e-07, 5.409999999650417e-07, 4.5799999998097363e-07, 0.00332325, 0.002943000000000029, 5.000000000143778e-07, 4.999999999588667e-07, 4.5900000000820285e-07, 3.329999999635014e-07, 4.5799999998097363e-07, 5.829999999984459e-07, 4.170000000303098e-07, 5.000000000143778e-07, 5.419999999922709e-07, 4.5799999998097363e-07, 3.749999999969056e-07, 4.1600000000308057e-07, 4.1600000000308057e-07, 3.749999999969056e-07, 3.749999999969056e-07, 5.829999999984459e-07, 4.170000000303098e-07, 4.999999999588667e-07, 4.170000000303098e-07, 5.000000000143778e-07, 3.749999999969056e-07, 3.749999999969056e-07, 4.1600000000308057e-07, 4.1699999997479864e-07, 3.749999999969056e-07, 4.170000000303098e-07, 5.419999999922709e-07, 5.000000000143778e-07, 5.410000000205528e-07, 4.5799999998097363e-07, 4.5799999998097363e-07, 5.419999999922709e-07, 4.579999999254625e-07, 5.00000000069889e-07, 5.419999999922709e-07, 4.999999999588667e-07, 3.7500000005241674e-07, 4.1699999997479864e-07, 3.7499999994139444e-07, 4.1699999997479864e-07, 5.83000000053957e-07, 4.1600000000308057e-07, 4.5900000000820285e-07, 4.1699999997479864e-07, 3.7500000005241674e-07, 5.829999999429347e-07, 5.419999999922709e-07, 3.7500000005241674e-07, 4.1600000000308057e-07, 3.7500000005241674e-07, 3.7499999994139444e-07, 3.7500000005241674e-07, 3.7500000005241674e-07, 3.7499999994139444e-07, 4.1699999997479864e-07, 3.7499999994139444e-07, 5.00000000069889e-07, 4.1699999997479864e-07, 4.1600000000308057e-07, 3.3300000001901253e-07, 4.1699999997479864e-07, 4.1699999997479864e-07, 4.1699999997479864e-07, 4.1600000000308057e-07, 3.339999999907306e-07, 4.1700000008582094e-07, 4.5900000000820285e-07, 3.7500000005241674e-07, 4.1600000000308057e-07, 4.1699999997479864e-07, 3.7500000005241674e-07, 5.829999999429347e-07],