{"log_best_programs": true, "num_literals": 0, "total_programs": 143, "total_rules": 0, "total_ground_rules": 0, "durations": {"generate": [0.0004358340000000238, 0.00016566699999998047, 0.00018841699999999628, 0.0003394160000000368, 0.00012658300000001343, 0.0008355840000000003, 0.00020245899999998818, 0.0004908750000000017, 0.00034320800000003926, 0.00020254199999997224, 0.0005122920000000253, 0.00021208300000002955, 0.00021175000000001054, 0.00015345900000002244, 0.0002159169999999544, 0.00019004100000002966, 0.00020208300000001955, 0.00031562499999998606, 0.0003379589999999988, 0.0005622499999999864, 0.0001927089999999576, 0.000309541999999996, 0.0003409999999999802, 0.0001958329999999786, 0.00018045799999999446, 0.00034041599999995453, 0.0007887079999999713, 0.00020087499999998926, 0.00024808300000001005, 0.00017450000000002186, 0.00020016699999997334, 0.0001843750000000144, 0.00020737500000000963, 0.00022895800000000133, 0.0006658330000000046, 0.0001867500000000133, 0.00021575000000001454, 0.00017587500000004752, 0.00034975000000003753, 0.0007077910000000132, 0.00021020900000001674, 0.0002210409999999774, 0.00016537500000002314, 0.00024129200000000406, 0.00019758300000000117, 0.0002894999999999981, 0.0001994160000000078, 0.00020529099999999634, 0.0002649579999999818, 0.00018000000000001348, 0.0001863750000000164, 0.00018495799999995732, 0.0001867080000000354, 0.00018495800000001283, 0.00018200000000001548, 0.0006759590000000038, 0.00015333299999997774, 0.0003087920000000022, 0.00015204200000001888, 0.0005374580000000462, 0.00019799999999997597, 0.00020008299999996204, 0.00042479200000000716, 0.00018524999999997016, 0.00017383399999998383, 0.0001770409999999889, 0.00018770800000000865, 0.0001831670000000396, 0.0010668749999999672, 0.0001994160000000078, 0.00017699999999998273, 0.00017325000000001367, 0.00023158299999997967, 0.00019374999999999254, 0.00024358299999999167, 0.00043725000000000014, 0.00018533400000003697, 0.00018579200000001794, 0.00024495800000001733, 0.00018529199999994805, 0.00021158300000001518, 0.0012073329999999771, 0.00023074999999994628, 0.00021925000000000416, 0.00019733399999999346, 0.0002062910000000251, 0.00037249999999999783, 0.00021329200000008708, 0.0002347080000000279, 0.00022612499999996594, 0.0002302499999999874, 0.00020733400000005897, 0.00021199999999998997, 0.000229874999999935, 0.0002286669999999047, 0.00018866699999997572, 0.000184666, 0.00020120800000000827, 0.00022291699999998915, 0.00019729099999998834, 0.00020649999999999835, 0.00022091599999995992, 0.00018974999999998854, 0.00026883300000002386, 0.0006563749999999313, 0.00015220800000004253, 0.00018337499999998563, 0.0001867920000000467, 0.00022929100000002034, 0.0001462919999999368, 0.00020462500000006933, 0.00015133300000003125, 0.0006525420000000892, 0.00018370800000000465, 0.0001574579999999992, 0.0001623330000000145, 0.0001794579999999657, 0.00024479099999996645, 0.0001830409999999949, 0.0001922919999999273, 0.0002959589999999013, 0.0004053330000000077, 0.00020025000000001292, 0.00014487499999993325, 0.0001643750000001054, 0.00015604199999996737, 0.00028433299999996997, 0.000381875000000087, 0.00015887500000000276, 0.0003162080000000955, 0.00014779100000006373, 0.0002030410000000149, 0.00014750000000007812, 0.0007107920000000156, 0.00018899999999999473, 0.00037166699999990893, 0.00016766600000006626, 0.0011375000000000135, 0.00021008399999999927, 0.0002478750000000085, 0.0002159170000000099, 0.0020167500000000116, 0.00024983400000000433, 0.0038319169999999625], "find_bindings_prolog": [0.01211000000000001, 0.0007722500000000299, 0.0007207920000000256, 0.0005774159999999973, 0.0007707500000000422, 0.000744208000000024, 0.0007138750000000305, 0.0008214170000000465, 0.0007288340000000115, 0.0006277080000000046, 0.0007044580000000189, 0.0006333330000000137, 0.0007893340000000304, 0.0007824579999999859, 0.0013106660000000159, 0.0007610419999999896, 0.0006761249999999719, 0.0005241659999999926, 0.0006972080000000047, 0.0007091249999999771, 0.0005015839999999994, 0.0008383329999999689, 0.0008176669999999664, 0.0006914170000000275, 0.0005581659999999711, 0.0004624579999999989, 0.0004603340000000067, 0.0007447920000000496, 0.000628666, 0.0007899579999999795, 0.0007421249999999824, 0.0004333330000000357, 0.0007755839999999958, 0.0006759590000000038, 0.0007509170000000176, 0.0007546669999999867, 0.0008002089999999962, 0.0008734169999999875, 0.000871167000000006, 0.0008044999999999858, 0.000776082999999983, 0.0007594580000000462, 0.0007677919999999894, 0.0007859169999999693, 0.000754208000000034, 0.0007874159999999852, 0.0006618749999999785, 0.0008429159999999714, 0.0007637500000000075, 0.0006059169999999559, 0.0006320419999999993, 0.0006253750000000391, 0.0007949580000000123, 0.0007669169999999781, 0.0006602920000000068, 0.0006763340000000007, 0.0006364580000000064, 0.0006304169999999942, 0.0006614999999999815, 0.0006210420000000161, 0.0006685419999999942, 0.0007984169999999957, 0.0007479169999999868, 0.0006297910000000462, 0.0007504999999999873, 0.0007643329999999504, 0.0008126669999999891, 0.000803832999999976, 0.0008060000000000289, 0.0008020420000000028, 0.0006723750000000028, 0.0006783340000000027, 0.0007953750000000426, 0.0007973330000000667, 0.0007612089999999849, 0.0008575000000000665, 0.0008316250000000025, 0.000819499999999973, 0.0008405409999999724, 0.0008389580000000008, 0.001093957999999895, 0.0008825000000000083, 0.0007212500000000066, 0.0008151250000000276, 0.0008390830000000182, 0.000771832999999944, 0.000901625000000017, 0.0006545419999999247, 0.0006408340000000345, 0.000659167000000016, 0.0007097090000000028, 0.0007966249999999953, 0.0008149170000000261, 0.0007743340000000432, 0.0007340000000000124, 0.0007503750000000808, 0.0007818330000000095, 0.0004889580000000393, 0.00045787499999994097, 0.0004400409999999466, 0.0004486670000000137, 0.0004426249999999188, 0.0005308330000000083, 0.00047399999999997444, 0.0004692909999999273, 0.000513624999999962, 0.0004388749999999497, 0.0004357080000000346, 0.0004307090000000846, 0.0004498340000000933, 0.0004788749999999897, 0.00047199999999991693, 0.00047716600000002884, 0.0004569159999999739, 0.0005077920000000624, 0.0004252909999999943, 0.00043429100000003107, 0.0004211250000000222, 0.0007962499999999428, 0.0006669169999999891, 0.0006280410000000236, 0.0007201660000000221, 0.0007022920000000488, 0.0008017910000001072, 0.0008205840000000686, 0.0006810000000000427, 0.0006988749999999877, 0.0008091660000000278],