{"log_best_programs": true, "num_literals": 0, "total_programs": 2, "total_rules": 0, "total_ground_rules": 0, "durations": {"generate": [0.00032733399999995694, 0.0019304580000000238, 0.0005998339999999658], "find_bindings_prolog": [0.02532487499999997, 1.109656125], "bind": [5.419999999922709e-07, 0.19172329200000005], "test": [0.025592875000000015, 1.302499166], "combine": [5.829999999984459e-07, 0.04645716599999994], "constrain": [0.003233333000000005, 0.0046196670000000495]}, "final_exec_time": 1.515586666, "stages": [], "best_programs": [], "solution": null, "is_solution": false, "stats_file": "./results/list_magicvaluesameclause/magicpopper/13/3/stats.json", "end": true, "__type__": "Stats"}