{"log_best_programs": true, "num_literals": 0, "total_programs": 1, "total_rules": 0, "total_ground_rules": 0, "durations": {"generate": [0.001823499999999978, 0.005519875000004504], "find_bindings_prolog": [95.731798083], "test": [97.289571041], "combine": [0.005304958000010629], "constrain": [0.008208332999998902]}, "final_exec_time": 97.382667875, "stages": [], "best_programs": [], "solution": {"code": "sumk(A):- my_member(A,B),my_member(A,C),add(B,C,295685200623),magic(295685200623).", "is_solution": true, "conf_matrix": [10, 0, 10, 0], "total_exec_time": 97.382665666, "durations": [{"operation": "Test", "called": 1, "total": 97.289571041, "mean": 97.289571041, "maximum": 97.289571041, "__type__": "DurationSummary"}, {"operation": "Find_Bindings_Prolog", "called": 1, "total": 95.731798083, "mean": 95.731798083, "maximum": 95.731798083, "__type__": "DurationSummary"}, {"operation": "Generate", "called": 1, "total": 0.001823499999999978, "mean": 0.001823499999999978, "maximum": 0.001823499999999978, "__type__": "DurationSummary"}], "__type__": "ProgramStats"}, "is_solution": true, "stats_file": "./results/sumk/magicpopper_args/3/stats.json", "end": true, "__type__": "Stats"}