{"log_best_programs": true, "num_literals": 0, "total_programs": 186, "total_rules": 0, "total_ground_rules": 0, "durations": {"generate": [1.4421410829999999, 0.0014812910000001622, 0.0021252500000001895, 0.0023205840000000144, 0.06487895799999999, 0.002360708999999961, 0.003570000000000295, 0.0023009169999999024, 0.0012130830000001147, 0.0013242920000000602, 0.0013231249999998695, 0.011414749999999696, 0.000793374999999763, 0.002063665999999742, 0.006689834000000339, 0.0007489579999999663, 0.000771499999999925, 2.2906461659999997, 0.0010898749999999069, 0.0007065409999995609, 0.0014334169999994373, 0.0010947919999999556, 0.0012161250000000123, 0.0010120840000000797, 0.0010788330000002233, 0.0010738749999994468, 0.0011839160000004512, 0.0010361669999996437, 0.0012155419999997363, 0.0008192500000001601, 0.0009793750000000045, 0.0007603749999995912, 0.006677166000000234, 0.0008194169999997669, 0.0008649580000001933, 0.001075166999999766, 0.004683291999999284, 0.0008972500000004047, 0.0007945000000004754, 0.001076958999999711, 0.0033930829999997414, 0.0009483330000001899, 0.0009398330000003341, 0.0009315829999998471, 0.04745237500000066, 0.0016623330000005154, 0.0008943749999996697, 0.0009064159999994104, 0.002077707999999845, 0.0012239590000007183, 0.0016487089999994708, 0.0012542079999997569, 0.0057133750000000205, 0.00572170800000027, 0.0032334159999996004, 0.005282874999999798, 0.02364104200000039, 0.001036208999999566, 0.0008645840000003346, 0.004613499999999604, 0.0019492090000001738, 0.0017469160000000983, 0.06804045900000055, 0.004628667000000419, 0.07990049999999904, 0.0006867079999999248, 0.0016745829999997852, 0.0009674589999999483, 0.06215616700000126, 0.0009140419999997818, 0.04705754099999915, 0.000923084000000074, 4.3501094160000005, 0.001008000000000564, 0.000935750000000013, 0.0010951670000007852, 0.0015803749999996342, 0.0013869159999995162, 0.0011620000000007735, 0.0012095830000014018, 0.0012707499999997651, 0.0012425000000000352, 0.0012092910000003343, 0.0013466250000000457, 0.0009673330000001812, 0.001006290999999493, 0.0011695829999993634, 0.0012992920000005626, 0.0009080420000007194, 0.0012638749999993593, 0.0013194170000012662, 0.0013376669999995983, 0.0012642920000001112, 0.0012378749999992777, 0.0012400840000008628, 0.001185875000000891, 0.0011343749999994657, 0.001175332999999057, 0.0013098340000006203, 0.0013040420000010045, 0.0014902079999998818, 0.0011624999999995111, 0.0018094579999985427, 0.0012008340000004836, 0.0013682080000005925, 0.0009069159999999243, 0.0012566249999999002, 0.0010394999999991938, 0.001313792000001257, 0.0007797089999996842, 0.0013672500000012633, 0.0013301659999989113, 0.0011797499999985916, 0.0014227079999997727, 0.0007148749999998927, 0.0013158329999996, 0.0018390000000003681, 0.001304624999999504, 0.0012127500000005398, 0.0013315829999989148, 0.0011887090000008982, 0.0011957080000009057, 0.0012463330000009876, 0.001484333000000504, 0.0011323750000009625, 0.0012337500000008106, 0.0007815840000020557, 0.0015319999999974243, 0.001011667000000216, 0.001231084000000493, 0.0007288750000000732, 0.001521832999998196, 0.001084124999998437, 0.0014857920000004299, 0.0008684999999992726, 0.0010021249999994097, 0.0016099999999994452, 0.0010647499999976162, 0.0012928750000007483, 0.0008300419999969222, 0.0017667500000015934, 0.0010685000000023592, 0.0023515830000029325, 0.002363208999998534, 0.001067125000002278, 0.0019215000000016857, 0.0015316670000018462, 0.001670499999999464, 0.0012620420000004628, 0.0023643750000026387, 0.001600667000001721, 0.002487250000001495, 0.0016809999999978231, 0.002524541999999741, 0.0015563339999999926, 0.0012701249999977904, 0.0022067079999992245, 0.001030040999999926, 0.003637915999998853, 0.00167575000000042, 0.0037674169999988294, 0.0010623330000001374, 0.0019931249999984857, 0.001699750000000222, 0.0010150409999987176, 0.003254915999999497, 0.0012256669999999303, 0.0013417079999982207, 0.0009330829999996126, 0.0027206659999983174, 0.0007727079999995112, 0.0014681660000022134, 0.0018876670000018692, 0.004283834000002429, 0.0012865000000026328, 0.0031520000000000437, 0.0017077919999977098, 0.0015114169999996818, 0.0014235410000011939, 0.0013465000000003613, 0.0016655000000014297, 0.0013763750000030939, 0.0019243330000016101, 0.0012998330000009162, 0.0018044169999988924, 0.001505542000000304],