{"log_best_programs": true, "num_literals": 0, "total_programs": 30, "total_rules": 0, "total_ground_rules": 0, "durations": {"generate": [0.00039637500000000436, 0.0003293749999999651, 0.0003387089999999926, 0.0003029159999999864, 0.0003719589999999773, 0.00027599999999999847, 0.00027200000000005, 0.00033250000000001334, 0.00026779199999998893, 0.0003259590000000423, 0.0002635420000000055, 0.00029208299999999854, 0.00027820900000002924, 0.000310332999999996, 0.0004301660000000096, 0.00029529200000000255, 0.0002807499999999963, 0.0002668340000000491, 0.0002783330000000195, 0.0002687089999999781, 0.0002870000000000372, 0.00035695899999999003, 0.0003206249999999633, 0.00027724999999995115, 0.00030212500000004194, 0.00036870799999999537, 0.00025208300000001405, 0.0006581660000000156, 0.000591083999999964, 0.0003852910000000098, 0.00011349999999998861], "test": [0.02267137500000005, 0.00528237499999995, 0.0005600000000000049, 0.0020457090000000067, 0.0021082080000000003, 0.002323249999999999, 0.0005851669999999976, 0.0005715000000000026, 0.0005579589999999968, 0.0005758750000000035, 0.0005747500000000128, 0.0022447090000000114, 0.0026438340000000116, 0.002742042, 0.0005539579999999655, 0.0027020830000000218, 0.0005584579999999839, 0.0005479160000000372, 0.0005347089999999666, 0.0005090829999999658, 0.0022044580000000202, 0.0007229579999999958, 0.0004001670000000068, 0.0003094169999999785, 0.0004378749999999765, 0.0003567500000000168, 0.00031612500000000043, 0.01161020800000001, 0.0006057919999999939, 0.009531667000000021], "combine": [5.419999999922709e-07, 0.003444959000000025, 4.1699999997479864e-07, 0.0020941250000000022, 5.419999999922709e-07, 4.5799999998097363e-07, 3.3300000001901253e-07, 3.749999999969056e-07, 3.749999999969056e-07, 3.749999999969056e-07, 3.749999999969056e-07, 3.749999999969056e-07, 4.5799999998097363e-07, 3.749999999969056e-07, 4.1699999997479864e-07, 4.1600000000308057e-07, 3.749999999969056e-07, 3.329999999635014e-07, 3.749999999969056e-07, 4.170000000303098e-07, 4.5900000000820285e-07, 3.7500000005241674e-07, 3.749999999969056e-07, 4.589999999526917e-07, 4.589999999526917e-07, 4.1699999997479864e-07, 3.749999999969056e-07, 5.840000000256751e-07, 5.419999999922709e-07, 0.003304124999999991], "constrain": [0.001283582999999977, 0.0009189170000000191, 0.0010363340000000276, 0.00011862499999998333, 0.0009865840000000126, 0.0001367499999999633, 0.0011317089999999808, 0.00020649999999999835, 0.00017254199999999775, 0.00017262500000003733, 0.00017087500000001477, 8.837499999997389e-05, 0.00019849999999999035, 7.695799999996034e-05, 0.00017408399999996327, 0.00011108399999998353, 0.00017345899999998693, 0.00017229200000001832, 0.00017133400000002297, 0.00017024999999998291, 0.00011541700000000654, 0.00019520800000000227, 0.00014854199999997375, 0.00014725000000004318, 0.00016183399999997183, 0.00018900000000005024, 0.000176665999999992, 0.0014350410000000258, 0.0011854169999999664, 0.00014220799999997702], "find_bindings_prolog": [0.004359999999999975, 0.0003818329999999981, 0.0012090419999999935, 0.0010349999999999526, 0.0012500409999999795, 0.0004002499999999909, 0.00038529199999998154, 0.00037512499999997617, 0.0003937920000000039, 0.00039595800000002956, 0.0009721249999999904, 0.0010914589999999613, 0.0013496249999999654, 0.0003700829999999655, 0.0013223749999999868, 0.00037408300000002503, 0.0003690000000000082, 0.0003570410000000024, 0.0003327499999999928, 0.0009375409999999862, 0.0003953329999999977, 0.010016499999999984, 0.007026374999999974], "inconsistent thingy": [2.9169999999911767e-06]}, "final_exec_time": 0.156718625, "stages": [], "best_programs": [], "solution": {"code": "magic_value(A):- head(A,c7),magic(c7).\nmagic_value(A):- tail(A,B),magic_value(B).", "is_solution": true, "conf_matrix": [10, 0, 10, 0], "total_exec_time": 0.156716917, "durations": [{"operation": "Test", "called": 30, "total": 0.07738837700000001, "mean": 0.002579612566666667, "maximum": 0.02267137500000005, "__type__": "DurationSummary"}, {"operation": "Find_Bindings_Prolog", "called": 23, "total": 0.03510062299999972, "mean": 0.0015261140434782486, "maximum": 0.010016499999999984, "__type__": "DurationSummary"}, {"operation": "Constrain", "called": 29, "total": 0.011425754999999926, "mean": 0.0003939915517241354, "maximum": 0.0014350410000000258, "__type__": "DurationSummary"}, {"operation": "Generate", "called": 30, "total": 0.009977127000000086, "mean": 0.0003325709000000029, "maximum": 0.0006581660000000156, "__type__": "DurationSummary"}, {"operation": "Combine", "called": 29, "total": 0.005550461999999867, "mean": 0.00019139524137930578, "maximum": 0.003444959000000025, "__type__": "DurationSummary"}, {"operation": "Inconsistent Thingy", "called": 1, "total": 2.9169999999911767e-06, "mean": 2.9169999999911767e-06, "maximum": 2.9169999999911767e-06, "__type__": "DurationSummary"}], "__type__": "ProgramStats"}, "is_solution": true, "stats_file": "./results/list_example/magicpopper_types/10/3/stats.json", "end": true, "__type__": "Stats"}