{"log_best_programs": true, "num_literals": 0, "total_programs": 8, "total_rules": 0, "total_ground_rules": 0, "durations": {"generate": [0.0003804999999998948, 0.0006352920000001205, 0.0014635409999999016, 0.0011919170000000978, 0.0018793749999999054, 0.0006510829999999412, 0.0010186249999999397, 0.0005762919999998672, 0.0010892080000002302], "find_bindings_prolog": [0.027032708000000127, 0.035583957999999916, 0.13718304199999998, 0.1527692919999999, 0.15078958300000012, 0.1574510840000003], "test": [0.03157058299999993, 0.04926408299999996, 0.018576833000000015, 0.13750183299999996, 0.01850558399999991, 0.153105708, 0.15112412500000016, 0.15795879200000007], "combine": [0.03905150000000002, 0.005007625000000182, 5.00000000069889e-07, 5.829999998319124e-07, 7.500000001048335e-07, 4.580000001475071e-07, 5.419999999922709e-07, 6.250000001983835e-07], "constrain": [0.0017541670000000842, 0.0023422090000000395, 0.0004253749999998391, 0.003039333000000033, 0.0005321250000001054, 0.005246542000000076, 0.005164417000000032, 0.0019719999999998628]}, "final_exec_time": 2.0518025, "stages": [], "best_programs": [], "solution": {"code": "magic_value(A):- head(A,rv),magic(rv).\nmagic_value(A):- head(A,pp),magic(pp).\nmagic_value(A):- head(A,re),magic(re).\nmagic_value(A):- head(A,os),magic(os).\nmagic_value(A):- head(A,fw),magic(fw).\nmagic_value(A):- head(A,b),magic(b).\nmagic_value(A):- head(A,en),magic(en).\nmagic_value(A):- head(A,ao),magic(ao).\nmagic_value(A):- head(A,t),magic(t).\nmagic_value(A):- head(A,ig),magic(ig).\nmagic_value(A):- head(A,kf),magic(kf).\nmagic_value(A):- head(A,kz),magic(kz).\nmagic_value(A):- head(A,gv),magic(gv).\nmagic_value(A):- head(A,fv),magic(fv).\nmagic_value(A):- head(A,gj),magic(gj).\nmagic_value(A):- head(A,bt),magic(bt).\nmagic_value(A):- head(A,gl),magic(gl).\nmagic_value(A):- head(A,pe),magic(pe).\nmagic_value(A):- head(A,c),magic(c).\nmagic_value(A):- head(A,w),magic(w).\nmagic_value(A):- head(A,hd),magic(hd).\nmagic_value(A):- head(A,e),magic(e).\nmagic_value(A):- head(A,io),magic(io).\nmagic_value(A):- head(A,af),magic(af).\nmagic_value(A):- head(A,go),magic(go).\nmagic_value(A):- head(A,hg),magic(hg).\nmagic_value(A):- head(A,ee),magic(ee).\nmagic_value(A):- head(A,nb),magic(nb).\nmagic_value(A):- head(A,bb),magic(bb).\nmagic_value(A):- head(A,lh),magic(lh).\nmagic_value(A):- head(A,se),magic(se).\nmagic_value(A):- head(A,rd),magic(rd).\nmagic_value(A):- head(A,my),magic(my).\nmagic_value(A):- head(A,gg),magic(gg).\nmagic_value(A):- head(A,qn),magic(qn).\nmagic_value(A):- head(A,by),magic(by).\nmagic_value(A):- head(A,hc),magic(hc).\nmagic_value(A):- head(A,qe),magic(qe).\nmagic_value(A):- head(A,oh),magic(oh).\nmagic_value(A):- head(A,jj),magic(jj).\nmagic_value(A):- head(A,cw),magic(cw).\nmagic_value(A):- head(A,mc),magic(mc).\nmagic_value(A):- head(A,rz),magic(rz).\nmagic_value(A):- head(A,bw),magic(bw).\nmagic_value(A):- head(A,bg),magic(bg).\nmagic_value(A):- head(A,ho),magic(ho).\nmagic_value(A):- head(A,fm),magic(fm).\nmagic_value(A):- head(A,jy),magic(jy).\nmagic_value(A):- head(A,no),magic(no).\nmagic_value(A):- head(A,am),magic(am).", "is_solution": true, "conf_matrix": [200, 0, 200, 0], "total_exec_time": 2.051799958, "durations": [{"operation": "Test", "called": 1, "total": 0.03157058299999993, "mean": 0.03157058299999993, "maximum": 0.03157058299999993, "__type__": "DurationSummary"}, {"operation": "Find_Bindings_Prolog", "called": 1, "total": 0.027032708000000127, "mean": 0.027032708000000127, "maximum": 0.027032708000000127, "__type__": "DurationSummary"}, {"operation": "Generate", "called": 1, "total": 0.0003804999999998948, "mean": 0.0003804999999998948, "maximum": 0.0003804999999998948, "__type__": "DurationSummary"}], "__type__": "ProgramStats"}, "is_solution": true, "stats_file": "./results/list_magicvalues_multipleclauses/magicpopper/50/0/stats.json", "end": true, "__type__": "Stats"}