{"log_best_programs": true, "num_literals": 0, "total_programs": 10, "total_rules": 0, "total_ground_rules": 0, "durations": {"generate": [0.000417542000000104, 0.00037495800000009183, 0.0004184169999996712, 0.0004187500000005784, 0.0004881250000003945, 0.00034845900000046726, 0.00037824999999980236, 0.0004434169999996129, 0.0003737500000005056, 0.0004138750000004521], "test": [0.05520837500000031, 0.07216375000000053, 0.019570959000000165, 0.2319016669999998, 0.23072441700000024, 0.06304004099999982, 0.019888250000000163, 0.016036209000000134, 0.015587499999999643, 0.37496595899999985], "combine": [7.07999999960407e-07, 0.05026512500000013, 5.420000004363601e-07, 0.07961079200000043, 7.090000000431473e-07, 0.07988262499999976, 5.410000003536197e-07, 5.000000005139782e-07, 4.999999996257998e-07], "constrain": [0.0013507090000004496, 0.0013612919999994588, 0.0016153330000001631, 0.00018145800000013423, 0.0014853339999998383, 0.0002143749999996558, 0.0017575000000000784, 0.0002946670000003593, 0.00024458299999974287], "find_bindings_prolog": [0.07163262500000034, 0.019231833000000087, 0.23137662500000022, 0.23014929100000003, 0.06245345900000032, 0.01951191699999999, 0.015663540999999448, 0.015217374999999755, 0.37238458399999974]}, "final_exec_time": 7.324667834, "stages": [], "best_programs": [], "solution": {"code": "magic_value(A):- head(A,cg),last(A,cg),magic(cg).\nmagic_value(A):- head(A,dv),last(A,dv),magic(dv).\nmagic_value(A):- head(A,fz),last(A,fz),magic(fz).\nmagic_value(A):- last(A,ff),head(A,ff),magic(ff).\nmagic_value(A):- last(A,cz),head(A,cz),magic(cz).\nmagic_value(A):- head(A,fn),last(A,fn),magic(fn).\nmagic_value(A):- head(A,bk),last(A,bk),magic(bk).\nmagic_value(A):- head(A,c7),magic(c7).\nmagic_value(A):- last(A,fq),head(A,fq),magic(fq).\nmagic_value(A):- tail(A,C),head(C,c7),magic(c7).\nmagic_value(A):- last(A,cn),head(A,cn),magic(cn).\nmagic_value(A):- head(A,gg),last(A,gg),magic(gg).\nmagic_value(A):- head(A,bi),last(A,bi),magic(bi).\nmagic_value(A):- last(A,y),head(A,y),magic(y).\nmagic_value(A):- last(A,r),head(A,r),magic(r).\nmagic_value(A):- head(A,z),last(A,z),magic(z).\nmagic_value(A):- last(A,fw),head(A,fw),magic(fw).\nmagic_value(A):- last(A,c7),magic(c7).\nmagic_value(A):- head(A,bt),last(A,bt),magic(bt).\nmagic_value(A):- last(A,ex),head(A,ex),magic(ex).\nmagic_value(A):- head(A,dq),last(A,dq),magic(dq).\nmagic_value(A):- head(A,cf),last(A,cf),magic(cf).", "is_solution": true, "conf_matrix": [0, 0, 0, 0], "total_exec_time": 7.324643625, "durations": [{"operation": "Test", "called": 10, "total": 1.0990871270000007, "mean": 0.10990871270000006, "maximum": 0.37496595899999985, "__type__": "DurationSummary"}, {"operation": "Find_Bindings_Prolog", "called": 9, "total": 1.03762125, "mean": 0.11529125, "maximum": 0.37238458399999974, "__type__": "DurationSummary"}, {"operation": "Combine", "called": 9, "total": 0.20976204200000126, "mean": 0.023306893555555694, "maximum": 0.07988262499999976, "__type__": "DurationSummary"}, {"operation": "Constrain", "called": 9, "total": 0.00850525099999988, "mean": 0.0009450278888888756, "maximum": 0.0017575000000000784, "__type__": "DurationSummary"}, {"operation": "Generate", "called": 10, "total": 0.00407554300000168, "mean": 0.000407554300000168, "maximum": 0.0004881250000003945, "__type__": "DurationSummary"}], "__type__": "ProgramStats"}, "is_solution": true, "stats_file": "./results/list_example/magicpopper_types/4000/4/stats.json", "end": false, "__type__": "Stats"}