{"log_best_programs": true, "num_literals": 0, "total_programs": 22, "total_rules": 0, "total_ground_rules": 0, "durations": {"generate": [0.0004970420000000031, 0.0003318749999999815, 0.00043962499999999904, 0.0002730420000000011, 0.00029212500000003194, 0.0002927080000000304, 0.00046087500000002724, 0.0003185829999999834, 0.0002881660000000341, 0.0002753749999999666, 0.0005668329999999888, 0.00029012499999997443, 0.0002606249999999588, 0.0002490829999999833, 0.0008211659999999843, 0.00034800000000001496, 0.00041358299999999515, 0.00036470799999999137, 0.0003455840000000654, 0.00045491699999999913, 0.0005810000000000537, 0.00032329199999991953, 0.007597332999999984], "test": [0.000618208000000009, 0.00038716599999999435, 0.04503558299999999, 0.02602008299999997, 0.03182637499999996, 0.0012001660000000025, 0.004008917000000001, 0.0015722499999999973, 0.003481624999999988, 0.0006125419999999937, 0.0037846670000000193, 0.0013311249999999886, 0.0031385829999999726, 0.0004976250000000015, 0.006878790999999995, 0.006584792000000006, 0.04928416699999999, 0.00710483400000006, 0.006994916000000018, 0.007055707999999994, 0.007015334000000095, 0.031791000000000014], "combine": [5.839999999701639e-07, 5.410000000205528e-07, 0.0038211669999999587, 5.839999999701639e-07, 7.07999999960407e-07, 5.410000000205528e-07, 5.419999999922709e-07, 5.000000000143778e-07, 5.000000000143778e-07, 4.5799999998097363e-07, 4.999999999588667e-07, 4.5799999998097363e-07, 4.5900000000820285e-07, 4.170000000303098e-07, 5.42000000047782e-07, 4.1699999997479864e-07, 6.249999999763389e-07, 4.1699999997479864e-07, 4.580000000364848e-07, 5.840000000256751e-07, 5.419999999922709e-07, 0.002572624999999995], "constrain": [0.0023909579999999986, 0.0003202919999999998, 0.0022876670000000487, 0.0010159169999999773, 0.0005322909999999625, 0.002773541999999962, 0.001267083999999974, 0.0008674999999999655, 0.0008566249999999997, 0.0009753750000000005, 0.0012690000000000201, 0.0008337079999999886, 0.0008152499999999896, 0.000937416999999996, 0.004929749999999955, 0.0018824159999999979, 0.001053707999999931, 0.004464916999999957, 0.0019138749999999538, 0.0019435839999999427, 0.0019100000000000783, 0.001030207999999977], "find_bindings_prolog": [0.041110917000000025, 0.018141667000000028, 0.026409915999999978, 0.002582958000000024, 0.00134258399999998, 0.002457374999999984, 0.002375917000000005, 0.0011225000000000263, 0.0021537909999999605, 0.006658166000000021, 0.006375416000000023, 0.044397540999999985, 0.006855916999999989, 0.006769791999999941, 0.006834000000000007, 0.006784000000000012, 0.02710849999999998]}, "final_exec_time": 0.36111120799999996, "stages": [], "best_programs": [], "solution": {"code": "magic_value(A):- tail(A,B),my_append(C,['aag'],B),magic(['aag']).", "is_solution": true, "conf_matrix": [10, 0, 10, 0], "total_exec_time": 0.36110891700000003, "durations": [{"operation": "Test", "called": 22, "total": 0.24622445700000006, "mean": 0.011192020772727275, "maximum": 0.04928416699999999, "__type__": "DurationSummary"}, {"operation": "Find_Bindings_Prolog", "called": 17, "total": 0.20948095699999997, "mean": 0.012322409235294115, "maximum": 0.044397540999999985, "__type__": "DurationSummary"}, {"operation": "Constrain", "called": 21, "total": 0.0352408759999997, "mean": 0.001678136952380938, "maximum": 0.004929749999999955, "__type__": "DurationSummary"}, {"operation": "Generate", "called": 22, "total": 0.008488331999999987, "mean": 0.00038583327272727217, "maximum": 0.0008211659999999843, "__type__": "DurationSummary"}, {"operation": "Combine", "called": 21, "total": 0.003831543999999909, "mean": 0.00018245447619047185, "maximum": 0.0038211669999999587, "__type__": "DurationSummary"}], "__type__": "ProgramStats"}, "is_solution": true, "stats_file": "./results/list_append/magicpopper_args/2/3/stats.json", "end": true, "__type__": "Stats"}