{"log_best_programs": true, "num_literals": 0, "total_programs": 143, "total_rules": 0, "total_ground_rules": 0, "durations": {"generate": [0.00027087500000000375, 0.0001222909999999966, 0.00015270900000002863, 0.00034720799999998775, 0.00012154100000000279, 0.0005898750000000175, 0.00017175000000002605, 0.0005349159999999964, 0.00020066700000004323, 0.00020575000000000454, 0.0004924169999999672, 0.00016245800000003197, 0.00014641599999998256, 0.000197541999999995, 0.00018708400000000402, 0.00015737499999995963, 0.00016970799999999064, 0.00021137500000001364, 0.0002434579999999742, 0.0005927920000000086, 0.00017191700000002141, 0.0002627500000000338, 0.0003002500000000019, 0.0001614999999999811, 0.00015808300000003106, 0.00017062500000003533, 0.0006778749999999945, 0.00020083299999995585, 0.000321542000000008, 0.00016816600000002513, 0.00013887499999998276, 0.00017037499999994488, 0.0001290409999999964, 0.00016745899999992542, 0.000627166999999984, 0.0003617910000000002, 0.00017608400000002078, 0.00019233299999998898, 0.0001751250000000537, 0.00041883399999997906, 0.0001667079999999599, 0.00020474999999997578, 0.00017437499999994888, 0.00017683300000004287, 0.00016062500000002533, 0.00016649999999995835, 0.00015887500000000276, 0.00025862500000006783, 0.0001379169999999874, 0.00022829200000007432, 0.00015408299999997155, 0.00015366599999999675, 0.0001582919999999488, 0.00017091699999993715, 0.0001930829999999828, 0.0002795840000000549, 0.000618290999999993, 0.00017999999999995797, 0.00018762500000002458, 0.0001687920000000842, 0.0005480420000000263, 0.0001987079999999919, 0.00019341699999997353, 0.00019487500000003877, 0.00020425000000001692, 0.00022233299999996348, 0.00018608300000000355, 0.00019074999999990627, 0.001117124999999941, 0.00019791599999996468, 0.00020500000000001073, 0.00018766699999994696, 0.00018366700000005398, 0.00018429099999994758, 0.0005133330000000047, 0.0001832090000000175, 0.00021395799999990306, 0.00020375000000005805, 0.00021487500000005877, 0.0002817499999999695, 0.00017008299999998755, 0.0012238750000002074, 0.0002567500000001388, 0.0002130419999999411, 0.0001953749999998866, 0.00021054099999995302, 0.00020558299999984264, 0.00020170800000007816, 0.00020904200000004813, 0.000501542000000077, 0.0002056670000001315, 0.00022641699999992326, 0.00019679199999989017, 0.00021995799999996457, 0.00018979200000002194, 0.00020841699999984975, 0.00020108300000010182, 0.00020179200000014497, 0.00021500000000007624, 0.0004006249999999323, 0.00021350000000008862, 0.00018683299999988634, 0.00018366699999994296, 0.0003922910000000446, 0.00031112499999985666, 0.00014508300000004581, 0.00016533299999998974, 0.00015320799999996026, 0.0001998329999999271, 0.00012775000000009307, 0.00014279199999989167, 0.00013670800000009642, 0.000652958999999953, 0.00018495800000017937, 0.00017770800000005416, 0.0001757909999999807, 0.000156000000000045, 0.0003347920000000837, 0.0002007500000000828, 0.00018208300000011057, 0.00020308400000002003, 0.0004593339999998669, 0.0001689999999998637, 0.0001603750000001014, 0.0001572080000000753, 0.00020454100000000253, 0.00014300000000000423, 0.00020758299999990015, 0.00017633400000005572, 0.0001854580000000272, 0.00015445799999991294, 0.00028104200000012014, 0.00015337500000001114, 0.0006568330000000788, 0.00016933299999988272, 0.0003549169999998991, 0.0001794999999999991, 0.0008439160000000001, 0.00019520899999991848, 0.0004892080000000743, 0.00024491700000006666, 0.001413292000000066, 0.00025983400000018086, 0.003468958000000022], "find_bindings_prolog": [0.011359999999999981, 0.0077947079999999835, 0.004964000000000024, 0.001215875000000033, 0.0021355419999999903, 0.007993749999999966, 0.005261915999999978, 0.008235334000000039, 0.007790208999999992, 0.007737709000000037, 0.008194082999999963, 0.008308917000000027, 0.008259791999999988, 0.005445792000000005, 0.009898583000000016, 0.00482154100000004, 0.001202709000000024, 0.002046167000000043, 0.005011166999999983, 0.002197208000000006, 0.0021254580000000245, 0.00118841599999997, 0.0021901249999999872, 0.0015041250000000228, 0.0006513750000000096, 0.0005562500000000359, 0.0006068329999999733, 0.0005694169999999055, 0.009303249999999985, 0.009067333999999927, 0.009373167000000016, 0.009324042000000032, 0.006407415999999944, 0.010360166999999976, 0.006411292000000013, 0.009231916999999923, 0.009395625000000019, 0.008611709000000078, 0.008940834000000009, 0.008449041999999962, 0.005786000000000069, 0.008544208000000109, 0.005407416999999914, 0.008302249999999955, 0.008370250000000024, 0.008519541999999936, 0.008577041000000007, 0.008965041999999923, 0.009183291000000038, 0.009207000000000076, 0.006409082999999982, 0.009128667000000035, 0.0062780409999999565, 0.009498167000000057, 0.009843208000000048, 0.0064971249999999925, 0.009940124999999966, 0.00987454199999993, 0.009933624999999946, 0.006397916000000059, 0.009931667000000033, 0.010272082999999932, 0.007040208000000048, 0.007072915999999929, 0.010600374999999995, 0.010168124999999972, 0.006646332999999949, 0.006546124999999958, 0.010489209000000055, 0.010596458999999947, 0.006872958999999956, 0.006675125000000004, 0.006657415999999916, 0.009362666999999991, 0.009865583000000067, 0.009829292000000045, 0.010023541999999885, 0.010142708999999916, 0.006475832999999875, 0.006859417000000034, 0.010536833999999828, 0.010168541000000086, 0.010498458000000044, 0.01056233299999998, 0.005837083000000076, 0.009328125000000131, 0.009426958000000152, 0.005870041999999964, 0.006315375000000012, 0.00884237500000018, 0.006314125000000059, 0.009784249999999828, 0.00979587500000001, 0.009764832999999973, 0.00878583299999991, 0.006045957999999851, 0.009860750000000085, 0.0007044999999998858, 0.0006895839999998543, 0.0006996249999999815, 0.0006773339999999184, 0.0006869999999998821, 0.000754290999999796, 0.0014184580000000668, 0.0006201249999999714, 0.001234041000000019, 0.0006663330000000744, 0.0005820839999999272, 0.000584958999999996, 0.0006025419999999837, 0.0005503339999999302, 0.00053320900000009, 0.0005447499999999827, 0.0005801249999999314, 0.0006503749999999808, 0.000652083000000081, 0.0006197079999998856, 0.0005858329999999246, 0.008273167000000026, 0.00864133300000014, 0.008163624999999897, 0.008759791999999988, 0.008799792000000028, 0.00852458300000003, 0.008522249999999953, 0.00855775000000003, 0.009063249999999856, 0.009094165999999904],