{"log_best_programs": true, "num_literals": 0, "total_programs": 8, "total_rules": 0, "total_ground_rules": 0, "durations": {"generate": [0.0004121669999999078, 0.0006273329999999522, 0.001358999999999888, 0.001250333999999853, 0.0015656670000001593, 0.000675750000000086, 0.0008130829999997147, 0.00202991699999977, 0.001053625000000391], "find_bindings_prolog": [0.040924957999999956, 0.03500887499999994, 0.13162845899999986, 0.1460652920000003, 0.15061345899999967, 0.14938820900000005], "test": [0.05030208300000005, 0.04750016699999993, 0.020089625, 0.13194516700000003, 0.1464347909999999, 0.020498749999999788, 0.15116679199999972, 0.14976862499999966], "combine": [0.12499945800000001, 0.012556374999999953, 5.00000000069889e-07, 7.920000000272154e-07, 6.660000000380251e-07, 5.419999999922709e-07, 6.250000001983835e-07, 6.250000001983835e-07], "constrain": [0.0019377499999999603, 0.00248708299999989, 0.00043029100000002707, 0.003354582999999911, 0.005503540999999945, 0.0020343750000000327, 0.002030749999999859, 0.0018819169999999552]}, "final_exec_time": 2.21710775, "stages": [], "best_programs": [], "solution": {"code": "magic_value(A):- head(A,rp),magic(rp).\nmagic_value(A):- head(A,mq),magic(mq).\nmagic_value(A):- head(A,rl),magic(rl).\nmagic_value(A):- head(A,at),magic(at).\nmagic_value(A):- head(A,qc),magic(qc).\nmagic_value(A):- head(A,ba),magic(ba).\nmagic_value(A):- head(A,nu),magic(nu).\nmagic_value(A):- head(A,pl),magic(pl).\nmagic_value(A):- head(A,qy),magic(qy).\nmagic_value(A):- head(A,ox),magic(ox).\nmagic_value(A):- head(A,bf),magic(bf).\nmagic_value(A):- head(A,ou),magic(ou).\nmagic_value(A):- head(A,jh),magic(jh).\nmagic_value(A):- head(A,kq),magic(kq).\nmagic_value(A):- head(A,mb),magic(mb).\nmagic_value(A):- head(A,hk),magic(hk).\nmagic_value(A):- tail(A,B),head(B,lj),magic(lj).\nmagic_value(A):- head(A,rx),magic(rx).\nmagic_value(A):- head(A,cs),magic(cs).\nmagic_value(A):- head(A,x),magic(x).\nmagic_value(A):- head(A,fr),magic(fr).\nmagic_value(A):- head(A,ms),magic(ms).\nmagic_value(A):- head(A,dv),magic(dv).\nmagic_value(A):- head(A,gv),magic(gv).\nmagic_value(A):- head(A,ec),magic(ec).\nmagic_value(A):- head(A,gl),magic(gl).\nmagic_value(A):- head(A,qg),magic(qg).\nmagic_value(A):- head(A,iy),magic(iy).\nmagic_value(A):- head(A,hs),magic(hs).\nmagic_value(A):- head(A,dh),magic(dh).\nmagic_value(A):- head(A,bb),magic(bb).\nmagic_value(A):- head(A,kb),magic(kb).\nmagic_value(A):- head(A,pv),magic(pv).\nmagic_value(A):- head(A,bx),magic(bx).\nmagic_value(A):- head(A,qu),magic(qu).\nmagic_value(A):- head(A,bn),magic(bn).\nmagic_value(A):- head(A,el),magic(el).\nmagic_value(A):- head(A,in),magic(in).\nmagic_value(A):- head(A,fn),magic(fn).\nmagic_value(A):- head(A,ld),magic(ld).\nmagic_value(A):- head(A,jk),magic(jk).\nmagic_value(A):- head(A,dr),magic(dr).\nmagic_value(A):- head(A,ki),magic(ki).\nmagic_value(A):- head(A,jx),magic(jx).\nmagic_value(A):- head(A,cf),magic(cf).\nmagic_value(A):- head(A,ga),magic(ga).\nmagic_value(A):- head(A,jb),magic(jb).\nmagic_value(A):- head(A,en),magic(en).\nmagic_value(A):- head(A,cu),magic(cu).\nmagic_value(A):- head(A,ht),magic(ht).\nmagic_value(A):- head(A,fw),magic(fw).\nmagic_value(A):- tail(A,B),head(B,me),magic(me).\nmagic_value(A):- head(A,cd),magic(cd).\nmagic_value(A):- head(A,bd),magic(bd).\nmagic_value(A):- head(A,fz),magic(fz).\nmagic_value(A):- head(A,fb),magic(fb).\nmagic_value(A):- head(A,ai),magic(ai).\nmagic_value(A):- head(A,ml),magic(ml).\nmagic_value(A):- head(A,lf),magic(lf).\nmagic_value(A):- head(A,ao),magic(ao).\nmagic_value(A):- head(A,jt),magic(jt).\nmagic_value(A):- head(A,au),magic(au).\nmagic_value(A):- head(A,bt),magic(bt).\nmagic_value(A):- head(A,cw),magic(cw).\nmagic_value(A):- head(A,ct),magic(ct).\nmagic_value(A):- head(A,ey),magic(ey).\nmagic_value(A):- head(A,y),magic(y).\nmagic_value(A):- head(A,fv),magic(fv).\nmagic_value(A):- head(A,qb),magic(qb).\nmagic_value(A):- head(A,nr),magic(nr).\nmagic_value(A):- head(A,oy),magic(oy).\nmagic_value(A):- head(A,rn),magic(rn).\nmagic_value(A):- head(A,ax),magic(ax).\nmagic_value(A):- head(A,ig),magic(ig).\nmagic_value(A):- head(A,ab),magic(ab).\nmagic_value(A):- head(A,lh),magic(lh).\nmagic_value(A):- head(A,gt),magic(gt).\nmagic_value(A):- head(A,or),magic(or).\nmagic_value(A):- head(A,cb),magic(cb).\nmagic_value(A):- head(A,gf),magic(gf).\nmagic_value(A):- head(A,qk),magic(qk).\nmagic_value(A):- head(A,gi),magic(gi).\nmagic_value(A):- head(A,ov),magic(ov).\nmagic_value(A):- head(A,og),magic(og).\nmagic_value(A):- head(A,bc),magic(bc).\nmagic_value(A):- head(A,ag),magic(ag).\nmagic_value(A):- head(A,ip),magic(ip).\nmagic_value(A):- head(A,d),magic(d).\nmagic_value(A):- head(A,qi),magic(qi).\nmagic_value(A):- head(A,qr),magic(qr).\nmagic_value(A):- head(A,hc),magic(hc).\nmagic_value(A):- head(A,qt),magic(qt).\nmagic_value(A):- head(A,ex),magic(ex).\nmagic_value(A):- head(A,io),magic(io).\nmagic_value(A):- head(A,aj),magic(aj).\nmagic_value(A):- head(A,px),magic(px).\nmagic_value(A):- head(A,eb),magic(eb).\nmagic_value(A):- head(A,oa),magic(oa).", "is_solution": true, "conf_matrix": [200, 0, 200, 0], "total_exec_time": 2.217105084, "durations": [{"operation": "Combine", "called": 1, "total": 0.12499945800000001, "mean": 0.12499945800000001, "maximum": 0.12499945800000001, "__type__": "DurationSummary"}, {"operation": "Test", "called": 2, "total": 0.09780224999999998, "mean": 0.04890112499999999, "maximum": 0.05030208300000005, "__type__": "DurationSummary"}, {"operation": "Find_Bindings_Prolog", "called": 2, "total": 0.0759338329999999, "mean": 0.03796691649999995, "maximum": 0.040924957999999956, "__type__": "DurationSummary"}, {"operation": "Constrain", "called": 1, "total": 0.0019377499999999603, "mean": 0.0019377499999999603, "maximum": 0.0019377499999999603, "__type__": "DurationSummary"}, {"operation": "Generate", "called": 2, "total": 0.00103949999999986, "mean": 0.00051974999999993, "maximum": 0.0006273329999999522, "__type__": "DurationSummary"}], "__type__": "ProgramStats"}, "is_solution": true, "stats_file": "./results/list_magicvalues_multipleclauses/magicpopper/100/4/stats.json", "end": true, "__type__": "Stats"}