{"log_best_programs": true, "num_literals": 0, "total_programs": 22, "total_rules": 0, "total_ground_rules": 0, "durations": {"generate": [0.005531583000000007, 0.01780599999999999, 0.05095062500000003, 0.351145167, 0.006054208000000116, 0.0028125830000000906, 0.0005135000000000556, 0.131989833, 0.058866375000000026, 0.0003072909999999318, 0.0006396660000000942, 0.0005557920000001104, 0.0006281249999999794, 0.11952083400000024, 0.0005859999999997534, 0.0005402910000000816, 0.0004913750000001826, 0.0007032080000000107, 0.0007094580000002182, 0.016551750000000087, 0.0021177500000000293, 0.004700833999999876, 0.09451737500000013], "find_bindings_prolog": [0.01158737500000001, 0.09599762499999998, 0.0007689579999999863, 0.09645229099999997, 0.10636558299999987, 0.17714912500000013, 0.09628316699999995, 0.0008235830000002942, 0.09207874999999976, 0.004662375000000107, 0.0009385000000001753, 0.0016380420000001727, 0.22656900000000002, 0.010900834000000081, 0.010239415999999668, 0.000859750000000048, 0.0009162499999999518, 0.0008276249999998875, 0.0028992920000003863, 0.22143379200000002], "test": [0.011921624999999991, 0.13800266699999997, 0.0015170829999999746, 0.15411095800000008, 0.16568516700000013, 0.32043579099999997, 0.2543995830000001, 0.002610750000000106, 0.0005494170000002185, 0.14136837499999988, 0.005932750000000375, 0.0012135839999998232, 0.000459417000000073, 0.0019324999999996706, 0.3871064999999998, 0.01904962500000007, 0.0162825419999999, 0.0013788329999999682, 0.0012007080000002723, 0.0018695420000001128, 0.004078499999999874, 0.4160839169999999], "combine": [6.249999999763389e-07, 0.01157579200000003, 4.1700000008582094e-07, 7.07999999960407e-07, 7.080000001824516e-07, 0.00455320799999992, 1.2500000001747225e-06, 4.5900000023024745e-07, 4.160000002251252e-07, 5.409999999095305e-07, 0.0034922499999998635, 4.5799999970341787e-07, 4.580000001475071e-07, 6.250000001983835e-07, 6.250000001983835e-07, 5.00000000069889e-07, 5.409999999095305e-07, 4.5899999978615824e-07, 4.1599999978103597e-07, 4.1700000030786555e-07, 4.5900000023024745e-07, 0.0035930829999997194], "constrain": [0.007421416999999986, 0.01564241700000002, 0.014825292000000045, 0.05306308400000015, 0.01259133400000012, 0.02012120900000003, 0.02013474999999998, 0.038621333000000035, 0.005905832999999916, 0.003637917000000268, 0.011787999999999688, 0.007040166000000347, 0.006133334000000268, 0.03966683300000007, 0.022080250000000134, 0.02167983299999987, 0.01985879199999996, 0.048526250000000104, 0.037835708999999884, 0.1327853750000001, 0.03610429100000001, 0.05140537500000031]}, "final_exec_time": 3.676133875, "stages": [], "best_programs": [], "solution": {"code": "drug_design(A):- atom(A,C),atom_type(C,h),atom(A,B),atom_type(B,o),bound(C,B,0.217),magic(h),magic(o),magic(0.217).", "is_solution": true, "conf_matrix": [10, 0, 10, 0], "total_exec_time": 3.676131291, "durations": [{"operation": "Test", "called": 22, "total": 2.047189834, "mean": 0.09305408336363637, "maximum": 0.4160839169999999, "__type__": "DurationSummary"}, {"operation": "Find_Bindings_Prolog", "called": 20, "total": 1.1593913330000005, "mean": 0.057969566650000026, "maximum": 0.22656900000000002, "__type__": "DurationSummary"}, {"operation": "Generate", "called": 22, "total": 0.7737222480000009, "mean": 0.03516919309090913, "maximum": 0.351145167, "__type__": "DurationSummary"}, {"operation": "Constrain", "called": 21, "total": 0.575463419000001, "mean": 0.027403019952380998, "maximum": 0.1327853750000001, "__type__": "DurationSummary"}, {"operation": "Combine", "called": 21, "total": 0.01963133200000089, "mean": 0.0009348253333333757, "maximum": 0.01157579200000003, "__type__": "DurationSummary"}], "__type__": "ProgramStats"}, "is_solution": true, "stats_file": "./results/drug_design/magicpopper_types/7/stats.json", "end": true, "__type__": "Stats"}