{"log_best_programs": true, "num_literals": 0, "total_programs": 26, "total_rules": 0, "total_ground_rules": 0, "durations": {"generate": [0.0002927500000000083, 0.0002569579999999738, 0.00020166699999996096, 0.00019729099999998834, 0.0003429580000000043, 0.00024241699999999478, 0.00021441700000002228, 0.00020308400000002003, 0.00021291600000000743, 0.00017737500000003514, 0.0001791250000000022, 0.00021066700000005323, 0.0002301659999999761, 0.0002010409999999574, 0.00020516599999997887, 0.000212333000000009, 0.00019883300000000936, 0.00019962499999998107, 0.00019341700000002904, 0.00017433299999997098, 0.00017370799999999464, 0.00025166699999995545, 0.0001714999999999911, 0.00017333299999999774, 0.000185541999999983, 0.0004489999999999772, 0.00021883400000000108], "find_bindings_prolog": [0.010899084000000003, 0.0007432499999999731, 0.00036408300000001503, 0.0002962499999999979, 0.00036291699999996263, 0.0003527920000000462, 0.0003347499999999948, 0.0003358749999999855, 0.00032566700000002946, 0.0003267499999999868, 0.0003273750000000186, 0.0003274589999999744, 0.0007106250000000203, 0.001223625000000006], "test": [0.011521333000000022, 0.0013628339999999795, 0.0005227910000000224, 0.0004474580000000117, 0.013668499999999972, 0.0005550409999999784, 0.0005326250000000088, 0.0005106669999999647, 0.00029595799999998507, 0.00028525000000001466, 0.00029012500000002994, 0.0002825830000000029, 0.0005105840000000361, 0.0004983339999999892, 0.0004960829999999805, 0.0004947079999999549, 0.0004993749999999686, 0.0014387080000000108, 0.00029162500000001756, 0.00026850000000000485, 0.0002710419999999991, 0.0002711249999999832, 0.0002853749999999766, 0.000269874999999975, 0.0002871249999999992, 0.002553082999999956], "combine": [0.0026931669999999963, 5.829999999984459e-07, 3.749999999969056e-07, 3.749999999969056e-07, 5.419999999922709e-07, 3.339999999907306e-07, 3.749999999969056e-07, 3.749999999969056e-07, 3.329999999635014e-07, 3.749999999969056e-07, 3.3300000001901253e-07, 3.749999999969056e-07, 3.3300000001901253e-07, 3.749999999969056e-07, 3.749999999969056e-07, 3.339999999907306e-07, 3.749999999969056e-07, 4.5900000000820285e-07, 3.749999999969056e-07, 3.749999999969056e-07, 3.749999999969056e-07, 3.3300000001901253e-07, 3.749999999969056e-07, 3.3300000001901253e-07, 3.749999999969056e-07, 0.002160667000000005], "constrain": [0.0007526250000000068, 0.0008464999999999723, 0.00017733300000000174, 0.00017354099999999928, 0.00015887500000000276, 0.0010638750000000474, 0.0001975000000000171, 0.00019537499999999763, 0.00017166699999998647, 0.00017000000000000348, 0.00017025000000003843, 0.00013958299999999868, 0.00016404100000000366, 0.00016250000000000986, 0.000161874999999978, 0.00016420900000002625, 0.00016133299999998574, 0.0001675420000000205, 0.0001407079999999894, 0.0001387500000000208, 0.00013804200000000488, 0.00014029199999998632, 0.00013895800000002234, 0.00013933399999999097, 0.0001379160000000157, 0.001071750000000038]}, "final_exec_time": 0.09219208399999998, "stages": [], "best_programs": [], "solution": {"code": "multiple(A):- div2(A,B),multiple(B).\nmultiple(1):- magic(1).", "is_solution": true, "conf_matrix": [7, 0, 10, 0], "total_exec_time": 0.09219049999999998, "durations": [{"operation": "Test", "called": 26, "total": 0.038710706999999844, "mean": 0.0014888733461538401, "maximum": 0.013668499999999972, "__type__": "DurationSummary"}, {"operation": "Find_Bindings_Prolog", "called": 14, "total": 0.016930502000000014, "mean": 0.0012093215714285724, "maximum": 0.010899084000000003, "__type__": "DurationSummary"}, {"operation": "Constrain", "called": 25, "total": 0.0061726240000001265, "mean": 0.00024690496000000505, "maximum": 0.0010638750000000474, "__type__": "DurationSummary"}, {"operation": "Generate", "called": 26, "total": 0.005751288999999882, "mean": 0.00022120342307691853, "maximum": 0.0004489999999999772, "__type__": "DurationSummary"}, {"operation": "Combine", "called": 25, "total": 0.002702333999999973, "mean": 0.00010809335999999891, "maximum": 0.0026931669999999963, "__type__": "DurationSummary"}], "__type__": "ProgramStats"}, "is_solution": true, "stats_file": "./results/multiple/magicpopper_types/3/stats.json", "end": true, "__type__": "Stats"}