{"log_best_programs": true, "num_literals": 0, "total_programs": 8, "total_rules": 0, "total_ground_rules": 0, "durations": {"generate": [0.00037520799999990473, 0.0004902500000001364, 0.0014427089999999865, 0.001675666000000131, 0.0016366249999999471, 0.0011278340000000497, 0.0013255839999999353, 0.0014231250000000806, 0.0004016670000002165], "find_bindings_prolog": [0.025140000000000162, 0.03239258299999981, 0.12816295799999988, 0.14807262500000018, 0.13677258299999995, 0.13343916600000005], "test": [0.028932417000000044, 0.0449605420000001, 0.018878916000000023, 0.1284806249999999, 0.1485867919999999, 0.13712058399999982, 0.01987420800000006, 0.13378012499999992], "combine": [0.03285279200000013, 0.004814874999999885, 5.419999999922709e-07, 7.090000000431473e-07, 6.669999998987208e-07, 5.409999999095305e-07, 5.419999999922709e-07, 5.00000000069889e-07], "constrain": [0.001765624999999993, 0.002327499999999816, 0.00042445800000012746, 0.0031640410000000063, 0.005453916000000003, 0.0017018329999998194, 0.001983749999999951, 0.005215375000000133]}, "final_exec_time": 1.997203041, "stages": [], "best_programs": [], "solution": {"code": "magic_value(A):- head(A,ql),magic(ql).\nmagic_value(A):- head(A,c),magic(c).\nmagic_value(A):- head(A,mw),magic(mw).\nmagic_value(A):- head(A,mq),magic(mq).\nmagic_value(A):- head(A,cw),magic(cw).\nmagic_value(A):- head(A,kd),magic(kd).\nmagic_value(A):- head(A,kv),magic(kv).\nmagic_value(A):- head(A,pv),magic(pv).\nmagic_value(A):- head(A,hn),magic(hn).\nmagic_value(A):- head(A,du),magic(du).\nmagic_value(A):- head(A,jt),magic(jt).\nmagic_value(A):- head(A,mp),magic(mp).\nmagic_value(A):- head(A,qy),magic(qy).\nmagic_value(A):- head(A,jm),magic(jm).\nmagic_value(A):- head(A,rq),magic(rq).\nmagic_value(A):- head(A,ag),magic(ag).\nmagic_value(A):- head(A,nd),magic(nd).\nmagic_value(A):- head(A,ew),magic(ew).\nmagic_value(A):- head(A,gz),magic(gz).\nmagic_value(A):- head(A,df),magic(df).\nmagic_value(A):- head(A,jf),magic(jf).\nmagic_value(A):- head(A,ae),magic(ae).\nmagic_value(A):- head(A,bq),magic(bq).\nmagic_value(A):- head(A,hb),magic(hb).\nmagic_value(A):- head(A,hl),magic(hl).\nmagic_value(A):- head(A,er),magic(er).\nmagic_value(A):- head(A,mz),magic(mz).\nmagic_value(A):- head(A,ka),magic(ka).\nmagic_value(A):- head(A,jh),magic(jh).\nmagic_value(A):- head(A,kw),magic(kw).\nmagic_value(A):- head(A,es),magic(es).\nmagic_value(A):- head(A,np),magic(np).\nmagic_value(A):- head(A,an),magic(an).\nmagic_value(A):- head(A,rv),magic(rv).\nmagic_value(A):- head(A,qm),magic(qm).\nmagic_value(A):- head(A,lu),magic(lu).\nmagic_value(A):- head(A,da),magic(da).\nmagic_value(A):- head(A,ah),magic(ah).\nmagic_value(A):- head(A,dt),magic(dt).\nmagic_value(A):- head(A,al),magic(al).", "is_solution": true, "conf_matrix": [200, 0, 200, 0], "total_exec_time": 1.9972002910000002, "durations": [{"operation": "Test", "called": 1, "total": 0.028932417000000044, "mean": 0.028932417000000044, "maximum": 0.028932417000000044, "__type__": "DurationSummary"}, {"operation": "Find_Bindings_Prolog", "called": 1, "total": 0.025140000000000162, "mean": 0.025140000000000162, "maximum": 0.025140000000000162, "__type__": "DurationSummary"}, {"operation": "Generate", "called": 1, "total": 0.00037520799999990473, "mean": 0.00037520799999990473, "maximum": 0.00037520799999990473, "__type__": "DurationSummary"}], "__type__": "ProgramStats"}, "is_solution": true, "stats_file": "./results/list_magicvalues_multipleclauses/magicpopper/40/0/stats.json", "end": true, "__type__": "Stats"}