{"log_best_programs": true, "num_literals": 0, "total_programs": 2, "total_rules": 0, "total_ground_rules": 0, "durations": {"generate": [0.00033637499999999987, 0.0018553749999999924, 0.0003295830000000777], "find_bindings_prolog": [0.027934832999999992, 1.1170804159999999], "bind": [5.829999999984459e-07, 0.21339966700000002], "test": [0.028208291999999968, 1.3315038339999998], "combine": [6.659999999825139e-07, 0.054657667000000076], "constrain": [0.003275583999999998, 0.0059297080000000335]}, "final_exec_time": 1.553908625, "stages": [], "best_programs": [], "solution": null, "is_solution": false, "stats_file": "./results/list_magicvaluesameclause/magicpopper/13/1/stats.json", "end": true, "__type__": "Stats"}