{"log_best_programs": true, "num_literals": 0, "total_programs": 78, "total_rules": 0, "total_ground_rules": 0, "durations": {"generate": [0.0002659170000000044, 0.00042470799999999587, 0.00013879100000002698, 0.00012079199999998069, 0.0002989999999999937, 0.0003222910000000301, 0.0004144999999999843, 0.00020329200000002157, 0.0003147920000000082, 0.00013970800000001615, 0.0002007500000000273, 0.00016012499999995544, 0.000678958999999979, 0.000581292000000011, 0.0006151249999999941, 0.00020004200000001138, 0.00017883299999998936, 0.0006990000000000052, 0.000271541999999958, 0.00040475000000000927, 0.00022937499999997613, 0.00017016600000002713, 0.00042004199999995384, 0.0006571669999999585, 0.00019812499999999345, 0.0007332090000000124, 0.000356540999999988, 0.00044037499999999286, 0.00022604100000001015, 0.00019191599999995868, 0.0002766250000000303, 0.00022537499999997213, 0.00017458400000003316, 0.0002629160000000019, 0.00018308400000000002, 0.00022220800000000152, 0.0001630829999999528, 0.00031495900000000354, 0.00019625000000000892, 0.001008540999999974, 0.0005309170000000751, 0.0005210830000000888, 0.0005928330000000148, 0.000229542000000027, 0.00041116699999999007, 0.0011094999999999855, 0.00025799999999998047, 0.00214104100000001, 0.0002679580000000126, 0.00036725000000004115, 0.0004788329999999563, 0.000839417000000009, 0.0003398330000000671, 0.00021862500000002782, 0.00018862500000005333, 0.00018812499999998344, 0.00019029200000009183, 0.00016595799999996608, 0.00021129199999991854, 0.00019054200000001575, 0.00026179199999998293, 0.0004944159999999975, 0.0004446670000000097, 0.0002974580000000282, 0.0001887919999999932, 0.00028416700000000183, 0.00030691700000007316, 0.0003182500000000754, 0.0020095829999999815, 0.0002542910000000731, 0.00032449999999994983, 0.00023083400000001308, 0.0006252500000000216, 0.00031612500000000043, 0.00019133300000007125, 0.00015141699999998703, 0.00040770899999997834, 0.0009050829999999177, 0.004364792000000062], "find_bindings_prolog": [0.01371, 0.0005452080000000192, 0.00046966699999995143, 0.0004225830000000319, 0.0067264169999999845, 0.0005954579999999932, 0.0012441670000000182, 0.0010630830000000202, 0.0005633750000000326, 0.0004597080000000031, 0.0004100830000000055, 0.0005040840000000157, 0.000539875000000023, 0.00291858300000003, 0.0005913750000000051, 0.0026477500000000043, 0.002223792000000002, 0.00047912499999996916, 0.0004146250000000018, 0.0005127080000000284, 0.0004960829999999805, 0.0005054579999999587, 0.000488665999999971, 0.003063207999999984, 0.003459250000000025, 0.0006402090000000027, 0.0006045000000000078, 0.0007085829999999849, 0.0006003330000000084, 0.0005946669999999932, 0.000525291999999955, 0.0005208750000000317, 0.0006006250000000213, 0.0005923749999999783, 0.0005338340000000108, 0.0005529579999999923, 0.000505624999999954, 0.0004479170000000199, 0.0004577909999999852, 0.006725958000000032, 0.0006260410000000771, 0.0005853749999999991, 0.001562916999999997, 0.004536624999999961, 0.0022889999999999855, 0.002991000000000077, 0.003600833999999997, 0.008031167000000061, 0.00937837500000005, 0.011739916999999989, 0.012219709000000023, 0.020430791999999975, 0.0008599590000000212, 0.0007964170000001047, 0.00048308299999999527, 0.0005928339999999865, 0.0005294170000000875, 0.0005324170000000628, 0.0005927909999999814, 0.0005485410000000135, 0.0005712919999999455, 0.0007246659999999849, 0.0006705839999999741, 0.0006867919999999916, 0.0007061659999999526, 0.0013184589999999385, 0.0006399169999999899, 0.0006410409999999533, 0.0017239589999999971, 0.0010051660000000018, 0.0010381250000000009, 0.0009746250000000067, 0.0006707080000000198, 0.0006152910000000178, 0.0005026249999999788, 0.0009749169999999641, 0.0006110419999999506, 0.0028292500000000054], "test": [0.016201541999999958, 0.0009918749999999754, 0.0008972920000000495, 0.0006917919999999689, 0.014814082999999978, 0.0012408749999999746, 0.0023206659999999713, 0.001826749999999988, 0.0010587920000000306, 0.0007721670000000458, 0.0005859160000000196, 0.0008092079999999502, 0.0009650840000000049, 0.006201750000000006, 0.0013039169999999878, 0.0053740830000000295, 0.0039008749999999703, 0.0007940000000000169, 0.0007147920000000196, 0.0011799170000000303, 0.0011646659999999809, 0.0011686249999999787, 0.0011529999999999596, 0.006386249999999982, 0.007705875000000029, 0.0010374579999999911, 0.000976916999999966, 0.0018486249999999926, 0.0011615420000000154, 0.000955750000000033, 0.0008848330000000293, 0.0010534580000000071, 0.0010104999999999698, 0.0011441249999999958, 0.0008922499999999833, 0.001083500000000015, 0.0008510420000000241, 0.0006443750000000303, 0.0006542920000000008, 0.01708754200000001, 0.0010643750000000063, 0.0009540419999999328, 0.0031320830000000077, 0.0068972080000000435, 0.0034751250000000233, 0.0071750000000000425, 0.009587416999999987, 0.018393667000000002, 0.022197833, 0.02645041700000006, 0.028420374999999942, 0.04168925000000001, 0.0012339169999999733, 0.0010487499999999317, 0.0007026250000000678, 0.0011953329999999651, 0.000995667000000089, 0.0007527079999999353, 0.0008333750000000251, 0.0007815830000000856, 0.0009805000000000508, 0.0011610000000000786, 0.0010949590000000065, 0.0009429999999999161, 0.0009546249999999867, 0.0017771669999999684, 0.0011812079999999892, 0.0014535410000000581, 0.0025354170000000398, 0.0012856669999999903, 0.0015041249999999673, 0.0012390420000000235, 0.0009308749999999977, 0.0011609999999999676, 0.0008835409999999877, 0.0013386659999999884, 0.001212708999999923, 0.008163417000000006], "combine": [0.005398583000000012, 5.839999999701639e-07, 3.749999999969056e-07, 3.7500000005241674e-07, 6.249999999763389e-07, 4.1600000000308057e-07, 0.0034733750000000008, 0.003218582999999997, 5.000000000143778e-07, 3.749999999969056e-07, 3.329999999635014e-07, 4.5799999998097363e-07, 4.170000000303098e-07, 5.829999999984459e-07, 4.1699999997479864e-07, 5.000000000143778e-07, 4.999999999588667e-07, 4.1699999997479864e-07, 3.749999999969056e-07, 4.1699999997479864e-07, 3.749999999969056e-07, 4.170000000303098e-07, 4.1699999997479864e-07, 5.419999999922709e-07, 5.419999999922709e-07, 5.000000000143778e-07, 4.999999999588667e-07, 4.5799999998097363e-07, 3.749999999969056e-07, 3.749999999969056e-07, 4.1600000000308057e-07, 3.749999999969056e-07, 4.5900000000820285e-07, 3.749999999969056e-07, 3.749999999969056e-07, 4.1699999997479864e-07, 3.749999999969056e-07, 3.749999999969056e-07, 3.749999999969056e-07, 6.670000000097431e-07, 4.580000000364848e-07, 3.7500000005241674e-07, 5.829999999429347e-07, 9.169999999336653e-07, 4.5900000000820285e-07, 7.920000000272154e-07, 6.249999999763389e-07, 9.579999999953515e-07, 6.670000000097431e-07, 6.249999999763389e-07, 5.829999999429347e-07, 7.499999999938112e-07, 5.83000000053957e-07, 3.339999999907306e-07, 4.1699999997479864e-07, 4.1700000008582094e-07, 4.1600000000308057e-07, 4.1699999997479864e-07, 4.1600000000308057e-07, 4.5900000000820285e-07, 3.3299999990799023e-07, 3.7499999994139444e-07, 4.1600000000308057e-07, 4.1700000008582094e-07, 4.579999999254625e-07, 1.4160000000318362e-06, 4.1699999997479864e-07, 4.1699999997479864e-07, 4.1700000008582094e-07, 1.3329999999367459e-06, 4.1600000000308057e-07, 5.410000000205528e-07, 4.1699999997479864e-07, 4.5900000000820285e-07, 4.1600000000308057e-07, 4.999999999588667e-07, 4.5900000000820285e-07, 7.07999999960407e-07],