{"log_best_programs": true, "num_literals": 0, "total_programs": 20, "total_rules": 0, "total_ground_rules": 0, "durations": {"generate": [0.026725, 0.008027165999999974, 0.003324625000000081, 0.0033131670000000613, 0.001812458999999933, 0.653028167, 0.0008027079999999298, 0.019070582999999974, 0.0044476669999999885, 0.001415916000000017, 0.004753707999999968, 0.0057271669999998664, 0.012360666999999825, 0.0077042920000001125, 0.003283666000000185, 0.0009202910000003506, 0.0022557080000003005, 0.0013022920000000937, 0.00140112499999967, 0.00120954200000023, 5.019025707999999], "find_bindings_prolog": [0.01350979199999991, 0.0007774579999999531, 0.0007696660000000577, 0.0006816659999999697, 0.0007513750000001096, 0.0015162500000001078, 0.001988415999999882, 0.0007860410000000151, 0.0007990410000000558, 0.0007915409999998957, 0.0008204999999996687, 0.0007912079999998767, 0.0008753750000001226, 0.0008265409999999029, 0.000862290999999793, 0.0008454169999998484, 0.0008352910000000158, 0.0008314590000000344, 0.0008799169999997858, 0.001232416000000125], "test": [0.01455062500000004, 0.0012627910000000409, 0.0014289579999999802, 0.0013298339999998632, 0.0011870419999999715, 0.0031209999999999294, 0.00501720799999994, 0.001294667000000027, 0.0010897920000001449, 0.0012805000000000177, 0.0015748749999997536, 0.0015315840000003078, 0.0014079169999998697, 0.0015914160000001232, 0.0019168329999996736, 0.0019836250000002664, 0.0019860830000002494, 0.001964666000000115, 0.001933124999999869, 0.0027509580000000255], "combine": [5.840000000256751e-07, 4.999999999588667e-07, 4.999999999588667e-07, 4.1600000000308057e-07, 5.00000000069889e-07, 0.0030757079999998993, 0.0042537920000000895, 4.999999998478444e-07, 4.5799999970341787e-07, 4.580000001475071e-07, 4.580000001475071e-07, 5.00000000069889e-07, 5.00000000069889e-07, 5.00000000069889e-07, 5.00000000069889e-07, 4.5899999978615824e-07, 5.00000000069889e-07, 4.5900000023024745e-07, 4.999999996257998e-07, 0.003342415999999737], "constrain": [0.194830917, 0.08209416699999994, 0.024936832999999936, 0.024516583000000036, 0.021890834000000137, 0.13262266700000014, 0.052558374999999824, 0.08547250000000006, 0.07403933299999998, 0.09019470799999985, 0.09340341700000021, 0.09419004200000014, 0.08285904199999994, 0.03195645800000024, 0.03725929199999989, 0.10935083300000015, 0.03648724999999997, 0.13866145800000007, 0.06369466599999996, 0.052593875000000345]}, "final_exec_time": 7.755217833000001, "stages": [], "best_programs": [], "solution": {"code": "f(A):- cell(A,B,w,r),cell(A,G,w,k),distance(B,G,1),magic(1),magic(k),magic(w),magic(r).", "is_solution": true, "conf_matrix": [10, 0, 10, 0], "total_exec_time": 7.755210792000001, "durations": [{"operation": "Constrain", "called": 19, "total": 1.4710193750000005, "mean": 0.07742207236842108, "maximum": 0.194830917, "__type__": "DurationSummary"}, {"operation": "Generate", "called": 20, "total": 0.7628859160000006, "mean": 0.038144295800000026, "maximum": 0.653028167, "__type__": "DurationSummary"}, {"operation": "Test", "called": 20, "total": 0.05020349900000021, "mean": 0.0025101749500000105, "maximum": 0.01455062500000004, "__type__": "DurationSummary"}, {"operation": "Find_Bindings_Prolog", "called": 20, "total": 0.03117166099999913, "mean": 0.0015585830499999565, "maximum": 0.01350979199999991, "__type__": "DurationSummary"}, {"operation": "Combine", "called": 19, "total": 0.007337791999999843, "mean": 0.00038619957894736015, "maximum": 0.0042537920000000895, "__type__": "DurationSummary"}], "__type__": "ProgramStats"}, "is_solution": true, "stats_file": "./results/krk/magicpopper_args/7/stats.json", "end": true, "__type__": "Stats"}