{"log_best_programs": true, "num_literals": 0, "total_programs": 29, "total_rules": 0, "total_ground_rules": 0, "durations": {"generate": [0.000643291999999962, 0.00016162499999999858, 0.0005383749999999798, 0.0005283749999999698, 0.0005575000000000441, 0.00052162499999997, 0.0002611669999999511, 0.0001747500000000013, 0.0010535830000000246, 0.00035195799999998556, 0.00015900000000002024, 0.0001827919999999872, 0.00015433400000003372, 0.00018933399999998546, 0.0001862910000000051, 0.0001818329999999646, 0.00019695800000002484, 0.0001671250000000457, 0.00017083299999998136, 0.00016654199999999175, 0.00019366700000000847, 0.00014333299999996774, 0.0001630410000000304, 0.0002142920000000048, 0.0001831670000000396, 0.0001444590000000412, 0.00016249999999995435, 0.000636291000000011, 0.00047312499999996316, 0.0028736669999999687], "find_bindings_prolog": [0.011529208999999985, 0.0012514170000000324, 0.0006278340000000493, 0.000447542000000023, 0.0004629160000000354, 0.003787458999999993, 0.0005129999999999857, 0.00048599999999998644, 0.013665959000000005, 0.0006258339999999918, 0.0005086250000000403, 0.0004911670000000146, 0.0004964159999999995, 0.00048549999999997207, 0.0005468750000000022, 0.0005013749999999706, 0.000496541000000017, 0.0004992079999999732, 0.0004895839999999874, 0.0004895409999999822, 0.0004988340000000036, 0.0004845830000000384, 0.0004900409999999966, 0.0005052909999999633, 0.0004767090000000196, 0.00047441700000000475, 0.0004870419999999931, 0.000520332999999984, 0.0004945000000000088], "test": [0.012480833999999996, 0.002521582999999994, 0.0009665839999999926, 0.0006317909999999927, 0.000766208000000046, 0.007856708000000046, 0.0007283750000000033, 0.00067941699999996, 0.03310733300000002, 0.0009544580000000469, 0.0007202500000000334, 0.0006965830000000284, 0.0006989159999999939, 0.0008514580000000271, 0.0009284159999999875, 0.000876833999999993, 0.0008667500000000272, 0.0008629579999999692, 0.0008539160000000101, 0.0008505829999999603, 0.0007030000000000092, 0.0006863749999999613, 0.0006961249999999919, 0.0007078749999999689, 0.0006818749999999985, 0.0006782499999999914, 0.000689625000000027, 0.0007283749999999478, 0.0007044170000000127], "combine": [0.003125124999999951, 0.0012287910000000069, 5.000000000143778e-07, 4.1699999997479864e-07, 3.749999999969056e-07, 5.829999999984459e-07, 5.000000000143778e-07, 4.1600000000308057e-07, 0.0027746670000000084, 5.419999999922709e-07, 3.749999999969056e-07, 3.749999999969056e-07, 4.170000000303098e-07, 3.3300000001901253e-07, 3.749999999969056e-07, 4.1699999997479864e-07, 4.1699999997479864e-07, 3.749999999969056e-07, 4.170000000303098e-07, 4.1600000000308057e-07, 3.749999999969056e-07, 3.749999999969056e-07, 3.749999999969056e-07, 4.1699999997479864e-07, 3.749999999969056e-07, 3.749999999969056e-07, 3.749999999969056e-07, 3.329999999635014e-07, 4.170000000303098e-07], "constrain": [0.0016930829999999841, 0.00022399999999994646, 0.00028891600000002793, 0.0003542920000000338, 0.002233749999999979, 0.0002482910000000116, 0.0005322090000000057, 0.0005760000000000209, 0.0016227500000000061, 0.0006243340000000042, 0.0005983330000000064, 0.0006003330000000084, 0.0005917080000000241, 0.0007433749999999906, 0.00043995800000001806, 0.0004290420000000461, 0.0006510419999999906, 0.0006421249999999934, 0.0006487909999999819, 0.0006468749999999912, 0.0003734999999999711, 0.0005754170000000225, 0.0005759170000000369, 0.0005778750000000055, 0.0003725419999999757, 0.0005799169999999854, 0.0005774579999999752, 0.0005781659999999911, 0.0003716659999999927]}, "final_exec_time": 0.166616333, "stages": [], "best_programs": [], "solution": {"code": "goal(A,robot,0):- not_my_true(A,r),magic(robot),magic(r),magic(0).\ngoal(A,robot,0):- not_my_true(A,p),magic(robot),magic(0),magic(p).\ngoal(A,robot,0):- not_my_true(A,q),magic(q),magic(0),magic(robot).\ngoal(A,robot,100):- my_true(A,p),my_true(A,7),my_true(A,q),magic(p),magic(100),magic(q),magic(robot),magic(7).", "is_solution": true, "conf_matrix": [22, 0, 22, 0], "total_exec_time": 0.166614125, "durations": [{"operation": "Test", "called": 9, "total": 0.05973883300000005, "mean": 0.006637648111111116, "maximum": 0.03310733300000002, "__type__": "DurationSummary"}, {"operation": "Find_Bindings_Prolog", "called": 9, "total": 0.032771336000000095, "mean": 0.003641259555555566, "maximum": 0.013665959000000005, "__type__": "DurationSummary"}, {"operation": "Constrain", "called": 8, "total": 0.006150541000000009, "mean": 0.0007688176250000012, "maximum": 0.002233749999999979, "__type__": "DurationSummary"}, {"operation": "Generate", "called": 9, "total": 0.004440291999999901, "mean": 0.0004933657777777668, "maximum": 0.0010535830000000246, "__type__": "DurationSummary"}, {"operation": "Combine", "called": 8, "total": 0.00435670699999996, "mean": 0.000544588374999995, "maximum": 0.003125124999999951, "__type__": "DurationSummary"}], "__type__": "ProgramStats"}, "is_solution": true, "stats_file": "./results/iggp-buttons-goal/magicpopper_args/6/stats.json", "end": true, "__type__": "Stats"}