{"log_best_programs": true, "num_literals": 0, "total_programs": 84, "total_rules": 0, "total_ground_rules": 0, "durations": {"generate": [0.0003302920000000098, 0.0001470829999999923, 0.00016741699999994752, 0.0004057080000000046, 0.00010812500000001446, 0.0006666659999999824, 0.0001614580000000032, 0.00019520800000000227, 0.0005562499999999804, 0.0004724999999999868, 0.00036012500000004444, 0.00016762500000000458, 0.00019695799999996932, 0.000377874999999972, 0.00018966700000000447, 0.0005370000000000097, 0.00018125000000002167, 0.00017570899999996836, 0.00017566699999993496, 0.0004093330000000117, 0.00013333300000006876, 0.0002627500000000893, 0.00014891699999997066, 0.00041729199999995803, 0.0002562919999999913, 0.00018649999999997835, 0.00015420799999998902, 0.00015429200000005583, 0.0001727080000000214, 0.0004963329999999599, 0.00015479100000004298, 0.00030687500000003975, 0.00017662500000004133, 0.0001631669999999641, 0.0004932500000000006, 0.00016212500000001295, 0.00024895800000002133, 0.00016741600000003132, 0.00020862500000007334, 0.0003660000000000885, 0.0003138329999999856, 0.0004761669999999718, 0.00022204199999997787, 0.00019854200000002376, 0.00018620800000002102, 0.002212375000000044, 0.00015116599999998037, 0.00017441600000001056, 0.00015850000000006137, 0.0001570829999999468, 0.00015395900000003682, 0.00018116599999995486, 0.00018691599999998143, 0.0001851250000000082, 0.0001915000000000111, 0.00015550000000008612, 0.00021775000000001654, 0.0001666249999998648, 0.00017166700000004198, 0.0001662499999999234, 0.00017850000000008137, 0.0001950419999998676, 0.00017849999999985933, 0.00016337500000007665, 0.00020741600000007132, 0.00017520799999992676, 0.00016700000000002824, 0.00016845799999987143, 0.00013883300000006038, 0.00016737499999996963, 0.00014266600000012453, 0.0002728339999999996, 0.0001599160000000932, 0.00025208300000012507, 0.0001606249999999143, 0.00015558299999995917, 0.0002521249999998254, 0.0001534999999999176, 0.00016454099999996252, 0.0012313340000000839, 0.0001886249999998313, 0.00015650000000011488, 0.0001728340000000106, 0.00017812500000013998, 0.0031190409999999336], "find_bindings_prolog": [0.014390832999999992, 0.018456583000000026, 0.011621916999999982, 0.011999332999999945, 0.01940554099999997, 0.0017037500000000039, 0.0037038329999999897, 0.01864770800000004, 0.01868104100000001, 0.010915792000000035, 0.00352908399999996, 0.0018532909999999791, 0.0036770000000000413, 0.0016350840000000089, 0.0036488329999999625, 0.0036885829999999675, 0.012379041999999951, 0.000695083999999957, 0.011723332999999947, 0.011870250000000082, 0.011355875000000015, 0.01143649999999996, 0.02060424999999999, 0.020847124999999966, 0.0007587919999999526, 0.012929417000000054, 0.012996917000000052, 0.019193624999999992, 0.018217958000000034, 0.012006832999999939, 0.012926957999999988, 0.0028741250000000607, 0.0008897079999999891, 0.0007044170000000127, 0.019520250000000017, 0.020392166999999906, 0.020805709000000006, 0.019704665999999982, 0.000779749999999968, 0.01101300000000005, 0.0009398750000000344, 0.0009567910000000124, 0.0009510000000000352, 0.0010430830000000002, 0.186242833, 0.0008451249999998911, 0.011333250000000072, 0.000989874999999918, 0.0010250829999998157, 0.0009666249999999987, 0.012411957999999945, 0.0007876660000001312, 0.000895167000000141, 0.011404999999999887, 0.0009304999999999453, 0.0008648330000000648, 0.0009111250000000126, 0.001009209000000011, 0.000921957999999945, 0.0008885830000000539, 0.000693707999999793, 0.0007021249999998869, 0.000793292000000001, 0.0008696660000000467, 0.0008313749999999676, 0.0010067499999999452, 0.002097916999999949, 0.0019849169999999194, 0.0008673329999999702], "test": [0.015152417000000029, 0.0004277919999999824, 0.019715166999999978, 0.0005009169999999896, 0.0004962920000000093, 0.012358042000000014, 0.012980957999999987, 0.020859084000000028, 0.002222208000000059, 0.004365417000000038, 0.02007099999999995, 0.020119083000000093, 0.011642916999999975, 0.004180791999999989, 0.0023352080000000885, 0.004536624999999961, 0.0023267909999999947, 0.004502375000000058, 0.004577833000000031, 0.005447874999999991, 0.0015312079999999506, 0.0010687499999999517, 0.00048758399999992985, 0.013233624999999916, 0.0008954580000000156, 0.012616292000000029, 0.012721624999999959, 0.012201750000000011, 0.012284915999999924, 0.022181167000000057, 0.022484583000000002, 0.0011152090000000614, 0.014052207999999955, 0.014127875000000012, 0.020812166999999993, 0.01995387500000001, 0.013139250000000047, 0.014046499999999962, 0.0033913750000000853, 0.0010953329999999761, 0.0009061670000000133, 0.021232540999999938, 0.022124166999999972, 0.022550415999999962, 0.02136316599999999, 0.0019400830000000369, 0.0035136249999999647, 0.0010090830000000217, 0.01200049999999997, 0.003916124999999937, 0.0005306670000000402, 0.0011704160000000075, 0.0011830409999999958, 0.0011857090000000348, 0.001279915999999992, 0.18739820799999996, 0.0010749580000000147, 0.012320791000000053, 0.0012102089999999066, 0.001251166999999942, 0.0012024579999998508, 0.013430791999999858, 0.001012082999999997, 0.0011194579999997956, 0.012407000000000057, 0.0011574169999999384, 0.001087332999999857, 0.0004589159999999204, 0.006598292000000061, 0.0005611250000001622, 0.0011339169999999843, 0.001136709000000069, 0.0012322090000000951, 0.0011588750000000037, 0.0011117079999998225, 0.0008981249999999719, 0.0009075419999999834, 0.000996459000000005, 0.0010907920000000626, 0.0010592079999998116, 0.0012339590000001177, 0.0023187090000000854, 0.0022054160000000156, 0.0010900000000000354], "combine": [0.002714250000000029, 4.170000000303098e-07, 0.0028987500000000055, 5.410000000205528e-07, 4.5799999998097363e-07, 5.000000000143778e-07, 4.5799999998097363e-07, 5.419999999922709e-07, 4.1699999997479864e-07, 4.999999999588667e-07, 4.5900000000820285e-07, 5.829999999429347e-07, 4.999999999588667e-07, 4.999999999588667e-07, 4.1699999997479864e-07, 4.580000000364848e-07, 4.580000000364848e-07, 5.00000000069889e-07, 4.999999999588667e-07, 4.999999999588667e-07, 4.1700000008582094e-07, 4.1699999997479864e-07, 4.1600000000308057e-07, 5.410000000205528e-07, 4.1699999997479864e-07, 4.999999999588667e-07, 4.579999999254625e-07, 4.999999999588667e-07, 4.579999999254625e-07, 4.5900000000820285e-07, 4.999999999588667e-07, 3.7499999994139444e-07, 5.410000000205528e-07, 5.420000001032932e-07, 5.419999999922709e-07, 5.829999999429347e-07, 5.419999999922709e-07, 5.419999999922709e-07, 0.002993208000000025, 4.1700000008582094e-07, 4.1699999997479864e-07, 6.249999999763389e-07, 5.840000000256751e-07, 5.409999999095305e-07, 5.409999999095305e-07, 6.249999999763389e-07, 4.1600000000308057e-07, 4.579999999254625e-07, 5.419999999922709e-07, 4.1600000000308057e-07, 4.1699999997479864e-07, 4.1699999997479864e-07, 4.1699999997479864e-07, 4.580000000364848e-07, 3.7499999994139444e-07, 6.249999999763389e-07, 4.1600000000308057e-07, 5.00000000069889e-07, 3.7499999994139444e-07, 4.1600000000308057e-07, 3.7499999994139444e-07, 5.00000000069889e-07, 3.7500000016343904e-07, 4.1600000000308057e-07, 5.83000000053957e-07, 3.7499999994139444e-07, 3.7499999994139444e-07, 4.1700000008582094e-07, 4.579999999254625e-07, 4.999999998478444e-07, 4.579999999254625e-07, 4.1699999986377634e-07, 4.999999998478444e-07, 4.1700000008582094e-07, 4.1699999986377634e-07, 3.7499999994139444e-07, 3.7499999994139444e-07, 3.3300000001901253e-07, 3.7499999994139444e-07, 4.1699999986377634e-07, 3.7499999994139444e-07, 4.1700000008582094e-07, 4.5900000000820285e-07, 4.1699999986377634e-07],