{"log_best_programs": true, "num_literals": 0, "total_programs": 21, "total_rules": 0, "total_ground_rules": 0, "durations": {"generate": [0.0003953750000000311, 0.00031887499999999624, 0.00033412500000001844, 0.00030529200000001255, 0.00041808399999998525, 0.00027537500000002213, 0.0002695839999999894, 0.00030362500000002957, 0.0002655000000000296, 0.00031083399999998207, 0.0002647080000000024, 0.0002847919999999782, 0.0002662499999999679, 0.00043033300000000496, 0.00033845799999998594, 0.00037120800000001175, 0.0002458330000000286, 0.0004306250000000178, 0.0002544170000000068, 0.0005365419999999732, 0.00047733399999999593, 0.00015916600000004388], "test": [0.021023041999999992, 0.005323542000000014, 0.0006094589999999789, 0.0021965409999999963, 0.002514416999999991, 0.0021781670000000086, 0.0005881670000000283, 0.0005833329999999637, 0.0005717089999999758, 0.0005577500000000235, 0.0005979999999999874, 0.0005884170000000077, 0.0005907500000000288, 0.0007319590000000042, 0.0005111669999999791, 0.0003862089999999707, 0.00032287500000000025, 0.0004363339999999827, 0.0004136659999999792, 0.01226095899999996, 0.009402042], "combine": [5.419999999922709e-07, 0.0030030420000000113, 4.170000000303098e-07, 5.000000000143778e-07, 5.000000000143778e-07, 4.1600000000308057e-07, 3.329999999635014e-07, 3.749999999969056e-07, 3.339999999907306e-07, 3.329999999635014e-07, 4.1699999997479864e-07, 3.7500000005241674e-07, 3.749999999969056e-07, 3.329999999635014e-07, 4.1600000000308057e-07, 3.749999999969056e-07, 3.749999999969056e-07, 4.1699999997479864e-07, 3.339999999907306e-07, 5.419999999922709e-07, 0.002594084000000052], "constrain": [0.0011102499999999793, 0.0009235840000000328, 0.0010156660000000262, 0.0001855840000000164, 0.0009865420000000347, 0.00020845800000002246, 0.001114416000000007, 0.00020649999999999835, 0.00017295800000000083, 0.00017170799999999264, 0.00017191700000002141, 0.0001707499999999973, 0.0001715420000000245, 0.00019729200000001557, 0.0001604170000000238, 0.00018525000000002567, 0.00017816700000000685, 0.00014983399999995983, 0.0001471670000000036, 0.0013595829999999975, 0.000951957999999975], "find_bindings_prolog": [0.0043380000000000085, 0.0004266249999999583, 0.0012775839999999983, 0.0013445420000000041, 0.0010069999999999801, 0.0004002499999999909, 0.0003940829999999895, 0.0003889160000000169, 0.000376541000000008, 0.00041675000000002127, 0.00040841699999999426, 0.00041233299999998696, 0.00040733400000003694, 0.01055320799999998, 0.006686083999999981]}, "final_exec_time": 0.134175375, "stages": [], "best_programs": [], "solution": {"code": "magic_value(A):- head(A,c7),magic(c7).\nmagic_value(A):- tail(A,B),magic_value(B).", "is_solution": true, "conf_matrix": [10, 0, 10, 0], "total_exec_time": 0.134173833, "durations": [{"operation": "Test", "called": 21, "total": 0.06238850499999987, "mean": 0.002970881190476184, "maximum": 0.021023041999999992, "__type__": "DurationSummary"}, {"operation": "Find_Bindings_Prolog", "called": 15, "total": 0.028837666999999956, "mean": 0.0019225111333333303, "maximum": 0.01055320799999998, "__type__": "DurationSummary"}, {"operation": "Constrain", "called": 20, "total": 0.008987585000000187, "mean": 0.0004493792500000093, "maximum": 0.0013595829999999975, "__type__": "DurationSummary"}, {"operation": "Generate", "called": 21, "total": 0.00709716900000007, "mean": 0.0003379604285714319, "maximum": 0.0005365419999999732, "__type__": "DurationSummary"}, {"operation": "Combine", "called": 20, "total": 0.0030107509999999227, "mean": 0.00015053754999999613, "maximum": 0.0030030420000000113, "__type__": "DurationSummary"}], "__type__": "ProgramStats"}, "is_solution": true, "stats_file": "./results/list_example/magicpopper_types/10/2/stats.json", "end": true, "__type__": "Stats"}