{"log_best_programs": true, "num_literals": 0, "total_programs": 8, "total_rules": 0, "total_ground_rules": 0, "durations": {"generate": [0.00038208399999994924, 0.0004913339999998989, 0.0016598340000000267, 0.0010608329999999278, 0.0017004170000001206, 0.0008209160000003379, 0.000967417000000026, 0.0008860840000002312, 0.00017683399999990357], "find_bindings_prolog": [0.03691912499999983, 0.03414470799999991, 0.13844304200000002, 0.14276254200000027, 0.16507166699999987, 0.14220654200000027], "test": [0.04495608299999998, 0.046767207999999894, 0.019780375000000072, 0.1387569999999998, 0.1431013750000001, 0.16557725000000012, 0.14255087499999997, 0.02046558300000001], "combine": [0.10859750000000012, 0.006411834000000116, 4.999999998478444e-07, 9.170000001557099e-07, 6.250000001983835e-07, 5.419999999922709e-07, 6.249999997542943e-07, 5.830000002760016e-07], "constrain": [0.0017362080000000724, 0.002501333999999966, 0.0004273339999998349, 0.0031175829999998683, 0.005190333000000269, 0.0018572500000000325, 0.005285916999999696, 0.002031791999999921]}, "final_exec_time": 2.167899291, "stages": [], "best_programs": [], "solution": {"code": "magic_value(A):- head(A,pq),magic(pq).\nmagic_value(A):- head(A,nx),magic(nx).\nmagic_value(A):- head(A,gw),magic(gw).\nmagic_value(A):- head(A,ae),magic(ae).\nmagic_value(A):- head(A,ar),magic(ar).\nmagic_value(A):- head(A,hr),magic(hr).\nmagic_value(A):- head(A,mv),magic(mv).\nmagic_value(A):- head(A,qv),magic(qv).\nmagic_value(A):- head(A,hy),magic(hy).\nmagic_value(A):- head(A,u),magic(u).\nmagic_value(A):- head(A,gm),magic(gm).\nmagic_value(A):- head(A,fh),magic(fh).\nmagic_value(A):- head(A,bi),magic(bi).\nmagic_value(A):- head(A,du),magic(du).\nmagic_value(A):- head(A,rt),magic(rt).\nmagic_value(A):- head(A,gd),magic(gd).\nmagic_value(A):- head(A,gj),magic(gj).\nmagic_value(A):- head(A,j),magic(j).\nmagic_value(A):- head(A,qa),magic(qa).\nmagic_value(A):- head(A,cb),magic(cb).\nmagic_value(A):- head(A,hd),magic(hd).\nmagic_value(A):- head(A,oz),magic(oz).\nmagic_value(A):- head(A,ln),magic(ln).\nmagic_value(A):- head(A,fw),magic(fw).\nmagic_value(A):- head(A,m),magic(m).\nmagic_value(A):- head(A,oj),magic(oj).\nmagic_value(A):- head(A,ay),magic(ay).\nmagic_value(A):- head(A,dz),magic(dz).\nmagic_value(A):- head(A,ch),magic(ch).\nmagic_value(A):- head(A,dk),magic(dk).\nmagic_value(A):- head(A,rs),magic(rs).\nmagic_value(A):- head(A,nq),magic(nq).\nmagic_value(A):- head(A,ek),magic(ek).\nmagic_value(A):- head(A,rp),magic(rp).\nmagic_value(A):- head(A,db),magic(db).\nmagic_value(A):- head(A,gs),magic(gs).\nmagic_value(A):- head(A,n),magic(n).\nmagic_value(A):- head(A,gf),magic(gf).\nmagic_value(A):- head(A,hx),magic(hx).\nmagic_value(A):- head(A,oq),magic(oq).\nmagic_value(A):- head(A,sh),magic(sh).\nmagic_value(A):- head(A,mk),magic(mk).\nmagic_value(A):- head(A,cy),magic(cy).\nmagic_value(A):- head(A,be),magic(be).\nmagic_value(A):- head(A,kx),magic(kx).\nmagic_value(A):- head(A,hn),magic(hn).\nmagic_value(A):- head(A,nv),magic(nv).\nmagic_value(A):- head(A,ri),magic(ri).\nmagic_value(A):- head(A,rw),magic(rw).\nmagic_value(A):- head(A,cu),magic(cu).\nmagic_value(A):- head(A,ru),magic(ru).\nmagic_value(A):- head(A,es),magic(es).\nmagic_value(A):- head(A,lj),magic(lj).\nmagic_value(A):- head(A,ce),magic(ce).\nmagic_value(A):- head(A,ko),magic(ko).\nmagic_value(A):- head(A,cv),magic(cv).\nmagic_value(A):- head(A,ff),magic(ff).\nmagic_value(A):- head(A,ds),magic(ds).\nmagic_value(A):- head(A,lo),magic(lo).\nmagic_value(A):- head(A,le),magic(le).\nmagic_value(A):- head(A,on),magic(on).\nmagic_value(A):- head(A,jo),magic(jo).\nmagic_value(A):- head(A,mm),magic(mm).\nmagic_value(A):- head(A,qe),magic(qe).\nmagic_value(A):- head(A,qn),magic(qn).\nmagic_value(A):- head(A,nc),magic(nc).\nmagic_value(A):- head(A,mu),magic(mu).\nmagic_value(A):- head(A,gn),magic(gn).\nmagic_value(A):- head(A,fa),magic(fa).\nmagic_value(A):- head(A,pf),magic(pf).\nmagic_value(A):- head(A,at),magic(at).\nmagic_value(A):- head(A,of),magic(of).\nmagic_value(A):- head(A,kg),magic(kg).\nmagic_value(A):- head(A,kk),magic(kk).\nmagic_value(A):- head(A,bj),magic(bj).\nmagic_value(A):- head(A,km),magic(km).\nmagic_value(A):- head(A,gg),magic(gg).\nmagic_value(A):- head(A,ps),magic(ps).\nmagic_value(A):- head(A,l),magic(l).\nmagic_value(A):- head(A,mq),magic(mq).\nmagic_value(A):- head(A,ii),magic(ii).\nmagic_value(A):- head(A,hm),magic(hm).\nmagic_value(A):- head(A,pc),magic(pc).\nmagic_value(A):- head(A,pk),magic(pk).\nmagic_value(A):- head(A,pu),magic(pu).\nmagic_value(A):- head(A,hc),magic(hc).\nmagic_value(A):- head(A,cz),magic(cz).\nmagic_value(A):- head(A,an),magic(an).\nmagic_value(A):- head(A,qc),magic(qc).\nmagic_value(A):- head(A,cm),magic(cm).", "is_solution": true, "conf_matrix": [200, 0, 200, 0], "total_exec_time": 2.167896791, "durations": [{"operation": "Test", "called": 1, "total": 0.04495608299999998, "mean": 0.04495608299999998, "maximum": 0.04495608299999998, "__type__": "DurationSummary"}, {"operation": "Find_Bindings_Prolog", "called": 1, "total": 0.03691912499999983, "mean": 0.03691912499999983, "maximum": 0.03691912499999983, "__type__": "DurationSummary"}, {"operation": "Generate", "called": 1, "total": 0.00038208399999994924, "mean": 0.00038208399999994924, "maximum": 0.00038208399999994924, "__type__": "DurationSummary"}], "__type__": "ProgramStats"}, "is_solution": true, "stats_file": "./results/list_magicvalues_multipleclauses/magicpopper/90/4/stats.json", "end": true, "__type__": "Stats"}