{"log_best_programs": true, "num_literals": 0, "total_programs": 82, "total_rules": 0, "total_ground_rules": 0, "durations": {"generate": [0.0002704170000000783, 0.00015799999999999148, 0.00015258299999998393, 0.0004174169999999755, 0.00011966600000001826, 0.0006957089999999333, 0.000242207999999966, 0.00027412500000001394, 0.0007238749999998184, 0.0005472079999999657, 0.00044549999999987655, 0.0002623330000000035, 0.00023812500000008896, 0.000529875000000013, 0.00020833400000008773, 0.00025612499999994043, 0.0002031670000000041, 0.00020175000000000054, 0.00020058300000003193, 0.0007215000000000416, 0.00018879100000002147, 0.00015720899999993598, 0.0001362919999998713, 0.0004165830000000259, 0.0003075830000001112, 0.00024758299999994016, 0.00020854199999997824, 0.0002787500000001053, 0.00025175000000010606, 0.0006892910000000363, 0.00035766700000006146, 0.00036429099999990555, 0.00021075000000014832, 0.00020004199999990036, 0.00035041699999993625, 0.00020874999999986876, 0.0002445420000003473, 0.0002155830000001302, 0.0002309999999998702, 0.0018095419999997198, 0.0001984999999997683, 0.00022787500000021055, 0.00016141700000016357, 0.0005422079999997109, 0.0007878749999998824, 0.00046341699999974395, 0.00016874999999982876, 0.00017875000000033836, 0.00016787500000026156, 0.00014745899999990542, 0.000341542000000139, 0.00021716699999974054, 0.00016716699999985707, 0.00021041699999990726, 0.00023033399999938808, 0.00023283400000018162, 0.00016337500000052074, 0.00019304200000025418, 0.00016404199999975333, 0.00014870799999933126, 0.00016716699999985707, 0.00025829199999982677, 0.00021074999999992627, 0.00020154200000011002, 0.00025350000000035067, 0.00018058299999967886, 0.00014775000000000205, 0.00016116699999990658, 0.00020629200000055192, 0.0003368750000003473, 0.00016820899999991923, 0.0003413750000005322, 0.0001719169999994108, 0.00017550000000010613, 0.00017254200000049735, 0.00018537499999915497, 0.00016266699999967216, 0.00048145800000032324, 0.00016362500000077773, 0.00043008399999955316, 0.00014787500000057463, 0.0001582090000002978, 0.002791832999999855], "find_bindings_prolog": [0.026915707999999983, 0.072692584, 0.035724792000000005, 0.03333883299999996, 0.08065199999999995, 0.01160129199999993, 0.019911207999999903, 0.07605487500000008, 0.07113987500000007, 0.02773270800000005, 0.01665541600000009, 0.006509625000000074, 0.018564915999999876, 0.019144041999999972, 0.018248875000000053, 0.01084033299999998, 0.028070165999999785, 0.031064333, 0.0018449590000000349, 0.03154733300000001, 0.03065641699999988, 0.031163875000000063, 0.081387667, 0.08791470800000001, 0.0018858750000001478, 0.03459229099999983, 0.03355158299999994, 0.07790583299999998, 0.0811056659999998, 0.010660375000000055, 0.03419104199999978, 0.034448833999999984, 0.07834591599999996, 0.08088670900000006, 0.07711787499999989, 0.0016894999999998994, 0.07002008300000018, 0.001645125000000025, 0.0022908749999999145, 0.002465458000000087, 0.0017710830000003952, 0.0023117080000001344, 0.0333669160000003, 1.5402500839999997, 0.0018741250000005039, 0.0017735000000005385, 0.0017156249999992212, 0.0017309160000005264, 0.03298258400000087, 0.034545458000000195, 0.03309958299999938, 0.00280224999999934, 0.0021954169999993667, 0.0015624580000004329, 0.0017948749999998626, 0.0016633750000005776, 0.002706750000000646, 0.0028164170000000155, 0.0024016249999991857, 0.0026915419999999912, 0.002272624999999806, 0.0027429579999997955, 0.00178154099999972, 0.001923249999999932, 0.006675083000000193, 0.002002499999999685, 0.006582125000000438], "test": [0.027536292000000073, 0.0006202499999999889, 0.07392295800000004, 0.0006719170000000219, 0.0005833330000000192, 0.03638483299999995, 0.03423100000000001, 0.08228062500000011, 0.012155625000000114, 0.020639249999999887, 0.07755154199999992, 0.07261366600000008, 0.028278833000000114, 0.017308416000000104, 0.006965749999999993, 0.01946220799999998, 0.02002737499999996, 0.019165209000000072, 0.011581540999999973, 0.057966666, 0.00038637499999993885, 0.0003196669999998569, 0.0007765829999999418, 0.028760667000000018, 0.031784915999999885, 0.0020718750000001673, 0.0322429580000001, 0.03136745800000007, 0.031878041999999995, 0.08346374999999995, 0.08983350000000012, 0.0022765000000000146, 0.03554145900000005, 0.034486125000000145, 0.0796526660000001, 0.08286841700000025, 0.011187916999999992, 0.0350896249999999, 0.03539279200000012, 0.0802011669999998, 0.0825540410000003, 0.07874141700000026, 0.0018952919999999374, 0.07153745799999989, 0.001848874999999861, 0.0025137920000002367, 0.002682083999999918, 0.002003332999999774, 0.00045983299999985405, 0.135572625, 0.0025565410000001343, 0.034121499999999916, 1.5410273750000005, 0.04314633300000015, 0.0005298749999997909, 0.00213066699999942, 0.0019976249999995588, 0.0019502909999999929, 0.001952208999999705, 0.004765207999999355, 0.045201374999999544, 0.03382774999999949, 0.03534679199999946, 0.03393645799999945, 0.0030352080000000115, 0.0024060830000003364, 0.0017677909999997965, 0.034825500000000176, 0.12534804199999972, 0.002041125000000754, 0.0018862080000001669, 0.0029306250000002976, 0.0030439170000002846, 0.0026240829999997217, 0.0029228339999995967, 0.002495416000000361, 0.002961040999999831, 0.0020195420000002073, 0.0021427909999998107, 0.006898583000000791, 0.002204292000000052, 0.006784374999999621], "combine": [0.003598499999999949, 4.1699999997479864e-07, 0.00270129100000005, 5.83000000053957e-07, 4.1699999997479864e-07, 5.83000000053957e-07, 6.249999999763389e-07, 6.249999999763389e-07, 4.1700000008582094e-07, 5.83000000053957e-07, 4.999999998478444e-07, 5.419999999922709e-07, 5.00000000069889e-07, 4.1699999986377634e-07, 4.1700000008582094e-07, 4.999999998478444e-07, 5.00000000069889e-07, 5.00000000069889e-07, 4.1600000000308057e-07, 4.999999998478444e-07, 3.7499999994139444e-07, 3.7500000016343904e-07, 3.340000001017529e-07, 5.419999999922709e-07, 5.840000001366974e-07, 4.580000001475071e-07, 5.419999999922709e-07, 5.83000000053957e-07, 5.419999999922709e-07, 7.499999998827889e-07, 6.660000000380251e-07, 4.580000001475071e-07, 5.420000002143155e-07, 5.00000000069889e-07, 5.419999999922709e-07, 5.410000003536197e-07, 0.0029102919999997034, 6.250000001983835e-07, 6.250000001983835e-07, 6.660000000380251e-07, 4.580000001475071e-07, 4.580000001475071e-07, 4.5900000023024745e-07, 5.409999999095305e-07, 4.1599999978103597e-07, 5.419999999922709e-07, 4.1699999986377634e-07, 4.580000001475071e-07, 4.1700000030786555e-07, 5.00000000069889e-07, 4.1599999978103597e-07, 5.419999999922709e-07, 5.419999995481817e-07, 5.419999995481817e-07, 4.160000006692144e-07, 4.5799999970341787e-07, 4.5899999978615824e-07, 4.5899999978615824e-07, 3.7499999994139444e-07, 4.580000005915963e-07, 4.999999996257998e-07, 6.250000001983835e-07, 5.419999995481817e-07, 6.660000000380251e-07, 4.5899999978615824e-07, 3.7499999994139444e-07, 4.1700000075195476e-07, 5.419999995481817e-07, 5.419999995481817e-07, 3.7499999994139444e-07, 4.1699999986377634e-07, 4.999999996257998e-07, 4.5799999970341787e-07, 4.5799999970341787e-07, 5.000000005139782e-07, 3.7499999994139444e-07, 4.5799999970341787e-07, 4.1699999986377634e-07, 3.7499999994139444e-07, 3.7499999994139444e-07, 3.7499999994139444e-07, 3.7499999994139444e-07],