{"log_best_programs": true, "num_literals": 0, "total_programs": 21, "total_rules": 0, "total_ground_rules": 0, "durations": {"generate": [0.0060313750000000055, 0.017585708000000033, 0.05001258399999997, 0.25865170800000004, 0.00033441699999992025, 0.037892333000000056, 0.031180999999999903, 0.000699167000000056, 0.0004944590000000026, 0.10884291700000004, 0.003959749999999929, 0.00028441599999995404, 0.009261833999999691, 0.312989167, 0.007864332999999668, 0.0004585420000005058, 0.0008503749999997368, 0.0012846659999983245, 0.0007502919999993196, 0.0009542079999995678, 0.0005333329999999137, 0.053307541999998875], "find_bindings_prolog": [0.011542084000000008, 0.10142033400000006, 0.0007682499999999148, 0.09394508299999993, 0.11527070900000003, 0.18403499999999995, 0.2618775, 0.08644783299999981, 0.0023519580000002094, 0.0006570840000001965, 0.0006665840000001921, 2.354691042, 0.21605337499999955, 0.0013721250000005014, 0.2246322910000007, 0.010795500000000402, 0.00626049999999978, 0.09386820900000004, 0.09938354199999999], "test": [0.011890624999999988, 0.141489333, 0.0014275419999999484, 0.0005877919999999204, 0.15696183399999986, 0.179752833, 0.2879026250000001, 0.39295954200000005, 0.22586579100000037, 0.0037733749999997457, 0.0005627499999998342, 0.0009054589999997198, 0.0013247499999997636, 4.04016525, 0.3779950000000003, 0.0026975829999997814, 0.4002874580000002, 0.0190914169999985, 0.01525570899999984, 0.26171216700000066, 0.28519562500000006], "combine": [5.829999999984459e-07, 0.007695958000000003, 4.1700000008582094e-07, 5.00000000069889e-07, 6.669999998987208e-07, 5.419999999922709e-07, 6.670000001207654e-07, 0.0023147079999996656, 5.830000002760016e-07, 4.580000001475071e-07, 4.160000002251252e-07, 3.7499999994139444e-07, 3.7500000038548365e-07, 8.329999996448123e-07, 8.339999997275527e-07, 4.1699999986377634e-07, 6.250000001983835e-07, 0.002765875000001472, 4.999999987376214e-07, 6.670000001207654e-07, 0.0031494170000012645], "constrain": [0.007353667000000008, 0.01627349999999994, 0.014486582999999942, 0.005947541999999917, 0.003548375000000048, 0.05546120799999987, 0.011720957999999948, 0.01924725000000027, 0.018922582999999715, 0.045701290999999866, 0.005678458000000219, 0.006453291000000139, 0.013768334000000326, 0.09666241700000011, 0.02127020800000068, 0.037835375000000226, 0.04739920899999994, 0.01926749999999977, 0.021678500000000156, 0.028228750000000247, 0.04682270899999885]}, "final_exec_time": 8.392860834, "stages": [], "best_programs": [], "solution": {"code": "drug_design(A):- atom(A,B),atom_type(B,o),atom(A,C),bound(C,B,0.217),atom_type(C,h),magic(o),magic(0.217),magic(h).", "is_solution": true, "conf_matrix": [10, 0, 10, 0], "total_exec_time": 8.392857667, "durations": [{"operation": "Test", "called": 21, "total": 6.807804459999999, "mean": 0.3241811647619047, "maximum": 4.04016525, "__type__": "DurationSummary"}, {"operation": "Find_Bindings_Prolog", "called": 19, "total": 3.866039003000001, "mean": 0.20347573700000005, "maximum": 2.354691042, "__type__": "DurationSummary"}, {"operation": "Generate", "called": 21, "total": 0.8509165839999966, "mean": 0.04051983733333317, "maximum": 0.312989167, "__type__": "DurationSummary"}, {"operation": "Constrain", "called": 20, "total": 0.49690499900000135, "mean": 0.024845249950000068, "maximum": 0.09666241700000011, "__type__": "DurationSummary"}, {"operation": "Combine", "called": 20, "total": 0.012786000000000575, "mean": 0.0006393000000000287, "maximum": 0.007695958000000003, "__type__": "DurationSummary"}], "__type__": "ProgramStats"}, "is_solution": true, "stats_file": "./results/drug_design/magicpopper_types/3/stats.json", "end": true, "__type__": "Stats"}