{"log_best_programs": true, "num_literals": 0, "total_programs": 2, "total_rules": 0, "total_ground_rules": 0, "durations": {"generate": [0.00032791599999998366, 0.0015003749999999982, 0.0006169580000001673], "find_bindings_prolog": [0.020347791000000004, 0.800947083], "bind": [4.999999999588667e-07, 0.08453770800000004], "test": [0.02060741699999996, 0.886299375], "combine": [4.5900000000820285e-07, 0.02805187500000006], "constrain": [0.004085958000000001, 0.004783167000000033]}, "final_exec_time": 1.0911050000000002, "stages": [], "best_programs": [], "solution": null, "is_solution": false, "stats_file": "./results/list_magicvaluesameclause/magicpopper/8/6/stats.json", "end": true, "__type__": "Stats"}