{"log_best_programs": true, "num_literals": 0, "total_programs": 14, "total_rules": 0, "total_ground_rules": 0, "durations": {"generate": [0.0008845000000000658, 0.0006586670000000572, 0.0014134999999999565, 0.0013829579999999897, 0.0007645829999999298, 0.017388832999999937, 0.0011895840000000213, 0.0018002919999999811, 0.000701875000000074, 0.0013951249999999416, 0.0016913749999999395, 0.0024142090000000005, 0.0009412500000000046, 0.0010512079999999147, 1.090967541], "find_bindings_prolog": [0.021250915999999953, 0.001880542000000096, 0.0019329160000000067, 0.0020162910000000034, 0.0010109159999999173, 0.0009259999999999824, 0.0007989579999999608, 0.0007747500000000462, 0.001929041999999992, 0.002099167000000013, 0.0020761249999999842, 0.001584416000000033], "test": [0.022926875000000013, 0.0005657919999999539, 0.0033631670000000558, 0.0034565830000000686, 0.0036390840000000146, 0.0016279580000000404, 0.0015063750000000597, 0.0013749580000000927, 0.0012784999999999602, 0.0037493749999999437, 0.0007184590000000046, 0.004008957999999896, 0.004121334000000032, 0.002584792000000058], "combine": [0.005008624999999989, 6.670000000097431e-07, 9.579999999953515e-07, 9.169999999336653e-07, 9.590000000780918e-07, 8.329999999778792e-07, 6.249999999763389e-07, 5.829999999429347e-07, 5.83000000053957e-07, 7.910000000554973e-07, 6.250000000873612e-07, 9.579999999953515e-07, 9.159999999619473e-07, 0.003768292000000062], "constrain": [0.0022482499999999517, 0.002940374999999995, 0.0005549999999999722, 0.0005927920000000642, 0.0006092089999999439, 0.003448541000000027, 0.0010098330000000155, 0.0009272919999999685, 0.0008985000000000243, 0.005088124999999999, 0.0004370419999999431, 0.0012579999999999814, 0.0012455829999999946, 0.0007856669999999344]}, "final_exec_time": 1.296205208, "stages": [], "best_programs": [], "solution": {"code": "f(A,B):- square(A,C),magic(3.142),mult(C,3.142,B).", "is_solution": true, "conf_matrix": [10, 0, 10, 0], "total_exec_time": 1.2961966249999999, "durations": [{"operation": "Test", "called": 14, "total": 0.05492221000000019, "mean": 0.003923015000000014, "maximum": 0.022926875000000013, "__type__": "DurationSummary"}, {"operation": "Find_Bindings_Prolog", "called": 12, "total": 0.03828003899999999, "mean": 0.003190003249999999, "maximum": 0.021250915999999953, "__type__": "DurationSummary"}, {"operation": "Generate", "called": 14, "total": 0.03367795899999981, "mean": 0.0024055684999999866, "maximum": 0.017388832999999937, "__type__": "DurationSummary"}, {"operation": "Constrain", "called": 13, "total": 0.02125854199999988, "mean": 0.0016352724615384523, "maximum": 0.005088124999999999, "__type__": "DurationSummary"}, {"operation": "Combine", "called": 13, "total": 0.005018040000000057, "mean": 0.0003860030769230813, "maximum": 0.005008624999999989, "__type__": "DurationSummary"}], "__type__": "ProgramStats"}, "is_solution": true, "stats_file": "./results/pi/magicpopper_types/6/stats.json", "end": true, "__type__": "Stats"}