{"log_best_programs": true, "num_literals": 0, "total_programs": 58, "total_rules": 0, "total_ground_rules": 0, "durations": {"generate": [0.0002904999999999991, 0.0005098330000000151, 0.0002047079999999979, 0.00019004200000000138, 0.00020199999999997997, 0.00018487499999997326, 0.00019570799999996114, 0.00019370800000001465, 0.00018570900000003387, 0.00018462499999999382, 0.0003097910000000037, 0.00020970900000000237, 0.00017774999999997654, 0.0004502499999999854, 0.00019808300000001555, 0.0001958329999999786, 0.0002082919999999988, 0.00019329200000001157, 0.00019337499999999563, 0.00020016699999997334, 0.0001942910000000131, 0.0001875000000000071, 0.00018695900000004206, 0.00019095899999999055, 0.00018974999999998854, 0.00018966700000000447, 0.0001882919999999788, 0.00018845800000000246, 0.00019541700000003104, 0.000187875000000004, 0.00018783300000002612, 0.0001887079999999819, 0.00022545900000003893, 0.00020049999999999235, 0.00019554100000002128, 0.0001911669999999921, 0.00020529099999999634, 0.00020333300000002774, 0.00021291699999997915, 0.00019974999999999854, 0.0001967500000000233, 0.00020291699999996915, 0.00019258299999996842, 0.00019916600000002838, 0.00019245800000000646, 0.00018804199999999938, 0.00019020899999999674, 0.00018895799999996132, 0.00019287500000003677, 0.00019241700000000028, 0.00019362500000003058, 0.0001914579999999777, 0.00032487500000000225, 0.00024841599999997355, 0.0002351670000000361, 0.00024408300000000605, 0.00023329199999999606, 0.00022450000000001635, 0.0002195839999999949], "find_bindings_prolog": [0.01012079099999999, 0.0008219999999999894, 0.0008640830000000155, 0.0008023329999999884, 0.0004604579999999969, 0.0004257079999999691, 0.000996041000000003], "test": [0.010736583000000022, 0.013819042000000004, 0.00031924999999999315, 0.000311541999999998, 0.0003234579999999987, 0.0002999589999999608, 0.00027945900000003743, 0.0002909580000000078, 0.00026883300000002386, 0.0002734160000000263, 0.00030687500000003975, 0.0002753329999999887, 0.00027212500000001194, 0.00032441700000002127, 0.0003233749999999591, 0.0003142919999999938, 0.00030487500000003775, 0.00032199999999998896, 0.000307875000000013, 0.0003158330000000431, 0.0003127920000000062, 0.00031087499999998824, 0.0003065829999999714, 0.00030812499999999243, 0.00030541700000003, 0.0003185829999999834, 0.00030329200000001055, 0.0003147090000000241, 0.0002991670000000446, 0.00030804199999995285, 0.00030212499999998643, 0.0003017499999999895, 0.00032050000000000134, 0.0003057909999999997, 0.00030016700000001784, 0.0003094169999999785, 0.0003029159999999864, 0.0003314580000000067, 0.000325875000000031, 0.0003255000000000341, 0.00031037499999997387, 0.0003143750000000334, 0.00030116600000001936, 0.00030979200000003093, 0.00031045899999998516, 0.00031533300000002873, 0.0003125830000000329, 0.00032570800000003564, 0.00030083300000000035, 0.00030641600000003155, 0.00030608300000001254, 0.00030325000000003266, 0.001895250000000015, 0.0019712500000000355, 0.0019372919999999794, 0.0007614579999999926, 0.0007211659999999953, 0.0020852090000000323], "combine": [0.002588082999999991, 4.999999999588667e-07, 4.170000000303098e-07, 4.1600000000308057e-07, 3.749999999969056e-07, 3.749999999969056e-07, 3.749999999969056e-07, 3.329999999635014e-07, 3.339999999907306e-07, 3.3300000001901253e-07, 3.749999999969056e-07, 3.329999999635014e-07, 3.749999999969056e-07, 5.000000000143778e-07, 3.7500000005241674e-07, 3.749999999969056e-07, 3.7500000005241674e-07, 3.749999999969056e-07, 3.749999999969056e-07, 3.749999999969056e-07, 3.7500000005241674e-07, 3.3300000001901253e-07, 3.329999999635014e-07, 3.3300000001901253e-07, 3.749999999969056e-07, 3.3300000001901253e-07, 3.749999999969056e-07, 3.749999999969056e-07, 3.749999999969056e-07, 2.9200000001283755e-07, 3.749999999969056e-07, 3.749999999969056e-07, 3.749999999969056e-07, 3.749999999969056e-07, 3.749999999969056e-07, 3.749999999969056e-07, 3.749999999969056e-07, 4.1699999997479864e-07, 3.749999999969056e-07, 3.339999999907306e-07, 3.749999999969056e-07, 3.329999999635014e-07, 3.749999999969056e-07, 3.339999999907306e-07, 3.339999999907306e-07, 2.9200000001283755e-07, 3.749999999969056e-07, 4.159999999475694e-07, 3.749999999969056e-07, 3.3300000001901253e-07, 3.749999999969056e-07, 3.339999999907306e-07, 5.409999999650417e-07, 4.5799999998097363e-07, 4.999999999588667e-07, 4.1699999997479864e-07, 3.3300000001901253e-07, 0.001900583999999983], "constrain": [0.0007349170000000016, 0.0010389160000000008, 0.00018133400000003297, 0.0001827080000000314, 0.00017162500000000858, 0.0001688340000000066, 0.00014049999999998786, 0.0001367500000000188, 0.00013758299999999668, 0.00013916600000002388, 0.0001407079999999894, 0.00013816600000005064, 0.0001367919999999967, 0.000933041999999995, 0.00016295799999999083, 0.00016183300000000012, 0.00019279100000002547, 0.00019125000000003167, 0.0001599170000000094, 0.00016050000000000786, 0.000162665999999978, 0.00015983299999999812, 0.00016174999999996054, 0.00016220799999999702, 0.00016066700000000322, 0.00015970799999998064, 0.000160000000000049, 0.0001619580000000176, 0.00015841599999999456, 0.00016024999999997291, 0.0001599170000000094, 0.0001607499999999873, 0.00016079099999999347, 0.00015962499999999658, 0.00016983399999997983, 0.00015983299999999812, 0.00016104200000000013, 0.00017012500000002095, 0.00016058299999999193, 0.00016120799999996827, 0.00016133299999998574, 0.00016045799999997445, 0.0001591670000000156, 0.00016129199999997956, 0.0001591249999999822, 0.00016037499999999039, 0.00016087500000000476, 0.00016262500000002733, 0.0001582909999999771, 0.00016166600000000475, 0.0001579580000000136, 0.00015633400000003572, 0.0010577079999999905, 0.0002749579999999918, 0.0009632499999999711, 0.00024237500000001688, 0.00021000000000004349, 0.00019800000000003148]}, "final_exec_time": 0.11642787499999999, "stages": [], "best_programs": [], "solution": {"code": "multiple(A):- div2(A,B),multiple(B).\nmultiple(1):- magic(1).", "is_solution": true, "conf_matrix": [7, 0, 10, 0], "total_exec_time": 0.11642645799999998, "durations": [{"operation": "Test", "called": 58, "total": 0.04929058200000047, "mean": 0.0008498376206896633, "maximum": 0.013819042000000004, "__type__": "DurationSummary"}, {"operation": "Find_Bindings_Prolog", "called": 7, "total": 0.014491413999999952, "mean": 0.002070201999999993, "maximum": 0.01012079099999999, "__type__": "DurationSummary"}, {"operation": "Constrain", "called": 57, "total": 0.013309244000000109, "mean": 0.00023349550877193174, "maximum": 0.0010577079999999905, "__type__": "DurationSummary"}, {"operation": "Generate", "called": 58, "total": 0.012419708000000057, "mean": 0.00021413289655172513, "maximum": 0.0005098330000000151, "__type__": "DurationSummary"}, {"operation": "Combine", "called": 57, "total": 0.002609123999999824, "mean": 4.577410526315481e-05, "maximum": 0.002588082999999991, "__type__": "DurationSummary"}], "__type__": "ProgramStats"}, "is_solution": true, "stats_file": "./results/multiple/magicpopper_args/9/stats.json", "end": true, "__type__": "Stats"}