{"log_best_programs": true, "num_literals": 0, "total_programs": 8, "total_rules": 0, "total_ground_rules": 0, "durations": {"generate": [0.0003900840000001793, 0.0006258340000000473, 0.0014501250000000798, 0.001566834000000128, 0.001927250000000047, 0.0007328749999999662, 0.0010502919999999527, 0.0009925829999999358, 0.0010025830000000013], "find_bindings_prolog": [0.03221629199999998, 0.032135207999999915, 0.13603837500000004, 0.14698891700000005, 0.15861229199999993, 0.1526915830000002], "test": [0.03926395800000004, 0.04393541699999992, 0.018944791000000016, 0.1363501250000001, 0.01746920800000007, 0.14732895800000012, 0.15911354200000005, 0.1530364169999996], "combine": [0.10058383300000018, 0.006056207999999952, 5.83000000053957e-07, 7.07999999960407e-07, 6.249999999763389e-07, 5.00000000069889e-07, 5.419999999922709e-07, 5.409999999095305e-07], "constrain": [0.0017320419999999892, 0.0024282079999999873, 0.0004220000000001445, 0.0030339580000000588, 0.0005242500000000039, 0.005238540999999763, 0.0019012499999999655, 0.0018013329999999605]}, "final_exec_time": 2.097551791, "stages": [], "best_programs": [], "solution": {"code": "magic_value(A):- head(A,qx),magic(qx).\nmagic_value(A):- head(A,pq),magic(pq).\nmagic_value(A):- head(A,rv),magic(rv).\nmagic_value(A):- head(A,oe),magic(oe).\nmagic_value(A):- head(A,mv),magic(mv).\nmagic_value(A):- head(A,ls),magic(ls).\nmagic_value(A):- head(A,mx),magic(mx).\nmagic_value(A):- head(A,gn),magic(gn).\nmagic_value(A):- head(A,aa),magic(aa).\nmagic_value(A):- head(A,fm),magic(fm).\nmagic_value(A):- head(A,me),magic(me).\nmagic_value(A):- head(A,co),magic(co).\nmagic_value(A):- head(A,az),magic(az).\nmagic_value(A):- head(A,c),magic(c).\nmagic_value(A):- head(A,di),magic(di).\nmagic_value(A):- head(A,fk),magic(fk).\nmagic_value(A):- head(A,pu),magic(pu).\nmagic_value(A):- head(A,ck),magic(ck).\nmagic_value(A):- head(A,l),magic(l).\nmagic_value(A):- head(A,by),magic(by).\nmagic_value(A):- head(A,rs),magic(rs).\nmagic_value(A):- head(A,jx),magic(jx).\nmagic_value(A):- head(A,io),magic(io).\nmagic_value(A):- head(A,ma),magic(ma).\nmagic_value(A):- head(A,sg),magic(sg).\nmagic_value(A):- head(A,ox),magic(ox).\nmagic_value(A):- head(A,fw),magic(fw).\nmagic_value(A):- head(A,od),magic(od).\nmagic_value(A):- head(A,oq),magic(oq).\nmagic_value(A):- head(A,nu),magic(nu).\nmagic_value(A):- head(A,ac),magic(ac).\nmagic_value(A):- head(A,bd),magic(bd).\nmagic_value(A):- head(A,or),magic(or).\nmagic_value(A):- head(A,gv),magic(gv).\nmagic_value(A):- head(A,kx),magic(kx).\nmagic_value(A):- head(A,jw),magic(jw).\nmagic_value(A):- head(A,qz),magic(qz).\nmagic_value(A):- head(A,ra),magic(ra).\nmagic_value(A):- head(A,qn),magic(qn).\nmagic_value(A):- head(A,fs),magic(fs).\nmagic_value(A):- head(A,jk),magic(jk).\nmagic_value(A):- head(A,nm),magic(nm).\nmagic_value(A):- head(A,hz),magic(hz).\nmagic_value(A):- head(A,kg),magic(kg).\nmagic_value(A):- head(A,oz),magic(oz).\nmagic_value(A):- head(A,bq),magic(bq).\nmagic_value(A):- head(A,nr),magic(nr).\nmagic_value(A):- head(A,j),magic(j).\nmagic_value(A):- head(A,bp),magic(bp).\nmagic_value(A):- head(A,gz),magic(gz).\nmagic_value(A):- head(A,f),magic(f).\nmagic_value(A):- head(A,oh),magic(oh).\nmagic_value(A):- head(A,cb),magic(cb).\nmagic_value(A):- head(A,ja),magic(ja).\nmagic_value(A):- head(A,d),magic(d).\nmagic_value(A):- head(A,eh),magic(eh).\nmagic_value(A):- head(A,rz),magic(rz).\nmagic_value(A):- head(A,sb),magic(sb).\nmagic_value(A):- head(A,fo),magic(fo).\nmagic_value(A):- head(A,ri),magic(ri).\nmagic_value(A):- head(A,ch),magic(ch).\nmagic_value(A):- head(A,nx),magic(nx).\nmagic_value(A):- head(A,mi),magic(mi).\nmagic_value(A):- head(A,no),magic(no).\nmagic_value(A):- head(A,dh),magic(dh).\nmagic_value(A):- head(A,cv),magic(cv).\nmagic_value(A):- head(A,mn),magic(mn).\nmagic_value(A):- head(A,ks),magic(ks).\nmagic_value(A):- head(A,dw),magic(dw).\nmagic_value(A):- head(A,in),magic(in).\nmagic_value(A):- head(A,eb),magic(eb).\nmagic_value(A):- head(A,on),magic(on).\nmagic_value(A):- head(A,dp),magic(dp).\nmagic_value(A):- head(A,ln),magic(ln).\nmagic_value(A):- head(A,rr),magic(rr).\nmagic_value(A):- head(A,fv),magic(fv).\nmagic_value(A):- head(A,ku),magic(ku).\nmagic_value(A):- head(A,el),magic(el).\nmagic_value(A):- head(A,id),magic(id).\nmagic_value(A):- head(A,mj),magic(mj).", "is_solution": true, "conf_matrix": [200, 0, 200, 0], "total_exec_time": 2.097549375, "durations": [{"operation": "Test", "called": 1, "total": 0.03926395800000004, "mean": 0.03926395800000004, "maximum": 0.03926395800000004, "__type__": "DurationSummary"}, {"operation": "Find_Bindings_Prolog", "called": 1, "total": 0.03221629199999998, "mean": 0.03221629199999998, "maximum": 0.03221629199999998, "__type__": "DurationSummary"}, {"operation": "Generate", "called": 1, "total": 0.0003900840000001793, "mean": 0.0003900840000001793, "maximum": 0.0003900840000001793, "__type__": "DurationSummary"}], "__type__": "ProgramStats"}, "is_solution": true, "stats_file": "./results/list_magicvalues_multipleclauses/magicpopper/80/9/stats.json", "end": true, "__type__": "Stats"}