{"log_best_programs": true, "num_literals": 0, "total_programs": 12, "total_rules": 0, "total_ground_rules": 0, "durations": {"generate": [0.0004734580000000932, 0.0003902920000005139, 0.0004373340000007886, 0.0004177089999988226, 0.000529457999999039, 0.0003659159999997996, 0.0003916669999988187, 0.00048537500000023215, 0.00037654200000147853, 0.00047229200000131755, 0.00038529100000062044, 0.0004994170000003351], "test": [0.12862166700000088, 0.11919741699999875, 0.052577874999999, 0.3517680410000015, 0.11672491600000257, 0.34731987500000017, 0.05330599999999919, 0.04110099999999761, 0.04080629199999919, 0.08102483300000074, 0.08026366700000054, 0.45169070799999744], "combine": [7.499999998827889e-07, 0.1371108750000012, 5.000000005139782e-07, 0.22841225000000165, 0.2353120000000004, 9.17000001265933e-07, 5.839999985823852e-07, 4.999999987376214e-07, 5.420000022127169e-07, 5.409999985772629e-07, 5.830000020523585e-07], "constrain": [0.001389875000000984, 0.0013724580000005204, 0.0016575830000000735, 0.00019937500000111186, 0.0014349170000009792, 0.00021929200000059268, 0.0019202090000014493, 0.00029770800000150643, 0.0002529590000008852, 0.00025479199999978164, 0.0002563339999994696], "find_bindings_prolog": [0.11842841600000042, 0.052032707999998706, 0.35098637499999974, 0.11587162500000048, 0.3465088750000014, 0.052740207999999456, 0.04051070799999934, 0.04024654199999844, 0.08046641700000023, 0.07970933400000035, 0.447223790999999]}, "final_exec_time": 18.315663125, "stages": [], "best_programs": [], "solution": {"code": "magic_value(A):- head(A,dp),last(A,dp),magic(dp).\nmagic_value(A):- head(A,ev),last(A,ev),magic(ev).\nmagic_value(A):- last(A,q),head(A,q),magic(q).\nmagic_value(A):- last(A,ex),head(A,ex),magic(ex).\nmagic_value(A):- head(A,cd),last(A,cd),magic(cd).\nmagic_value(A):- head(A,cc),last(A,cc),magic(cc).\nmagic_value(A):- head(A,dh),last(A,dh),magic(dh).\nmagic_value(A):- head(A,ea),last(A,ea),magic(ea).\nmagic_value(A):- head(A,ac),last(A,ac),magic(ac).\nmagic_value(A):- last(A,ds),head(A,ds),magic(ds).\nmagic_value(A):- head(A,o),last(A,o),magic(o).\nmagic_value(A):- head(A,bq),last(A,bq),magic(bq).\nmagic_value(A):- head(A,c7),magic(c7).\nmagic_value(A):- head(A,t),last(A,t),magic(t).\nmagic_value(A):- head(A,fz),last(A,fz),magic(fz).\nmagic_value(A):- head(A,gd),last(A,gd),magic(gd).\nmagic_value(A):- head(A,ao),last(A,ao),magic(ao).\nmagic_value(A):- head(A,a),last(A,a),magic(a).\nmagic_value(A):- head(A,at),last(A,at),magic(at).\nmagic_value(A):- last(A,ep),head(A,ep),magic(ep).\nmagic_value(A):- last(A,bo),head(A,bo),magic(bo).\nmagic_value(A):- last(A,ej),head(A,ej),magic(ej).\nmagic_value(A):- head(A,ca),last(A,ca),magic(ca).\nmagic_value(A):- head(A,bv),last(A,bv),magic(bv).\nmagic_value(A):- tail(A,B),head(B,c7),magic(c7).\nmagic_value(A):- last(A,fk),head(A,fk),magic(fk).\nmagic_value(A):- head(A,aj),last(A,aj),magic(aj).\nmagic_value(A):- head(A,fx),last(A,fx),magic(fx).\nmagic_value(A):- head(A,gm),last(A,gm),magic(gm).\nmagic_value(A):- head(A,am),last(A,am),magic(am).\nmagic_value(A):- last(A,fo),head(A,fo),magic(fo).\nmagic_value(A):- head(A,ct),last(A,ct),magic(ct).\nmagic_value(A):- last(A,c7),magic(c7).\nmagic_value(A):- last(A,bc),head(A,bc),magic(bc).", "is_solution": true, "conf_matrix": [0, 0, 0, 0], "total_exec_time": 18.315636791, "durations": [{"operation": "Test", "called": 12, "total": 1.8644022909999975, "mean": 0.15536685758333313, "maximum": 0.45169070799999744, "__type__": "DurationSummary"}, {"operation": "Find_Bindings_Prolog", "called": 11, "total": 1.7247249989999975, "mean": 0.1567931817272725, "maximum": 0.447223790999999, "__type__": "DurationSummary"}, {"operation": "Combine", "called": 11, "total": 0.6008400420000051, "mean": 0.05462182200000046, "maximum": 0.2353120000000004, "__type__": "DurationSummary"}, {"operation": "Constrain", "called": 11, "total": 0.009255502000007354, "mean": 0.0008414092727279412, "maximum": 0.0019202090000014493, "__type__": "DurationSummary"}, {"operation": "Generate", "called": 12, "total": 0.005224751000001859, "mean": 0.0004353959166668216, "maximum": 0.000529457999999039, "__type__": "DurationSummary"}], "__type__": "ProgramStats"}, "is_solution": true, "stats_file": "./results/list_example/magicpopper_types/10000/3/stats.json", "end": false, "__type__": "Stats"}