{"log_best_programs": true, "num_literals": 0, "total_programs": 30, "total_rules": 0, "total_ground_rules": 0, "durations": {"generate": [0.00040445799999999643, 0.00020804199999996387, 0.000507874999999991, 0.00024845899999997867, 0.00021933300000004374, 0.00034754099999995125, 0.00021104199999999462, 0.00023354100000000377, 0.00025724999999998666, 0.0009330000000000171, 0.00023062499999998431, 0.00023724999999996665, 0.00021266699999999972, 0.0002134579999999997, 0.00027295900000001705, 0.00023920799999999076, 0.00023725000000002217, 0.00025883300000001386, 0.00018849999999998035, 0.00022008299999998204, 0.0004892089999999905, 0.000205875000000022, 0.00022929199999999206, 0.00019841700000000628, 0.00020891600000000343, 0.00022079099999999796, 0.000989583000000016, 0.00018720799999999427, 0.00018004099999996415, 0.00017129199999998956, 0.0017272090000000073], "find_bindings_prolog": [0.012403207999999999, 0.006009541999999979, 0.001681374999999985, 0.0013101669999999732, 0.001708708999999975, 0.00508779199999998, 0.004802334000000019, 0.001990415999999995, 0.009749332999999971, 0.0007014159999999547, 0.0006268750000000267, 0.001741249999999972, 0.0014256670000000193, 0.001459167000000039, 0.004310374999999977, 0.0013637079999999635, 0.001825124999999983, 0.0012198340000000307, 0.0017498750000000118, 0.0017740420000000312, 0.0008899579999999685, 0.003120208000000013, 0.0007586250000000128, 0.0007336250000000155, 0.0013137080000000245, 0.003136374999999969, 0.0007406660000000009, 0.0012816250000000085, 0.0012459589999999632, 0.0013289159999999578], "test": [0.01351533399999999, 0.00859791700000001, 0.002783666000000018, 0.0020847909999999747, 0.0028538750000000057, 0.0076854160000000005, 0.007337375000000035, 0.002845666999999996, 0.013413707999999969, 0.0010905830000000338, 0.0009778749999999614, 0.002894542, 0.0023075419999999958, 0.0024309170000000324, 0.007916665999999961, 0.0024840420000000196, 0.0028112080000000095, 0.0020545419999999925, 0.0029915420000000137, 0.0030380000000000407, 0.001252834000000036, 0.005665333999999966, 0.001509000000000038, 0.0014668749999999786, 0.0022386250000000496, 0.005765166000000044, 0.0013150829999999947, 0.0019710829999999846, 0.0019236659999999906, 0.0020107910000000118], "combine": [0.0038018329999999767, 0.005799375000000051, 6.659999999825139e-07, 0.004469374999999998, 4.1600000000308057e-07, 5.000000000143778e-07, 5.000000000143778e-07, 0.006003833000000014, 5.409999999650417e-07, 5.000000000143778e-07, 4.170000000303098e-07, 5.829999999984459e-07, 4.5799999998097363e-07, 4.5900000000820285e-07, 4.580000000364848e-07, 4.1699999997479864e-07, 4.170000000303098e-07, 4.5799999998097363e-07, 5.000000000143778e-07, 4.5799999998097363e-07, 4.170000000303098e-07, 4.5799999998097363e-07, 3.749999999969056e-07, 3.749999999969056e-07, 4.1600000000308057e-07, 4.170000000303098e-07, 3.749999999969056e-07, 4.1600000000308057e-07, 4.580000000364848e-07, 4.170000000303098e-07], "constrain": [0.001790666999999968, 0.0019707079999999877, 0.0007392920000000025, 0.00034566699999999395, 0.0006395000000000151, 0.001993167000000018, 0.0003878750000000375, 0.00024129200000000406, 0.0034685829999999696, 0.0006407079999999898, 0.0006297090000000338, 0.002717333000000044, 0.0003910830000000143, 0.0009785840000000046, 0.0004339590000000393, 0.00026249999999999885, 0.00037229099999996906, 0.00036724999999998564, 0.000986333000000006, 0.0009867500000000362, 0.0006585419999999842, 0.0004206249999999523, 0.0007231249999999911, 0.0007346250000000443, 0.00040316600000001035, 0.00041074999999995976, 0.0006591250000000382, 0.0003691250000000257, 0.00035483299999999884, 0.0003654579999999852]}, "final_exec_time": 0.23277025, "stages": [], "best_programs": [], "solution": {"code": "goal(A,you,100):- my_true_step(A,5),magic(you),magic(100),magic(5).\ngoal(A,you,0):- my_true_cell(A,D,onecoin),my_true_cell(A,D,onecoin),magic(you),magic(0),magic(onecoin),magic(onecoin).", "is_solution": true, "conf_matrix": [62, 0, 62, 0], "total_exec_time": 0.23276725000000004, "durations": [{"operation": "Test", "called": 8, "total": 0.04770404100000003, "mean": 0.005963005125000004, "maximum": 0.01351533399999999, "__type__": "DurationSummary"}, {"operation": "Find_Bindings_Prolog", "called": 8, "total": 0.034993542999999905, "mean": 0.004374192874999988, "maximum": 0.012403207999999999, "__type__": "DurationSummary"}, {"operation": "Combine", "called": 7, "total": 0.01407266500000004, "mean": 0.00201038071428572, "maximum": 0.005799375000000051, "__type__": "DurationSummary"}, {"operation": "Constrain", "called": 7, "total": 0.007866876000000023, "mean": 0.0011238394285714318, "maximum": 0.001993167000000018, "__type__": "DurationSummary"}, {"operation": "Generate", "called": 8, "total": 0.0023802909999999233, "mean": 0.0002975363749999904, "maximum": 0.000507874999999991, "__type__": "DurationSummary"}], "__type__": "ProgramStats"}, "is_solution": true, "stats_file": "./results/iggp-coins-goal/magicpopper_types/4/stats.json", "end": true, "__type__": "Stats"}