{"log_best_programs": true, "num_literals": 0, "total_programs": 2, "total_rules": 0, "total_ground_rules": 0, "durations": {"generate": [0.0003181669999999803, 0.0014245829999999793, 0.0001499169999998884], "find_bindings_prolog": [0.01621887500000002, 0.6792870000000001], "bind": [5.000000000143778e-07, 0.07682279199999997], "test": [0.016472708000000003, 0.7568928750000001], "combine": [5.829999999984459e-07, 0.018625208000000004], "constrain": [0.0030083750000000076, 0.004191875000000067]}, "final_exec_time": 0.916226541, "stages": [], "best_programs": [], "solution": null, "is_solution": false, "stats_file": "./results/list_magicvaluesameclause/magicpopper/7/2/stats.json", "end": true, "__type__": "Stats"}