{"log_best_programs": true, "num_literals": 0, "total_programs": 17, "total_rules": 0, "total_ground_rules": 0, "durations": {"generate": [0.023982416999999923, 0.007194709000000077, 0.0029015000000000013, 0.002968375000000023, 0.0013607079999999883, 0.592840667, 0.0009281669999998687, 0.0009455839999998883, 0.0009562910000000535, 0.003668124999999911, 0.0009095000000001185, 0.001600209000000019, 0.014066000000000134, 0.00042091700000002064, 0.002248166000000218, 0.002249457999999649, 0.009927290999999894, 4.770531417], "find_bindings_prolog": [0.013018874999999985, 0.0006902920000000368, 0.0006276669999999429, 0.0005776659999999767, 0.0005388749999999387, 0.0008025419999999617, 0.0007997079999999546, 0.0007687080000000623, 0.000758208000000149, 0.000708708999999974, 0.0007107920000000156, 0.000749542000000103, 0.0006972499999999826, 0.000598207999999989, 0.0007612080000001242, 0.0007363749999997893, 0.0010928749999998821], "test": [0.01397174999999995, 0.0011082089999999711, 0.0011699170000000203, 0.001127416999999964, 0.00088937499999997, 0.001267416999999993, 0.0015574170000001164, 0.001747833000000032, 0.001465374999999991, 0.0013495409999999541, 0.0016402910000001825, 0.0017005839999999495, 0.001321374999999847, 0.0014702090000002777, 0.0017181660000002985, 0.0009740000000002524, 0.0021698749999998768], "combine": [5.419999999922709e-07, 4.999999999588667e-07, 4.1600000000308057e-07, 4.580000000364848e-07, 4.1699999997479864e-07, 6.249999999763389e-07, 5.00000000069889e-07, 4.579999999254625e-07, 5.00000000069889e-07, 4.1699999986377634e-07, 5.00000000069889e-07, 4.5900000000820285e-07, 4.580000001475071e-07, 4.1700000030786555e-07, 4.1599999978103597e-07, 4.1599999978103597e-07, 0.002637958000000218], "constrain": [0.16576983299999992, 0.06924116699999994, 0.021450208999999942, 0.021292750000000082, 0.01911066700000008, 0.08285233299999994, 0.08247512499999998, 0.09457225000000014, 0.08430837499999999, 0.02701512500000014, 0.029890415999999975, 0.1699545, 0.026609749999999988, 0.030064208000000203, 0.053098958999999724, 0.06425008299999968, 0.040825290999999986]}, "final_exec_time": 6.871907833, "stages": [], "best_programs": [], "solution": {"code": "f(A):- cell(A,G,E,r),cell(A,B,E,k),distance(G,B,1),magic(k),magic(r),magic(1).", "is_solution": true, "conf_matrix": [10, 0, 10, 0], "total_exec_time": 6.871896542, "durations": [{"operation": "Constrain", "called": 16, "total": 1.0419557499999996, "mean": 0.06512223437499998, "maximum": 0.1699545, "__type__": "DurationSummary"}, {"operation": "Generate", "called": 17, "total": 0.6691680839999998, "mean": 0.039362828470588224, "maximum": 0.592840667, "__type__": "DurationSummary"}, {"operation": "Test", "called": 17, "total": 0.036648751000000646, "mean": 0.0021558088823529793, "maximum": 0.01397174999999995, "__type__": "DurationSummary"}, {"operation": "Find_Bindings_Prolog", "called": 17, "total": 0.024637499999999868, "mean": 0.0014492647058823452, "maximum": 0.013018874999999985, "__type__": "DurationSummary"}, {"operation": "Combine", "called": 16, "total": 7.498999999966394e-06, "mean": 4.686874999978996e-07, "maximum": 6.249999999763389e-07, "__type__": "DurationSummary"}], "__type__": "ProgramStats"}, "is_solution": true, "stats_file": "./results/krk/magicpopper_types/1/stats.json", "end": true, "__type__": "Stats"}