{"log_best_programs": true, "num_literals": 0, "total_programs": 29, "total_rules": 0, "total_ground_rules": 0, "durations": {"generate": [0.0004419580000001311, 0.0003919169999999639, 0.00040208400000008027, 0.0003913749999999716, 0.0004797079999998566, 0.0003366670000000127, 0.0004213339999998844, 0.0004902089999996306, 0.00039304199999978806, 0.0004714589999998964, 0.00035870799999981884, 0.0003983330000001395, 0.0003815000000000346, 0.00041458300000130066, 0.0004637499999944339, 0.0006187500000010004, 0.00039204200000142464, 0.000353291999999783, 0.0003854170000039403, 0.0003758749999960287, 0.00037825000000424325, 0.0004780410000009283, 0.00044912499999583133, 0.0003917910000055258, 0.0005945830000015917, 0.00036916700000233504, 0.00035725000000041973, 0.0007627920000032873, 0.0005299580000013293, 0.0002117499999982897], "test": [0.047279124999999755, 0.0552428749999998, 0.01038891700000022, 0.214895834, 0.051750708000000145, 0.21931579200000018, 0.01139954199999993, 0.00923545800000003, 0.009413874999999905, 0.02169225000000008, 0.0164672079999999, 0.05237591599999991, 17.731802792, 0.227740292, 0.05084816600000153, 0.23988016600000606, 0.009090624999998909, 0.016955166999998994, 0.009531709000000887, 0.009537542000003896, 0.053847457999999904, 0.01224762500000054, 0.039907416999994894, 0.023590042000002143, 0.019629124999994474, 0.01890445800000151, 0.02125620900000058, 4.681880165999999, 0.2985205000000022], "combine": [7.499999998827889e-07, 0.0273431249999998, 5.419999999922709e-07, 0.04416358400000009, 0.04472479199999979, 7.500000003268781e-07, 5.839999999146528e-07, 5.839999999146528e-07, 5.420000004363601e-07, 5.419999999922709e-07, 5.00000000069889e-07, 5.419999999922709e-07, 17.755365124999997, 6.670000018971223e-07, 6.249999984220267e-07, 5.410000056826902e-07, 5.410000056826902e-07, 4.999999987376214e-07, 4.999999987376214e-07, 4.999999987376214e-07, 5.409999985772629e-07, 5.420000022127169e-07, 5.830000020523585e-07, 5.420000022127169e-07, 5.420000022127169e-07, 5.409999985772629e-07, 5.420000022127169e-07, 7.920000015815276e-07, 0.12437100000000356], "constrain": [0.001521458000000031, 0.001292000000000293, 0.0015339999999999243, 0.00017950000000022115, 0.0013608330000001168, 0.0002297500000003616, 0.0018650000000000055, 0.00030429099999995657, 0.0002528750000001523, 0.00022991599999988566, 0.000229792000000284, 0.00013549999999984408, 0.0001622499999953675, 0.00013079200000021274, 0.00015108299999866404, 0.00016683300000153167, 0.0002424590000060789, 0.00023320799999737574, 0.00024395800000576173, 0.00023025000000131968, 0.00015883300000041345, 0.00027858300000360714, 0.00022070899999704352, 0.0001966250000009495, 0.00024700000000166256, 0.00024883300000055897, 0.0003453750000019795, 0.00155458299999367, 0.000164459000004058], "find_bindings_prolog": [0.05473179100000003, 0.010105832999999897, 0.21445716599999987, 0.05126741700000004, 0.2187847500000002, 0.011062083000000111, 0.008870207999999824, 0.009083040999999792, 0.021374333000000245, 0.016170207999999686, 0.0517178330000001, 17.476997917, 0.22670541699999802, 0.048881082999997716, 0.23921733299999914, 0.008784333000001254, 0.016635000000000844, 0.00922837499999929, 0.009235415999995666, 0.053201041999997756, 0.011789583999998854, 4.681241540999999, 0.2974947499999985]}, "final_exec_time": 45.272975667000004, "stages": [], "best_programs": [], "solution": {"code": "magic_value(A):- head(A,c7),magic(c7).\nmagic_value(A):- tail(A,B),magic_value(B).", "is_solution": true, "conf_matrix": [2000, 0, 2000, 0], "total_exec_time": 45.272973584000006, "durations": [{"operation": "Test", "called": 29, "total": 24.184626959000006, "mean": 0.8339526537586209, "maximum": 17.731802792, "__type__": "DurationSummary"}, {"operation": "Find_Bindings_Prolog", "called": 23, "total": 23.747036453999982, "mean": 1.0324798458260862, "maximum": 17.476997917, "__type__": "DurationSummary"}, {"operation": "Combine", "called": 28, "total": 17.871610461000014, "mean": 0.6382718021785719, "maximum": 17.755365124999997, "__type__": "DurationSummary"}, {"operation": "Constrain", "called": 28, "total": 0.013946289000007273, "mean": 0.0004980817500002597, "maximum": 0.0018650000000000055, "__type__": "DurationSummary"}, {"operation": "Generate", "called": 29, "total": 0.012672960000012612, "mean": 0.00043699862069009006, "maximum": 0.0007627920000032873, "__type__": "DurationSummary"}], "__type__": "ProgramStats"}, "is_solution": true, "stats_file": "./results/list_example/magicpopper_types/2000/9/stats.json", "end": true, "__type__": "Stats"}