{"log_best_programs": true, "num_literals": 0, "total_programs": 8, "total_rules": 0, "total_ground_rules": 0, "durations": {"generate": [0.0003977499999998635, 0.000568333000000143, 0.0013678750000001294, 0.0012185829999999953, 0.0018110420000001515, 0.0006827499999999542, 0.0012450000000001626, 0.001409042000000138, 0.0013251669999996274], "find_bindings_prolog": [0.022513958, 0.033683083000000114, 0.13061370800000005, 0.1417240420000001, 0.14779008300000007, 0.14183154200000025], "test": [0.025452958000000026, 0.04584445799999992, 0.018643707999999926, 0.130936041, 0.14210454100000014, 0.01808333399999995, 0.14829687500000022, 0.14217304200000003], "combine": [0.019966791000000095, 0.004675041999999907, 4.580000001475071e-07, 6.249999999763389e-07, 6.249999999763389e-07, 5.840000001366974e-07, 4.5899999978615824e-07, 5.419999999922709e-07], "constrain": [0.001731582999999981, 0.002385124999999988, 0.0004005419999999482, 0.002859959000000023, 0.005335416000000093, 0.0005662090000000397, 0.0018645000000003797, 0.005428417000000074]}, "final_exec_time": 1.987297791, "stages": [], "best_programs": [], "solution": {"code": "magic_value(A):- head(A,kr),magic(kr).\nmagic_value(A):- head(A,ja),magic(ja).\nmagic_value(A):- head(A,qo),magic(qo).\nmagic_value(A):- head(A,fy),magic(fy).\nmagic_value(A):- head(A,dw),magic(dw).\nmagic_value(A):- head(A,hq),magic(hq).\nmagic_value(A):- head(A,nj),magic(nj).\nmagic_value(A):- head(A,de),magic(de).\nmagic_value(A):- head(A,cd),magic(cd).\nmagic_value(A):- head(A,cf),magic(cf).\nmagic_value(A):- head(A,lp),magic(lp).\nmagic_value(A):- head(A,gy),magic(gy).\nmagic_value(A):- head(A,ib),magic(ib).\nmagic_value(A):- head(A,hi),magic(hi).\nmagic_value(A):- head(A,ic),magic(ic).\nmagic_value(A):- head(A,kd),magic(kd).\nmagic_value(A):- head(A,f),magic(f).\nmagic_value(A):- head(A,dc),magic(dc).\nmagic_value(A):- head(A,ny),magic(ny).\nmagic_value(A):- head(A,lt),magic(lt).\nmagic_value(A):- head(A,fh),magic(fh).\nmagic_value(A):- head(A,pl),magic(pl).\nmagic_value(A):- head(A,ga),magic(ga).\nmagic_value(A):- head(A,mp),magic(mp).\nmagic_value(A):- head(A,cx),magic(cx).\nmagic_value(A):- head(A,aw),magic(aw).\nmagic_value(A):- head(A,lf),magic(lf).\nmagic_value(A):- head(A,iv),magic(iv).\nmagic_value(A):- head(A,gf),magic(gf).\nmagic_value(A):- head(A,qt),magic(qt).", "is_solution": true, "conf_matrix": [200, 0, 200, 0], "total_exec_time": 1.987295541, "durations": [{"operation": "Test", "called": 1, "total": 0.025452958000000026, "mean": 0.025452958000000026, "maximum": 0.025452958000000026, "__type__": "DurationSummary"}, {"operation": "Find_Bindings_Prolog", "called": 1, "total": 0.022513958, "mean": 0.022513958, "maximum": 0.022513958, "__type__": "DurationSummary"}, {"operation": "Generate", "called": 1, "total": 0.0003977499999998635, "mean": 0.0003977499999998635, "maximum": 0.0003977499999998635, "__type__": "DurationSummary"}], "__type__": "ProgramStats"}, "is_solution": true, "stats_file": "./results/list_magicvalues_multipleclauses/magicpopper/30/6/stats.json", "end": true, "__type__": "Stats"}