{"log_best_programs": true, "num_literals": 0, "total_programs": 8, "total_rules": 0, "total_ground_rules": 0, "durations": {"generate": [0.00035933400000009996, 0.0004890420000001061, 0.001486333999999978, 0.0010959580000000635, 0.0015261250000000448, 0.0011492499999998795, 0.0006587080000000078, 0.0005047500000001648, 0.0016287080000001453], "find_bindings_prolog": [0.02404837500000001, 0.03176083399999996, 0.13190645899999986, 0.154366, 0.14396812500000022, 0.13872079199999998], "test": [0.027297875000000138, 0.04238358299999989, 0.01912520799999995, 0.13219766700000002, 0.15487704199999985, 0.1445235829999998, 0.020520834000000043, 0.13909537500000013], "combine": [0.02010691699999989, 0.004473291000000046, 5.840000001366974e-07, 6.669999998987208e-07, 7.07999999960407e-07, 5.829999998319124e-07, 5.84000000358742e-07, 5.00000000069889e-07], "constrain": [0.0017794589999999832, 0.0023383329999999702, 0.0004207090000001301, 0.003134999999999888, 0.005363792000000034, 0.005182291999999755, 0.0018929169999997164, 0.0015740829999999484]}, "final_exec_time": 2.006889416, "stages": [], "best_programs": [], "solution": {"code": "magic_value(A):- head(A,ab),magic(ab).\nmagic_value(A):- head(A,ra),magic(ra).\nmagic_value(A):- head(A,ew),magic(ew).\nmagic_value(A):- head(A,gf),magic(gf).\nmagic_value(A):- head(A,mw),magic(mw).\nmagic_value(A):- head(A,br),magic(br).\nmagic_value(A):- head(A,lz),magic(lz).\nmagic_value(A):- head(A,rj),magic(rj).\nmagic_value(A):- head(A,df),magic(df).\nmagic_value(A):- head(A,av),magic(av).\nmagic_value(A):- head(A,qb),magic(qb).\nmagic_value(A):- head(A,mq),magic(mq).\nmagic_value(A):- head(A,km),magic(km).\nmagic_value(A):- head(A,ks),magic(ks).\nmagic_value(A):- head(A,rg),magic(rg).\nmagic_value(A):- head(A,ae),magic(ae).\nmagic_value(A):- head(A,gh),magic(gh).\nmagic_value(A):- head(A,cc),magic(cc).\nmagic_value(A):- head(A,op),magic(op).\nmagic_value(A):- head(A,iy),magic(iy).\nmagic_value(A):- head(A,rd),magic(rd).\nmagic_value(A):- head(A,y),magic(y).\nmagic_value(A):- head(A,bz),magic(bz).\nmagic_value(A):- head(A,io),magic(io).\nmagic_value(A):- head(A,p),magic(p).\nmagic_value(A):- head(A,lf),magic(lf).\nmagic_value(A):- head(A,bq),magic(bq).\nmagic_value(A):- head(A,s),magic(s).\nmagic_value(A):- head(A,ps),magic(ps).\nmagic_value(A):- head(A,hq),magic(hq).\nmagic_value(A):- head(A,mv),magic(mv).\nmagic_value(A):- head(A,kc),magic(kc).\nmagic_value(A):- head(A,kt),magic(kt).\nmagic_value(A):- head(A,gb),magic(gb).\nmagic_value(A):- head(A,ni),magic(ni).", "is_solution": true, "conf_matrix": [200, 0, 200, 0], "total_exec_time": 2.006886791, "durations": [{"operation": "Test", "called": 1, "total": 0.027297875000000138, "mean": 0.027297875000000138, "maximum": 0.027297875000000138, "__type__": "DurationSummary"}, {"operation": "Find_Bindings_Prolog", "called": 1, "total": 0.02404837500000001, "mean": 0.02404837500000001, "maximum": 0.02404837500000001, "__type__": "DurationSummary"}, {"operation": "Generate", "called": 1, "total": 0.00035933400000009996, "mean": 0.00035933400000009996, "maximum": 0.00035933400000009996, "__type__": "DurationSummary"}], "__type__": "ProgramStats"}, "is_solution": true, "stats_file": "./results/list_magicvalues_multipleclauses/magicpopper/35/7/stats.json", "end": true, "__type__": "Stats"}