{"log_best_programs": true, "num_literals": 0, "total_programs": 2, "total_rules": 0, "total_ground_rules": 0, "durations": {"generate": [0.0002919590000000083, 0.0013968329999999862, 0.0002430410000000549], "find_bindings_prolog": [0.016501708000000004, 0.636530625], "bind": [5.000000000143778e-07, 0.10039008400000005], "test": [0.01675637499999999, 0.7377239170000001], "combine": [5.419999999922709e-07, 0.02189141699999997], "constrain": [0.003080375000000024, 0.004369666999999966]}, "final_exec_time": 0.9230328750000001, "stages": [], "best_programs": [], "solution": null, "is_solution": false, "stats_file": "./results/list_magicvaluesameclause/magicpopper/8/5/stats.json", "end": true, "__type__": "Stats"}