{"log_best_programs": true, "num_literals": 0, "total_programs": 29, "total_rules": 0, "total_ground_rules": 0, "durations": {"generate": [0.00024141699999996602, 0.00019279100000002547, 0.0002179170000000119, 0.0003432909999999678, 0.00022800000000000598, 0.0002139169999999524, 0.00017733399999997346, 0.00018604199999999738, 0.0005109580000000058, 0.00021466600000003, 0.0009068329999999958, 0.00021900000000002473, 0.00023099999999998122, 0.00021437499999998888, 0.00017329100000001985, 0.00016583300000000412, 0.00019395799999999408, 0.00018825000000000092, 0.00018008299999999755, 0.00020658400000000965, 0.0001742919999999648, 0.00016895900000002406, 0.00021466700000000172, 0.0003370830000000158, 0.00015604200000002288, 0.0006010000000000182, 0.00016929200000004307, 0.0001991670000000001, 0.00017050000000001786, 0.002024958999999993], "find_bindings_prolog": [0.018535917000000013, 0.0017474590000000068, 0.0053714169999999895, 0.009352499999999986, 0.002847083000000028, 0.0012612499999999915, 0.004898125000000031, 0.004698499999999994, 0.0017794590000000388, 0.0015180410000000255, 0.001478959000000002, 0.0020406249999999626, 0.004233541000000007, 0.0010022089999999761, 0.0012542090000000061, 0.0012505830000000273, 0.003100207999999993, 0.003081917000000045, 0.0013181660000000095, 0.0007335829999999821, 0.00121029100000003, 0.0011606670000000041, 0.001237749999999982, 0.0005221659999999906, 0.0005038339999999808, 0.0015470000000000206, 0.001399375000000036, 0.0016565000000000052, 0.0016349159999999863], "test": [0.02421316699999998, 0.00270804100000005, 0.007794124999999985, 0.012964083999999987, 0.004441000000000028, 0.001993790999999967, 0.007621292000000002, 0.0072726250000000325, 0.002939583999999995, 0.0025182909999999503, 0.002683208000000048, 0.0030572500000000113, 0.00769545899999996, 0.0013580420000000037, 0.001941375000000023, 0.0019177920000000293, 0.005579417000000031, 0.0061093749999999725, 0.002000541999999994, 0.001257582999999951, 0.0020212079999999966, 0.001967249999999976, 0.002138625000000005, 0.0008522499999999988, 0.0008296250000000005, 0.0026356250000000303, 0.0023563340000000155, 0.0028655419999999987, 0.002939499999999984], "combine": [0.019127165999999973, 0.0051019580000000175, 0.006865915999999972, 0.007777375000000031, 0.008891415999999985, 4.5900000000820285e-07, 6.250000000318501e-07, 5.000000000143778e-07, 4.5799999998097363e-07, 5.419999999922709e-07, 6.66999999954232e-07, 4.580000000364848e-07, 5.000000000143778e-07, 4.1600000000308057e-07, 4.1600000000308057e-07, 4.5799999998097363e-07, 5.000000000143778e-07, 4.580000000364848e-07, 4.1600000000308057e-07, 4.1699999997479864e-07, 4.5900000000820285e-07, 4.1699999997479864e-07, 4.580000000364848e-07, 3.749999999969056e-07, 3.749999999969056e-07, 5.000000000143778e-07, 4.1600000000308057e-07, 4.5799999998097363e-07, 4.579999999254625e-07], "constrain": [0.0013275839999999928, 0.0021865420000000135, 0.001680583999999985, 0.0017462500000000047, 0.00023395799999997857, 0.00032058400000001264, 0.0004935000000000356, 0.0003821249999999554, 0.0006080829999999815, 0.0006121250000000189, 0.0003277079999999821, 0.0003690419999999861, 0.0004177920000000279, 0.002184041999999997, 0.0003567500000000168, 0.00035770800000001213, 0.00040287499999996923, 0.0004002079999999575, 0.0004380410000000001, 0.0006618749999999785, 0.00035270799999997937, 0.0003449999999999842, 0.0003754579999999952, 0.0005711250000000057, 0.0005681670000000083, 0.0006439999999999779, 0.0006515830000000111, 0.000647167000000004, 0.000646833999999985]}, "final_exec_time": 0.26167108400000005, "stages": [], "best_programs": [], "solution": {"code": "goal(12,you,100):- magic(you),magic(12),magic(100).\ngoal(A,you,0):- my_true_cell(A,D,onecoin),my_true_cell(A,D,onecoin),magic(0),magic(onecoin),magic(onecoin),magic(you).\ngoal(27,you,100):- magic(100),magic(27),magic(you).", "is_solution": true, "conf_matrix": [62, 0, 62, 0], "total_exec_time": 0.26166825000000005, "durations": [{"operation": "Test", "called": 5, "total": 0.05212041700000003, "mean": 0.010424083400000006, "maximum": 0.02421316699999998, "__type__": "DurationSummary"}, {"operation": "Combine", "called": 4, "total": 0.038872414999999994, "mean": 0.009718103749999998, "maximum": 0.019127165999999973, "__type__": "DurationSummary"}, {"operation": "Find_Bindings_Prolog", "called": 5, "total": 0.03785437600000002, "mean": 0.007570875200000005, "maximum": 0.018535917000000013, "__type__": "DurationSummary"}, {"operation": "Constrain", "called": 4, "total": 0.006940959999999996, "mean": 0.001735239999999999, "maximum": 0.0021865420000000135, "__type__": "DurationSummary"}, {"operation": "Generate", "called": 5, "total": 0.0012234159999999772, "mean": 0.00024468319999999545, "maximum": 0.0003432909999999678, "__type__": "DurationSummary"}], "__type__": "ProgramStats"}, "is_solution": true, "stats_file": "./results/iggp-coins-goal/magicpopper_all/6/stats.json", "end": true, "__type__": "Stats"}