{"log_best_programs": true, "num_literals": 0, "total_programs": 8, "total_rules": 0, "total_ground_rules": 0, "durations": {"generate": [0.00036433300000005, 0.0005426249999997967, 0.0013561669999999637, 0.0012360419999999372, 0.0016670410000001468, 0.00039600000000006297, 0.001625374999999929, 0.0006659589999999938, 0.0006902090000000527], "find_bindings_prolog": [0.018416832999999855, 0.032959957999999956, 0.1347359589999999, 0.148119291, 0.16227516600000014, 0.14682525000000002], "test": [0.02011887499999987, 0.0456714159999998, 0.018699208000000134, 0.135056042, 0.14843866699999997, 0.017342916999999902, 0.16278137500000023, 0.1471432079999997], "combine": [0.009524040999999928, 0.004174416999999986, 5.839999999146528e-07, 6.669999998987208e-07, 7.07999999960407e-07, 5.419999999922709e-07, 5.419999999922709e-07, 5.829999998319124e-07], "constrain": [0.0016038340000001927, 0.0023671250000001365, 0.0004228749999999337, 0.0029360409999998893, 0.0051382909999999615, 0.0019310830000001111, 0.005325874999999591, 0.0016880000000001338]}, "final_exec_time": 2.054916125, "stages": [], "best_programs": [], "solution": {"code": "magic_value(A):- head(A,o),magic(o).\nmagic_value(A):- head(A,ja),magic(ja).\nmagic_value(A):- head(A,eg),magic(eg).\nmagic_value(A):- head(A,es),magic(es).\nmagic_value(A):- head(A,kh),magic(kh).\nmagic_value(A):- head(A,dz),magic(dz).\nmagic_value(A):- head(A,pm),magic(pm).\nmagic_value(A):- head(A,gj),magic(gj).\nmagic_value(A):- head(A,cw),magic(cw).\nmagic_value(A):- head(A,aj),magic(aj).\nmagic_value(A):- head(A,mg),magic(mg).\nmagic_value(A):- head(A,kx),magic(kx).\nmagic_value(A):- head(A,sg),magic(sg).\nmagic_value(A):- head(A,qd),magic(qd).\nmagic_value(A):- head(A,lc),magic(lc).", "is_solution": true, "conf_matrix": [200, 0, 200, 0], "total_exec_time": 2.054913917, "durations": [{"operation": "Test", "called": 1, "total": 0.02011887499999987, "mean": 0.02011887499999987, "maximum": 0.02011887499999987, "__type__": "DurationSummary"}, {"operation": "Find_Bindings_Prolog", "called": 1, "total": 0.018416832999999855, "mean": 0.018416832999999855, "maximum": 0.018416832999999855, "__type__": "DurationSummary"}, {"operation": "Generate", "called": 1, "total": 0.00036433300000005, "mean": 0.00036433300000005, "maximum": 0.00036433300000005, "__type__": "DurationSummary"}], "__type__": "ProgramStats"}, "is_solution": true, "stats_file": "./results/list_magicvalues_multipleclauses/magicpopper/15/6/stats.json", "end": true, "__type__": "Stats"}