{"log_best_programs": true, "num_literals": 0, "total_programs": 3, "total_rules": 0, "total_ground_rules": 0, "durations": {"generate": [0.026259250000000733, 25.434002916000004, 0.007883374999998694], "test": [0.001798499999999592, 0.00316574999999375, 0.004577125000004401], "combine": [4.999999987376214e-07, 5.829999949469311e-07], "constrain": [0.002038999999999902, 0.0025259999999960314]}, "final_exec_time": 34.807325375, "stages": [], "best_programs": [], "solution": {"code": "next_value(A,B):- my_succ(B,C),my_true_value(A,C).", "is_solution": true, "conf_matrix": [0, 0, 0, 0], "total_exec_time": 34.807308207999995, "durations": [{"operation": "Generate", "called": 3, "total": 25.468145541000005, "mean": 8.489381847000002, "maximum": 25.434002916000004, "__type__": "DurationSummary"}, {"operation": "Test", "called": 3, "total": 0.009541374999997743, "mean": 0.003180458333332581, "maximum": 0.004577125000004401, "__type__": "DurationSummary"}, {"operation": "Constrain", "called": 2, "total": 0.004564999999995933, "mean": 0.0022824999999979667, "maximum": 0.0025259999999960314, "__type__": "DurationSummary"}, {"operation": "Combine", "called": 2, "total": 1.0829999936845525e-06, "mean": 5.414999968422762e-07, "maximum": 5.829999949469311e-07, "__type__": "DurationSummary"}], "__type__": "ProgramStats"}, "is_solution": true, "stats_file": "./results/md/popper/6000/2/stats.json", "end": false, "__type__": "Stats"}