{"log_best_programs": true, "num_literals": 0, "total_programs": 8, "total_rules": 0, "total_ground_rules": 0, "durations": {"generate": [0.0006329169999998996, 0.0011605000000001198, 0.0011637910000001916, 0.0034499580000000307, 0.0016104999999999592, 0.0005689580000001193, 0.0010295000000000165, 0.0017586249999999026, 0.0007628749999999407], "find_bindings_prolog": [0.06558895900000028, 0.053564666999999844, 0.20232658400000014, 0.20034320800000005, 0.18745754100000012, 0.2050079170000001], "test": [0.07674670900000002, 0.06656370799999989, 0.03044554200000027, 0.20309104099999997, 0.03601395899999993, 0.20069162500000015, 0.18800533400000008, 0.20537000000000027], "combine": [0.1490838750000001, 0.013101624999999562, 1.4999999997655777e-06, 6.670000001207654e-07, 1.6249999998940723e-06, 5.00000000069889e-07, 5.829999998319124e-07, 5.839999999146528e-07], "constrain": [0.00417979199999996, 0.0025396670000001897, 0.0010866670000000411, 0.004245166000000022, 0.0039017919999997375, 0.010627292000000121, 0.0020206670000000315, 0.0018732090000002088]}, "final_exec_time": 2.976837875, "stages": [], "best_programs": [], "solution": {"code": "magic_value(A):- head(A,nd),magic(nd).\nmagic_value(A):- head(A,di),magic(di).\nmagic_value(A):- head(A,kk),magic(kk).\nmagic_value(A):- head(A,ru),magic(ru).\nmagic_value(A):- head(A,se),magic(se).\nmagic_value(A):- head(A,ac),magic(ac).\nmagic_value(A):- head(A,fx),magic(fx).\nmagic_value(A):- head(A,qa),magic(qa).\nmagic_value(A):- head(A,fl),magic(fl).\nmagic_value(A):- head(A,qr),magic(qr).\nmagic_value(A):- head(A,ba),magic(ba).\nmagic_value(A):- head(A,qu),magic(qu).\nmagic_value(A):- head(A,gc),magic(gc).\nmagic_value(A):- head(A,au),magic(au).\nmagic_value(A):- head(A,qb),magic(qb).\nmagic_value(A):- head(A,w),magic(w).\nmagic_value(A):- head(A,cn),magic(cn).\nmagic_value(A):- head(A,lj),magic(lj).\nmagic_value(A):- head(A,px),magic(px).\nmagic_value(A):- head(A,gq),magic(gq).\nmagic_value(A):- head(A,gz),magic(gz).\nmagic_value(A):- head(A,be),magic(be).\nmagic_value(A):- head(A,ih),magic(ih).\nmagic_value(A):- head(A,ib),magic(ib).\nmagic_value(A):- head(A,gm),magic(gm).\nmagic_value(A):- head(A,bi),magic(bi).\nmagic_value(A):- head(A,fv),magic(fv).\nmagic_value(A):- head(A,db),magic(db).\nmagic_value(A):- head(A,aj),magic(aj).\nmagic_value(A):- head(A,mq),magic(mq).\nmagic_value(A):- head(A,co),magic(co).\nmagic_value(A):- head(A,cf),magic(cf).\nmagic_value(A):- head(A,ia),magic(ia).\nmagic_value(A):- head(A,at),magic(at).\nmagic_value(A):- head(A,eh),magic(eh).\nmagic_value(A):- head(A,ar),magic(ar).\nmagic_value(A):- tail(A,B),head(B,ha),magic(ha).\nmagic_value(A):- head(A,kc),magic(kc).\nmagic_value(A):- head(A,ht),magic(ht).\nmagic_value(A):- head(A,af),magic(af).\nmagic_value(A):- head(A,pv),magic(pv).\nmagic_value(A):- head(A,hp),magic(hp).\nmagic_value(A):- head(A,fn),magic(fn).\nmagic_value(A):- head(A,bu),magic(bu).\nmagic_value(A):- head(A,am),magic(am).\nmagic_value(A):- head(A,ls),magic(ls).\nmagic_value(A):- head(A,en),magic(en).\nmagic_value(A):- head(A,og),magic(og).\nmagic_value(A):- head(A,mb),magic(mb).\nmagic_value(A):- head(A,ad),magic(ad).\nmagic_value(A):- head(A,hf),magic(hf).\nmagic_value(A):- head(A,gh),magic(gh).\nmagic_value(A):- head(A,mt),magic(mt).\nmagic_value(A):- head(A,po),magic(po).\nmagic_value(A):- head(A,ix),magic(ix).\nmagic_value(A):- head(A,qf),magic(qf).\nmagic_value(A):- head(A,x),magic(x).\nmagic_value(A):- head(A,g),magic(g).\nmagic_value(A):- head(A,gl),magic(gl).\nmagic_value(A):- head(A,li),magic(li).\nmagic_value(A):- head(A,eu),magic(eu).\nmagic_value(A):- head(A,mi),magic(mi).\nmagic_value(A):- head(A,is),magic(is).\nmagic_value(A):- head(A,dz),magic(dz).\nmagic_value(A):- head(A,ea),magic(ea).\nmagic_value(A):- head(A,qp),magic(qp).\nmagic_value(A):- head(A,gx),magic(gx).\nmagic_value(A):- head(A,qy),magic(qy).\nmagic_value(A):- head(A,gg),magic(gg).\nmagic_value(A):- head(A,oo),magic(oo).\nmagic_value(A):- head(A,ll),magic(ll).\nmagic_value(A):- head(A,fu),magic(fu).\nmagic_value(A):- head(A,lo),magic(lo).\nmagic_value(A):- head(A,no),magic(no).\nmagic_value(A):- head(A,ro),magic(ro).\nmagic_value(A):- head(A,nc),magic(nc).\nmagic_value(A):- head(A,ep),magic(ep).\nmagic_value(A):- head(A,nq),magic(nq).\nmagic_value(A):- head(A,kr),magic(kr).\nmagic_value(A):- head(A,kq),magic(kq).\nmagic_value(A):- head(A,jz),magic(jz).\nmagic_value(A):- head(A,ji),magic(ji).\nmagic_value(A):- head(A,ee),magic(ee).\nmagic_value(A):- head(A,iq),magic(iq).\nmagic_value(A):- head(A,pf),magic(pf).\nmagic_value(A):- head(A,kd),magic(kd).\nmagic_value(A):- head(A,qt),magic(qt).\nmagic_value(A):- head(A,fb),magic(fb).\nmagic_value(A):- head(A,jj),magic(jj).\nmagic_value(A):- head(A,ec),magic(ec).\nmagic_value(A):- head(A,dg),magic(dg).\nmagic_value(A):- head(A,oa),magic(oa).\nmagic_value(A):- head(A,oy),magic(oy).", "is_solution": true, "conf_matrix": [200, 0, 200, 0], "total_exec_time": 2.976834833, "durations": [{"operation": "Combine", "called": 1, "total": 0.1490838750000001, "mean": 0.1490838750000001, "maximum": 0.1490838750000001, "__type__": "DurationSummary"}, {"operation": "Test", "called": 2, "total": 0.1433104169999999, "mean": 0.07165520849999996, "maximum": 0.07674670900000002, "__type__": "DurationSummary"}, {"operation": "Find_Bindings_Prolog", "called": 2, "total": 0.11915362600000012, "mean": 0.05957681300000006, "maximum": 0.06558895900000028, "__type__": "DurationSummary"}, {"operation": "Constrain", "called": 1, "total": 0.00417979199999996, "mean": 0.00417979199999996, "maximum": 0.00417979199999996, "__type__": "DurationSummary"}, {"operation": "Generate", "called": 2, "total": 0.0017934170000000194, "mean": 0.0008967085000000097, "maximum": 0.0011605000000001198, "__type__": "DurationSummary"}], "__type__": "ProgramStats"}, "is_solution": true, "stats_file": "./results/list_magicvalues_multipleclauses/magicpopper/95/3/stats.json", "end": true, "__type__": "Stats"}