{"log_best_programs": true, "num_literals": 0, "total_programs": 78, "total_rules": 0, "total_ground_rules": 0, "durations": {"generate": [0.00032124999999999515, 0.00047870800000004987, 0.00019558299999999917, 0.00016179199999999394, 0.0002794580000000102, 0.000343209000000011, 0.00035629099999995306, 0.00020500000000001073, 0.00030199999999996896, 0.00013929099999998584, 0.00019895799999997132, 0.00016158300000002068, 0.00024191600000000868, 0.0005538749999999815, 0.00061054100000002, 0.00025891699999996964, 0.00023100000000003673, 0.0010573329999999936, 0.00032841699999996976, 0.000638082999999956, 0.0002487499999999643, 0.00017620800000001102, 0.0004297500000000065, 0.0006736660000000172, 0.0002531669999999986, 0.0008105829999999759, 0.00027179199999999293, 0.000321208999999989, 0.00019374999999999254, 0.00015208300000002506, 0.0002527920000000017, 0.0002070829999999968, 0.00014354099999996928, 0.00019520800000000227, 0.00025245800000001095, 0.0002067089999999716, 0.0001654159999999738, 0.00030725000000003666, 0.0002034999999999676, 0.0010413340000000049, 0.0005010000000000292, 0.00041762499999997704, 0.0005145409999999795, 0.0001924590000000337, 0.00022108399999998252, 0.0008948329999999838, 0.00020920799999996076, 0.0013149590000000044, 0.00022425000000003692, 0.0003087920000000022, 0.00023399999999995647, 0.0007729170000000396, 0.0002833329999999412, 0.0001619170000000114, 0.0001630830000000083, 0.00016908300000006982, 0.0001663750000000519, 0.00015091600000005645, 0.00016058299999999193, 0.0001452500000000967, 0.00021095799999992781, 0.00017287499999996125, 0.00017041600000000656, 0.0001688340000000066, 0.0001610409999999174, 0.00023849999999991933, 0.00017420800000000902, 0.00019329099999998434, 0.00023837500000001288, 0.0001686249999999223, 0.00022320799999997476, 0.00014500000000006175, 0.000398208000000011, 0.00027362499999994405, 0.000161874999999978, 0.00014295799999997083, 0.00032812500000001243, 0.0005887920000000602, 0.0039011249999999498], "find_bindings_prolog": [0.01836829200000001, 0.00118950000000001, 0.0006790420000000186, 0.000466958999999989, 0.00616224999999998, 0.0006347090000000111, 0.0011475000000000235, 0.0010647910000000094, 0.0005960829999999695, 0.00045837500000001086, 0.000413417000000027, 0.0005266250000000028, 0.0004698340000000023, 0.0023769589999999563, 0.0007175839999999933, 0.002722250000000037, 0.002308874999999988, 0.0005911670000000036, 0.0005227500000000163, 0.0005913750000000051, 0.000518833999999968, 0.0005199999999999649, 0.0004993340000000179, 0.0032063339999999774, 0.003400375000000011, 0.0006617090000000103, 0.0006105839999999696, 0.0006484999999999963, 0.00050554199999997, 0.0005123749999999538, 0.0005015839999999994, 0.0004935000000000356, 0.0005019580000000246, 0.0005061249999999684, 0.0005390829999999958, 0.0005072500000000146, 0.0005589999999999762, 0.00045650000000002633, 0.00046804200000000185, 0.006941417000000005, 0.0006501249999999459, 0.0005096669999999914, 0.0013423340000000006, 0.0013941249999999683, 0.0012702090000000221, 0.002773874999999981, 0.0032890409999999926, 0.007542708999999981, 0.00796825000000001, 0.008954291000000003, 0.00973687500000009, 0.012481207999999966, 0.0006150829999999052, 0.000501874999999985, 0.0004944580000000309, 0.0004945829999999374, 0.000491416999999994, 0.00048712500000003267, 0.0004992499999999511, 0.00048083399999998555, 0.0004804999999999948, 0.00048799999999993293, 0.0005010829999999578, 0.0005063330000000255, 0.0005072919999999925, 0.000571417000000074, 0.0005029589999999695, 0.0004930410000000274, 0.0005213330000000127, 0.00047270799999998836, 0.00047675000000002576, 0.0004921250000000654, 0.00047241700000000275, 0.0004973750000000221, 0.0004918339999999688, 0.0004749589999999415, 0.0005232499999999751, 0.0022676670000000287], "test": [0.022063749999999993, 0.0016597089999999537, 0.001241958000000043, 0.0007420839999999762, 0.01327762499999996, 0.0012612909999999977, 0.0021776250000000164, 0.001791457999999968, 0.00106324999999996, 0.0007566660000000169, 0.0005818329999999761, 0.0008200419999999653, 0.0007627499999999787, 0.0054994999999999905, 0.0014003330000000314, 0.0053982909999999995, 0.003916125000000048, 0.0009143329999999894, 0.0008402499999999868, 0.0012635420000000064, 0.0011717920000000048, 0.0011606670000000041, 0.0011422500000000113, 0.006672957999999951, 0.007423499999999972, 0.001044791999999961, 0.0009635420000000394, 0.001538999999999957, 0.0010204999999999798, 0.0008446670000000212, 0.0008355420000000224, 0.0009943339999999856, 0.0008298750000000354, 0.0010132079999999877, 0.0009071250000000086, 0.0010105420000000032, 0.0009027910000000139, 0.000651958000000008, 0.0006599170000000099, 0.016745332999999973, 0.0010584579999999844, 0.0008462499999999928, 0.002695333000000022, 0.003182000000000018, 0.0022278330000000124, 0.00638774999999997, 0.0074265419999999804, 0.01677745899999994, 0.018515500000000018, 0.020993332999999947, 0.02334058299999997, 0.031370958000000004, 0.0009196670000000129, 0.0007124580000000824, 0.0007026669999999902, 0.0008632079999999487, 0.0008607910000000274, 0.0006955000000000711, 0.0007055000000000256, 0.0006851659999999038, 0.0008457920000000119, 0.000856415999999971, 0.0008701670000000883, 0.0007202500000000889, 0.0007175839999999933, 0.000950583999999921, 0.0008745840000000671, 0.0008572500000000316, 0.0007283330000000809, 0.0006793330000000042, 0.0008402910000000485, 0.000697292000000016, 0.0006795829999999281, 0.0008658750000000159, 0.0008576660000000347, 0.0006806249999999903, 0.0008900829999999305, 0.0057232500000000686], "combine": [0.014022166999999974, 1.5419999999655154e-06, 4.5799999998097363e-07, 4.170000000303098e-07, 5.829999999984459e-07, 3.749999999969056e-07, 0.002983167000000009, 0.002733584000000011, 5.419999999922709e-07, 3.749999999969056e-07, 5.000000000143778e-07, 4.1699999997479864e-07, 4.1600000000308057e-07, 5.000000000143778e-07, 4.5900000000820285e-07, 5.42000000047782e-07, 5.42000000047782e-07, 4.1600000000308057e-07, 4.1699999997479864e-07, 3.749999999969056e-07, 4.1600000000308057e-07, 3.749999999969056e-07, 4.1600000000308057e-07, 6.250000000318501e-07, 5.000000000143778e-07, 5.829999999984459e-07, 4.170000000303098e-07, 3.749999999969056e-07, 4.1699999997479864e-07, 3.749999999969056e-07, 4.1699999997479864e-07, 4.1600000000308057e-07, 3.749999999969056e-07, 4.1699999997479864e-07, 3.749999999969056e-07, 4.1600000000308057e-07, 4.170000000303098e-07, 4.1600000000308057e-07, 3.339999999907306e-07, 8.750000000112834e-07, 4.5900000000820285e-07, 4.170000000303098e-07, 4.580000000364848e-07, 6.249999999763389e-07, 4.1600000000308057e-07, 5.410000000205528e-07, 4.170000000303098e-07, 4.999999999588667e-07, 4.5900000000820285e-07, 5.840000000256751e-07, 6.249999999763389e-07, 5.00000000069889e-07, 5.410000000205528e-07, 4.1699999997479864e-07, 4.1600000000308057e-07, 4.1600000000308057e-07, 3.7499999994139444e-07, 4.1700000008582094e-07, 3.7500000005241674e-07, 4.1600000000308057e-07, 4.580000000364848e-07, 4.1600000000308057e-07, 3.7499999994139444e-07, 4.1600000000308057e-07, 4.1699999997479864e-07, 4.1600000000308057e-07, 4.1700000008582094e-07, 4.1600000000308057e-07, 4.1699999997479864e-07, 4.1700000008582094e-07, 4.1700000008582094e-07, 4.1699999997479864e-07, 3.7500000005241674e-07, 3.7499999994139444e-07, 4.1700000008582094e-07, 4.580000000364848e-07, 3.7500000005241674e-07, 4.999999999588667e-07],