{"log_best_programs": true, "num_literals": 0, "total_programs": 22, "total_rules": 0, "total_ground_rules": 0, "durations": {"generate": [0.000302666000000007, 0.00018574999999998454, 0.0003698750000000195, 0.00021158299999995966, 0.0002454590000000034, 0.0007107079999999488, 0.00018266699999996971, 0.0001887919999999932, 0.00016608399999995527, 0.0001782909999999971, 0.00017820899999998474, 0.00017824999999999092, 0.00015095900000000606, 0.00016495800000004834, 0.0001847919999999892, 0.0001594580000000012, 0.0001699589999999973, 0.00017608299999999355, 0.000244540999999987, 0.0002018749999999625, 0.00023525000000002017, 0.00024020899999999124, 0.0017717499999999609], "find_bindings_prolog": [0.011585999999999985, 0.0053753750000000156, 0.009575875000000011, 0.002033958999999974, 0.0011927499999999647, 0.0017075420000000063, 0.004014500000000032, 0.001234459000000021, 0.0011988749999999881, 0.0012794579999999556, 0.0029441250000000196, 0.0029742500000000116, 0.000834541000000022, 0.0012790829999999587, 0.0011133340000000214, 0.0005644999999999678, 0.001173499999999994, 0.002216999999999969, 0.002342208999999984, 0.0011689999999999756, 0.0005324589999999851, 0.0005012919999999865], "test": [0.012723792000000012, 0.007767208999999997, 0.013240291999999987, 0.002912999999999999, 0.001941124999999988, 0.002683833999999996, 0.007561040999999991, 0.0019237919999999797, 0.001868874999999992, 0.0021782499999999927, 0.005476915999999998, 0.005538625000000019, 0.0011760829999999944, 0.001951499999999995, 0.0019169579999999686, 0.0010662090000000402, 0.0019741249999999932, 0.004354332999999988, 0.004662916999999989, 0.0022310000000000385, 0.0008598329999999765, 0.0008273329999999857], "combine": [0.0036907090000000142, 0.005107791000000028, 0.005880209000000025, 0.0070662920000000295, 4.5799999998097363e-07, 5.410000000205528e-07, 4.5799999998097363e-07, 3.749999999969056e-07, 4.170000000303098e-07, 4.170000000303098e-07, 4.1600000000308057e-07, 5.000000000143778e-07, 3.339999999907306e-07, 4.1699999997479864e-07, 4.170000000303098e-07, 3.749999999969056e-07, 4.1600000000308057e-07, 4.580000000364848e-07, 4.5799999998097363e-07, 3.749999999969056e-07, 4.170000000303098e-07, 3.3300000001901253e-07], "constrain": [0.0014979999999999993, 0.0017349580000000087, 0.0017010420000000415, 0.00023687500000002526, 0.0015102499999999908, 0.00036041600000003005, 0.00040729200000000354, 0.0004461660000000256, 0.00035241600000002204, 0.0003847500000000448, 0.000389417000000003, 0.00038591599999998616, 0.0020842079999999763, 0.00035283299999999684, 0.0003509579999999568, 0.000656833999999995, 0.0003522499999999984, 0.0010582919999999607, 0.0010480419999999713, 0.00024354100000001377, 0.0005683749999999543, 0.0005704590000000231]}, "final_exec_time": 0.18682770799999998, "stages": [], "best_programs": [], "solution": {"code": "goal(A,you,0):- my_true_cell(A,F,onecoin),my_true_cell(A,F,onecoin),magic(onecoin),magic(you),magic(onecoin),magic(0).\ngoal(A,you,100):- my_true_step(A,5),magic(100),magic(5),magic(you).", "is_solution": true, "conf_matrix": [62, 0, 62, 0], "total_exec_time": 0.18682533299999998, "durations": [{"operation": "Test", "called": 4, "total": 0.036644292999999994, "mean": 0.009161073249999999, "maximum": 0.013240291999999987, "__type__": "DurationSummary"}, {"operation": "Find_Bindings_Prolog", "called": 4, "total": 0.028571208999999986, "mean": 0.007142802249999997, "maximum": 0.011585999999999985, "__type__": "DurationSummary"}, {"operation": "Combine", "called": 3, "total": 0.014678709000000068, "mean": 0.004892903000000022, "maximum": 0.005880209000000025, "__type__": "DurationSummary"}, {"operation": "Constrain", "called": 3, "total": 0.0049340000000000495, "mean": 0.0016446666666666832, "maximum": 0.0017349580000000087, "__type__": "DurationSummary"}, {"operation": "Generate", "called": 4, "total": 0.0010698739999999707, "mean": 0.00026746849999999267, "maximum": 0.0003698750000000195, "__type__": "DurationSummary"}], "__type__": "ProgramStats"}, "is_solution": true, "stats_file": "./results/iggp-coins-goal/magicpopper_args/5/stats.json", "end": true, "__type__": "Stats"}