{"log_best_programs": true, "num_literals": 0, "total_programs": 26, "total_rules": 0, "total_ground_rules": 0, "durations": {"generate": [0.0003005000000000091, 0.0002530829999999873, 0.0002059169999999999, 0.00020220900000000874, 0.0003550420000000276, 0.00023408400000002327, 0.0002159170000000099, 0.0002094579999999957, 0.0002150410000000269, 0.00018287499999997125, 0.0001815840000000124, 0.00021725000000000216, 0.00022766699999998696, 0.0002131250000000362, 0.0002094579999999957, 0.0002058329999999886, 0.0002038329999999866, 0.00020633300000000299, 0.00024641599999997155, 0.00019595799999999608, 0.00018329100000002985, 0.00023358300000003718, 0.0001830830000000283, 0.0001839590000000113, 0.00021516599999998887, 0.00046091700000000513, 0.000257416999999982], "find_bindings_prolog": [0.010052208000000007, 0.0007472079999999992, 0.000355749999999988, 0.00029654199999995523, 0.00036358300000000066, 0.00034283400000001407, 0.0003278339999999713, 0.00035254200000001124, 0.00032320799999996375, 0.0003242079999999925, 0.0003241660000000146, 0.0003242499999999704, 0.0006995410000000257, 0.0012940000000000174], "test": [0.010693375000000005, 0.001375708000000031, 0.0005166249999999928, 0.000449542000000025, 0.013331125, 0.0005514999999999826, 0.0005264999999999853, 0.0005041250000000219, 0.0002853749999999766, 0.0002712089999999945, 0.0002745829999999949, 0.0002655000000000296, 0.0005319999999999769, 0.0004972499999999491, 0.0004949579999999898, 0.0004949999999999677, 0.0004942499999999739, 0.0014383749999999917, 0.00031491699999997014, 0.0003174169999999865, 0.0002870420000000151, 0.00028762500000001356, 0.00029812500000003794, 0.00028091699999999165, 0.0002910409999999919, 0.002734040999999965], "combine": [0.002684333000000011, 5.000000000143778e-07, 4.1600000000308057e-07, 4.1699999997479864e-07, 5.419999999922709e-07, 4.170000000303098e-07, 4.1699999997479864e-07, 3.749999999969056e-07, 3.339999999907306e-07, 3.3300000001901253e-07, 3.3300000001901253e-07, 3.339999999907306e-07, 4.1699999997479864e-07, 3.749999999969056e-07, 3.749999999969056e-07, 3.749999999969056e-07, 3.749999999969056e-07, 4.1699999997479864e-07, 4.5799999998097363e-07, 4.1600000000308057e-07, 3.749999999969056e-07, 3.339999999907306e-07, 3.749999999969056e-07, 3.339999999907306e-07, 4.170000000303098e-07, 0.001963541999999985], "constrain": [0.0007465830000000229, 0.0008455419999999769, 0.00017933300000000374, 0.00017416600000003113, 0.00015891699999998066, 0.000983249999999991, 0.00020199999999997997, 0.00019758300000000117, 0.0001739169999999679, 0.0001711249999999942, 0.00017725000000001767, 0.00014054099999999403, 0.000165874999999982, 0.00016820800000000302, 0.00016375000000001805, 0.00016375000000001805, 0.00016404199999997537, 0.00016575000000002005, 0.00015670899999997712, 0.00014504200000003964, 0.00014504199999998413, 0.00014383299999998211, 0.0001428340000000361, 0.00014212499999999295, 0.00014287500000004227, 0.0011810830000000272]}, "final_exec_time": 0.089987875, "stages": [], "best_programs": [], "solution": {"code": "multiple(1):- magic(1).\nmultiple(A):- div2(A,B),multiple(B).", "is_solution": true, "conf_matrix": [7, 0, 10, 0], "total_exec_time": 0.08998587499999999, "durations": [{"operation": "Test", "called": 26, "total": 0.03780812499999986, "mean": 0.0014541586538461483, "maximum": 0.013331125, "__type__": "DurationSummary"}, {"operation": "Find_Bindings_Prolog", "called": 14, "total": 0.01612787399999993, "mean": 0.001151990999999995, "maximum": 0.010052208000000007, "__type__": "DurationSummary"}, {"operation": "Constrain", "called": 25, "total": 0.006160042000000032, "mean": 0.0002464016800000013, "maximum": 0.000983249999999991, "__type__": "DurationSummary"}, {"operation": "Generate", "called": 26, "total": 0.00594158200000014, "mean": 0.00022852238461538998, "maximum": 0.00046091700000000513, "__type__": "DurationSummary"}, {"operation": "Combine", "called": 25, "total": 0.002693793999999944, "mean": 0.00010775175999999775, "maximum": 0.002684333000000011, "__type__": "DurationSummary"}], "__type__": "ProgramStats"}, "is_solution": true, "stats_file": "./results/multiple/magicpopper_all/2/stats.json", "end": true, "__type__": "Stats"}