{"log_best_programs": true, "num_literals": 0, "total_programs": 160, "total_rules": 0, "total_ground_rules": 0, "durations": {"generate": [0.0002955839999999599, 0.0001475420000000005, 0.00022725000000001216, 0.0002910829999999698, 0.0001084170000000273, 0.0007180419999999743, 0.0005850000000000022, 0.00021620799999999551, 0.0004237909999999512, 0.0001619589999999893, 0.00033729199999998905, 0.00019099999999999673, 0.00015654199999998175, 0.0001707080000000194, 0.00017066699999995771, 0.000176665999999992, 0.00016025000000002843, 0.0003070000000000017, 0.00028166699999998546, 0.00047708299999998927, 0.00018020800000001502, 0.0002082499999999654, 0.0006472920000000215, 0.00021933400000001546, 0.00016870899999998912, 0.000171874999999988, 0.0005864999999999898, 0.00014158300000000068, 0.0001475000000000226, 0.00013762499999997457, 0.0005731670000000411, 0.00022358299999997167, 0.0001466660000000175, 0.00014370800000002015, 0.00014137499999999914, 0.00020779200000003994, 0.0005705839999999851, 0.0001862079999999655, 0.0002007080000000494, 0.0001763330000000285, 0.00019241700000000028, 0.00038850000000001383, 0.00042687499999999323, 0.00038041599999999454, 0.00016291699999998466, 0.00016354099999998928, 0.00015262499999996182, 0.0003699589999999753, 0.0004377500000000145, 0.00016029200000000632, 0.00015779199999998994, 0.00016091600000001094, 0.0002595420000000015, 0.00015737499999995963, 0.000205208999999984, 0.00016966700000003998, 0.00018574999999998454, 0.00017654099999997452, 0.00017608400000002078, 0.00016566600000000875, 0.000318333000000004, 0.00023445799999999295, 0.00017133299999999574, 0.00018408400000002878, 0.00018633299999998298, 0.00029729199999994904, 0.00017391599999999618, 0.00019166599999997924, 0.00016129199999997956, 0.00016620900000002825, 0.00018391700000003341, 0.00017770900000002587, 0.00021137500000001364, 0.00019220800000002702, 0.0001632089999999975, 0.00017854099999997652, 0.00019091699999995715, 0.00019895799999997132, 0.0013627080000000458, 0.0001670830000000123, 0.00018337499999998563, 0.00017970800000000065, 0.00020037499999997488, 0.0001667080000000154, 0.00016645799999998045, 0.00048762499999999154, 0.0001746660000000455, 0.00017766699999999247, 0.00018724999999997216, 0.00016725000000000767, 0.0005317499999999975, 0.001057375000000027, 0.0001855420000000385, 0.0001823330000000345, 0.00017612500000002695, 0.0001791669999999801, 0.00021537499999996212, 0.00018062499999998982, 0.00017691600000002694, 0.00017395799999997408, 0.0001942919999999848, 0.0001787919999999832, 0.00017833299999997498, 0.00021395799999995857, 0.0005096670000000469, 0.00023641699999998878, 0.00018162500000001858, 0.00017320800000003578, 0.00017899999999992922, 0.0001958749999999565, 0.00027979200000005644, 0.00017504199999995862, 0.00018262499999999182, 0.0004686669999999227, 0.00022025000000003292, 0.00013337499999999114, 0.00016262500000008284, 0.0001335000000000086, 0.0001484170000000118, 0.00012704199999991062, 0.00017883299999998936, 0.0001275419999999805, 0.0006248749999999692, 0.00020145900000001493, 0.00014408299999990604, 0.0001771670000000336, 0.0002311670000000321, 0.00014179199999997394, 0.0001482910000000226, 0.00014129200000001507, 0.00015666700000005473, 0.00014650000000004937, 0.00040687500000002874, 0.00014512500000007922, 0.00033129200000003856, 0.00017233400000005172, 0.0001711669999999721, 0.00015699999999996272, 0.0001811250000000042, 0.00016416699999999285, 0.00021300000000001873, 0.00015620800000004653, 0.00015662500000002133, 0.00014141700000003254, 0.0001790830000000243, 0.00014591599999991267, 0.000248333000000045, 0.0001382919999999288, 0.00019145899999994942, 0.00014066600000006702, 0.00021329199999997606, 0.00014825000000007194, 0.00039287499999995923, 0.00018433299999998098, 0.0013642499999999558, 0.0003441249999999174, 0.000311416999999925, 0.00026416699999998183, 0.0012401250000000363, 0.0002546660000000145, 0.004349959000000014], "find_bindings_prolog": [0.011061624999999964, 0.0007872499999999616, 0.00045391599999999865, 0.0005057920000000049, 0.0007006250000000103, 0.0004839170000000004, 0.000822207999999991, 0.0008275839999999923, 0.0006907920000000511, 0.0006775830000000371, 0.0004565830000000104, 0.0006830420000000226, 0.0007889580000000063, 0.00067129199999999, 0.0012838339999999837, 0.00046154199999998147, 0.0006437919999999764, 0.0004820409999999886, 0.00040279100000001344, 0.0006389170000000166, 0.0006556659999999992, 0.00047754099999997024, 0.000629541999999983, 0.00044241600000000103, 0.0004209580000000268, 0.0004289579999999793, 0.0004493750000000296, 0.0004221660000000016, 0.00039316699999997207, 0.0005133749999999826, 0.00047758300000000364, 0.00047587499999995897, 0.0004514999999999936, 0.00044116700000002007, 0.0004198329999999806, 0.0004101249999999834, 0.0007404579999999994, 0.0006085829999999959, 0.000679749999999979, 0.0006792500000000201, 0.0004402920000000088, 0.000474083000000014, 0.00048354200000000347, 0.0004658750000000045, 0.00047237500000002486, 0.000789749999999978, 0.0007999579999999895, 0.0007366659999999969, 0.0006045419999999857, 0.0008063749999999703, 0.000705750000000005, 0.0008022500000000043, 0.0007050419999999891, 0.0005511249999999857, 0.0005565840000000266, 0.0007272079999999792, 0.0007386670000000262, 0.0005307910000000304, 0.0005008329999999783, 0.0004758330000000366, 0.0007228749999999562, 0.0007152919999999785, 0.0007124170000000207, 0.0007316669999999914, 0.0011174999999999935, 0.0007512499999999811, 0.0007139580000000145, 0.0006910419999999751, 0.0007117080000000331, 0.000721417000000002, 0.0007329999999999837, 0.000517541999999982, 0.0008179999999999854, 0.000727499999999992, 0.0008203330000000064, 0.0008219589999999832, 0.0007292500000000146, 0.0008164589999999916, 0.0004899999999999904, 0.00048795899999998227, 0.000478959000000001, 0.0004719169999999884, 0.000467749999999989, 0.0005224580000000034, 0.0007442920000000353, 0.000727499999999992, 0.0007288750000000177, 0.0004821249999999999, 0.0006385829999999704, 0.0004825840000000081, 0.00083516699999997, 0.0008173750000000091, 0.0004839170000000004, 0.0007241660000000261, 0.0007209160000000159, 0.0007293329999999987, 0.0006270000000000442, 0.0004873330000000342, 0.0004990000000000272, 0.0008246250000000233, 0.0007318330000000151, 0.0004792919999999645, 0.0007401249999999804, 0.0008387909999999499, 0.0007355420000000334, 0.00047920800000000874, 0.0008348329999999793, 0.00042887499999999523, 0.0004240409999999306, 0.0004251250000000262, 0.000427749999999949, 0.00043250000000005784, 0.00041279199999999516, 0.00041999999999997595, 0.00042420900000006423, 0.0004119169999999839, 0.00042074999999996976, 0.00043841600000005254, 0.0004138329999999746, 0.00041441700000000026, 0.00041204100000002963, 0.0004132909999999823, 0.00041629099999995756, 0.00041054200000001373, 0.00042079200000000316, 0.00041091700000006615, 0.00040799999999996395, 0.0004115420000000425, 0.00041962500000003455, 0.0004205830000000299, 0.0004150000000000542, 0.0004181249999999359, 0.00040908299999997677, 0.0006818749999999429, 0.0004610419999999671, 0.0006831250000000066, 0.0004939170000000104, 0.0007275840000000589, 0.0007208330000000318, 0.0008677079999999116, 0.0007454159999999987, 0.0007615420000000039, 0.0007733329999999317, 0.0009753750000000005, 0.0007503330000000474],