{"log_best_programs": true, "num_literals": 0, "total_programs": 76, "total_rules": 0, "total_ground_rules": 0, "durations": {"generate": [0.0002878750000000485, 0.00012408299999999706, 0.00015062500000007084, 0.00033395799999991205, 9.758299999984565e-05, 0.0007129580000000413, 0.00017458300000017246, 0.00020966700000002447, 0.0006002499999999689, 0.0003094999999999626, 0.0005526249999998623, 0.00031945900000018845, 0.0005129999999999857, 0.0001902919999998698, 0.0003198749999999695, 0.00019212500000009847, 0.00047629199999987826, 0.00020187500000012903, 0.0001873749999998786, 0.0006442909999999635, 0.00014945800000010223, 0.0005078749999998244, 0.00015954099999992977, 0.00040537500000015214, 0.00017462499999965075, 0.0001757919999998414, 0.0001787079999999719, 0.00017487499999990774, 0.00016570799999993113, 0.0005895419999997209, 0.00020045900000020822, 0.0003342499999998694, 0.0001600419999996383, 0.00018054100000020057, 0.0001572080000000753, 0.0003005419999997372, 0.00017391700000013444, 0.00016504100000025446, 0.00017387500000021205, 0.0021860000000000213, 0.00020245799999996095, 0.00018616600000065375, 0.00015104200000060075, 0.00025141600000022635, 0.0005645420000002233, 0.0004241250000003305, 0.00016533400000007248, 0.0001554169999993249, 0.0001232500000005743, 0.0001780829999997735, 0.00016166700000042056, 0.00014733300000013827, 0.00014195799999949799, 0.00020758299999990015, 0.00015579200000015447, 0.00020149999999929946, 0.0001435419999999965, 0.00018566700000022252, 0.00013666699999959064, 0.00013700000000049783, 0.000140333000000048, 0.00019966699999951487, 0.00016425000000008794, 0.0002290419999999571, 0.0001472910000002159, 0.0006425419999995796, 0.0001624999999991772, 0.0007096659999996646, 0.0001867920000000467, 0.00018516700000059672, 0.0002335840000000644, 0.00015916599999954428, 0.00022699999999975518, 0.00021670799999995438, 0.00015650000000011488, 0.00020508400000007754, 0.0024654999999995653], "find_bindings_prolog": [0.04967616699999999, 0.07586662500000008, 0.042958290999999926, 0.04899112499999991, 0.10023025000000008, 0.03571170800000001, 0.047391916999999895, 0.036277375000000056, 0.045450250000000025, 0.096200917, 0.09655220799999986, 0.030916166999999994, 0.045622749999999934, 0.046534874999999865, 0.046424416000000024, 0.0464595000000001, 0.042109624999999706, 0.04687941699999998, 0.04393762499999987, 0.04666595799999973, 0.0018275420000000153, 0.04282354200000027, 0.08732279200000015, 0.08795799999999998, 0.09109179199999984, 0.09483483399999981, 0.04823700000000031, 0.0487046659999999, 0.0020026249999998136, 0.04638629200000022, 0.04985845799999966, 0.011521874999999682, 0.08301545899999985, 0.08554254200000022, 0.08593729099999958, 0.08934470899999969, 0.0018422080000002339, 0.0019439580000000234, 0.004672417000000095, 0.001989292000000198, 0.001996791999999914, 0.04873479099999933, 0.0019926669999996705, 0.0019425410000000198, 0.0018344170000004212, 0.001968875000000203, 0.00424820799999992, 0.0036422919999994363, 0.0042044159999994335, 0.003931957999999902, 0.001980708999999692, 0.0018769580000004282, 0.0035594169999999536, 0.004221499999999878, 0.005269499999999816, 0.004766708000000008, 0.005806833000000289, 0.005729582999999927, 0.0056471670000002305, 0.025963584000000317, 0.025932959000000366], "test": [0.050420208999999994, 0.0003242500000000259, 0.07694875000000012, 0.0012338329999999065, 0.0013401250000000253, 0.04363483300000004, 0.04991695800000007, 0.101839542, 0.03641058300000011, 0.04824341600000004, 0.03721349999999979, 0.046134958000000115, 0.09775745800000002, 0.09804179199999985, 0.03159325000000002, 0.04643270900000007, 0.04760570800000008, 0.04749000000000003, 0.047515333000000215, 0.0004904579999998049, 0.43714841699999996, 0.0005178340000000503, 0.7890562920000002, 0.042880625000000006, 0.04759641700000028, 0.044631166999999916, 0.04735908300000036, 0.0020129169999996144, 0.043534875000000195, 0.08904274999999995, 0.08962962500000016, 0.0926814170000001, 0.09642304200000007, 0.04918291699999999, 0.04963612500000014, 0.0023529170000000654, 0.047329334000000056, 0.05077250000000033, 0.01197566700000019, 0.08464266699999978, 0.08703237500000016, 0.08752508300000006, 0.09084000000000003, 0.0020317920000003653, 0.002145457999999323, 0.004894208999999705, 0.002207832999999937, 0.0007143750000002669, 0.43619762500000014, 0.002221042000000395, 0.0495519170000005, 0.08286637500000005, 0.1289204169999998, 0.0022137920000000477, 0.0021581250000002328, 0.0020349580000003087, 0.002169791000000032, 0.0006375840000005795, 0.0007505000000005424, 0.637102208, 0.000549957999999684, 0.00447699999999962, 0.0038603329999995495, 0.004420707999999607, 0.004133458999999284, 0.002201999999999593, 0.002093999999999596, 0.003761375000000733, 0.004437208000000581, 0.005486000000000324, 0.004965416000000111, 0.006023209000000307, 0.005945332999999664, 0.005863125000000302, 0.02630958399999983, 0.02628791699999944], "combine": [0.003943542000000022, 3.7499999994139444e-07, 0.002928207999999932, 5.419999999922709e-07, 4.1700000008582094e-07, 4.999999998478444e-07, 5.409999999095305e-07, 5.419999999922709e-07, 5.420000002143155e-07, 5.419999999922709e-07, 5.00000000069889e-07, 4.999999998478444e-07, 5.419999999922709e-07, 5.409999999095305e-07, 4.579999999254625e-07, 5.00000000069889e-07, 4.1700000008582094e-07, 4.1700000008582094e-07, 3.7499999994139444e-07, 5.419999999922709e-07, 6.249999997542943e-07, 5.419999999922709e-07, 4.5799999970341787e-07, 5.419999999922709e-07, 3.7499999994139444e-07, 4.999999996257998e-07, 4.580000001475071e-07, 3.3300000001901253e-07, 5.419999999922709e-07, 6.670000001207654e-07, 5.829999998319124e-07, 4.999999996257998e-07, 4.5799999970341787e-07, 4.5899999978615824e-07, 4.580000001475071e-07, 4.1699999986377634e-07, 4.5899999978615824e-07, 4.160000002251252e-07, 0.0026925829999999706, 6.250000001983835e-07, 4.1699999986377634e-07, 5.000000005139782e-07, 4.5799999970341787e-07, 3.7499999994139444e-07, 3.7499999994139444e-07, 4.999999996257998e-07, 3.7499999994139444e-07, 4.1599999978103597e-07, 4.1699999986377634e-07, 3.7500000082957285e-07, 5.419999995481817e-07, 3.7499999994139444e-07, 3.3300000001901253e-07, 4.1599999978103597e-07, 4.1699999986377634e-07, 4.1700000075195476e-07, 3.7499999994139444e-07, 4.580000005915963e-07, 3.7500000082957285e-07, 4.5899999978615824e-07, 3.7499999994139444e-07, 4.1699999986377634e-07, 4.1699999986377634e-07, 3.340000001017529e-07, 4.5899999978615824e-07, 4.1699999986377634e-07, 3.7499999994139444e-07, 4.1699999986377634e-07, 3.7499999994139444e-07, 3.7499999994139444e-07, 4.1700000075195476e-07, 4.1699999986377634e-07, 4.1699999986377634e-07, 4.580000005915963e-07, 4.1599999978103597e-07, 4.160000006692144e-07],