{"log_best_programs": true, "num_literals": 0, "total_programs": 2, "total_rules": 0, "total_ground_rules": 0, "durations": {"generate": [0.0008629170000000186, 0.0035724999999999785, 0.00023712500000017123], "find_bindings_prolog": [0.03468570799999998, 1.0687126249999999], "bind": [5.83000000053957e-07, 0.30480462500000005], "test": [0.03547883299999999, 1.3764845], "combine": [4.5900000000820285e-07, 0.06627850000000013], "constrain": [0.004488875000000059, 0.004068041000000022]}, "final_exec_time": 1.629680125, "stages": [], "best_programs": [], "solution": null, "is_solution": false, "stats_file": "./results/list_magicvaluesameclause/magicpopper/16/1/stats.json", "end": true, "__type__": "Stats"}