{"log_best_programs": true, "num_literals": 0, "total_programs": 8, "total_rules": 0, "total_ground_rules": 0, "durations": {"generate": [0.0003888329999999218, 0.0006857499999999295, 0.0011600840000001167, 0.001691332999999906, 0.001457291999999999, 0.0007762500000001449, 0.001040458999999938, 0.0007493329999999077, 0.0018021249999997657], "find_bindings_prolog": [0.031509332999999806, 0.034952375000000035, 0.14072700000000005, 0.17158083299999993, 0.14595650000000004, 0.1464456249999997], "test": [0.03732458299999997, 0.04706504200000006, 0.01920250000000001, 0.14104241600000011, 0.01886220900000013, 0.17212029099999993, 0.14629129099999982, 0.14678425000000006], "combine": [0.080808875, 0.00514645800000002, 5.419999999922709e-07, 6.669999998987208e-07, 7.90999999944475e-07, 5.419999999922709e-07, 5.00000000069889e-07, 5.830000002760016e-07], "constrain": [0.00187737500000007, 0.002350999999999992, 0.0004228749999999337, 0.0030832080000000595, 0.0005670829999999683, 0.0053478330000000796, 0.0016870419999999164, 0.005332875000000126]}, "final_exec_time": 2.1225415410000004, "stages": [], "best_programs": [], "solution": {"code": "magic_value(A):- head(A,jl),magic(jl).\nmagic_value(A):- head(A,ip),magic(ip).\nmagic_value(A):- head(A,ow),magic(ow).\nmagic_value(A):- head(A,rr),magic(rr).\nmagic_value(A):- head(A,co),magic(co).\nmagic_value(A):- head(A,ka),magic(ka).\nmagic_value(A):- head(A,sg),magic(sg).\nmagic_value(A):- head(A,mb),magic(mb).\nmagic_value(A):- head(A,lx),magic(lx).\nmagic_value(A):- head(A,gm),magic(gm).\nmagic_value(A):- head(A,md),magic(md).\nmagic_value(A):- head(A,qh),magic(qh).\nmagic_value(A):- head(A,de),magic(de).\nmagic_value(A):- head(A,kk),magic(kk).\nmagic_value(A):- head(A,x),magic(x).\nmagic_value(A):- head(A,dh),magic(dh).\nmagic_value(A):- head(A,kh),magic(kh).\nmagic_value(A):- head(A,dr),magic(dr).\nmagic_value(A):- head(A,rw),magic(rw).\nmagic_value(A):- head(A,py),magic(py).\nmagic_value(A):- head(A,ds),magic(ds).\nmagic_value(A):- head(A,sd),magic(sd).\nmagic_value(A):- head(A,og),magic(og).\nmagic_value(A):- head(A,cl),magic(cl).\nmagic_value(A):- head(A,gv),magic(gv).\nmagic_value(A):- head(A,ou),magic(ou).\nmagic_value(A):- head(A,my),magic(my).\nmagic_value(A):- head(A,hx),magic(hx).\nmagic_value(A):- head(A,gl),magic(gl).\nmagic_value(A):- head(A,oi),magic(oi).\nmagic_value(A):- head(A,ql),magic(ql).\nmagic_value(A):- head(A,em),magic(em).\nmagic_value(A):- head(A,iu),magic(iu).\nmagic_value(A):- head(A,du),magic(du).\nmagic_value(A):- head(A,hy),magic(hy).\nmagic_value(A):- head(A,jd),magic(jd).\nmagic_value(A):- head(A,on),magic(on).\nmagic_value(A):- head(A,kz),magic(kz).\nmagic_value(A):- head(A,dx),magic(dx).\nmagic_value(A):- head(A,av),magic(av).\nmagic_value(A):- head(A,ns),magic(ns).\nmagic_value(A):- head(A,gs),magic(gs).\nmagic_value(A):- head(A,ew),magic(ew).\nmagic_value(A):- head(A,nv),magic(nv).\nmagic_value(A):- head(A,ii),magic(ii).\nmagic_value(A):- head(A,ev),magic(ev).\nmagic_value(A):- head(A,ll),magic(ll).\nmagic_value(A):- head(A,bx),magic(bx).\nmagic_value(A):- head(A,pm),magic(pm).\nmagic_value(A):- head(A,or),magic(or).\nmagic_value(A):- head(A,nh),magic(nh).\nmagic_value(A):- head(A,br),magic(br).\nmagic_value(A):- head(A,np),magic(np).\nmagic_value(A):- head(A,mn),magic(mn).\nmagic_value(A):- head(A,pn),magic(pn).\nmagic_value(A):- head(A,fm),magic(fm).\nmagic_value(A):- head(A,ix),magic(ix).\nmagic_value(A):- head(A,ig),magic(ig).\nmagic_value(A):- head(A,lh),magic(lh).\nmagic_value(A):- head(A,mu),magic(mu).\nmagic_value(A):- head(A,fj),magic(fj).\nmagic_value(A):- head(A,ae),magic(ae).\nmagic_value(A):- head(A,o),magic(o).\nmagic_value(A):- head(A,rj),magic(rj).\nmagic_value(A):- head(A,cu),magic(cu).", "is_solution": true, "conf_matrix": [200, 0, 200, 0], "total_exec_time": 2.122530708, "durations": [{"operation": "Test", "called": 1, "total": 0.03732458299999997, "mean": 0.03732458299999997, "maximum": 0.03732458299999997, "__type__": "DurationSummary"}, {"operation": "Find_Bindings_Prolog", "called": 1, "total": 0.031509332999999806, "mean": 0.031509332999999806, "maximum": 0.031509332999999806, "__type__": "DurationSummary"}, {"operation": "Generate", "called": 1, "total": 0.0003888329999999218, "mean": 0.0003888329999999218, "maximum": 0.0003888329999999218, "__type__": "DurationSummary"}], "__type__": "ProgramStats"}, "is_solution": true, "stats_file": "./results/list_magicvalues_multipleclauses/magicpopper/65/8/stats.json", "end": true, "__type__": "Stats"}