{"log_best_programs": true, "num_literals": 0, "total_programs": 29, "total_rules": 0, "total_ground_rules": 0, "durations": {"generate": [0.0002874580000000182, 0.00020041600000003656, 0.0002178330000000006, 0.0003650000000000042, 0.0001927500000000193, 0.00021983399999997433, 0.00018599999999996397, 0.00016787500000003952, 0.00045104099999998537, 0.00016645799999998045, 0.0008180420000000188, 0.0001815000000000011, 0.00020779100000001272, 0.0001707080000000194, 0.0001707499999999973, 0.00016308400000003553, 0.0001867080000000354, 0.0001787500000000053, 0.0001699169999999639, 0.00017433299999997098, 0.0001655839999999964, 0.00019004200000000138, 0.0002234999999999876, 0.00033854199999999723, 0.00016729100000001385, 0.0006098750000000375, 0.00016624999999997891, 0.0001823750000000124, 0.00016962500000000658, 0.0022297910000000365], "find_bindings_prolog": [0.019103291000000022, 0.0017357089999999742, 0.005404750000000014, 0.009534500000000001, 0.001927082999999996, 0.0011909999999999976, 0.00482316599999999, 0.004759041000000019, 0.0016055839999999932, 0.0014361669999999882, 0.0012044999999999972, 0.0017138750000000313, 0.004245999999999972, 0.0009250830000000487, 0.0012840410000000135, 0.0012684589999999996, 0.0031845000000000345, 0.003097416999999991, 0.0012455000000000105, 0.0005709579999999548, 0.0013139999999999818, 0.0012202920000000117, 0.0014004170000000427, 0.0005242500000000039, 0.0005083750000000054, 0.0015542080000000014, 0.001338916999999995, 0.0016405829999999733, 0.0016512909999999992], "test": [0.02502245799999997, 0.0027156249999999993, 0.007864833000000016, 0.01323666699999998, 0.0027797919999999476, 0.0019434170000000028, 0.007437540999999992, 0.007254040999999989, 0.0027104170000000205, 0.0024001670000000086, 0.0023021670000000216, 0.002684416000000023, 0.007737416999999969, 0.0012762500000000343, 0.0019691659999999667, 0.0019377090000000097, 0.005683417000000024, 0.006138167000000028, 0.0019359999999999933, 0.0010839169999999898, 0.0021609579999999906, 0.002049124999999985, 0.0023153750000000084, 0.0008549580000000168, 0.0008380410000000116, 0.002653541999999953, 0.0022976670000000032, 0.002875833999999966, 0.0029836249999999898], "combine": [0.01945116699999999, 0.0049983330000000215, 0.006887291999999989, 0.007627832999999973, 0.008202874999999998, 5.000000000143778e-07, 4.170000000303098e-07, 4.580000000364848e-07, 4.580000000364848e-07, 4.1600000000308057e-07, 5.419999999922709e-07, 5.000000000143778e-07, 4.580000000364848e-07, 3.7500000005241674e-07, 4.5799999998097363e-07, 3.749999999969056e-07, 4.170000000303098e-07, 4.580000000364848e-07, 4.1600000000308057e-07, 4.1699999997479864e-07, 4.5900000000820285e-07, 4.580000000364848e-07, 4.170000000303098e-07, 3.749999999969056e-07, 3.749999999969056e-07, 3.749999999969056e-07, 3.749999999969056e-07, 4.589999999526917e-07, 4.5900000000820285e-07], "constrain": [0.0013475000000000015, 0.002105625, 0.0017378339999999937, 0.0016262499999999958, 0.0002415840000000169, 0.0003289160000000124, 0.00046116699999998456, 0.00036916599999997635, 0.0006013340000000089, 0.0005974579999999952, 0.0002767499999999923, 0.00037474999999997927, 0.0004005830000000099, 0.0020197920000000202, 0.00036241700000000376, 0.0003621249999999909, 0.00039645899999996015, 0.00039845800000004594, 0.0003522919999999763, 0.0006587919999999636, 0.00037320800000001375, 0.00035129200000000305, 0.00038599999999999746, 0.0005817920000000254, 0.0005840420000000068, 0.000654291000000029, 0.0006495830000000091, 0.0006547909999999879, 0.000672416000000009]}, "final_exec_time": 0.258738666, "stages": [], "best_programs": [], "solution": {"code": "goal(12,you,100):- magic(you),magic(12),magic(100).\ngoal(27,you,100):- magic(100),magic(27),magic(you).\ngoal(A,you,0):- my_true_cell(A,D,onecoin),my_true_cell(A,D,onecoin),magic(onecoin),magic(you),magic(0),magic(onecoin).", "is_solution": true, "conf_matrix": [62, 0, 62, 0], "total_exec_time": 0.258736333, "durations": [{"operation": "Test", "called": 5, "total": 0.05161937499999991, "mean": 0.010323874999999982, "maximum": 0.02502245799999997, "__type__": "DurationSummary"}, {"operation": "Combine", "called": 4, "total": 0.038964624999999975, "mean": 0.009741156249999994, "maximum": 0.01945116699999999, "__type__": "DurationSummary"}, {"operation": "Find_Bindings_Prolog", "called": 5, "total": 0.03770533300000001, "mean": 0.007541066600000002, "maximum": 0.019103291000000022, "__type__": "DurationSummary"}, {"operation": "Constrain", "called": 4, "total": 0.006817208999999991, "mean": 0.0017043022499999977, "maximum": 0.002105625, "__type__": "DurationSummary"}, {"operation": "Generate", "called": 5, "total": 0.0012634570000000789, "mean": 0.0002526914000000158, "maximum": 0.0003650000000000042, "__type__": "DurationSummary"}], "__type__": "ProgramStats"}, "is_solution": true, "stats_file": "./results/iggp-coins-goal/magicpopper_all/2/stats.json", "end": true, "__type__": "Stats"}