{"log_best_programs": true, "num_literals": 0, "total_programs": 158, "total_rules": 0, "total_ground_rules": 0, "durations": {"generate": [0.00044029100000003707, 0.00014270899999996312, 0.00017704200000001613, 0.00038929200000004105, 0.0001351250000000137, 0.0007363330000000334, 0.00025687499999998975, 0.0003174169999999865, 0.00041729200000001354, 0.00018720899999996599, 0.0006656669999999809, 0.00044837500000000086, 0.00017279199999997719, 0.0001663749999999964, 0.00017845799999999246, 0.00017570900000002387, 0.00017733300000000174, 0.0002650000000000152, 0.00031529200000002255, 0.00017812500000002895, 0.0002970000000000472, 0.00020841699999996077, 0.00017604200000004289, 0.00017379100000003422, 0.00018216700000001085, 0.00018770800000000865, 0.0009153329999999626, 0.00020258299999997842, 0.00016095799999998883, 0.0003310420000000036, 0.00014808300000002106, 0.00027962500000000556, 0.00014720800000000978, 0.0001323750000000179, 0.00013662500000000133, 0.0005767079999999813, 0.00046437500000001686, 0.00016920800000003178, 0.00020916600000003838, 0.00017050000000001786, 0.00039166700000003996, 0.00026133400000000195, 0.00018329099999997434, 0.00018141699999996153, 0.0003902919999999588, 0.00016175000000001605, 0.00021804200000002938, 0.00016899999999997473, 0.0003007500000000163, 0.0001690409999999809, 0.00017816600000003513, 0.00016450000000001186, 0.0006796669999999394, 0.00018133300000000574, 0.0001882079999999675, 0.00016975000000007956, 0.0001878749999999485, 0.00020441699999995677, 0.00020529199999996806, 0.0002251250000000482, 0.0002007080000000494, 0.00020849999999994484, 0.00019274999999996378, 0.0002014579999999322, 0.00019054199999990473, 0.00025816700000003134, 0.00021558300000001918, 0.00023370799999999914, 0.00022695899999991553, 0.00029670799999992337, 0.0013672919999999644, 0.00021462500000002382, 0.00020433400000008373, 0.00022537500000008315, 0.0002110830000000563, 0.00021225000000002492, 0.0006213749999999241, 0.00017695900000003206, 0.00019358300000005269, 0.0001910830000000363, 0.00022316599999994136, 0.0002661659999999566, 0.0001767080000000254, 0.0008652499999999286, 0.00019862500000000782, 0.00020979200000004194, 0.00020612499999994593, 0.00020291700000008017, 0.0002027089999999676, 0.0002099160000000877, 0.00021766600000006076, 0.0006425419999999127, 0.00020420900000006625, 0.00020008400000004478, 0.00020349999999991208, 0.00021499999999996522, 0.00020091600000005094, 0.00021658300000004793, 0.00020850000000005586, 0.00019141700000002704, 0.0002187089999999836, 0.0004026670000000232, 0.00021179199999998843, 0.0002062910000000251, 0.0001887919999999932, 0.0005253330000000167, 0.00024770799999995763, 0.00014300000000000423, 0.00014566599999998875, 0.00014383399999995383, 0.00019420900000000074, 0.00014466700000004273, 0.0001684590000000652, 0.0001460000000000905, 0.0006981659999999446, 0.00020454199999997424, 0.00020716599999992535, 0.00015337500000001114, 0.00028929199999994104, 0.00015545800000005272, 0.0003137079999999681, 0.00015941699999999503, 0.00015887500000000276, 0.00015083300000007238, 0.00022733400000007897, 0.00018166600000002475, 0.0005165420000000642, 0.00018324999999996816, 0.00019404199999994987, 0.0001862499999999434, 0.00022229099999993007, 0.00018770899999998036, 0.000193541999999991, 0.0001851670000000416, 0.00018554100000001128, 0.000193541999999991, 0.00017020899999997674, 0.00017041600000000656, 0.00025783400000001233, 0.00015249999999999986, 0.00018699999999993722, 0.00015583299999999412, 0.00019425000000006243, 0.00017216700000000085, 0.00037483299999996333, 0.00022166699999992545, 0.0007763749999999403, 0.00020383300000004212, 0.0002877909999999817, 0.00018704199999997062, 0.00039854100000003, 0.0003873749999999676, 0.0014763749999999742, 0.00046554099999995824, 0.00047220799999991847, 0.00028220899999997773, 0.0017245000000000177, 0.0003925419999999402, 0.00422937499999998], "find_bindings_prolog": [0.012454875000000032, 0.0019517079999999964, 0.0007960419999999968, 0.0007186250000000283, 0.0010359169999999973, 0.000865084000000016, 0.001846791999999986, 0.002643249999999986, 0.0007757080000000416, 0.0009460840000000137, 0.0005729170000000061, 0.0009729589999999955, 0.0009630829999999757, 0.0009616669999999994, 0.0007600000000000384, 0.0019407080000000132, 0.002030917000000021, 0.0008132089999999814, 0.0021467920000000085, 0.001980916999999971, 0.0021490409999999627, 0.0008597079999999591, 0.0019322500000000242, 0.0007359169999999748, 0.000515957999999983, 0.0004896670000000269, 0.00046066599999999847, 0.00043120899999998796, 0.00045845900000002215, 0.0018854160000000286, 0.0018842500000000317, 0.0020898329999999854, 0.001703041999999988, 0.0020104999999999706, 0.002188042000000001, 0.0018168749999999956, 0.0019906670000000015, 0.0008929590000000265, 0.0020964580000000232, 0.0009557919999999553, 0.002120624999999987, 0.002080499999999985, 0.0009787079999999948, 0.0018950409999999862, 0.0009503339999999971, 0.0021271250000000075, 0.0017802080000000053, 0.0009032079999999887, 0.0022067080000000017, 0.0021475839999999247, 0.0009650829999999777, 0.0021173329999999435, 0.0009770829999999897, 0.0021223750000000097, 0.0010171669999999855, 0.0020999999999999908, 0.0021550420000000514, 0.001945458000000011, 0.002093291999999969, 0.002294249999999942, 0.0022845000000000226, 0.002343749999999978, 0.0005985830000000414, 0.0010552079999999187, 0.0021014999999999784, 0.0022179589999999916, 0.0021385419999999655, 0.0009852080000000152, 0.000957957999999981, 0.0009390839999999789, 0.0007260000000000044, 0.0018397500000000289, 0.002006749999999946, 0.0009122919999999812, 0.000925957999999949, 0.002025374999999996, 0.002124124999999921, 0.0020952089999999313, 0.002053791000000027, 0.0010216670000000594, 0.0022133329999999285, 0.0010023329999999664, 0.0024761669999999736, 0.0022558750000000183, 0.0010402910000000265, 0.0007707500000000422, 0.0009973339999999054, 0.0009925830000000468, 0.0020067919999999795, 0.0022577920000000917, 0.002197042000000038, 0.0020957910000000135, 0.0021828750000000285, 0.0024930840000000343, 0.0022747920000000255, 0.0024588750000000825, 0.002229707999999997, 0.0010194580000000286, 0.0023165840000000104, 0.000523499999999899, 0.0005152910000000288, 0.0005099170000000264, 0.0004817080000000251, 0.0004757919999999194, 0.0004765420000000242, 0.0004991659999999953, 0.00047991699999994086, 0.0004814169999999285, 0.00047154199999999147, 0.0005100839999999662, 0.0005139999999999034, 0.0005226249999999988, 0.0005273749999999966, 0.0005109159999999724, 0.0005233749999999926, 0.0005333750000000581, 0.0005170839999999455, 0.0005309999999999482, 0.0005241249999999864, 0.000533875000000017, 0.0005124579999999934, 0.00048195800000006006, 0.0004869160000000594, 0.0004912919999999765, 0.00047716700000000056, 0.0004770419999999831, 0.0004862500000000214, 0.0005107089999999426, 0.0005226670000000322, 0.002413790999999943, 0.000747084000000009, 0.0006555000000000311, 0.0005610409999999844, 0.0019620000000000193, 0.0006744169999999272, 0.002124082999999999, 0.0022183749999999947, 0.0023707920000000104, 0.002539333000000088, 0.0021099999999999453, 0.0031102079999999477, 0.002752708000000048, 0.002290999999999932],