{"log_best_programs": true, "num_literals": 0, "total_programs": 2, "total_rules": 0, "total_ground_rules": 0, "durations": {"generate": [0.00033608299999998703, 0.0017224160000000044, 0.000403417000000017], "find_bindings_prolog": [0.025982916999999994, 1.113681458], "bind": [5.419999999922709e-07, 0.1389780410000001], "test": [0.026259332999999996, 1.253618459], "combine": [5.840000000256751e-07, 0.03646637500000005], "constrain": [0.0033179170000000036, 0.0045150410000001084]}, "final_exec_time": 1.45394025, "stages": [], "best_programs": [], "solution": null, "is_solution": false, "stats_file": "./results/list_magicvaluesameclause/magicpopper/12/0/stats.json", "end": true, "__type__": "Stats"}