{"log_best_programs": true, "num_literals": 0, "total_programs": 30, "total_rules": 0, "total_ground_rules": 0, "durations": {"generate": [0.0003954999999999931, 0.0002014999999999656, 0.0004845419999999767, 0.00025762500000003907, 0.00023083299999998586, 0.0003170000000000117, 0.0002378329999999651, 0.00024091599999997992, 0.0002458750000000065, 0.0008941670000000013, 0.00019254200000001775, 0.00017583300000001412, 0.00018029200000002632, 0.00023333399999997395, 0.00024366700000000296, 0.00021337500000001564, 0.00021408399999994776, 0.0002282920000000188, 0.00031012499999999443, 0.00021316699999995858, 0.0005128750000000237, 0.0001999169999999939, 0.00023579200000001244, 0.00020408399999999327, 0.00020204200000001338, 0.00019995800000000008, 0.0010173750000000426, 0.00019258399999999565, 0.0001647499999999913, 0.00018487500000002877, 0.0014954169999999989], "find_bindings_prolog": [0.01240058300000002, 0.005836000000000008, 0.0019003329999999763, 0.0012772500000000075, 0.0017230409999999807, 0.005256125, 0.004998209000000031, 0.0021332079999999976, 0.010619917000000034, 0.0006483749999999788, 0.0008025420000000172, 0.001531500000000019, 0.0013086250000000077, 0.0014686250000000012, 0.004504582999999951, 0.0013203330000000069, 0.002365416999999981, 0.001191417000000028, 0.001727915999999996, 0.0017293339999999713, 0.001102040999999998, 0.0032801670000000005, 0.0007685830000000449, 0.0006813339999999779, 0.0015047499999999991, 0.0032657500000000117, 0.0015934169999999859, 0.001369292000000022, 0.0014773329999999696, 0.000613541999999967], "test": [0.013822707999999961, 0.008328332999999966, 0.0029985409999999657, 0.002030875000000043, 0.002844791000000013, 0.007839665999999967, 0.007639792000000034, 0.003020583000000021, 0.014410374999999975, 0.0010209999999999941, 0.0011404159999999774, 0.002621916000000002, 0.002138165999999997, 0.00244337499999997, 0.008047958999999993, 0.00240995799999999, 0.003337707999999995, 0.0019993339999999638, 0.0029641250000000396, 0.0029558329999999633, 0.0014788749999999906, 0.005801624999999977, 0.0015154589999999968, 0.001405624999999966, 0.002415624999999977, 0.005856834000000033, 0.0023057920000000287, 0.0020456249999999954, 0.0021432080000000076, 0.001118583999999978], "combine": [0.003755332999999972, 0.005556708999999993, 7.080000000159181e-07, 0.004694458999999984, 4.5799999998097363e-07, 5.000000000143778e-07, 4.5799999998097363e-07, 0.006221083000000016, 6.670000000097431e-07, 5.829999999984459e-07, 4.170000000303098e-07, 5.000000000143778e-07, 4.1699999997479864e-07, 5.000000000143778e-07, 5.000000000143778e-07, 4.170000000303098e-07, 4.1699999997479864e-07, 5.000000000143778e-07, 5.419999999922709e-07, 4.999999999588667e-07, 3.749999999969056e-07, 4.580000000364848e-07, 3.749999999969056e-07, 3.749999999969056e-07, 4.1600000000308057e-07, 5.419999999922709e-07, 4.1600000000308057e-07, 4.5799999998097363e-07, 4.1699999997479864e-07, 3.7500000005241674e-07], "constrain": [0.001645249999999987, 0.0018289999999999695, 0.000739084000000001, 0.00034395799999997756, 0.0006446250000000098, 0.002051375000000022, 0.00038445799999997643, 0.000238207999999962, 0.0033403750000000065, 0.0005890000000000062, 0.0005882090000000062, 0.002485124999999977, 0.0003570000000000517, 0.0009579170000000303, 0.0004125409999999885, 0.000248540999999991, 0.00035758299999999466, 0.000347542000000034, 0.0009585420000000067, 0.001127708000000005, 0.0006003330000000084, 0.0004011250000000022, 0.0007232090000000024, 0.0007273750000000301, 0.00038587499999998, 0.00040829100000000507, 0.000366207999999979, 0.0003487090000000026, 0.0003475419999999785, 0.0006446249999999543]}, "final_exec_time": 0.23637204199999995, "stages": [], "best_programs": [], "solution": {"code": "goal(A,you,0):- my_true_cell(A,D,onecoin),my_true_cell(A,D,onecoin),magic(onecoin),magic(onecoin),magic(0),magic(you).\ngoal(A,you,100):- my_true_step(A,5),magic(100),magic(5),magic(you).", "is_solution": true, "conf_matrix": [62, 0, 62, 0], "total_exec_time": 0.23636887500000003, "durations": [{"operation": "Test", "called": 8, "total": 0.04852528899999997, "mean": 0.0060656611249999964, "maximum": 0.013822707999999961, "__type__": "DurationSummary"}, {"operation": "Find_Bindings_Prolog", "called": 8, "total": 0.03552474900000002, "mean": 0.004440593625000003, "maximum": 0.01240058300000002, "__type__": "DurationSummary"}, {"operation": "Combine", "called": 7, "total": 0.014008624999999941, "mean": 0.0020012321428571345, "maximum": 0.005556708999999993, "__type__": "DurationSummary"}, {"operation": "Constrain", "called": 7, "total": 0.007637749999999943, "mean": 0.0010911071428571348, "maximum": 0.002051375000000022, "__type__": "DurationSummary"}, {"operation": "Generate", "called": 8, "total": 0.002365748999999917, "mean": 0.00029571862499998963, "maximum": 0.0004845419999999767, "__type__": "DurationSummary"}], "__type__": "ProgramStats"}, "is_solution": true, "stats_file": "./results/iggp-coins-goal/magicpopper_types/2/stats.json", "end": true, "__type__": "Stats"}