{"log_best_programs": true, "num_literals": 0, "total_programs": 2, "total_rules": 0, "total_ground_rules": 0, "durations": {"generate": [0.0003578329999999741, 0.0018349999999999755, 0.00013737499999999514], "find_bindings_prolog": [0.015735500000000013, 0.629473167], "bind": [4.999999999588667e-07, 0.0835370419999999], "test": [0.016003374999999986, 0.7137659590000001], "combine": [5.419999999922709e-07, 0.015346915999999933], "constrain": [0.0031238330000000203, 0.0039035829999998217]}, "final_exec_time": 0.8839524159999999, "stages": [], "best_programs": [], "solution": null, "is_solution": false, "stats_file": "./results/list_magicvaluesameclause/magicpopper/6/0/stats.json", "end": true, "__type__": "Stats"}