{"log_best_programs": true, "num_literals": 0, "total_programs": 38, "total_rules": 0, "total_ground_rules": 0, "durations": {"generate": [0.00030362500000002957, 0.00029570899999997735, 0.000590541, 0.0007740410000000031, 0.001995250000000004, 0.0004583340000000602, 0.00041191600000001216, 0.0004672499999999191, 0.00028529200000004806, 0.00027274999999993277, 0.0009473749999999725, 0.0013198750000000814, 0.0003393329999999972, 0.0001643339999999327, 0.0022580829999999663, 0.0009244579999999614, 0.00015216600000000913, 0.0003629589999999405, 0.0009842909999999705, 0.0006446250000000653, 0.0003929160000000209, 0.0002765829999999969, 0.00018708400000000402, 0.0007059170000000003, 0.0005790829999999803, 0.01051445800000006, 0.0010949999999999571, 0.00026995799999995906, 0.0001999580000000556, 0.00128654100000003, 0.00020741699999993202, 0.00033479199999997267, 0.002532957999999974, 0.00022166599999995373, 0.0004981669999999383, 0.00020975000000000854, 0.0009457500000000785, 0.00037858400000001513, 0.12651804100000008], "find_bindings_prolog": [0.012896083000000003, 0.000865624999999981, 0.0029305410000000087, 0.0022633750000000674, 0.0009226660000000164, 0.001188708999999899, 0.00046795799999999055, 0.0010343749999999208, 0.0005488750000000042, 0.00046925000000008765, 0.0004346670000000552, 0.0003944999999999643, 0.0010996659999999991, 0.0006790420000000186, 0.0005009999999999737, 0.00043083399999999106, 0.0013198340000000197, 0.0004482500000000389, 0.0006382919999999848, 0.0007096659999999977, 0.0005302499999999544, 0.0005149169999999481, 0.00039283300000003685, 0.00034220900000003773, 0.00481220800000004, 0.001871915999999918, 0.0008766660000000259, 0.0008707919999999536, 0.000875749999999953, 0.0008841250000000134, 0.0011780000000000124, 0.0008203749999999843, 0.0013245829999999348, 0.0009159579999999945, 0.0008257090000000078, 0.0008426670000000192, 0.0008299170000000133], "test": [0.014580792000000065, 0.0004355420000000665, 0.001119500000000051, 0.0052880829999999435, 0.0037622920000000004, 0.0016110420000000625, 0.0018997499999999778, 0.0006105840000000251, 0.0024493329999999425, 0.0007887500000000047, 0.0007354589999999384, 0.00059975000000001, 0.0005457500000000115, 0.0012672080000000197, 0.0018705409999999478, 0.0007710419999999996, 0.000682834000000021, 0.0022521250000000492, 0.0007163330000000689, 0.0017512089999999203, 0.0012581249999999988, 0.0008945000000000203, 0.0008682089999999532, 0.0005414579999999392, 0.0004909579999999858, 0.010772374999999945, 0.004171625000000012, 0.0019104589999999755, 0.0018913340000000778, 0.001822834000000051, 0.0019088329999999987, 0.002211167000000014, 0.001533790999999951, 0.002188791999999995, 0.001721708000000044, 0.0016156250000000094, 0.0016819160000000055, 0.0018172920000000259], "combine": [0.0035449590000000697, 4.1700000008582094e-07, 0.0027725830000000506, 1.291000000014364e-06, 0.003795333000000012, 4.999999999588667e-07, 5.419999999922709e-07, 3.7500000005241674e-07, 5.83000000053957e-07, 4.580000000364848e-07, 4.999999999588667e-07, 4.1699999997479864e-07, 3.3300000001901253e-07, 1.209000000002014e-06, 5.410000000205528e-07, 4.5900000000820285e-07, 4.1600000000308057e-07, 3.7500000005241674e-07, 3.7499999994139444e-07, 4.579999999254625e-07, 4.1699999997479864e-07, 4.580000000364848e-07, 3.7499999994139444e-07, 3.7499999994139444e-07, 4.1600000000308057e-07, 1.4579999999542181e-06, 4.580000000364848e-07, 4.5900000000820285e-07, 3.7500000005241674e-07, 4.579999999254625e-07, 4.1600000000308057e-07, 4.1700000008582094e-07, 4.579999999254625e-07, 4.999999999588667e-07, 4.580000000364848e-07, 4.1699999997479864e-07, 5.410000000205528e-07, 1.4580000000652404e-06], "constrain": [0.0010402919999999982, 0.0014486670000000146, 0.0014639579999999874, 0.006689042000000089, 0.00034370900000002536, 0.007041999999999993, 0.00024295799999995982, 0.00010954099999993527, 0.0053658750000000754, 0.0008085409999999404, 0.000910833999999916, 0.0002947079999999769, 0.0002799589999999963, 0.0008323749999999963, 0.001063582999999979, 0.000329542000000016, 0.00031508399999991, 0.00033720800000003326, 0.0015261249999999338, 0.014321334000000019, 0.000638291000000013, 0.0004877079999999756, 0.0005326250000000643, 0.00028212500000002194, 0.0002758339999999748, 0.0020965000000000567, 0.0005540410000000051, 0.00033375000000002153, 0.0012951660000000143, 0.0005355000000000221, 0.0005277089999999873, 0.00033516699999991406, 0.0004897920000000999, 0.0004935839999999914, 0.00047558400000002887, 0.00046716600000007436, 0.000197875000000014, 0.000532666000000015]}, "final_exec_time": 0.408666541, "stages": [], "best_programs": [], "solution": {"code": "next_control(A,white):- true_control(A,black).\nnext_control(A,black):- true_control(A,white).", "is_solution": true, "conf_matrix": [13, 0, 13, 0], "total_exec_time": 0.408662666, "durations": [{"operation": "Test", "called": 5, "total": 0.025186209000000126, "mean": 0.005037241800000025, "maximum": 0.014580792000000065, "__type__": "DurationSummary"}, {"operation": "Find_Bindings_Prolog", "called": 4, "total": 0.01895562400000006, "mean": 0.004738906000000015, "maximum": 0.012896083000000003, "__type__": "DurationSummary"}, {"operation": "Constrain", "called": 4, "total": 0.01064195900000009, "mean": 0.0026604897500000224, "maximum": 0.006689042000000089, "__type__": "DurationSummary"}, {"operation": "Combine", "called": 4, "total": 0.0063192500000002205, "mean": 0.0015798125000000551, "maximum": 0.0035449590000000697, "__type__": "DurationSummary"}, {"operation": "Generate", "called": 5, "total": 0.003959166000000014, "mean": 0.0007918332000000028, "maximum": 0.001995250000000004, "__type__": "DurationSummary"}], "__type__": "ProgramStats"}, "is_solution": true, "stats_file": "./results/iggp-gt-centipede-next/magicpopper_all/1/stats.json", "end": true, "__type__": "Stats"}