{"log_best_programs": true, "num_literals": 0, "total_programs": 2, "total_rules": 0, "total_ground_rules": 0, "durations": {"generate": [0.0003394580000000147, 0.0017455419999999888, 0.00028349999999988107], "find_bindings_prolog": [0.02628179199999997, 1.117587625], "bind": [6.249999999763389e-07, 0.13187729199999998], "test": [0.026564333999999967, 1.250351875], "combine": [6.249999999763389e-07, 0.03045366599999988], "constrain": [0.003275917000000017, 0.0046582080000001636]}, "final_exec_time": 1.445671541, "stages": [], "best_programs": [], "solution": null, "is_solution": false, "stats_file": "./results/list_magicvaluesameclause/magicpopper/13/5/stats.json", "end": true, "__type__": "Stats"}