{"log_best_programs": true, "num_literals": 0, "total_programs": 8, "total_rules": 0, "total_ground_rules": 0, "durations": {"generate": [0.0003842920000001193, 0.0006340830000000075, 0.0011557079999999775, 0.0016685830000000568, 0.0021549579999999846, 0.0007945830000000154, 0.0008005419999999042, 0.0007506669999997051, 0.0015556249999999494], "find_bindings_prolog": [0.03186208300000004, 0.03393108300000014, 0.14063862500000002, 0.1584412500000001, 0.14769966600000028, 0.14589724999999998], "test": [0.03810770800000007, 0.046041999999999916, 0.01950712500000007, 0.14096008299999996, 0.021079250000000105, 0.15895150000000013, 0.14804345800000007, 0.14625850000000007], "combine": [0.08778141699999997, 0.005681666999999946, 5.419999999922709e-07, 6.660000000380251e-07, 7.07999999960407e-07, 5.409999999095305e-07, 5.839999999146528e-07, 5.409999999095305e-07], "constrain": [0.0017944999999999212, 0.002323166000000043, 0.0004268329999999043, 0.003098665999999861, 0.001898584000000092, 0.00542704099999991, 0.00173566600000008, 0.005471707999999964]}, "final_exec_time": 2.178955792, "stages": [], "best_programs": [], "solution": {"code": "magic_value(A):- head(A,kt),magic(kt).\nmagic_value(A):- head(A,ji),magic(ji).\nmagic_value(A):- head(A,j),magic(j).\nmagic_value(A):- head(A,jb),magic(jb).\nmagic_value(A):- head(A,dm),magic(dm).\nmagic_value(A):- head(A,ng),magic(ng).\nmagic_value(A):- head(A,ql),magic(ql).\nmagic_value(A):- head(A,ki),magic(ki).\nmagic_value(A):- head(A,nm),magic(nm).\nmagic_value(A):- head(A,bp),magic(bp).\nmagic_value(A):- head(A,bh),magic(bh).\nmagic_value(A):- head(A,kh),magic(kh).\nmagic_value(A):- head(A,em),magic(em).\nmagic_value(A):- head(A,fb),magic(fb).\nmagic_value(A):- head(A,og),magic(og).\nmagic_value(A):- head(A,ly),magic(ly).\nmagic_value(A):- head(A,qz),magic(qz).\nmagic_value(A):- head(A,df),magic(df).\nmagic_value(A):- head(A,mv),magic(mv).\nmagic_value(A):- head(A,rc),magic(rc).\nmagic_value(A):- head(A,qg),magic(qg).\nmagic_value(A):- head(A,oc),magic(oc).\nmagic_value(A):- head(A,pq),magic(pq).\nmagic_value(A):- head(A,ap),magic(ap).\nmagic_value(A):- head(A,iu),magic(iu).\nmagic_value(A):- head(A,fo),magic(fo).\nmagic_value(A):- head(A,w),magic(w).\nmagic_value(A):- head(A,gc),magic(gc).\nmagic_value(A):- head(A,nw),magic(nw).\nmagic_value(A):- head(A,ra),magic(ra).\nmagic_value(A):- head(A,ho),magic(ho).\nmagic_value(A):- head(A,kg),magic(kg).\nmagic_value(A):- head(A,ci),magic(ci).\nmagic_value(A):- head(A,dz),magic(dz).\nmagic_value(A):- head(A,pi),magic(pi).\nmagic_value(A):- head(A,cz),magic(cz).\nmagic_value(A):- head(A,pj),magic(pj).\nmagic_value(A):- head(A,lq),magic(lq).\nmagic_value(A):- head(A,bo),magic(bo).\nmagic_value(A):- head(A,dc),magic(dc).\nmagic_value(A):- head(A,eh),magic(eh).\nmagic_value(A):- head(A,kd),magic(kd).\nmagic_value(A):- head(A,ke),magic(ke).\nmagic_value(A):- head(A,hx),magic(hx).\nmagic_value(A):- head(A,ig),magic(ig).\nmagic_value(A):- head(A,r),magic(r).\nmagic_value(A):- head(A,ah),magic(ah).\nmagic_value(A):- head(A,mu),magic(mu).\nmagic_value(A):- head(A,an),magic(an).\nmagic_value(A):- head(A,jk),magic(jk).\nmagic_value(A):- head(A,be),magic(be).\nmagic_value(A):- head(A,ax),magic(ax).\nmagic_value(A):- head(A,ma),magic(ma).\nmagic_value(A):- head(A,fu),magic(fu).\nmagic_value(A):- head(A,gd),magic(gd).\nmagic_value(A):- head(A,dj),magic(dj).\nmagic_value(A):- head(A,ac),magic(ac).\nmagic_value(A):- head(A,ks),magic(ks).\nmagic_value(A):- head(A,gq),magic(gq).\nmagic_value(A):- head(A,oh),magic(oh).\nmagic_value(A):- head(A,rp),magic(rp).\nmagic_value(A):- head(A,qx),magic(qx).\nmagic_value(A):- head(A,rb),magic(rb).\nmagic_value(A):- head(A,cx),magic(cx).\nmagic_value(A):- head(A,pe),magic(pe).\nmagic_value(A):- head(A,bn),magic(bn).\nmagic_value(A):- head(A,dp),magic(dp).\nmagic_value(A):- head(A,da),magic(da).\nmagic_value(A):- head(A,bl),magic(bl).\nmagic_value(A):- head(A,ga),magic(ga).", "is_solution": true, "conf_matrix": [200, 0, 200, 0], "total_exec_time": 2.1789527499999997, "durations": [{"operation": "Test", "called": 1, "total": 0.03810770800000007, "mean": 0.03810770800000007, "maximum": 0.03810770800000007, "__type__": "DurationSummary"}, {"operation": "Find_Bindings_Prolog", "called": 1, "total": 0.03186208300000004, "mean": 0.03186208300000004, "maximum": 0.03186208300000004, "__type__": "DurationSummary"}, {"operation": "Generate", "called": 1, "total": 0.0003842920000001193, "mean": 0.0003842920000001193, "maximum": 0.0003842920000001193, "__type__": "DurationSummary"}], "__type__": "ProgramStats"}, "is_solution": true, "stats_file": "./results/list_magicvalues_multipleclauses/magicpopper/70/0/stats.json", "end": true, "__type__": "Stats"}