{"log_best_programs": true, "num_literals": 0, "total_programs": 157, "total_rules": 0, "total_ground_rules": 0, "durations": {"generate": [0.0003562500000000024, 0.00014708300000004781, 0.0001835000000000031, 0.0003231250000000352, 0.0001167499999999988, 0.0008910409999999813, 0.0002607920000000097, 0.00027375000000001704, 0.0006724590000000141, 0.00022899999999997922, 0.00047204200000000585, 0.0004457920000000004, 0.00018020899999998674, 0.00018733299999995623, 0.00018612499999998144, 0.00018466699999997171, 0.00018133300000000574, 0.0002854999999999941, 0.0002914580000000222, 0.00017137499999997363, 0.00032925000000000315, 0.00018700000000004824, 0.00017645900000001769, 0.000242207999999966, 0.00021683399999999908, 0.0001694580000000112, 0.0009575829999999841, 0.00022291699999998915, 0.00017162500000000858, 0.00026920800000002076, 0.00015008299999996755, 0.0002958330000000231, 0.00016758300000002668, 0.0004101659999999896, 0.000342333000000028, 0.00041641600000003054, 0.00019658399999999965, 0.0003001659999999906, 0.00019974999999999854, 0.0007172500000000026, 0.00021883299999997385, 0.00018616700000001485, 0.00019533400000004697, 0.0001915000000000111, 0.00019158299999999517, 0.00022633299999996748, 0.00016529100000001185, 0.00023612500000003145, 0.00018825000000000092, 0.0001827079999999759, 0.00018562500000002258, 0.00018899999999999473, 0.0001879169999999819, 0.00018654200000001175, 0.0004830419999999891, 0.00016800000000000148, 0.0002847500000000003, 0.0001667920000000267, 0.0004953750000000201, 0.00019716600000002638, 0.00018604199999999738, 0.00020204199999995787, 0.00021366700000002847, 0.00018341700000001904, 0.00018570900000003387, 0.00018825000000000092, 0.00020204099999998615, 0.00019387500000001, 0.0002221659999999681, 0.0015985419999999806, 0.0002571250000000247, 0.0001852090000000195, 0.0002603749999999794, 0.00020420900000001074, 0.000203542000000001, 0.00019916599999997286, 0.0002022499999999594, 0.0005225419999999592, 0.00019020800000002502, 0.00018779200000001994, 0.00018341699999996353, 0.00018291700000000466, 0.00019608300000001355, 0.00018766700000000247, 0.00019441600000003056, 0.00018208299999999955, 0.0003367499999999968, 0.00022295799999999533, 0.00022095799999999333, 0.00022445799999998295, 0.0002238330000000066, 0.00025608299999996254, 0.0002165829999999369, 0.00020004100000003966, 0.0002186659999999785, 0.00021466700000005723, 0.00020258299999997842, 0.00023883299999993834, 0.0004385829999999924, 0.0001778329999999606, 0.0003046249999999473, 0.0001894580000000312, 0.00019758300000005669, 0.0001970419999999251, 0.00111745799999996, 0.00023937500000004164, 0.0001396250000000876, 0.00016525000000000567, 0.0001546660000000255, 0.0001402910000000146, 0.0001339580000000451, 0.00018316600000001237, 0.0001587499999999853, 0.00015412499999989393, 0.00015895899999995855, 0.00015254200000003326, 0.00016474999999993578, 0.00013616700000007587, 0.00013995799999999559, 0.00014220900000005976, 0.00022329099999995883, 0.00016137500000001914, 0.0001854580000000272, 0.0001594999999999791, 0.00019370800000007016, 0.0001587080000000629, 0.00018262500000010284, 0.00015870900000003463, 0.0002250830000000148, 0.00016216599999996362, 0.00019937500000000163, 0.00015941699999999503, 0.00043404199999996784, 0.0002604170000000128, 0.00017579200000006345, 0.000161541999999959, 0.00030041699999994176, 0.00016295899999996255, 0.0001971250000000202, 0.00016216599999996362, 0.0003525829999999619, 0.00015962499999999658, 0.00020412499999999945, 0.0001616250000000541, 0.0002775000000000416, 0.00015783399999991232, 0.00026620799999999, 0.0009437910000000826, 0.0002214160000000298, 0.0003500829999999455, 0.00021399999999993646, 0.000328666000000033, 0.00021283299999996785, 0.0016152080000000346, 0.00020687499999993975, 0.00026045799999996344, 0.00021520899999993848, 0.004633208], "find_bindings_prolog": [0.012210165999999967, 0.000754082999999961, 0.0007369580000000098, 0.00066316700000002, 0.0005377080000000256, 0.0008155830000000086, 0.000800834000000028, 0.0011787080000000283, 0.0007104169999999632, 0.0006756669999999909, 0.0006781670000000073, 0.0006945419999999647, 0.0005497500000000155, 0.0005324999999999913, 0.0006700840000000152, 0.0007500000000000284, 0.0007569580000000298, 0.0007882089999999842, 0.0007659160000000331, 0.0006995830000000036, 0.0007743329999999604, 0.0007659159999999776, 0.0007734589999999764, 0.0007007920000000056, 0.0005310409999999544, 0.000492207999999994, 0.00045566699999999294, 0.00046050000000003033, 0.0008075000000000165, 0.0008027079999999853, 0.0008022079999999709, 0.0006745000000000223, 0.0008099169999999933, 0.0008243330000000104, 0.0007598329999999875, 0.0007922920000000278, 0.0008253750000000171, 0.0008307919999999691, 0.0007958330000000235, 0.0007972499999999716, 0.0008336250000000045, 0.0008079579999999975, 0.0008243330000000104, 0.0008247920000000186, 0.0008229160000000069, 0.0008199999999999874, 0.0008233750000000151, 0.0008116249999999825, 0.0007944579999999979, 0.0008019579999999915, 0.0008047079999999873, 0.0008402499999999868, 0.0008302919999999547, 0.0008143330000000004, 0.000686834000000025, 0.0008075000000000165, 0.0008152499999999896, 0.0008205829999999859, 0.0006862910000000055, 0.0008271250000000396, 0.0008168339999999885, 0.00045725000000002014, 0.0008632910000000438, 0.0008275419999999589, 0.0008271670000000175, 0.0007001670000000293, 0.0008467499999999517, 0.00083254100000002, 0.0008549170000000106, 0.0008507080000000333, 0.0008199160000000316, 0.0008170000000000122, 0.0008125829999999779, 0.0008102919999999902, 0.0008142079999999829, 0.000796083000000003, 0.0008248339999999965, 0.0008275419999999589, 0.000831499999999985, 0.000881624999999997, 0.001249708000000016, 0.0008982080000000114, 0.0008997500000000325, 0.0008612080000000022, 0.0008944580000000424, 0.0008277919999999384, 0.0008084170000000057, 0.0008344999999999603, 0.0008214159999999637, 0.0008274160000000252, 0.0008123749999999763, 0.0007737919999999399, 0.0007805829999999458, 0.0008057500000000495, 0.0007468749999999247, 0.0008057089999999878, 0.0009084999999999788, 0.0008147079999999418, 0.00048204200000001585, 0.0004524999999999668, 0.0004581669999998983, 0.00046445900000002815, 0.0007137499999999575, 0.0004687080000000954, 0.0007174169999999425, 0.0004945829999999374, 0.0004863339999999772, 0.0004926250000000243, 0.0004899160000000347, 0.00048800000000004395, 0.00048433299999994794, 0.000497542000000073, 0.0004926249999999133, 0.0004915420000000115, 0.00048512499999997516, 0.0004920419999999703, 0.0004887080000000044, 0.00048420799999993047, 0.0005207500000000698, 0.00047149999999995806, 0.0004885419999999252, 0.0004857499999999515, 0.0004901250000000079, 0.0004810840000000205, 0.000482207999999984, 0.0007979999999999654, 0.0005111660000000073, 0.0004935830000000196, 0.00047866600000001647, 0.000800416000000026, 0.0005243750000000214, 0.0005438749999999715, 0.0005492080000000232, 0.0008816660000000587, 0.0009947080000000108, 0.0008707920000000646, 0.000857041999999919, 0.0008642089999999492, 0.0008124999999999938, 0.0008899170000000733, 0.0008300000000001084, 0.0009299999999999864],