{"log_best_programs": true, "num_literals": 0, "total_programs": 2, "total_rules": 0, "total_ground_rules": 0, "durations": {"generate": [0.0005774170000000245, 0.0007167920000000216], "find_bindings_prolog": [0.015024458000000018, 0.0007792090000000029], "bind": [0.019042583999999974, 0.001183125000000007], "test": [0.034510541000000006, 0.0021889170000000124], "combine": [0.004035000000000011], "constrain": [0.0009375829999999641]}, "final_exec_time": 0.095512541, "stages": [], "best_programs": [], "solution": {"code": "f([3, 9, 12, 13, 16, 27, 29, 29, 40, 43, 47, 47, 55, 56, 63, 67, 83, 87, 92, 93]):- magic([3, 9, 12, 13, 16, 27, 29, 29, 40, 43, 47, 47, 55, 56, 63, 67, 83, 87, 92, 93]).\nf([3, 11, 11, 19, 25, 41, 45, 48, 50, 51, 54, 57, 57, 73, 73, 73, 74, 74, 77, 82, 99]):- magic([3, 11, 11, 19, 25, 41, 45, 48, 50, 51, 54, 57, 57, 73, 73, 73, 74, 74, 77, 82, 99]).\nf([3, 11, 12, 12, 16, 18, 24, 26, 27, 35, 37, 46, 54, 54, 57, 60, 61, 62, 63, 65, 66, 71, 73, 74, 75, 77, 83, 85, 94, 100]):- magic([3, 11, 12, 12, 16, 18, 24, 26, 27, 35, 37, 46, 54, 54, 57, 60, 61, 62, 63, 65, 66, 71, 73, 74, 75, 77, 83, 85, 94, 100]).\nf([3, 13, 17, 20, 53, 61, 62, 62, 65, 66, 67, 71, 76, 79, 88, 91, 91, 94, 97, 100, 100, 101, 101]):- magic([3, 13, 17, 20, 53, 61, 62, 62, 65, 66, 67, 71, 76, 79, 88, 91, 91, 94, 97, 100, 100, 101, 101]).\nf([5, 15, 17, 19, 24, 25, 39, 39, 42, 45, 51, 54, 55, 56, 58, 62, 62, 74, 77, 84, 84, 84, 86, 87, 87, 87, 90, 92, 99]):- magic([5, 15, 17, 19, 24, 25, 39, 39, 42, 45, 51, 54, 55, 56, 58, 62, 62, 74, 77, 84, 84, 84, 86, 87, 87, 87, 90, 92, 99]).\nf([9, 13, 13, 17, 19, 26, 34, 35, 39, 44, 54, 54, 62, 62, 64, 68, 83, 99, 101]):- magic([9, 13, 13, 17, 19, 26, 34, 35, 39, 44, 54, 54, 62, 62, 64, 68, 83, 99, 101]).\nf([19, 24, 31, 31, 32, 41, 59, 62, 69, 70, 78]):- magic([19, 24, 31, 31, 32, 41, 59, 62, 69, 70, 78]).\nf(A):- head(A,1),magic(1).", "is_solution": true, "conf_matrix": [10, 0, 10, 0], "total_exec_time": 0.09549091599999998, "durations": [{"operation": "Test", "called": 2, "total": 0.03669945800000002, "mean": 0.01834972900000001, "maximum": 0.034510541000000006, "__type__": "DurationSummary"}, {"operation": "Bind", "called": 2, "total": 0.02022570899999998, "mean": 0.01011285449999999, "maximum": 0.019042583999999974, "__type__": "DurationSummary"}, {"operation": "Find_Bindings_Prolog", "called": 2, "total": 0.01580366700000002, "mean": 0.00790183350000001, "maximum": 0.015024458000000018, "__type__": "DurationSummary"}, {"operation": "Combine", "called": 1, "total": 0.004035000000000011, "mean": 0.004035000000000011, "maximum": 0.004035000000000011, "__type__": "DurationSummary"}, {"operation": "Generate", "called": 2, "total": 0.0012942090000000461, "mean": 0.0006471045000000231, "maximum": 0.0007167920000000216, "__type__": "DurationSummary"}, {"operation": "Constrain", "called": 1, "total": 0.0009375829999999641, "mean": 0.0009375829999999641, "maximum": 0.0009375829999999641, "__type__": "DurationSummary"}], "__type__": "ProgramStats"}, "is_solution": true, "stats_file": "./results/sorted/magicpopper/0/stats.json", "end": false, "__type__": "Stats"}