{"log_best_programs": true, "num_literals": 0, "total_programs": 29, "total_rules": 0, "total_ground_rules": 0, "durations": {"generate": [0.0006224590000000196, 0.00020329199999996606, 0.0014688749999999806, 0.0007781249999999629, 0.0011249999999999871, 0.0007894160000000428, 0.00038554199999996097, 0.00021891599999995792, 0.0011387919999999996, 0.0003730419999999901, 0.00019408399999998327, 0.00034083300000004035, 0.0004322920000000008, 0.0002967919999999902, 0.00021804100000000215, 0.0002479169999999864, 0.000301875000000007, 0.00024283400000002509, 0.00020841700000001628, 0.000183875, 0.00028487500000001775, 0.00016762499999994906, 0.00022925000000006968, 0.0002334999999999976, 0.0002554999999999641, 0.0001646669999999517, 0.00017908399999999602, 0.0006674580000000097, 0.0005312079999999497, 0.0030172499999999713], "find_bindings_prolog": [0.01555087500000002, 0.001957207999999988, 0.002529125000000021, 0.0005667080000000269, 0.0005643750000000058, 0.005032167000000032, 0.0006575839999999888, 0.0005370000000000097, 0.023103916999999974, 0.0006712500000000121, 0.0005990830000000003, 0.0006594160000000238, 0.0007757089999999578, 0.0007760419999999768, 0.0006468329999999578, 0.002352542000000013, 0.0009740000000000304, 0.0017232910000000157, 0.000529624999999978, 0.0005481250000000104, 0.0005424169999999617, 0.000559416999999951, 0.0005858340000000073, 0.0005500000000000504, 0.0005287910000000284, 0.0005184999999999773, 0.0005057920000000049, 0.0005685830000000669, 0.0005558750000000945], "test": [0.016638458000000023, 0.004487959000000041, 0.0029789170000000254, 0.0008324579999999804, 0.0009065830000000163, 0.013700625000000022, 0.000909041999999971, 0.0007596659999999922, 0.05638037499999998, 0.0010383330000000024, 0.0008337919999999999, 0.0009050420000000226, 0.0010247080000000408, 0.0011880420000000003, 0.0011069999999999691, 0.0036938329999999797, 0.001907374999999989, 0.0021892920000000093, 0.000925750000000003, 0.000937750000000015, 0.0007628749999999962, 0.0008095420000000519, 0.0008174159999999597, 0.0007704590000000566, 0.0007572499999999316, 0.0007374580000000241, 0.0007220000000000004, 0.0007874159999999852, 0.000787500000000052], "combine": [0.004857582999999999, 0.002098875, 7.07999999960407e-07, 4.589999999526917e-07, 4.170000000303098e-07, 2.7499999999958114e-06, 5.83000000053957e-07, 2.3329999999655016e-06, 0.0030490829999999525, 5.42000000047782e-07, 3.3300000001901253e-07, 3.749999999969056e-07, 5.839999999701639e-07, 4.1699999997479864e-07, 3.749999999969056e-07, 4.1699999997479864e-07, 3.7500000005241674e-07, 3.749999999969056e-07, 3.749999999969056e-07, 3.749999999969056e-07, 3.7500000005241674e-07, 3.7500000005241674e-07, 4.5900000000820285e-07, 3.7500000005241674e-07, 3.7499999994139444e-07, 3.7500000005241674e-07, 3.7500000005241674e-07, 4.1700000008582094e-07, 4.1699999997479864e-07], "constrain": [0.001986874999999999, 0.0011879170000000383, 0.00032445800000002745, 0.00042166699999995894, 0.0027798340000000366, 0.0005607499999999987, 0.0005634580000000167, 0.0005671250000000017, 0.00211904199999996, 0.0006467079999999958, 0.0009565409999999774, 0.0007809999999999762, 0.0006526250000000178, 0.0007446249999999988, 0.000509417000000012, 0.0007834170000000085, 0.0008642499999999553, 0.0006881669999999618, 0.0006843749999999593, 0.000854833999999971, 0.0003833750000000191, 0.0007054999999999145, 0.0006064590000000036, 0.000593625000000042, 0.0004214160000000078, 0.0005937089999999978, 0.0005881250000000504, 0.0007189169999999301, 0.0003946670000000152]}, "final_exec_time": 0.229601375, "stages": [], "best_programs": [], "solution": {"code": "goal(A,robot,0):- not_my_true(A,r),magic(r),magic(0),magic(robot).\ngoal(A,robot,0):- not_my_true(A,p),magic(p),magic(robot),magic(0).\ngoal(A,robot,100):- my_true(A,p),my_true(A,q),my_true(A,7),magic(7),magic(p),magic(robot),magic(100),magic(q).\ngoal(A,robot,0):- not_my_true(A,q),magic(0),magic(robot),magic(q).", "is_solution": true, "conf_matrix": [22, 0, 22, 0], "total_exec_time": 0.229598333, "durations": [{"operation": "Test", "called": 9, "total": 0.09759408300000005, "mean": 0.010843787000000006, "maximum": 0.05638037499999998, "__type__": "DurationSummary"}, {"operation": "Find_Bindings_Prolog", "called": 9, "total": 0.050498959000000065, "mean": 0.005610995444444451, "maximum": 0.023103916999999974, "__type__": "DurationSummary"}, {"operation": "Constrain", "called": 8, "total": 0.008392084000000077, "mean": 0.0010490105000000097, "maximum": 0.0027798340000000366, "__type__": "DurationSummary"}, {"operation": "Combine", "called": 8, "total": 0.006963707999999957, "mean": 0.0008704634999999947, "maximum": 0.004857582999999999, "__type__": "DurationSummary"}, {"operation": "Generate", "called": 9, "total": 0.0067304169999998775, "mean": 0.0007478241111110976, "maximum": 0.0014688749999999806, "__type__": "DurationSummary"}], "__type__": "ProgramStats"}, "is_solution": true, "stats_file": "./results/iggp-buttons-goal/magicpopper_args/1/stats.json", "end": true, "__type__": "Stats"}