{"log_best_programs": true, "num_literals": 0, "total_programs": 18, "total_rules": 0, "total_ground_rules": 0, "durations": {"generate": [0.0005471249999999817, 0.0006100840000000107, 0.000566834000000016, 0.0015605830000000043, 0.001295166999999986, 0.0008352079999999762, 0.001539624999999989, 0.0004734589999999539, 0.0004222919999999908, 0.00040466599999999797, 0.0003266670000000027, 0.0003199170000000029, 0.00312791699999998, 0.0007917080000000021, 0.0035497079999999848, 0.0017250409999999827, 0.0003339160000000452, 0.002467333000000016], "test": [0.021446124999999983, 0.00038204200000002686, 0.0003842500000000304, 0.0004686669999999782, 0.0004689580000000193, 0.0004590420000000206, 0.00040562500000002055, 0.000356207999999969, 0.00039166700000003996, 0.0004521249999999699, 0.0003726250000000153, 0.00041083299999999934, 0.00048074999999997425, 0.00041962499999997904, 0.00042558399999997887, 0.0003832910000000078, 0.00036283299999995133, 0.0006075409999999892], "combine": [0.0023936250000000103, 5.419999999922709e-07, 4.580000000364848e-07, 5.000000000143778e-07, 5.839999999701639e-07, 3.749999999969056e-07, 3.749999999969056e-07, 3.749999999969056e-07, 3.3300000001901253e-07, 3.749999999969056e-07, 3.749999999969056e-07, 5.000000000143778e-07, 4.5799999998097363e-07, 3.749999999969056e-07, 4.170000000303098e-07, 3.749999999969056e-07, 3.749999999969056e-07], "constrain": [0.0010985000000000023, 0.0001364169999999998, 0.0012532090000000329, 0.0016548340000000494, 0.0003246250000000228, 0.0017685829999999902, 0.0003031249999999597, 0.0002994159999999968, 0.0002907920000000397, 0.0002923750000000114, 0.000287874999999993, 0.00031012499999999443, 0.0005753749999999891, 0.0005682499999999924, 0.00025529200000001806, 0.00030408400000003777, 0.000294665999999999]}, "final_exec_time": 0.11763941700000002, "stages": [], "best_programs": [], "solution": {"code": "f(A,B):- head(A,B).\nf(A,B):- tail(A,C),f(C,B).", "is_solution": true, "conf_matrix": [10, 0, 10, 0], "total_exec_time": 0.11763770899999998, "durations": [{"operation": "Test", "called": 18, "total": 0.028677790999999953, "mean": 0.0015932106111111084, "maximum": 0.021446124999999983, "__type__": "DurationSummary"}, {"operation": "Generate", "called": 18, "total": 0.020897249999999923, "mean": 0.001160958333333329, "maximum": 0.0035497079999999848, "__type__": "DurationSummary"}, {"operation": "Constrain", "called": 17, "total": 0.010017543000000129, "mean": 0.0005892672352941252, "maximum": 0.0017685829999999902, "__type__": "DurationSummary"}, {"operation": "Combine", "called": 17, "total": 0.0024004170000000435, "mean": 0.00014120100000000255, "maximum": 0.0023936250000000103, "__type__": "DurationSummary"}], "__type__": "ProgramStats"}, "is_solution": true, "stats_file": "./results/member/popper/1/stats.json", "end": true, "__type__": "Stats"}