{"log_best_programs": true, "num_literals": 0, "total_programs": 24, "total_rules": 0, "total_ground_rules": 0, "durations": {"generate": [0.0004972909999999553, 0.0003265829999999914, 0.0003493749999999851, 0.0003154579999999907, 0.00037775000000001, 0.00028175000000002504, 0.00028287500000001575, 0.00034891700000000414, 0.000282208000000006, 0.0002870409999999879, 0.00026937500000001613, 0.0002883750000000074, 0.00031716699999995157, 0.00027645800000003495, 0.00048787499999997097, 0.00029829099999995057, 0.0003314170000000005, 0.00032441700000002127, 0.0004682500000000034, 0.0002510419999999791, 0.00033887500000001625, 0.0002922919999999718, 0.000523750000000045, 0.0004890419999999951, 0.00014479100000003298], "test": [0.021923707999999986, 0.005391667000000044, 0.0006199999999999539, 0.0020603330000000253, 0.0023675410000000285, 0.0020345830000000342, 0.0006297909999999907, 0.000625750000000036, 0.0005922910000000225, 0.0005492500000000011, 0.0005379169999999989, 0.0005401250000000024, 0.0006228749999999672, 0.000541542000000006, 0.0027907919999999864, 0.002788999999999986, 0.0007872499999999616, 0.00045708299999996926, 0.00032250000000000334, 0.0003130829999999918, 0.0004681249999999859, 0.0003317919999999974, 0.012549332999999996, 0.009179292000000006], "combine": [6.659999999825139e-07, 0.0030614999999999948, 4.170000000303098e-07, 5.410000000205528e-07, 5.000000000143778e-07, 0.001739125000000008, 4.1600000000308057e-07, 3.749999999969056e-07, 4.1600000000308057e-07, 3.749999999969056e-07, 3.749999999969056e-07, 4.170000000303098e-07, 3.329999999635014e-07, 3.329999999635014e-07, 4.580000000364848e-07, 4.580000000364848e-07, 7.089999999876362e-07, 4.580000000364848e-07, 4.1699999997479864e-07, 3.749999999969056e-07, 4.170000000303098e-07, 4.170000000303098e-07, 8.750000000112834e-07, 0.002733042000000019], "constrain": [0.0011390000000000011, 0.0009737499999999955, 0.0010523329999999609, 0.00012616700000001035, 0.0009467499999999962, 0.00021579199999999243, 0.0011935419999999919, 0.00021437499999998888, 0.00018158300000004068, 0.00018170800000000265, 0.0001754580000000172, 0.0001814580000000232, 0.00017883299999998936, 0.00017283300000003887, 0.0001127499999999948, 0.0001286659999999995, 0.00021850000000001035, 0.00015629200000000232, 0.00019033299999998698, 0.00018054200000000575, 0.00015416699999998285, 0.0001510829999999963, 0.0012907499999999517, 0.0001403750000000259], "find_bindings_prolog": [0.004322417000000023, 0.00043804200000002735, 0.0012202500000000338, 0.0012881250000000288, 0.0009490830000000172, 0.0004325000000000023, 0.0004311250000000322, 0.00040604199999999535, 0.0003669159999999949, 0.00035874999999996326, 0.0003575839999999664, 0.00043650000000000633, 0.00035895899999999203, 0.0013801249999999543, 0.0013306250000000297, 0.00043674999999998576, 0.01087416699999999, 0.006653375000000017]}, "final_exec_time": 0.1437695, "stages": [], "best_programs": [], "solution": {"code": "magic_value(A):- head(A,c7),magic(c7).\nmagic_value(A):- tail(A,B),magic_value(B).", "is_solution": true, "conf_matrix": [10, 0, 10, 0], "total_exec_time": 0.143767875, "durations": [{"operation": "Test", "called": 24, "total": 0.06902562299999998, "mean": 0.002876067624999999, "maximum": 0.021923707999999986, "__type__": "DurationSummary"}, {"operation": "Find_Bindings_Prolog", "called": 18, "total": 0.03204133500000006, "mean": 0.00178007416666667, "maximum": 0.01087416699999999, "__type__": "DurationSummary"}, {"operation": "Constrain", "called": 23, "total": 0.00951666499999998, "mean": 0.00041376804347826, "maximum": 0.0012907499999999517, "__type__": "DurationSummary"}, {"operation": "Generate", "called": 24, "total": 0.008305873999999935, "mean": 0.0003460780833333306, "maximum": 0.000523750000000045, "__type__": "DurationSummary"}, {"operation": "Combine", "called": 23, "total": 0.0048103730000001454, "mean": 0.00020914665217391937, "maximum": 0.0030614999999999948, "__type__": "DurationSummary"}], "__type__": "ProgramStats"}, "is_solution": true, "stats_file": "./results/list_example/magicpopper_types/10/5/stats.json", "end": true, "__type__": "Stats"}