{"log_best_programs": true, "num_literals": 0, "total_programs": 16, "total_rules": 0, "total_ground_rules": 0, "durations": {"generate": [0.0006249579999999533, 0.0004576660000000232, 0.0010452080000000197, 0.0033435410000000054, 0.0004781249999999959, 0.008763834000000026, 0.0004673329999999587, 0.0007136249999999955, 0.0004705420000000182, 0.0008972499999999606, 0.0005286669999999827, 0.0005318330000000371, 0.0009293329999999766, 0.0033412919999999957, 0.010050834000000008, 0.0008186250000000173, 0.904954625], "find_bindings_prolog": [0.021201040999999976, 0.0016992499999999855, 0.0013018750000000079, 0.0011679589999999962, 0.0006027920000000186, 0.00046112500000000667, 0.0005495830000000201, 0.0004880829999999725, 0.0013195420000000069, 0.0005501250000000124, 0.0004421669999999933, 0.0004623340000000087, 0.0005805830000000234, 0.013503624999999964, 0.0008053749999999971], "test": [0.022680917000000023, 0.0003831670000000176, 0.0029930420000000013, 0.0023202090000000175, 0.0025898749999999637, 0.0009883749999999858, 0.0006726249999999823, 0.0009342499999999698, 0.0007179999999999964, 0.0025730420000000254, 0.0007862920000000218, 0.0006435000000000191, 0.0008130829999999922, 0.0009526249999999847, 0.014795749999999996, 0.001254666999999987], "combine": [0.003810875000000047, 4.580000000364848e-07, 5.829999999984459e-07, 4.5900000000820285e-07, 5.410000000205528e-07, 5.000000000143778e-07, 4.170000000303098e-07, 3.749999999969056e-07, 3.749999999969056e-07, 5.419999999922709e-07, 3.749999999969056e-07, 4.1699999997479864e-07, 3.339999999907306e-07, 3.749999999969056e-07, 5.42000000047782e-07, 0.0021263340000000075], "constrain": [0.001597333000000034, 0.0018513330000000106, 0.0003961249999999694, 0.00040275000000000727, 0.0003815420000000125, 0.0021568330000000246, 0.002086750000000026, 0.0009512079999999812, 0.0010397089999999998, 0.007678834000000023, 0.0005648750000000202, 0.0005594159999999793, 0.0005267499999999647, 0.0005401660000000086, 0.000823750000000012, 0.0005571669999999695]}, "final_exec_time": 1.093158125, "stages": [], "best_programs": [], "solution": {"code": "f(A,B):- square(A,D),magic(3.142),mult(D,3.142,B).", "is_solution": true, "conf_matrix": [10, 0, 10, 0], "total_exec_time": 1.0931475000000002, "durations": [{"operation": "Test", "called": 16, "total": 0.056099418999999984, "mean": 0.003506213687499999, "maximum": 0.022680917000000023, "__type__": "DurationSummary"}, {"operation": "Find_Bindings_Prolog", "called": 15, "total": 0.04513545899999999, "mean": 0.003009030599999999, "maximum": 0.021201040999999976, "__type__": "DurationSummary"}, {"operation": "Generate", "called": 16, "total": 0.033462665999999974, "mean": 0.0020914166249999984, "maximum": 0.010050834000000008, "__type__": "DurationSummary"}, {"operation": "Constrain", "called": 15, "total": 0.021557374000000074, "mean": 0.0014371582666666716, "maximum": 0.007678834000000023, "__type__": "DurationSummary"}, {"operation": "Combine", "called": 15, "total": 0.0038171680000001484, "mean": 0.00025447786666667654, "maximum": 0.003810875000000047, "__type__": "DurationSummary"}], "__type__": "ProgramStats"}, "is_solution": true, "stats_file": "./results/pi/magicpopper_types/0/stats.json", "end": true, "__type__": "Stats"}