{"log_best_programs": true, "num_literals": 0, "total_programs": 82, "total_rules": 0, "total_ground_rules": 0, "durations": {"generate": [0.00036812500000005244, 0.0002319160000000542, 0.0002362919999999713, 0.0007751249999998766, 0.00016166699999997647, 0.0008004999999999818, 0.00024562500000002707, 0.0003664999999999363, 0.0007550000000000612, 0.0005748330000001634, 0.0004833330000000302, 0.0003039160000000152, 0.001047832999999887, 0.0006875419999998744, 0.00029587500000016753, 0.0003218329999998826, 0.00027841699999986425, 0.00027645800000009046, 0.0002484999999998738, 0.0008106670000000982, 0.00018074999999995178, 0.00017124999999995616, 0.0001502909999999691, 0.00046754099999990473, 0.0005094999999999406, 0.00017941700000001504, 0.00020124999999993065, 0.00023266700000013074, 0.00021733400000001346, 0.00036658400000000313, 0.00022945800000018224, 0.00028491700000010667, 0.0002050829999999948, 0.00021274999999998379, 0.00026662500000007583, 0.00024166700000005648, 0.0002429579999998488, 0.00020274999999969623, 0.00021337499999996012, 0.0021691669999999164, 0.00025191600000029624, 0.0002587499999999743, 0.00024033299999981494, 0.000601624999999828, 0.0006836250000001876, 0.00041245800000000443, 0.00016645899999989666, 0.00028775000000003104, 0.0002274159999999803, 0.00022845800000004246, 0.00023216700000006085, 0.00020070799999993838, 0.00018537500000004314, 0.0002508750000003168, 0.00027083300000008137, 0.00021224999999969185, 0.00027604199999986534, 0.00016020900000013327, 0.00019779100000016925, 0.00015954099999948568, 0.0002615419999996149, 0.0001883330000005401, 0.00015895899999929242, 0.00013237499999974034, 0.00015758300000001668, 0.00023604200000004738, 0.00014433399999980168, 0.0001486670000003798, 0.00014233300000032756, 0.0002609170000003047, 0.00014937499999945203, 0.0006429590000003316, 0.00016041599999994105, 0.000698833999999593, 0.00018466700000008274, 0.00018508299999986377, 0.00016737500000019168, 0.00015812499999956486, 0.00019041699999977624, 0.00018808299999939493, 0.00016324999999994816, 0.00018754099999984675, 0.0028349580000002206], "find_bindings_prolog": [0.03197487499999996, 0.07857929200000013, 0.02697312499999982, 0.030971541999999852, 0.108909916, 0.012329416999999898, 0.0192686660000001, 0.08113433399999992, 0.09139474999999986, 0.03374983399999998, 0.021587625, 0.005425042000000158, 0.019357166999999897, 0.020248083000000028, 0.019887124999999894, 0.010190708000000104, 0.023977625000000113, 0.0017177499999998513, 0.024031166999999964, 0.02504462499999982, 0.02460845800000011, 0.023137709000000006, 0.08180120800000013, 0.07861829200000003, 0.0019101660000000464, 0.02781666599999988, 0.0281155409999998, 0.07779608299999996, 0.07986491700000009, 0.024379832999999795, 0.023892834000000196, 0.009421375000000065, 0.07536391699999978, 0.07215912499999977, 0.0782719580000002, 0.08060379200000023, 0.0026356669999998417, 0.0017370830000000836, 0.0022486669999999265, 0.003133583999999967, 0.026793333000000086, 0.023262874999999905, 0.0023343749999997776, 0.025395915999999907, 1.1894614999999997, 0.0022626249999997405, 0.0016603749999997142, 0.0025488330000005277, 0.002385124999999988, 0.0020754580000001965, 0.0019633750000007666, 0.0015068339999997349, 0.0014739999999999753, 0.001477458000000098, 0.001554416999999475, 0.0015171670000002635, 0.0015260829999999004, 0.0015128750000004132, 0.001542333999999812, 0.002393042000000456, 0.002057957999999971, 0.002124624999999547, 0.002343500000000276, 0.0014703750000002458, 0.004787625000000517, 0.002230125000000527, 0.0038918750000007662], "test": [0.032740749999999985, 0.0004952919999999805, 0.08002154200000011, 0.0008935000000001025, 0.0011583749999999338, 0.02799887499999998, 0.032066083999999995, 0.11124645799999988, 0.012932125000000072, 0.020019250000000044, 0.08307058300000003, 0.0963885830000002, 0.03434195799999995, 0.022442166999999902, 0.0060810419999999255, 0.020336000000000132, 0.021250082999999975, 0.021052750000000175, 0.010948291999999915, 0.015492708999999882, 0.0004353339999998429, 0.0006772500000000736, 0.010643249999999993, 0.02461958399999986, 0.0019419160000000435, 0.024613291999999953, 0.025669166999999993, 0.025210875000000188, 0.023719791000000212, 0.08358062499999996, 0.080481625, 0.0023039999999998617, 0.02863574999999985, 0.02894516700000005, 0.07959320799999992, 0.08157854199999992, 0.02518345799999988, 0.02467549999999985, 0.009924999999999962, 0.07706937500000022, 0.07384833299999993, 0.08006479199999994, 0.08238849999999998, 0.003022749999999963, 0.001971916000000018, 0.0024762080000000353, 0.02282870899999967, 0.0034092500000002524, 0.0275157909999999, 0.023948916999999792, 0.0025768330000000006, 0.0010984999999998912, 0.07575704199999977, 0.023666208999999938, 0.026152375000000117, 1.190135917, 0.0024978749999999827, 0.0018874169999998358, 0.04631950000000007, 0.09670995800000082, 0.0006744169999999272, 0.0027872919999998302, 0.0025994590000006923, 0.0004939999999997724, 0.002279083000000348, 0.0021684999999997956, 0.001710667000000221, 0.0016727500000000006, 0.001675249999999906, 0.0017606670000001046, 0.001719167000000077, 0.0017289170000003296, 0.0017147919999995764, 0.0017486250000002812, 0.0025974170000004904, 0.002262584000000345, 0.002345374999999983, 0.0025567500000001075, 0.0016676249999996173, 0.004991500000000038, 0.002432875000000223, 0.004093666000000162], "combine": [0.004692459000000038, 4.5900000000820285e-07, 0.002847542000000036, 6.249999999763389e-07, 5.409999999095305e-07, 5.840000001366974e-07, 6.660000000380251e-07, 7.090000000431473e-07, 5.00000000069889e-07, 5.409999999095305e-07, 7.090000000431473e-07, 1.7909999998622084e-06, 6.660000000380251e-07, 7.90999999944475e-07, 5.00000000069889e-07, 4.579999999254625e-07, 7.07999999960407e-07, 5.409999999095305e-07, 5.419999999922709e-07, 5.409999999095305e-07, 4.1600000000308057e-07, 4.1700000008582094e-07, 3.340000001017529e-07, 5.419999999922709e-07, 4.1600000000308057e-07, 5.410000001315751e-07, 6.249999999763389e-07, 5.83000000053957e-07, 5.83000000053957e-07, 5.410000001315751e-07, 5.83000000053957e-07, 4.1699999986377634e-07, 5.409999999095305e-07, 5.839999999146528e-07, 6.250000001983835e-07, 6.250000001983835e-07, 4.999999996257998e-07, 5.410000003536197e-07, 0.002020625000000109, 5.829999998319124e-07, 6.250000001983835e-07, 6.249999997542943e-07, 6.250000001983835e-07, 5.00000000069889e-07, 4.5799999970341787e-07, 5.84000000358742e-07, 5.00000000069889e-07, 4.5900000023024745e-07, 6.249999997542943e-07, 5.419999999922709e-07, 4.5799999970341787e-07, 4.1699999986377634e-07, 8.750000000112834e-07, 4.1599999978103597e-07, 5.419999999922709e-07, 6.250000001983835e-07, 4.580000001475071e-07, 3.7499999994139444e-07, 4.580000005915963e-07, 4.999999996257998e-07, 4.1699999986377634e-07, 3.7499999994139444e-07, 3.7499999994139444e-07, 3.7499999994139444e-07, 3.7499999994139444e-07, 3.7499999994139444e-07, 4.1599999978103597e-07, 3.7499999994139444e-07, 3.3300000001901253e-07, 3.7499999994139444e-07, 3.7500000082957285e-07, 3.7499999994139444e-07, 4.1699999986377634e-07, 3.7499999994139444e-07, 3.7499999994139444e-07, 3.7499999994139444e-07, 4.1699999986377634e-07, 3.3300000001901253e-07, 4.1699999986377634e-07, 3.7499999994139444e-07, 3.7499999994139444e-07, 3.7499999994139444e-07],