{"log_best_programs": true, "num_literals": 0, "total_programs": 38, "total_rules": 0, "total_ground_rules": 0, "durations": {"generate": [0.00033795800000002707, 0.0002998750000000605, 0.0006130419999998971, 0.0019383750000000477, 0.0010039579999999715, 0.001435749999999958, 0.0009486250000000362, 0.00027170800000009265, 0.0005879170000000489, 0.00018249999999997435, 0.0016144999999999632, 0.0002483340000000167, 0.0022712080000000245, 0.00014599999999997948, 0.00016654199999999175, 0.00012133300000005676, 0.00013645799999995045, 0.00013020799999996502, 0.0010422089999999606, 0.0002891250000000012, 0.0004133330000000157, 0.0011584170000000782, 0.0002306669999999622, 0.0005409170000000296, 0.0009115419999999874, 0.0035921669999999795, 0.0004326249999999643, 0.00017187500000004352, 0.00019374999999999254, 0.0018898749999999298, 0.0002603340000000287, 0.0004346670000000552, 0.00185875000000002, 0.00018924999999991865, 0.00028929199999994104, 0.00233008400000001, 0.003056041999999981, 0.00028279199999992066, 0.12984120799999999], "find_bindings_prolog": [0.014663584000000007, 0.0006566669999999997, 0.0014588330000000482, 0.0036723339999999993, 0.0009505829999999493, 0.0009538330000000705, 0.0006493329999999187, 0.0011055409999999322, 0.0006359160000000141, 0.0007304999999999673, 0.0005978330000000476, 0.00046641700000005226, 0.0004677079999999556, 0.0004121249999999854, 0.0003513750000000426, 0.0004378329999999986, 0.0004441250000000174, 0.0004890419999999951, 0.002096166000000066, 0.0005832500000000351, 0.000625541999999979, 0.0005184169999999932, 0.0003918330000000081, 0.00035608399999997875, 0.0009653750000000461, 0.0009366250000000242, 0.0009311250000000326, 0.0008839999999999959, 0.0022732089999999427, 0.000920166, 0.0008266249999999697, 0.000915749999999993, 0.0008287919999999671, 0.0029957910000000254, 0.002669707999999993, 0.004963083000000035, 0.0008735000000000825], "test": [0.01580075000000003, 0.0004197919999999744, 0.0011509579999999797, 0.0018987919999999825, 0.005391665999999962, 0.0035773750000001048, 0.0018232080000000206, 0.001053624999999947, 0.0035657080000000008, 0.0008398749999999344, 0.0020308749999999876, 0.0010100840000000222, 0.0006364580000000064, 0.0007830839999999339, 0.0005605840000000306, 0.0004981659999999666, 0.0006879579999999885, 0.0006927499999999087, 0.0007555419999999424, 0.003974958000000028, 0.0010126670000000226, 0.0021425419999999695, 0.0008830830000000622, 0.0005439579999999555, 0.0005084579999999894, 0.002347415999999991, 0.0019782500000000702, 0.0019670419999999744, 0.0019574999999999454, 0.0033412090000000116, 0.001960541999999954, 0.0017468749999999256, 0.001722917000000046, 0.0016237500000000349, 0.005301541000000021, 0.006257917000000002, 0.006725541999999973, 0.0016619169999999572], "combine": [0.003006333000000083, 4.999999999588667e-07, 0.0027948749999999745, 1.291999999986082e-06, 4.999999999588667e-07, 1.4579999999542181e-06, 4.580000000364848e-07, 0.001960375000000014, 2.2079999999480293e-06, 4.1699999997479864e-07, 4.580000000364848e-07, 4.1699999997479864e-07, 3.7499999994139444e-07, 3.7500000005241674e-07, 3.7499999994139444e-07, 4.1700000008582094e-07, 3.7499999994139444e-07, 4.5900000000820285e-07, 4.1699999997479864e-07, 1.0000000000287557e-06, 4.1700000008582094e-07, 4.580000000364848e-07, 4.5900000000820285e-07, 4.1699999997479864e-07, 3.7500000005241674e-07, 4.580000000364848e-07, 4.580000000364848e-07, 4.1699999997479864e-07, 4.580000000364848e-07, 5.419999999922709e-07, 4.580000000364848e-07, 4.1699999997479864e-07, 4.580000000364848e-07, 4.1700000008582094e-07, 1.6250000000050946e-06, 1.5420000000210266e-06, 4.999999999588667e-07, 4.1600000000308057e-07], "constrain": [0.0009921250000000104, 0.001097875000000026, 0.0027153340000000137, 0.00031970900000000135, 0.006655583999999992, 0.0008918749999999864, 0.0002511250000000187, 0.0003401249999999134, 0.007335083999999936, 0.002580457999999952, 0.0009335839999999873, 0.0010421250000000049, 0.0005021250000000199, 0.00032329199999991953, 0.0002753329999999332, 0.00027612499999996043, 0.0003159160000000272, 0.0003122499999999029, 0.0036362500000000075, 0.0037479999999999736, 0.008308624999999958, 0.0004938339999999153, 0.000528666000000011, 0.00028399999999995096, 0.00027200000000005, 0.0007077089999999453, 0.0003384170000000353, 0.000539750000000061, 0.0005264999999999853, 0.0005532910000000113, 0.00033045799999997794, 0.0005335839999999203, 0.0004802920000001043, 0.0004758340000000638, 0.0016242909999999444, 0.0037037500000000056, 0.00020137500000005915, 0.00018225000000005043]}, "final_exec_time": 0.41515599999999997, "stages": [], "best_programs": [], "solution": {"code": "next_control(A,white):- true_control(A,black).\nnext_control(A,black):- true_control(A,white).", "is_solution": true, "conf_matrix": [13, 0, 13, 0], "total_exec_time": 0.415152917, "durations": [{"operation": "Test", "called": 8, "total": 0.031116166, "mean": 0.00388952075, "maximum": 0.01580075000000003, "__type__": "DurationSummary"}, {"operation": "Find_Bindings_Prolog", "called": 7, "total": 0.023005166999999993, "mean": 0.0032864524285714275, "maximum": 0.014663584000000007, "__type__": "DurationSummary"}, {"operation": "Constrain", "called": 7, "total": 0.012923627000000049, "mean": 0.0018462324285714355, "maximum": 0.006655583999999992, "__type__": "DurationSummary"}, {"operation": "Generate", "called": 8, "total": 0.006849291000000091, "mean": 0.0008561613750000113, "maximum": 0.0019383750000000477, "__type__": "DurationSummary"}, {"operation": "Combine", "called": 7, "total": 0.005805415999999952, "mean": 0.0008293451428571361, "maximum": 0.003006333000000083, "__type__": "DurationSummary"}], "__type__": "ProgramStats"}, "is_solution": true, "stats_file": "./results/iggp-gt-centipede-next/magicpopper_all/2/stats.json", "end": true, "__type__": "Stats"}