{"log_best_programs": true, "num_literals": 0, "total_programs": 20, "total_rules": 0, "total_ground_rules": 0, "durations": {"generate": [0.000434207999999936, 0.00036325000000003715, 0.0002919160000000032, 0.00031679100000003846, 0.0003049159999999329, 0.00031975000000006304, 0.00029837499999996187, 0.0002917910000000967, 0.00034954199999992497, 0.000291417000000016, 0.00030724999999998115, 0.0003098330000000926, 0.0003775000000000306, 0.0004627500000000673, 0.00040916600000007186, 0.0004437919999999984, 0.0007035420000000014, 0.0003655840000000854, 0.0004011670000000356, 0.0004927500000000418], "test": [0.02538258299999996, 0.0008459159999999466, 0.0007284169999999257, 0.00040837500000001636, 0.0003950000000000342, 0.0007635419999999504, 0.0004326669999999977, 0.000340666000000045, 0.0008104589999999856, 0.0003980409999999601, 0.00036358300000005617, 0.0005897920000000889, 0.0009412500000000046, 0.001249958000000051, 0.01704062500000003, 0.010814541999999983, 0.00945616699999996, 0.01783099999999993, 0.01747091700000003, 0.0010681670000000087], "combine": [6.249999999763389e-07, 6.249999999763389e-07, 4.579999999254625e-07, 4.1699999997479864e-07, 1.0000000000287557e-06, 4.999999999588667e-07, 4.1600000000308057e-07, 4.1699999997479864e-07, 4.1699999997479864e-07, 4.999999999588667e-07, 4.580000000364848e-07, 4.1700000008582094e-07, 7.07999999960407e-07, 6.250000000873612e-07, 4.999999999588667e-07, 5.83000000053957e-07, 4.1599999989205827e-07, 5.419999999922709e-07, 4.999999999588667e-07], "constrain": [0.0012368329999999927, 0.0016669160000000183, 0.00011841599999995456, 0.00011820900000003576, 0.00011150000000004212, 9.737499999995514e-05, 0.0001631250000000417, 9.445899999993568e-05, 0.0001247500000000068, 0.00019654200000007727, 0.00013891700000001617, 0.00011820900000003576, 0.0018956250000000674, 0.0018044170000000026, 0.00018254100000003604, 0.00029333399999997845, 0.00016666700000000922, 0.00017508299999990928, 0.0001782919999999688]}, "final_exec_time": 0.28860062500000006, "stages": [], "best_programs": [], "solution": {"code": "magic_value(A):- head(A,B),c7(B).\nmagic_value(A):- tail(A,B),magic_value(B).", "is_solution": true, "conf_matrix": [10, 0, 1, 0], "total_exec_time": 0.28859854100000004, "durations": [{"operation": "Test", "called": 20, "total": 0.10733166699999996, "mean": 0.005366583349999998, "maximum": 0.02538258299999996, "__type__": "DurationSummary"}, {"operation": "Constrain", "called": 19, "total": 0.008881210000000084, "mean": 0.00046743210526316233, "maximum": 0.0018956250000000674, "__type__": "DurationSummary"}, {"operation": "Generate", "called": 20, "total": 0.007535290000000416, "mean": 0.0003767645000000208, "maximum": 0.0007035420000000014, "__type__": "DurationSummary"}, {"operation": "Combine", "called": 19, "total": 1.01239999997782e-05, "mean": 5.328421052514841e-07, "maximum": 1.0000000000287557e-06, "__type__": "DurationSummary"}], "__type__": "ProgramStats"}, "is_solution": true, "stats_file": "./results/list_constant/popper/1/7/stats.json", "end": true, "__type__": "Stats"}