{"log_best_programs": true, "num_literals": 0, "total_programs": 13, "total_rules": 0, "total_ground_rules": 0, "durations": {"generate": [0.09364304199999995, 0.029045332999999784, 0.00306358299999987, 0.0029642910000000633, 0.0017628750000000526, 2.3012764580000002, 0.0009201250000003824, 0.0009315420000000074, 0.0012396249999993003, 0.00460870799999924, 0.0011214170000002355, 0.0017693749999994068, 0.0724437499999997, 5.734174834000001], "find_bindings_prolog": [0.023381832999999963, 0.0008104580000001249, 0.007522959000000107, 0.0007122920000000033, 0.0006961249999999364, 0.0009342920000001698, 0.0007617089999998328, 0.0008618330000000896, 0.012617917000000034, 0.0010490839999999224, 0.0007610839999996344, 0.0007626659999999674, 0.0013668329999996232], "test": [0.024456208000000035, 0.0017024589999998785, 0.008256416000000044, 0.001299500000000009, 0.0010769159999999278, 0.0013787919999996845, 0.0014295839999993731, 0.0018044999999995426, 0.01353679200000002, 0.01009187499999964, 0.0016711660000003903, 0.001682917000000117, 0.003261042000000103], "combine": [6.249999999763389e-07, 4.5900000000820285e-07, 5.419999999922709e-07, 4.1700000008582094e-07, 4.1700000008582094e-07, 7.07999999960407e-07, 4.1599999978103597e-07, 4.1699999986377634e-07, 6.66999999232587e-07, 4.1699999986377634e-07, 2.92000000179371e-07, 3.7499999994139444e-07, 0.020135457999999495], "constrain": [0.5774105829999999, 0.23604487499999993, 0.05383204099999994, 0.05928091600000007, 0.04532458400000006, 0.30728045800000015, 0.21578225000000018, 0.19832133400000007, 0.18752075, 0.0798942079999998, 0.43213583299999936, 0.07080166700000046, 0.24583500000000047]}, "final_exec_time": 11.432713333, "stages": [], "best_programs": [], "solution": {"code": "f(A):- cell(A,B,E,k),cell(A,C,E,r),distance(B,C,1),magic(k),magic(1),magic(r).", "is_solution": true, "conf_matrix": [10, 0, 10, 0], "total_exec_time": 11.432705625, "durations": [{"operation": "Generate", "called": 13, "total": 2.5147901239999984, "mean": 0.19344539415384604, "maximum": 2.3012764580000002, "__type__": "DurationSummary"}, {"operation": "Constrain", "called": 12, "total": 2.463629499, "mean": 0.20530245825000001, "maximum": 0.5774105829999999, "__type__": "DurationSummary"}, {"operation": "Test", "called": 13, "total": 0.07164816699999876, "mean": 0.005511397461538366, "maximum": 0.024456208000000035, "__type__": "DurationSummary"}, {"operation": "Find_Bindings_Prolog", "called": 13, "total": 0.05223908499999941, "mean": 0.004018391153846108, "maximum": 0.023381832999999963, "__type__": "DurationSummary"}, {"operation": "Combine", "called": 12, "total": 5.751999998970803e-06, "mean": 4.793333332475669e-07, "maximum": 7.07999999960407e-07, "__type__": "DurationSummary"}], "__type__": "ProgramStats"}, "is_solution": true, "stats_file": "./results/krk/magicpopper_args/0/stats.json", "end": true, "__type__": "Stats"}