{"log_best_programs": true, "num_literals": 0, "total_programs": 10, "total_rules": 0, "total_ground_rules": 0, "durations": {"generate": [0.0004461249999998529, 0.0003694999999996895, 0.000415334000000378, 0.00037937499999962654, 0.0005089170000003307, 0.0003641249999999374, 0.00037775000000017656, 0.00040987499999989296, 0.00036541700000025656, 0.00043016700000020336], "test": [0.056190082999999724, 0.07534316700000065, 0.019733499999999182, 0.21403775000000014, 0.22002412500000013, 0.06330270799999926, 0.01990879099999976, 0.015435959000000388, 0.014933375000000026, 0.1054067080000003], "combine": [7.499999998827889e-07, 0.046319291999999734, 4.999999996257998e-07, 0.08010033299999986, 7.910000006106088e-07, 0.08063941699999955, 4.5899999978615824e-07, 4.999999996257998e-07, 5.419999995481817e-07], "constrain": [0.0012848329999997077, 0.0012692080000000772, 0.0015673330000005592, 0.0001891249999994571, 0.0014101249999995957, 0.0002094999999995295, 0.001627082999999807, 0.0002937499999999815, 0.00024729200000006557], "find_bindings_prolog": [0.0748014579999996, 0.019395583999999744, 0.21355108300000047, 0.21945762500000043, 0.06274125000000019, 0.019559000000000104, 0.01509320800000058, 0.014576375000000752, 0.1029476659999995]}, "final_exec_time": 7.042271458, "stages": [], "best_programs": [], "solution": {"code": "magic_value(A):- last(A,bl),head(A,bl),magic(bl).\nmagic_value(A):- head(A,db),last(A,db),magic(db).\nmagic_value(A):- tail(A,C),head(C,c7),magic(c7).\nmagic_value(A):- head(A,h),last(A,h),magic(h).\nmagic_value(A):- last(A,gl),head(A,gl),magic(gl).\nmagic_value(A):- head(A,c7),magic(c7).\nmagic_value(A):- head(A,t),last(A,t),magic(t).\nmagic_value(A):- last(A,dk),head(A,dk),magic(dk).\nmagic_value(A):- head(A,y),last(A,y),magic(y).\nmagic_value(A):- head(A,ev),last(A,ev),magic(ev).\nmagic_value(A):- head(A,er),last(A,er),magic(er).\nmagic_value(A):- last(A,ax),head(A,ax),magic(ax).\nmagic_value(A):- last(A,a),head(A,a),magic(a).\nmagic_value(A):- last(A,ei),head(A,ei),magic(ei).\nmagic_value(A):- head(A,gb),last(A,gb),magic(gb).\nmagic_value(A):- head(A,ct),last(A,ct),magic(ct).\nmagic_value(A):- head(A,dx),last(A,dx),magic(dx).\nmagic_value(A):- last(A,c7),magic(c7).\nmagic_value(A):- last(A,d),head(A,d),magic(d).\nmagic_value(A):- head(A,ef),last(A,ef),magic(ef).\nmagic_value(A):- last(A,u),head(A,u),magic(u).\nmagic_value(A):- last(A,fa),head(A,fa),magic(fa).", "is_solution": true, "conf_matrix": [0, 0, 0, 0], "total_exec_time": 7.042243208, "durations": [{"operation": "Test", "called": 10, "total": 0.8043161659999996, "mean": 0.08043161659999995, "maximum": 0.22002412500000013, "__type__": "DurationSummary"}, {"operation": "Find_Bindings_Prolog", "called": 9, "total": 0.7421232490000014, "mean": 0.08245813877777793, "maximum": 0.21945762500000043, "__type__": "DurationSummary"}, {"operation": "Combine", "called": 9, "total": 0.20706258399999822, "mean": 0.02300695377777758, "maximum": 0.08063941699999955, "__type__": "DurationSummary"}, {"operation": "Constrain", "called": 9, "total": 0.00809824899999878, "mean": 0.000899805444444309, "maximum": 0.001627082999999807, "__type__": "DurationSummary"}, {"operation": "Generate", "called": 10, "total": 0.0040665850000003445, "mean": 0.00040665850000003444, "maximum": 0.0005089170000003307, "__type__": "DurationSummary"}], "__type__": "ProgramStats"}, "is_solution": true, "stats_file": "./results/list_example/magicpopper_types/4000/6/stats.json", "end": false, "__type__": "Stats"}