{"log_best_programs": true, "num_literals": 0, "total_programs": 30, "total_rules": 0, "total_ground_rules": 0, "durations": {"generate": [0.0005392499999999911, 0.00022695900000002656, 0.00041408399999998124, 0.00022245799999998095, 0.00022566699999998496, 0.00021579199999999243, 0.00044200000000005346, 0.00019154100000001728, 0.00020620799999993, 0.000975166999999999, 0.00020854200000008927, 0.00018541700000007655, 0.00022141700000000153, 0.00021008399999999927, 0.000213542000000011, 0.00021779200000004995, 0.0002094160000000178, 0.0002656250000000471, 0.00024258399999999014, 0.0002254999999999896, 0.0002503750000000249, 0.0001927080000000414, 0.00022304200000000662, 0.0006435830000000031, 0.0002847919999999782, 0.0003585830000000234, 0.0003857919999999959, 0.0002517909999999457, 0.0003969580000000583, 0.00025533300000002424, 0.0021968329999999536], "find_bindings_prolog": [0.013699874999999972, 0.005630917000000013, 0.00931283300000002, 0.005309416999999983, 0.0020999579999999574, 0.004732834000000019, 0.0016172090000000083, 0.001215916000000039, 0.0016823330000000913, 0.0009393750000000756, 0.0013455829999999835, 0.001302208000000027, 0.0017504170000000041, 0.0014467089999999905, 0.0031112909999999605, 0.0033007499999999634, 0.004462709000000009, 0.0007137920000001019, 0.0007466669999999231, 0.0034110419999999753, 0.0014168749999999841, 0.0006623329999999594, 0.00335041700000005, 0.0013850000000000806, 0.002909541000000071, 0.0007817919999999479, 0.002454833000000045, 0.00181345799999999, 0.0016020830000000874, 0.0016213330000000026], "test": [0.014864917000000033, 0.008237916999999984, 0.013106457999999988, 0.008174709000000002, 0.003047083000000006, 0.007182375000000019, 0.0027348750000000255, 0.001986042000000021, 0.0028162910000000263, 0.001311250000000097, 0.0020623749999999497, 0.0020010839999999863, 0.002740542000000068, 0.0023779589999999295, 0.005707083999999973, 0.0059872499999999995, 0.008030415999999985, 0.0014866250000000747, 0.0014900840000000581, 0.005590874999999995, 0.002276292000000013, 0.0011849999999999916, 0.004125334000000036, 0.002537458000000048, 0.0032877500000000337, 0.001153624999999936, 0.003751332999999968, 0.0031054999999999833, 0.00260895800000005, 0.002746917000000071], "combine": [0.005599332999999984, 0.005989624999999998, 0.00629595799999999, 6.249999999763389e-07, 0.007681333999999984, 4.5799999998097363e-07, 5.000000000143778e-07, 4.999999999588667e-07, 4.1600000000308057e-07, 5.00000000069889e-07, 4.1600000000308057e-07, 4.1600000000308057e-07, 4.580000000364848e-07, 4.1699999997479864e-07, 4.5900000000820285e-07, 5.00000000069889e-07, 4.5900000000820285e-07, 3.7500000005241674e-07, 3.7500000005241674e-07, 6.249999999763389e-07, 5.409999999095305e-07, 4.1699999997479864e-07, 5.419999999922709e-07, 4.580000000364848e-07, 4.1600000000308057e-07, 3.7499999994139444e-07, 5.83000000053957e-07, 4.5900000000820285e-07, 4.999999999588667e-07, 4.1699999997479864e-07], "constrain": [0.0017532920000000174, 0.0018950000000000355, 0.001865249999999985, 0.0005455829999999606, 0.00024037500000001488, 0.0017809590000000264, 0.0024130829999999825, 0.0003465830000000114, 0.0009092499999999726, 0.0022703330000000133, 0.000373874999999968, 0.00037654200000003524, 0.0003813749999999061, 0.0004221249999999399, 0.0004299170000000574, 0.00042720800000006776, 0.0004214590000000129, 0.0007397080000000056, 0.0007347500000000062, 0.0011802079999999604, 0.0003679170000000509, 0.0006635000000000391, 0.00038570800000004013, 0.0002930829999999718, 0.0006460000000000354, 0.0006292500000000256, 0.0009870000000000712, 0.0009887499999999827, 0.0009802500000000158, 0.0009750830000000432]}, "final_exec_time": 0.265651, "stages": [], "best_programs": [], "solution": {"code": "goal(A,you,100):- my_true_step(A,5),magic(100),magic(you),magic(5).\ngoal(A,you,0):- my_true_cell(A,F,onecoin),my_true_cell(A,F,onecoin),magic(0),magic(onecoin),magic(you),magic(onecoin).", "is_solution": true, "conf_matrix": [62, 0, 62, 0], "total_exec_time": 0.26564304200000005, "durations": [{"operation": "Test", "called": 5, "total": 0.04743108400000001, "mean": 0.009486216800000002, "maximum": 0.014864917000000033, "__type__": "DurationSummary"}, {"operation": "Find_Bindings_Prolog", "called": 5, "total": 0.036052999999999946, "mean": 0.007210599999999989, "maximum": 0.013699874999999972, "__type__": "DurationSummary"}, {"operation": "Combine", "called": 4, "total": 0.01788554099999995, "mean": 0.004471385249999987, "maximum": 0.00629595799999999, "__type__": "DurationSummary"}, {"operation": "Constrain", "called": 4, "total": 0.0060591249999999985, "mean": 0.0015147812499999996, "maximum": 0.0018950000000000355, "__type__": "DurationSummary"}, {"operation": "Generate", "called": 5, "total": 0.0016284179999999648, "mean": 0.00032568359999999295, "maximum": 0.0005392499999999911, "__type__": "DurationSummary"}], "__type__": "ProgramStats"}, "is_solution": true, "stats_file": "./results/iggp-coins-goal/magicpopper_types/0/stats.json", "end": true, "__type__": "Stats"}