{"log_best_programs": true, "num_literals": 0, "total_programs": 17, "total_rules": 0, "total_ground_rules": 0, "durations": {"generate": [0.0003622500000000084, 0.0003327499999999928, 0.00021566699999997496, 0.0011787079999999728, 0.000230333000000027, 0.00023362500000001507, 0.0007321670000000058, 0.0005310409999999544, 0.0009298750000000244, 0.0002191249999999867, 0.00032358300000001616, 0.0002730410000000294, 0.0003995840000000084, 0.00024649999999998284, 0.00025720800000000876, 0.0003273329999999852, 0.0002378329999999651, 0.008373292000000032], "find_bindings_prolog": [0.011468208000000035, 0.0015232909999999822, 0.0009681249999999864, 0.016743500000000022, 0.023674250000000008, 0.02729066600000002, 0.0025767910000000227, 0.0026831250000000084, 0.0009265000000000523, 0.0038993749999999827, 0.00583595800000003, 0.001028459000000037], "test": [0.012347624999999973, 0.0025398329999999913, 0.0018772089999999908, 0.02397379200000005, 0.028735250000000045, 0.03078624999999996, 0.003772125000000015, 0.003854290999999954, 0.0011073750000000215, 0.004752334000000025, 0.006692291999999989, 0.0011926250000000027, 0.00041283300000000134, 0.0003906250000000333, 0.0010183749999999603, 0.00034837500000001187, 0.0003110000000000057], "combine": [0.0032158330000000013, 5.829999999984459e-07, 5.000000000143778e-07, 5.410000000205528e-07, 4.999999999588667e-07, 0.0018696669999999638, 4.580000000364848e-07, 5.000000000143778e-07, 4.170000000303098e-07, 5.000000000143778e-07, 5.000000000143778e-07, 3.749999999969056e-07, 4.1600000000308057e-07, 4.170000000303098e-07, 4.5799999998097363e-07, 4.170000000303098e-07, 3.749999999969056e-07], "constrain": [0.0008361669999999988, 0.0025330410000000136, 0.0004385419999999862, 0.004239166999999988, 0.00041533400000004495, 0.0004025419999999502, 0.002211707999999979, 0.0016322080000000239, 0.0007327080000000263, 0.0011127499999999957, 0.0010997500000000104, 0.0007122499999999699, 0.0008239159999999801, 0.0008157919999999819, 0.000873958000000008, 0.00021625000000002892, 0.0002126249999999663]}, "final_exec_time": 0.21492799999999998, "stages": [], "best_programs": [], "solution": {"code": "magic_value(A):- my_append(C,['aag'],A),magic(['aag']).\nmagic_value(['qq', 'qy', 'pa', 'ih', 'nj', 'tn', 'aiv', 'afh', 'hh', 'zn', 'aag']):- magic(['qq', 'qy', 'pa', 'ih', 'nj', 'tn', 'aiv', 'afh', 'hh', 'zn', 'aag']).", "is_solution": true, "conf_matrix": [10, 0, 10, 0], "total_exec_time": 0.21492508400000002, "durations": [{"operation": "Test", "called": 6, "total": 0.10025995900000001, "mean": 0.01670999316666667, "maximum": 0.03078624999999996, "__type__": "DurationSummary"}, {"operation": "Find_Bindings_Prolog", "called": 6, "total": 0.08166804000000005, "mean": 0.013611340000000008, "maximum": 0.02729066600000002, "__type__": "DurationSummary"}, {"operation": "Constrain", "called": 5, "total": 0.008462251000000032, "mean": 0.0016924502000000064, "maximum": 0.004239166999999988, "__type__": "DurationSummary"}, {"operation": "Combine", "called": 5, "total": 0.0032179569999999935, "mean": 0.0006435913999999987, "maximum": 0.0032158330000000013, "__type__": "DurationSummary"}, {"operation": "Generate", "called": 6, "total": 0.002553332999999991, "mean": 0.0004255554999999985, "maximum": 0.0011787079999999728, "__type__": "DurationSummary"}], "__type__": "ProgramStats"}, "is_solution": true, "stats_file": "./results/list_append/magicpopper_all/2/1/stats.json", "end": true, "__type__": "Stats"}