{"log_best_programs": true, "num_literals": 0, "total_programs": 10, "total_rules": 0, "total_ground_rules": 0, "durations": {"generate": [0.0004295830000007328, 0.00035454100000009703, 0.0003902500000005915, 0.00038237500000004587, 0.0005296670000003445, 0.00032908399999964644, 0.0003492079999993791, 0.0004354580000001107, 0.0003517920000000174, 0.0003994160000004854], "test": [0.05808854200000013, 0.07602112500000047, 0.020077792000000372, 0.24061329199999992, 0.23509120800000005, 0.06826595900000054, 0.021500292000000698, 0.01600779199999991, 0.01649416700000028, 0.2965702920000002], "combine": [6.250000001983835e-07, 0.04654541700000081, 4.999999996257998e-07, 0.07656874999999985, 6.250000001983835e-07, 0.07829020799999942, 5.829999993878232e-07, 4.580000005915963e-07, 5.000000005139782e-07], "constrain": [0.0012552919999997414, 0.0013759580000005656, 0.0015857919999993086, 0.00018816600000004513, 0.001349209000000684, 0.00019229100000028865, 0.0017316249999996813, 0.0002784589999995646, 0.00023920799999999076], "find_bindings_prolog": [0.07547620800000043, 0.01975270899999959, 0.2401029999999995, 0.23453266699999986, 0.0677496660000001, 0.02114050000000045, 0.01564066700000044, 0.01615487500000068, 0.2948917499999997]}, "final_exec_time": 7.192493209, "stages": [], "best_programs": [], "solution": {"code": "magic_value(A):- head(A,at),last(A,at),magic(at).\nmagic_value(A):- last(A,ba),head(A,ba),magic(ba).\nmagic_value(A):- last(A,cv),head(A,cv),magic(cv).\nmagic_value(A):- head(A,ac),last(A,ac),magic(ac).\nmagic_value(A):- last(A,bm),head(A,bm),magic(bm).\nmagic_value(A):- last(A,x),head(A,x),magic(x).\nmagic_value(A):- last(A,gs),head(A,gs),magic(gs).\nmagic_value(A):- last(A,er),head(A,er),magic(er).\nmagic_value(A):- tail(A,C),head(C,c7),magic(c7).\nmagic_value(A):- head(A,dw),last(A,dw),magic(dw).\nmagic_value(A):- head(A,fv),last(A,fv),magic(fv).\nmagic_value(A):- last(A,c7),magic(c7).\nmagic_value(A):- last(A,i),head(A,i),magic(i).\nmagic_value(A):- head(A,c7),magic(c7).\nmagic_value(A):- last(A,cd),head(A,cd),magic(cd).", "is_solution": true, "conf_matrix": [0, 0, 0, 0], "total_exec_time": 7.192465167, "durations": [{"operation": "Test", "called": 10, "total": 1.0487304610000026, "mean": 0.10487304610000026, "maximum": 0.2965702920000002, "__type__": "DurationSummary"}, {"operation": "Find_Bindings_Prolog", "called": 9, "total": 0.9854420420000007, "mean": 0.1094935602222223, "maximum": 0.2948917499999997, "__type__": "DurationSummary"}, {"operation": "Combine", "called": 9, "total": 0.2014076660000006, "mean": 0.022378629555555623, "maximum": 0.07829020799999942, "__type__": "DurationSummary"}, {"operation": "Constrain", "called": 9, "total": 0.00819599999999987, "mean": 0.0009106666666666522, "maximum": 0.0017316249999996813, "__type__": "DurationSummary"}, {"operation": "Generate", "called": 10, "total": 0.003951374000001451, "mean": 0.0003951374000001451, "maximum": 0.0005296670000003445, "__type__": "DurationSummary"}], "__type__": "ProgramStats"}, "is_solution": true, "stats_file": "./results/list_example/magicpopper_types/4000/5/stats.json", "end": false, "__type__": "Stats"}