{"log_best_programs": true, "num_literals": 0, "total_programs": 8, "total_rules": 0, "total_ground_rules": 0, "durations": {"generate": [0.00038991600000004567, 0.000648958999999838, 0.0011932500000000346, 0.0017104580000000258, 0.0015447499999998726, 0.0007113750000002916, 0.0008504579999999429, 0.0018312080000000286, 0.0006232079999999307], "find_bindings_prolog": [0.035521667000000035, 0.03407525000000011, 0.1540925839999998, 0.17066375000000011, 0.1727649999999996, 0.167214333], "test": [0.043483791999999966, 0.04617437499999988, 0.020946624999999885, 0.15441487499999984, 0.0239545419999998, 0.17104074999999996, 0.1733308339999997, 0.16759370800000006], "combine": [0.10037120799999988, 0.006444624999999871, 5.419999999922709e-07, 6.250000001983835e-07, 7.909999997224304e-07, 5.409999999095305e-07, 5.830000002760016e-07, 5.409999999095305e-07], "constrain": [0.0018098749999999608, 0.00245508300000008, 0.00044404200000003335, 0.0034074999999997857, 0.0021103749999999977, 0.005838875000000243, 0.0020817919999998047, 0.005448792000000147]}, "final_exec_time": 2.3928012499999998, "stages": [], "best_programs": [], "solution": {"code": "magic_value(A):- head(A,fa),magic(fa).\nmagic_value(A):- head(A,ps),magic(ps).\nmagic_value(A):- head(A,ii),magic(ii).\nmagic_value(A):- head(A,db),magic(db).\nmagic_value(A):- head(A,hm),magic(hm).\nmagic_value(A):- head(A,an),magic(an).\nmagic_value(A):- head(A,pu),magic(pu).\nmagic_value(A):- head(A,nc),magic(nc).\nmagic_value(A):- head(A,cm),magic(cm).\nmagic_value(A):- head(A,ds),magic(ds).\nmagic_value(A):- head(A,pq),magic(pq).\nmagic_value(A):- head(A,ar),magic(ar).\nmagic_value(A):- head(A,ay),magic(ay).\nmagic_value(A):- head(A,gg),magic(gg).\nmagic_value(A):- head(A,ch),magic(ch).\nmagic_value(A):- head(A,es),magic(es).\nmagic_value(A):- head(A,ek),magic(ek).\nmagic_value(A):- head(A,rt),magic(rt).\nmagic_value(A):- head(A,mk),magic(mk).\nmagic_value(A):- head(A,dz),magic(dz).\nmagic_value(A):- head(A,sh),magic(sh).\nmagic_value(A):- head(A,ce),magic(ce).\nmagic_value(A):- head(A,le),magic(le).\nmagic_value(A):- head(A,nx),magic(nx).\nmagic_value(A):- head(A,be),magic(be).\nmagic_value(A):- head(A,ko),magic(ko).\nmagic_value(A):- head(A,of),magic(of).\nmagic_value(A):- head(A,ru),magic(ru).\nmagic_value(A):- head(A,oj),magic(oj).\nmagic_value(A):- head(A,kk),magic(kk).\nmagic_value(A):- head(A,on),magic(on).\nmagic_value(A):- head(A,mq),magic(mq).\nmagic_value(A):- head(A,mu),magic(mu).\nmagic_value(A):- head(A,ri),magic(ri).\nmagic_value(A):- head(A,ae),magic(ae).\nmagic_value(A):- head(A,dk),magic(dk).\nmagic_value(A):- head(A,u),magic(u).\nmagic_value(A):- head(A,oz),magic(oz).\nmagic_value(A):- head(A,oq),magic(oq).\nmagic_value(A):- head(A,ln),magic(ln).\nmagic_value(A):- head(A,lj),magic(lj).\nmagic_value(A):- head(A,m),magic(m).\nmagic_value(A):- head(A,cb),magic(cb).\nmagic_value(A):- head(A,cz),magic(cz).\nmagic_value(A):- head(A,hd),magic(hd).\nmagic_value(A):- head(A,bi),magic(bi).\nmagic_value(A):- head(A,gf),magic(gf).\nmagic_value(A):- head(A,qv),magic(qv).\nmagic_value(A):- head(A,nq),magic(nq).\nmagic_value(A):- head(A,rp),magic(rp).\nmagic_value(A):- head(A,fw),magic(fw).\nmagic_value(A):- head(A,j),magic(j).\nmagic_value(A):- head(A,fh),magic(fh).\nmagic_value(A):- head(A,du),magic(du).\nmagic_value(A):- head(A,jo),magic(jo).\nmagic_value(A):- head(A,mm),magic(mm).\nmagic_value(A):- head(A,hn),magic(hn).\nmagic_value(A):- head(A,qa),magic(qa).\nmagic_value(A):- head(A,gs),magic(gs).\nmagic_value(A):- head(A,pc),magic(pc).\nmagic_value(A):- head(A,gj),magic(gj).\nmagic_value(A):- head(A,rs),magic(rs).\nmagic_value(A):- head(A,hc),magic(hc).\nmagic_value(A):- head(A,gw),magic(gw).\nmagic_value(A):- head(A,nv),magic(nv).\nmagic_value(A):- head(A,hx),magic(hx).\nmagic_value(A):- head(A,bj),magic(bj).\nmagic_value(A):- head(A,hy),magic(hy).\nmagic_value(A):- head(A,pf),magic(pf).\nmagic_value(A):- head(A,qe),magic(qe).\nmagic_value(A):- head(A,qn),magic(qn).\nmagic_value(A):- head(A,cu),magic(cu).\nmagic_value(A):- head(A,l),magic(l).\nmagic_value(A):- head(A,cy),magic(cy).\nmagic_value(A):- head(A,pk),magic(pk).\nmagic_value(A):- head(A,gm),magic(gm).\nmagic_value(A):- head(A,lo),magic(lo).\nmagic_value(A):- head(A,qc),magic(qc).\nmagic_value(A):- head(A,kx),magic(kx).\nmagic_value(A):- head(A,rw),magic(rw).\nmagic_value(A):- head(A,gn),magic(gn).\nmagic_value(A):- head(A,cv),magic(cv).\nmagic_value(A):- head(A,kg),magic(kg).\nmagic_value(A):- head(A,km),magic(km).\nmagic_value(A):- head(A,at),magic(at).\nmagic_value(A):- head(A,hr),magic(hr).\nmagic_value(A):- head(A,mv),magic(mv).\nmagic_value(A):- head(A,gd),magic(gd).\nmagic_value(A):- head(A,n),magic(n).\nmagic_value(A):- head(A,ff),magic(ff).", "is_solution": true, "conf_matrix": [200, 0, 200, 0], "total_exec_time": 2.392798042, "durations": [{"operation": "Test", "called": 1, "total": 0.043483791999999966, "mean": 0.043483791999999966, "maximum": 0.043483791999999966, "__type__": "DurationSummary"}, {"operation": "Find_Bindings_Prolog", "called": 1, "total": 0.035521667000000035, "mean": 0.035521667000000035, "maximum": 0.035521667000000035, "__type__": "DurationSummary"}, {"operation": "Generate", "called": 1, "total": 0.00038991600000004567, "mean": 0.00038991600000004567, "maximum": 0.00038991600000004567, "__type__": "DurationSummary"}], "__type__": "ProgramStats"}, "is_solution": true, "stats_file": "./results/list_magicvalues_multipleclauses/magicpopper/90/7/stats.json", "end": true, "__type__": "Stats"}