{"log_best_programs": true, "num_literals": 0, "total_programs": 143, "total_rules": 0, "total_ground_rules": 0, "durations": {"generate": [0.00029233299999997797, 0.0001503339999999742, 0.00017333399999996946, 0.0003841669999999908, 0.00013937499999999714, 0.0003238329999999956, 0.0009217919999999769, 0.0005064169999999812, 0.0004043339999999507, 0.00021658400000001965, 0.00046291700000000713, 0.00015375000000000805, 0.00023008299999999204, 0.0002087500000000353, 0.0001514579999999932, 0.00022008400000000927, 0.00019366700000000847, 0.0001811669999999821, 0.00023899999999998922, 0.0003350830000000138, 0.0006744579999999889, 0.00025058399999999814, 0.00023854100000003653, 0.0001834580000000252, 0.00017524999999996016, 0.00017945800000007672, 0.0008627079999999898, 0.00030091600000003993, 0.0003062499999999524, 0.0003942919999999628, 0.0001608339999999986, 0.00018891700000001066, 0.00015408300000008257, 0.00021295799999998533, 0.0006907499999999622, 0.000891749999999969, 0.00021970900000001237, 0.0002674160000000203, 0.0001870830000000323, 0.0005472499999999991, 0.00019308399999995451, 0.00018216699999995534, 0.00018233299999992347, 0.00019833400000002221, 0.0006909579999999638, 0.0006457920000000339, 0.00018658400000004516, 0.0006082499999999769, 0.00021529200000003357, 0.00020416600000006113, 0.0002475420000001005, 0.00034300000000009323, 0.00017012500000002095, 0.0001770839999999385, 0.00020995800000001008, 0.0003838750000000335, 0.00017958299999998317, 0.00020662500000001582, 0.0003239170000000069, 0.0002110829999999453, 0.00020570800000008216, 0.000871500000000025, 0.00020524999999993465, 0.00021400000000004749, 0.0001979169999999364, 0.00020087499999998926, 0.00021400000000004749, 0.00018687500000003077, 0.0007533749999999451, 0.00022870799999996638, 0.0001820420000000489, 0.0002771249999999892, 0.0003187089999999726, 0.0002151249999999827, 0.00019691700000001866, 0.00021416699999998734, 0.00029966700000005897, 0.00017929199999999756, 0.0002958749999999455, 0.0003009999999999957, 0.0007762089999999722, 0.0002207500000001028, 0.00018379199999996043, 0.0002170419999999451, 0.0002757919999999414, 0.0002597909999999537, 0.00030774999999994, 0.002016791999999934, 0.000244333000000041, 0.0002487089999999581, 0.00024566699999994945, 0.00031783400000007234, 0.00023254200000000225, 0.00025891700000002515, 0.0002057909999999552, 0.00028166600000001374, 0.00028175000000008055, 0.00026429099999991656, 0.00044883399999995355, 0.0004193749999999996, 0.00032916699999996357, 0.0002529999999999477, 0.0006346249999999998, 0.001212708999999923, 0.0003342499999999804, 0.00018424999999999692, 0.00020195800000000208, 0.00017337500000003114, 0.00030599999999991745, 0.00016229200000006383, 0.00018020899999993123, 0.0001723750000000024, 0.0005455839999999323, 0.00021204200000002338, 0.00019466700000003723, 0.0002354999999999441, 0.00025975000000000303, 0.00024854200000001825, 0.0002555419999999975, 0.0002114579999999977, 0.000257209000000036, 0.00037708299999994477, 0.0006884169999999967, 0.00016454199999993424, 0.0004817500000000585, 0.00037195800000000556, 0.00029729199999994904, 0.00018833299999998498, 0.0006986249999999528, 0.000457542000000033, 0.0007731659999999918, 0.00019199999999996997, 0.00022858300000005993, 0.00017400000000000748, 0.00017058400000002916, 0.00020095799999997332, 0.00017408299999999155, 0.00022437499999994337, 0.00016087499999994925, 0.0007146660000000304, 0.00024045799999994344, 0.00184970799999995, 0.0005706249999999358, 0.0036557079999999242], "find_bindings_prolog": [0.027556250000000004, 0.000870291000000023, 0.0005028750000000137, 0.0012025410000000014, 0.0008285829999999939, 0.0005119170000000284, 0.0008797079999999791, 0.0008342920000000142, 0.00043529199999997603, 0.00040475000000000927, 0.00045366699999999094, 0.0006756669999999909, 0.0007075420000000054, 0.0007795409999999947, 0.0008245420000000392, 0.0009553330000000027, 0.0013513330000000101, 0.0007189999999999697, 0.0005149170000000036, 0.0012365420000000071, 0.000707292000000026, 0.0008020420000000028, 0.000719499999999984, 0.0006963750000000823, 0.0005922079999999275, 0.0004541670000000053, 0.00043716599999998884, 0.001569708000000003, 0.0015737500000000404, 0.0007612499999999356, 0.0008402920000000202, 0.0008662090000000067, 0.000995500000000038, 0.0009475420000000234, 0.000515083999999999, 0.0005818330000000316, 0.0006826249999999368, 0.0008763330000000069, 0.0009167079999999883, 0.0005305420000000227, 0.0008599160000000161, 0.000877624999999993, 0.0008198750000000254, 0.0005173750000000421, 0.0005695419999999229, 0.0007632499999999931, 0.0005779160000000116, 0.0008979590000000037, 0.0007609170000000276, 0.0008134579999999891, 0.0006727909999999504, 0.0016657920000000548, 0.0011080419999999203, 0.0008575000000000665, 0.000987416999999935, 0.0005515000000000381, 0.0008570830000000917, 0.0007439160000000111, 0.001012666000000051, 0.0008465829999999563, 0.0009216670000000704, 0.0007512909999999318, 0.0007973749999999891, 0.0006529999999999037, 0.0011948330000000063, 0.0006135000000000446, 0.0008117920000000334, 0.0007487919999999981, 0.0008204170000000177, 0.001031749999999998, 0.00089516700000003, 0.0012389999999999901, 0.0011540420000000218, 0.0019420829999999834, 0.0008820420000000828, 0.000508665999999991, 0.0009005410000000325, 0.0011547910000000439, 0.0013990830000000232, 0.0011076250000000565, 0.0007342089999999857, 0.0006545830000000974, 0.0007202920000000113, 0.0009122500000000588, 0.0011342090000000526, 0.0006638330000000581, 0.0008760839999999437, 0.0010655830000000366, 0.0009805000000000508, 0.00117558299999998, 0.0010244579999999504, 0.0012593340000000008, 0.0006461669999999753, 0.0009697910000000531, 0.0012244169999999777, 0.0007519999999999749, 0.0012690840000000314, 0.0005079579999999195, 0.0017407910000000193, 0.0006142090000000877, 0.0004987080000000699, 0.0005057079999999381, 0.000545291999999975, 0.0005767919999999371, 0.0004990000000000272, 0.000829958000000075, 0.0005883749999999743, 0.0004921249999999544, 0.0004937910000000212, 0.0010951660000000363, 0.0005505000000000093, 0.000679832999999963, 0.0007457499999999895, 0.0008080000000000309, 0.0006491249999999171, 0.0008254580000000011, 0.0007947919999999886, 0.0008538329999999705, 0.0005311669999999991, 0.0004449579999999953, 0.0007623749999999818, 0.0007883329999999189, 0.0008178329999999345, 0.0004975839999999954, 0.0008633329999999662, 0.0008567080000000393, 0.001072083000000057, 0.0010017500000000235],