{"log_best_programs": true, "num_literals": 0, "total_programs": 2, "total_rules": 0, "total_ground_rules": 0, "durations": {"generate": [0.0003282079999999965, 0.0017766660000000378, 0.0006024159999999945], "find_bindings_prolog": [0.017427207999999972, 0.7233568749999999], "bind": [5.42000000047782e-07, 0.05052841699999999], "test": [0.017694750000000037, 0.7746194999999999], "combine": [6.249999999763389e-07, 0.010919750000000006], "constrain": [0.003080042000000005, 0.004579958000000106]}, "final_exec_time": 0.93326625, "stages": [], "best_programs": [], "solution": null, "is_solution": false, "stats_file": "./results/list_magicvaluesameclause/magicpopper/9/5/stats.json", "end": true, "__type__": "Stats"}