{"log_best_programs": true, "num_literals": 0, "total_programs": 8, "total_rules": 0, "total_ground_rules": 0, "durations": {"generate": [0.0003760419999998543, 0.0005695830000000957, 0.001358999999999888, 0.0011487500000000317, 0.0013913750000000835, 0.00035133400000009196, 0.0012449999999999406, 0.0006096669999999804, 0.001377624999999938], "find_bindings_prolog": [0.019657582999999867, 0.034500125000000104, 0.12679270899999984, 0.13762304199999997, 0.13817966599999987, 0.14985791699999984], "test": [0.021400708000000046, 0.04716479099999993, 0.018932417000000035, 0.127084333, 0.137960458, 0.017707249999999952, 0.13851475000000013, 0.15036258400000024], "combine": [0.00849975000000014, 0.004701000000000066, 5.409999999095305e-07, 6.669999998987208e-07, 6.670000001207654e-07, 4.5900000000820285e-07, 5.00000000069889e-07, 5.419999999922709e-07], "constrain": [0.0016117079999999895, 0.0023540420000001117, 0.0003934580000000132, 0.0030088340000000713, 0.00506166600000002, 0.0005119580000001456, 0.001754416999999897, 0.0018445840000000935]}, "final_exec_time": 1.9102424999999998, "stages": [], "best_programs": [], "solution": {"code": "magic_value(A):- head(A,qd),magic(qd).\nmagic_value(A):- head(A,sg),magic(sg).\nmagic_value(A):- head(A,eg),magic(eg).\nmagic_value(A):- head(A,gj),magic(gj).\nmagic_value(A):- head(A,dz),magic(dz).\nmagic_value(A):- head(A,pm),magic(pm).\nmagic_value(A):- head(A,lc),magic(lc).\nmagic_value(A):- head(A,es),magic(es).\nmagic_value(A):- head(A,aj),magic(aj).\nmagic_value(A):- head(A,mg),magic(mg).\nmagic_value(A):- head(A,ja),magic(ja).\nmagic_value(A):- head(A,o),magic(o).\nmagic_value(A):- head(A,kx),magic(kx).\nmagic_value(A):- head(A,kh),magic(kh).\nmagic_value(A):- head(A,cw),magic(cw).", "is_solution": true, "conf_matrix": [200, 0, 200, 0], "total_exec_time": 1.910239667, "durations": [{"operation": "Test", "called": 1, "total": 0.021400708000000046, "mean": 0.021400708000000046, "maximum": 0.021400708000000046, "__type__": "DurationSummary"}, {"operation": "Find_Bindings_Prolog", "called": 1, "total": 0.019657582999999867, "mean": 0.019657582999999867, "maximum": 0.019657582999999867, "__type__": "DurationSummary"}, {"operation": "Generate", "called": 1, "total": 0.0003760419999998543, "mean": 0.0003760419999998543, "maximum": 0.0003760419999998543, "__type__": "DurationSummary"}], "__type__": "ProgramStats"}, "is_solution": true, "stats_file": "./results/list_magicvalues_multipleclauses/magicpopper/15/9/stats.json", "end": true, "__type__": "Stats"}