{"log_best_programs": true, "num_literals": 0, "total_programs": 26, "total_rules": 0, "total_ground_rules": 0, "durations": {"generate": [0.00028849999999996934, 0.0002479580000000481, 0.000199875000000016, 0.00019341700000002904, 0.0003634160000000053, 0.00024570800000001114, 0.00020929200000002757, 0.0002002499999999574, 0.00020908399999997052, 0.00019308400000001003, 0.0001887500000000153, 0.00021474999999998579, 0.00022850000000002035, 0.000210666000000026, 0.00019887499999998726, 0.00020737500000000963, 0.00020129200000001957, 0.00021199999999998997, 0.00022570800000004665, 0.0001754999999999951, 0.00017441600000001056, 0.00021191599999997868, 0.00017170799999999264, 0.00018258399999998565, 0.0002002499999999574, 0.0005149999999999877, 0.00024741700000002753], "find_bindings_prolog": [0.011110459000000017, 0.000741875000000003, 0.00035879199999999667, 0.00029087500000002375, 0.0003579589999999633, 0.00034649999999997183, 0.0003297909999999682, 0.0003405410000000275, 0.00033158300000002416, 0.00032933400000001445, 0.00032716699999996157, 0.0003374999999999906, 0.0007032090000000379, 0.0012079999999999869], "test": [0.011743541999999996, 0.001363000000000003, 0.000519957999999987, 0.00044966699999998694, 0.013913832999999987, 0.0005535409999999907, 0.0005260830000000105, 0.0005027499999999963, 0.0003262920000000058, 0.00031804199999996285, 0.00028129199999998855, 0.0002854999999999941, 0.0005243340000000152, 0.0005060419999999843, 0.0004992500000000066, 0.0004966670000000062, 0.0005124170000000428, 0.0014377910000000216, 0.0002858750000000465, 0.0002731670000000186, 0.0002754999999999841, 0.00026920799999996525, 0.0002826250000000363, 0.0002706250000000243, 0.00027958299999997216, 0.002542957999999984], "combine": [0.0027680830000000323, 5.419999999922709e-07, 3.749999999969056e-07, 3.329999999635014e-07, 5.419999999922709e-07, 3.749999999969056e-07, 3.749999999969056e-07, 4.170000000303098e-07, 4.5799999998097363e-07, 4.170000000303098e-07, 4.170000000303098e-07, 3.749999999969056e-07, 4.1699999997479864e-07, 3.7500000005241674e-07, 3.749999999969056e-07, 3.749999999969056e-07, 3.749999999969056e-07, 4.5799999998097363e-07, 3.749999999969056e-07, 4.1600000000308057e-07, 3.749999999969056e-07, 3.749999999969056e-07, 4.170000000303098e-07, 3.749999999969056e-07, 3.749999999969056e-07, 0.0020412499999999945], "constrain": [0.000741957999999987, 0.0008403750000000043, 0.00017633299999997298, 0.00017887500000002277, 0.00015370799999997464, 0.0009899579999999575, 0.000197875000000014, 0.0001931250000000162, 0.00018474999999995578, 0.00017341700000000904, 0.00017366699999998847, 0.00013845800000000796, 0.00016287500000000676, 0.00016283300000002887, 0.00016358300000002268, 0.00016333299999998774, 0.00016062500000002533, 0.00016366600000000675, 0.0001395419999999925, 0.00013737499999999514, 0.00013699999999999823, 0.00013658299999996792, 0.00013691699999995866, 0.00013687499999998076, 0.0001378329999999761, 0.0011085829999999963]}, "final_exec_time": 0.09281229200000002, "stages": [], "best_programs": [], "solution": {"code": "multiple(1):- magic(1).\nmultiple(A):- div2(A,B),multiple(B).", "is_solution": true, "conf_matrix": [7, 0, 10, 0], "total_exec_time": 0.092807792, "durations": [{"operation": "Test", "called": 26, "total": 0.039239542000000016, "mean": 0.0015092131538461545, "maximum": 0.013913832999999987, "__type__": "DurationSummary"}, {"operation": "Find_Bindings_Prolog", "called": 14, "total": 0.017113584999999987, "mean": 0.0012223989285714276, "maximum": 0.011110459000000017, "__type__": "DurationSummary"}, {"operation": "Constrain", "called": 25, "total": 0.006081538999999858, "mean": 0.00024326155999999433, "maximum": 0.0009899579999999575, "__type__": "DurationSummary"}, {"operation": "Generate", "called": 26, "total": 0.005869874000000053, "mean": 0.00022576438461538665, "maximum": 0.0005149999999999877, "__type__": "DurationSummary"}, {"operation": "Combine", "called": 25, "total": 0.0027777920000000567, "mean": 0.00011111168000000227, "maximum": 0.0027680830000000323, "__type__": "DurationSummary"}], "__type__": "ProgramStats"}, "is_solution": true, "stats_file": "./results/multiple/magicpopper_types/2/stats.json", "end": true, "__type__": "Stats"}