{"log_best_programs": true, "num_literals": 0, "total_programs": 1, "total_rules": 0, "total_ground_rules": 0, "durations": {"generate": [0.0008023750000000218], "find_bindings_prolog": [0.023810084000000065], "bind": [0.03682841700000006], "test": [0.06140199999999996]}, "final_exec_time": 0.14885866699999994, "stages": [], "best_programs": [], "solution": {"code": "f([5, 52, 63, 40, 67, 80, 79, 69, 83, 77, 23, 56, 94, 101, 38, 12, 70, 97, 8, 35, 84, 22, 40, 33, 64, 27, 59, 79, 63, 2, 30],2):- magic([5, 52, 63, 40, 67, 80, 79, 69, 83, 77, 23, 56, 94, 101, 38, 12, 70, 97, 8, 35, 84, 22, 40, 33, 64, 27, 59, 79, 63, 2, 30]),magic(2).\nf([33, 55, 65, 7, 38, 47, 11, 22, 79, 14, 66, 51, 54, 14, 10, 55, 82, 44, 28, 17, 3, 34, 15],7):- magic([33, 55, 65, 7, 38, 47, 11, 22, 79, 14, 66, 51, 54, 14, 10, 55, 82, 44, 28, 17, 3, 34, 15]),magic(7).\nf([37, 23, 44, 90, 96, 9, 92, 57, 99, 11, 30, 42, 37, 10],10):- magic(10),magic([37, 23, 44, 90, 96, 9, 92, 57, 99, 11, 30, 42, 37, 10]).\nf([57, 71, 4, 63, 33, 26, 42, 58, 34, 65, 20, 54, 45, 78, 65, 5, 9, 83, 10, 45, 69, 2, 23, 24, 73, 69, 79, 31, 64, 4, 35],23):- magic(23),magic([57, 71, 4, 63, 33, 26, 42, 58, 34, 65, 20, 54, 45, 78, 65, 5, 9, 83, 10, 45, 69, 2, 23, 24, 73, 69, 79, 31, 64, 4, 35]).\nf([5, 99, 59, 66, 6, 63, 13, 66, 99, 19, 4, 61, 77, 46, 20, 39, 54, 36, 63, 11, 98, 43, 70, 78, 97, 95, 42, 72, 21, 85, 96, 82, 54, 8, 3, 73, 1, 98, 17, 86, 39, 46, 2, 98, 50, 53, 35, 57, 44, 62, 29],36):- magic([5, 99, 59, 66, 6, 63, 13, 66, 99, 19, 4, 61, 77, 46, 20, 39, 54, 36, 63, 11, 98, 43, 70, 78, 97, 95, 42, 72, 21, 85, 96, 82, 54, 8, 3, 73, 1, 98, 17, 86, 39, 46, 2, 98, 50, 53, 35, 57, 44, 62, 29]),magic(36).\nf([40, 13, 45, 96, 93, 96, 34, 44, 37, 11, 1, 44, 72, 41, 92, 14, 43, 57, 35, 61, 30, 52, 84, 90, 23, 92, 16, 93, 41, 3, 39, 89, 47, 99, 64, 19, 98, 70],45):- magic(45),magic([40, 13, 45, 96, 93, 96, 34, 44, 37, 11, 1, 44, 72, 41, 92, 14, 43, 57, 35, 61, 30, 52, 84, 90, 23, 92, 16, 93, 41, 3, 39, 89, 47, 99, 64, 19, 98, 70]).\nf([97, 64, 22, 16, 90, 53, 80, 30, 56, 96, 56, 42, 21, 26, 72, 60, 50, 17, 2, 29, 68, 67, 31, 14, 97, 67, 81, 94, 64, 24, 21, 97, 101, 83, 16, 7, 80, 27],56):- magic([97, 64, 22, 16, 90, 53, 80, 30, 56, 96, 56, 42, 21, 26, 72, 60, 50, 17, 2, 29, 68, 67, 31, 14, 97, 67, 81, 94, 64, 24, 21, 97, 101, 83, 16, 7, 80, 27]),magic(56).\nf([2, 2, 36, 13, 3, 85, 98, 5, 54, 60, 23, 20, 18, 59, 62, 30, 65, 73, 7, 45, 69, 100, 15, 17, 9, 44, 63, 12],59):- magic([2, 2, 36, 13, 3, 85, 98, 5, 54, 60, 23, 20, 18, 59, 62, 30, 65, 73, 7, 45, 69, 100, 15, 17, 9, 44, 63, 12]),magic(59).\nf([35, 69, 93, 71, 88, 84],69):- magic(69),magic([35, 69, 93, 71, 88, 84]).\nf([71, 93, 45, 38, 78, 17, 55, 67, 2, 69, 30, 36, 26, 49, 47, 50, 63, 73, 67, 37, 82, 101, 67, 32, 70, 6, 21, 96, 12, 69, 76, 58, 3, 7, 28, 94, 47, 35, 75, 74, 27, 93, 78, 75, 24],93):- magic(93),magic([71, 93, 45, 38, 78, 17, 55, 67, 2, 69, 30, 36, 26, 49, 47, 50, 63, 73, 67, 37, 82, 101, 67, 32, 70, 6, 21, 96, 12, 69, 76, 58, 3, 7, 28, 94, 47, 35, 75, 74, 27, 93, 78, 75, 24]).", "is_solution": true, "conf_matrix": [10, 0, 10, 0], "total_exec_time": 0.14883258300000002, "durations": [{"operation": "Test", "called": 1, "total": 0.06140199999999996, "mean": 0.06140199999999996, "maximum": 0.06140199999999996, "__type__": "DurationSummary"}, {"operation": "Bind", "called": 1, "total": 0.03682841700000006, "mean": 0.03682841700000006, "maximum": 0.03682841700000006, "__type__": "DurationSummary"}, {"operation": "Find_Bindings_Prolog", "called": 1, "total": 0.023810084000000065, "mean": 0.023810084000000065, "maximum": 0.023810084000000065, "__type__": "DurationSummary"}, {"operation": "Generate", "called": 1, "total": 0.0008023750000000218, "mean": 0.0008023750000000218, "maximum": 0.0008023750000000218, "__type__": "DurationSummary"}], "__type__": "ProgramStats"}, "is_solution": true, "stats_file": "./results/member/magicpopper/stats.json", "end": false, "__type__": "Stats"}