{"log_best_programs": true, "num_literals": 0, "total_programs": 8, "total_rules": 0, "total_ground_rules": 0, "durations": {"generate": [0.0004550420000000166, 0.0005928749999999372, 0.0016232920000001094, 0.0011474579999999346, 0.0019342909999999769, 0.0009113329999999031, 0.0008217919999999879, 0.002046583999999907, 0.001264708999999975], "find_bindings_prolog": [0.04411558300000018, 0.038844791000000045, 0.15950449999999994, 0.17324845800000022, 0.17102937499999982, 0.16236212499999958], "test": [0.05341241699999988, 0.05182862499999996, 0.023027917000000064, 0.15984091700000014, 0.17372462499999974, 0.02147720799999986, 0.17157891699999972, 0.16273541699999994], "combine": [0.13372491600000003, 0.0116155, 6.670000001207654e-07, 7.500000003268781e-07, 1.6669999998164542e-06, 6.249999997542943e-07, 5.829999998319124e-07, 5.419999999922709e-07], "constrain": [0.0018632080000000606, 0.002835249999999956, 0.0004457499999999115, 0.003588874999999714, 0.007039750000000122, 0.002004541999999887, 0.002020707999999871, 0.005907000000000107]}, "final_exec_time": 2.398835917, "stages": [], "best_programs": [], "solution": {"code": "magic_value(A):- head(A,qy),magic(qy).\nmagic_value(A):- head(A,fn),magic(fn).\nmagic_value(A):- head(A,ro),magic(ro).\nmagic_value(A):- head(A,mm),magic(mm).\nmagic_value(A):- head(A,pf),magic(pf).\nmagic_value(A):- head(A,ea),magic(ea).\nmagic_value(A):- head(A,gz),magic(gz).\nmagic_value(A):- head(A,ke),magic(ke).\nmagic_value(A):- head(A,ar),magic(ar).\nmagic_value(A):- head(A,se),magic(se).\nmagic_value(A):- head(A,oy),magic(oy).\nmagic_value(A):- head(A,kc),magic(kc).\nmagic_value(A):- head(A,ac),magic(ac).\nmagic_value(A):- head(A,px),magic(px).\nmagic_value(A):- head(A,qp),magic(qp).\nmagic_value(A):- tail(A,B),head(B,ce),magic(ce).\nmagic_value(A):- head(A,pv),magic(pv).\nmagic_value(A):- head(A,fb),magic(fb).\nmagic_value(A):- head(A,gc),magic(gc).\nmagic_value(A):- head(A,lj),magic(lj).\nmagic_value(A):- head(A,mt),magic(mt).\nmagic_value(A):- head(A,qu),magic(qu).\nmagic_value(A):- head(A,eh),magic(eh).\nmagic_value(A):- head(A,fx),magic(fx).\nmagic_value(A):- head(A,cf),magic(cf).\nmagic_value(A):- head(A,iq),magic(iq).\nmagic_value(A):- head(A,gx),magic(gx).\nmagic_value(A):- head(A,mi),magic(mi).\nmagic_value(A):- head(A,bi),magic(bi).\nmagic_value(A):- head(A,gq),magic(gq).\nmagic_value(A):- head(A,fu),magic(fu).\nmagic_value(A):- head(A,ec),magic(ec).\nmagic_value(A):- head(A,nc),magic(nc).\nmagic_value(A):- head(A,mq),magic(mq).\nmagic_value(A):- head(A,og),magic(og).\nmagic_value(A):- head(A,kq),magic(kq).\nmagic_value(A):- head(A,qa),magic(qa).\nmagic_value(A):- head(A,ib),magic(ib).\nmagic_value(A):- head(A,jj),magic(jj).\nmagic_value(A):- head(A,af),magic(af).\nmagic_value(A):- head(A,au),magic(au).\nmagic_value(A):- head(A,co),magic(co).\nmagic_value(A):- head(A,fv),magic(fv).\nmagic_value(A):- head(A,li),magic(li).\nmagic_value(A):- head(A,bu),magic(bu).\nmagic_value(A):- head(A,dg),magic(dg).\nmagic_value(A):- head(A,hp),magic(hp).\nmagic_value(A):- head(A,gl),magic(gl).\nmagic_value(A):- head(A,nd),magic(nd).\nmagic_value(A):- head(A,eu),magic(eu).\nmagic_value(A):- head(A,ls),magic(ls).\nmagic_value(A):- head(A,db),magic(db).\nmagic_value(A):- head(A,ia),magic(ia).\nmagic_value(A):- head(A,gm),magic(gm).\nmagic_value(A):- head(A,ee),magic(ee).\nmagic_value(A):- head(A,aj),magic(aj).\nmagic_value(A):- head(A,lo),magic(lo).\nmagic_value(A):- head(A,gh),magic(gh).\nmagic_value(A):- head(A,kk),magic(kk).\nmagic_value(A):- head(A,gg),magic(gg).\nmagic_value(A):- head(A,ht),magic(ht).\nmagic_value(A):- head(A,ad),magic(ad).\nmagic_value(A):- head(A,hf),magic(hf).\nmagic_value(A):- head(A,mb),magic(mb).\nmagic_value(A):- head(A,am),magic(am).\nmagic_value(A):- head(A,cn),magic(cn).\nmagic_value(A):- head(A,po),magic(po).\nmagic_value(A):- head(A,dz),magic(dz).\nmagic_value(A):- head(A,ru),magic(ru).\nmagic_value(A):- head(A,no),magic(no).\nmagic_value(A):- head(A,ep),magic(ep).\nmagic_value(A):- head(A,nq),magic(nq).\nmagic_value(A):- head(A,x),magic(x).\nmagic_value(A):- head(A,nh),magic(nh).\nmagic_value(A):- head(A,qf),magic(qf).\nmagic_value(A):- head(A,ih),magic(ih).\nmagic_value(A):- head(A,oo),magic(oo).\nmagic_value(A):- head(A,oa),magic(oa).\nmagic_value(A):- head(A,en),magic(en).\nmagic_value(A):- head(A,ba),magic(ba).\nmagic_value(A):- head(A,be),magic(be).\nmagic_value(A):- head(A,g),magic(g).\nmagic_value(A):- head(A,is),magic(is).\nmagic_value(A):- head(A,jz),magic(jz).\nmagic_value(A):- head(A,qr),magic(qr).\nmagic_value(A):- head(A,ji),magic(ji).\nmagic_value(A):- head(A,fl),magic(fl).\nmagic_value(A):- head(A,kr),magic(kr).\nmagic_value(A):- head(A,qb),magic(qb).\nmagic_value(A):- head(A,ll),magic(ll).\nmagic_value(A):- head(A,di),magic(di).\nmagic_value(A):- head(A,ix),magic(ix).\nmagic_value(A):- head(A,kd),magic(kd).\nmagic_value(A):- head(A,at),magic(at).", "is_solution": true, "conf_matrix": [200, 0, 200, 0], "total_exec_time": 2.398832833, "durations": [{"operation": "Combine", "called": 1, "total": 0.13372491600000003, "mean": 0.13372491600000003, "maximum": 0.13372491600000003, "__type__": "DurationSummary"}, {"operation": "Test", "called": 2, "total": 0.10524104199999984, "mean": 0.05262052099999992, "maximum": 0.05341241699999988, "__type__": "DurationSummary"}, {"operation": "Find_Bindings_Prolog", "called": 2, "total": 0.08296037400000023, "mean": 0.04148018700000011, "maximum": 0.04411558300000018, "__type__": "DurationSummary"}, {"operation": "Constrain", "called": 1, "total": 0.0018632080000000606, "mean": 0.0018632080000000606, "maximum": 0.0018632080000000606, "__type__": "DurationSummary"}, {"operation": "Generate", "called": 2, "total": 0.0010479169999999538, "mean": 0.0005239584999999769, "maximum": 0.0005928749999999372, "__type__": "DurationSummary"}], "__type__": "ProgramStats"}, "is_solution": true, "stats_file": "./results/list_magicvalues_multipleclauses/magicpopper/95/4/stats.json", "end": true, "__type__": "Stats"}