{"log_best_programs": true, "num_literals": 0, "total_programs": 8, "total_rules": 0, "total_ground_rules": 0, "durations": {"generate": [0.0004238340000000118, 0.000660082999999867, 0.0014343750000000988, 0.0011882500000000018, 0.0018124170000000106, 0.0009688340000000295, 0.000808958999999998, 0.0014725000000002098, 0.0007107500000000933], "find_bindings_prolog": [0.03802612500000002, 0.03372708300000005, 0.13381299999999996, 0.14196654200000003, 0.15720545900000005, 0.14576895799999967], "test": [0.04517645800000003, 0.046564457999999975, 0.018823541000000166, 0.13412941700000003, 0.020893583999999965, 0.1423070839999998, 0.157747042, 0.14613170799999997], "combine": [0.09631404200000016, 0.011142041999999908, 5.409999999095305e-07, 6.660000000380251e-07, 7.920000000272154e-07, 5.419999999922709e-07, 5.829999998319124e-07, 5.830000002760016e-07], "constrain": [0.0018388750000000176, 0.0024411670000001884, 0.00042608300000002153, 0.003082833000000118, 0.0019160000000000288, 0.00565512499999965, 0.0020292499999996494, 0.0018314999999997639]}, "final_exec_time": 2.172332167, "stages": [], "best_programs": [], "solution": {"code": "magic_value(A):- head(A,mj),magic(mj).\nmagic_value(A):- head(A,fk),magic(fk).\nmagic_value(A):- head(A,ls),magic(ls).\nmagic_value(A):- head(A,mn),magic(mn).\nmagic_value(A):- head(A,nm),magic(nm).\nmagic_value(A):- head(A,qx),magic(qx).\nmagic_value(A):- head(A,rz),magic(rz).\nmagic_value(A):- head(A,ks),magic(ks).\nmagic_value(A):- head(A,fw),magic(fw).\nmagic_value(A):- head(A,ra),magic(ra).\nmagic_value(A):- head(A,jx),magic(jx).\nmagic_value(A):- head(A,c),magic(c).\nmagic_value(A):- head(A,io),magic(io).\nmagic_value(A):- head(A,dh),magic(dh).\nmagic_value(A):- head(A,ja),magic(ja).\nmagic_value(A):- head(A,d),magic(d).\nmagic_value(A):- head(A,eh),magic(eh).\nmagic_value(A):- head(A,cv),magic(cv).\nmagic_value(A):- head(A,qn),magic(qn).\nmagic_value(A):- head(A,hz),magic(hz).\nmagic_value(A):- head(A,me),magic(me).\nmagic_value(A):- head(A,od),magic(od).\nmagic_value(A):- head(A,gn),magic(gn).\nmagic_value(A):- head(A,ch),magic(ch).\nmagic_value(A):- head(A,dw),magic(dw).\nmagic_value(A):- head(A,oe),magic(oe).\nmagic_value(A):- head(A,mv),magic(mv).\nmagic_value(A):- head(A,rv),magic(rv).\nmagic_value(A):- head(A,fm),magic(fm).\nmagic_value(A):- head(A,sb),magic(sb).\nmagic_value(A):- head(A,dp),magic(dp).\nmagic_value(A):- head(A,id),magic(id).\nmagic_value(A):- head(A,ox),magic(ox).\nmagic_value(A):- head(A,nu),magic(nu).\nmagic_value(A):- head(A,on),magic(on).\nmagic_value(A):- head(A,aa),magic(aa).\nmagic_value(A):- head(A,cb),magic(cb).\nmagic_value(A):- head(A,gv),magic(gv).\nmagic_value(A):- head(A,rr),magic(rr).\nmagic_value(A):- head(A,eb),magic(eb).\nmagic_value(A):- head(A,ac),magic(ac).\nmagic_value(A):- head(A,pu),magic(pu).\nmagic_value(A):- tail(A,B),head(B,cr),magic(cr).\nmagic_value(A):- head(A,oz),magic(oz).\nmagic_value(A):- head(A,fs),magic(fs).\nmagic_value(A):- head(A,qz),magic(qz).\nmagic_value(A):- head(A,ck),magic(ck).\nmagic_value(A):- head(A,ma),magic(ma).\nmagic_value(A):- head(A,di),magic(di).\nmagic_value(A):- head(A,co),magic(co).\nmagic_value(A):- head(A,by),magic(by).\nmagic_value(A):- head(A,mi),magic(mi).\nmagic_value(A):- head(A,bp),magic(bp).\nmagic_value(A):- head(A,ku),magic(ku).\nmagic_value(A):- head(A,el),magic(el).\nmagic_value(A):- head(A,bq),magic(bq).\nmagic_value(A):- head(A,pq),magic(pq).\nmagic_value(A):- head(A,nx),magic(nx).\nmagic_value(A):- head(A,f),magic(f).\nmagic_value(A):- head(A,bd),magic(bd).\nmagic_value(A):- head(A,mx),magic(mx).\nmagic_value(A):- head(A,jk),magic(jk).\nmagic_value(A):- head(A,sg),magic(sg).\nmagic_value(A):- head(A,ln),magic(ln).\nmagic_value(A):- head(A,ri),magic(ri).\nmagic_value(A):- head(A,kg),magic(kg).\nmagic_value(A):- head(A,no),magic(no).\nmagic_value(A):- head(A,oh),magic(oh).\nmagic_value(A):- head(A,fv),magic(fv).\nmagic_value(A):- head(A,jw),magic(jw).\nmagic_value(A):- head(A,j),magic(j).\nmagic_value(A):- head(A,nr),magic(nr).\nmagic_value(A):- head(A,l),magic(l).\nmagic_value(A):- head(A,rs),magic(rs).\nmagic_value(A):- head(A,kx),magic(kx).\nmagic_value(A):- head(A,oq),magic(oq).\nmagic_value(A):- head(A,fo),magic(fo).\nmagic_value(A):- head(A,gz),magic(gz).\nmagic_value(A):- head(A,in),magic(in).", "is_solution": true, "conf_matrix": [200, 0, 200, 0], "total_exec_time": 2.1723295, "durations": [{"operation": "Combine", "called": 1, "total": 0.09631404200000016, "mean": 0.09631404200000016, "maximum": 0.09631404200000016, "__type__": "DurationSummary"}, {"operation": "Test", "called": 2, "total": 0.091740916, "mean": 0.045870458, "maximum": 0.046564457999999975, "__type__": "DurationSummary"}, {"operation": "Find_Bindings_Prolog", "called": 2, "total": 0.07175320800000007, "mean": 0.035876604000000034, "maximum": 0.03802612500000002, "__type__": "DurationSummary"}, {"operation": "Constrain", "called": 1, "total": 0.0018388750000000176, "mean": 0.0018388750000000176, "maximum": 0.0018388750000000176, "__type__": "DurationSummary"}, {"operation": "Generate", "called": 2, "total": 0.0010839169999998788, "mean": 0.0005419584999999394, "maximum": 0.000660082999999867, "__type__": "DurationSummary"}], "__type__": "ProgramStats"}, "is_solution": true, "stats_file": "./results/list_magicvalues_multipleclauses/magicpopper/80/8/stats.json", "end": true, "__type__": "Stats"}