{"log_best_programs": true, "num_literals": 0, "total_programs": 81, "total_rules": 0, "total_ground_rules": 0, "durations": {"generate": [0.0002658329999999931, 0.00011608399999996077, 0.00014845800000001796, 0.00034645799999999394, 9.924999999999518e-05, 0.000587542000000052, 0.00016795799999996808, 0.00018595799999998608, 0.0006240410000000196, 0.0004693749999999941, 0.0003474170000000165, 0.00018758299999999117, 0.00021620799999999551, 0.0005197080000000076, 0.00018366599999997124, 0.00024204199999999787, 0.00018366700000005398, 0.0001763339999999447, 0.00017495899999997455, 0.0006787089999999996, 0.00014175000000005156, 0.0001547080000000589, 0.0001451249999999682, 0.0004514589999999874, 0.00045074999999994425, 0.00015350000000002861, 0.0001543750000000399, 0.0001743330000000265, 0.00015650000000000386, 0.000289541999999976, 0.00018883299999994385, 0.00016537500000002314, 0.00017366600000001675, 0.00016495800000004834, 0.00021129099999994683, 0.00016258299999993842, 0.00017354099999999928, 0.0001606669999999477, 0.00023183300000007012, 0.0021637079999999864, 0.00019883399999998108, 0.00018366700000005398, 0.00016579200000010896, 0.0003078329999999241, 0.0005144999999999733, 0.00047870799999993885, 0.00015587500000002752, 0.00017358300000003268, 0.000141209000000031, 0.00022012500000001545, 0.0001615839999999924, 0.000160333000000068, 0.00014279100000003098, 0.0001857909999999352, 0.0001618329999999446, 0.0001469170000001352, 0.00016729099999990282, 0.00017483399999984606, 0.00018145900000021697, 0.00013937500000005265, 0.00017175000000002605, 0.00013012500000009197, 0.0001970829999999868, 0.0001442499999999569, 0.0001473749999998386, 0.00014416699999997284, 0.00019208299999995404, 0.0001469999999998972, 0.00027816700000005135, 0.00015487499999999876, 0.0006358339999998908, 0.00016070800000012042, 0.0008321660000001341, 0.00017108300000012733, 0.00015762499999993906, 0.00015125000000004718, 0.00018537500000004314, 0.0002031250000000817, 0.0002575000000000216, 0.00017445799999982192, 0.00020145900000012595, 0.0025160829999999468], "find_bindings_prolog": [0.013333042000000017, 0.016354749999999973, 0.010013374999999991, 0.01073774999999999, 0.018441207999999987, 0.0031288749999999754, 0.0045989590000000136, 0.018931750000000025, 0.018525790999999958, 0.010696083999999995, 0.004732791999999986, 0.00211466700000007, 0.004966166999999966, 0.004933084000000032, 0.004955291000000028, 0.0029727499999999685, 0.011176500000000034, 0.01198887500000001, 0.012029958000000063, 0.011853667000000012, 0.011859707999999913, 0.0007174169999999425, 0.0007457920000000229, 0.021452540999999936, 0.021275708000000004, 0.01317999999999997, 0.012894417000000047, 0.020537124999999934, 0.020727875000000062, 0.01303404099999994, 0.012577124999999967, 0.0028272919999999813, 0.02024349999999997, 0.01911854099999999, 0.018937250000000017, 0.017926250000000032, 0.0008217919999999879, 0.0007562909999999645, 0.000871167000000006, 0.013188834000000038, 0.0010474589999999173, 0.002796791999999937, 0.0008581669999999653, 0.011737499999999956, 0.0026550419999999963, 0.0010258329999999205, 0.012245208999999813, 0.0007145000000001733, 0.0007014999999999105, 0.0009142920000000387, 0.0008260840000000602, 0.0008883330000000189, 0.0008268750000000047, 0.0007445829999999098, 0.0007760000000001099, 0.0007329170000001106, 0.0007043329999998349, 0.0007132080000000762, 0.0009403329999999599, 0.0008244170000000217, 0.0009404580000000884, 0.0009880839999998337, 0.000991583000000018, 0.0019782919999999926, 0.0009510409999999858, 0.0019801669999999216], "test": [0.013934915999999964, 0.000294208000000018, 0.01743720900000001, 0.0004258749999999645, 0.0005479169999999534, 0.010689541999999996, 0.011616292000000028, 0.01978970899999999, 0.003625749999999983, 0.005233374999999985, 0.020364083000000033, 0.019966959000000006, 0.011404625000000057, 0.005365833000000042, 0.002596459000000051, 0.005836249999999987, 0.0057859580000000355, 0.005799667000000008, 0.003686999999999996, 0.0013313330000001011, 0.0003606250000000033, 0.00550649999999997, 0.0003677920000000334, 0.01203029099999997, 0.012836749999999952, 0.01292337499999996, 0.012696916999999974, 0.012717084000000045, 0.000915499999999958, 0.0010968329999999638, 0.023067832999999927, 0.022909292000000026, 0.014296374999999917, 0.014066499999999982, 0.022168334000000067, 0.022337249999999975, 0.014156791000000002, 0.013683250000000036, 0.003318500000000002, 0.02187862500000004, 0.020735209000000032, 0.020558040999999916, 0.019415875000000082, 0.0010266249999999477, 0.0009702500000000613, 0.0011073750000000215, 0.0011360419999999483, 0.014196666999999996, 0.022608207999999963, 0.0012915420000000344, 0.003192874999999984, 0.0055022909999999925, 0.00043483399999999506, 0.0010881249999999953, 0.012679415999999999, 0.0029935829999998553, 0.0012700829999998664, 0.013241999999999976, 0.0005322919999999343, 0.000764082999999971, 0.0007292080000000922, 0.0003971670000000316, 0.0009258749999998539, 0.0009067499999999562, 0.0011172500000000696, 0.001027083999999956, 0.0010907499999999182, 0.0010291250000000751, 0.0009621249999998138, 0.0010046659999998209, 0.0009543750000000628, 0.0009099589999999047, 0.0009215830000000036, 0.0011445420000000261, 0.0010332079999999522, 0.0011448750000000452, 0.001205624999999877, 0.001209124999999922, 0.002194666999999928, 0.001170208000000006, 0.0021974170000000903], "combine": [0.0021406670000000405, 4.1600000000308057e-07, 0.002377832999999996, 5.410000000205528e-07, 4.1600000000308057e-07, 5.000000000143778e-07, 4.5900000000820285e-07, 5.829999999984459e-07, 4.5799999998097363e-07, 4.580000000364848e-07, 5.00000000069889e-07, 4.999999999588667e-07, 4.999999999588667e-07, 4.999999999588667e-07, 3.7499999994139444e-07, 4.5900000000820285e-07, 4.1600000000308057e-07, 4.580000000364848e-07, 4.1600000000308057e-07, 5.419999999922709e-07, 4.579999999254625e-07, 4.580000000364848e-07, 4.579999999254625e-07, 4.999999999588667e-07, 4.999999999588667e-07, 5.840000000256751e-07, 4.999999999588667e-07, 4.5900000000820285e-07, 4.1700000008582094e-07, 4.1699999997479864e-07, 4.5900000000820285e-07, 5.419999999922709e-07, 4.999999999588667e-07, 5.419999999922709e-07, 4.580000000364848e-07, 4.999999999588667e-07, 5.00000000069889e-07, 4.579999999254625e-07, 0.0021619999999999973, 5.840000000256751e-07, 5.840000000256751e-07, 5.00000000069889e-07, 4.999999999588667e-07, 4.580000000364848e-07, 4.5899999989718054e-07, 5.410000000205528e-07, 5.00000000069889e-07, 5.419999999922709e-07, 4.999999999588667e-07, 4.580000000364848e-07, 6.670000000097431e-07, 5.00000000069889e-07, 4.999999999588667e-07, 4.5900000000820285e-07, 5.00000000069889e-07, 5.00000000069889e-07, 4.580000001475071e-07, 5.83000000053957e-07, 4.999999998478444e-07, 5.00000000069889e-07, 4.579999999254625e-07, 4.1600000000308057e-07, 4.5900000000820285e-07, 4.579999999254625e-07, 4.1700000008582094e-07, 3.7500000016343904e-07, 3.7499999994139444e-07, 3.7500000016343904e-07, 4.579999999254625e-07, 4.1600000000308057e-07, 3.7500000016343904e-07, 4.1699999986377634e-07, 3.7499999994139444e-07, 4.1699999986377634e-07, 4.1600000000308057e-07, 4.1699999986377634e-07, 4.1699999986377634e-07, 4.5900000000820285e-07, 4.999999998478444e-07, 4.1700000008582094e-07, 4.580000001475071e-07],