{"log_best_programs": true, "num_literals": 0, "total_programs": 8, "total_rules": 0, "total_ground_rules": 0, "durations": {"generate": [0.0003838750000000335, 0.0004853750000000101, 0.0014259999999999273, 0.0016754590000001013, 0.0018704590000000465, 0.0011304580000000009, 0.0015539169999998492, 0.0006227089999999436, 0.0005928330000002369], "find_bindings_prolog": [0.02546804199999997, 0.03330175000000013, 0.13261212499999986, 0.15268358400000004, 0.1511164169999999, 0.14734579199999986], "test": [0.029768457999999942, 0.046263375000000106, 0.01856254199999996, 0.13293016700000004, 0.15319604099999995, 0.1514552499999997, 0.14769679200000008, 0.01752991599999998], "combine": [0.03877408300000007, 0.0061875000000000124, 5.00000000069889e-07, 6.660000000380251e-07, 6.669999998987208e-07, 5.00000000069889e-07, 5.00000000069889e-07, 6.250000001983835e-07], "constrain": [0.0017388750000000286, 0.002366749999999973, 0.0004241669999998088, 0.003070667000000027, 0.0052520830000000185, 0.0017502500000001753, 0.0016822080000000739, 0.0019157500000002159]}, "final_exec_time": 2.0730507499999997, "stages": [], "best_programs": [], "solution": {"code": "magic_value(A):- head(A,hf),magic(hf).\nmagic_value(A):- head(A,dp),magic(dp).\nmagic_value(A):- head(A,bj),magic(bj).\nmagic_value(A):- head(A,nh),magic(nh).\nmagic_value(A):- head(A,ra),magic(ra).\nmagic_value(A):- head(A,mf),magic(mf).\nmagic_value(A):- head(A,ao),magic(ao).\nmagic_value(A):- head(A,ln),magic(ln).\nmagic_value(A):- head(A,py),magic(py).\nmagic_value(A):- head(A,qi),magic(qi).\nmagic_value(A):- head(A,di),magic(di).\nmagic_value(A):- head(A,hl),magic(hl).\nmagic_value(A):- head(A,sg),magic(sg).\nmagic_value(A):- head(A,kt),magic(kt).\nmagic_value(A):- head(A,ft),magic(ft).\nmagic_value(A):- head(A,du),magic(du).\nmagic_value(A):- head(A,il),magic(il).\nmagic_value(A):- head(A,gq),magic(gq).\nmagic_value(A):- head(A,fz),magic(fz).\nmagic_value(A):- head(A,sa),magic(sa).\nmagic_value(A):- head(A,if),magic(if).\nmagic_value(A):- head(A,db),magic(db).\nmagic_value(A):- head(A,hp),magic(hp).\nmagic_value(A):- head(A,jl),magic(jl).\nmagic_value(A):- head(A,dq),magic(dq).\nmagic_value(A):- head(A,oz),magic(oz).\nmagic_value(A):- head(A,eq),magic(eq).\nmagic_value(A):- head(A,ph),magic(ph).\nmagic_value(A):- head(A,lz),magic(lz).\nmagic_value(A):- head(A,h),magic(h).\nmagic_value(A):- head(A,nx),magic(nx).\nmagic_value(A):- head(A,pi),magic(pi).\nmagic_value(A):- head(A,nv),magic(nv).\nmagic_value(A):- head(A,gd),magic(gd).\nmagic_value(A):- head(A,na),magic(na).\nmagic_value(A):- head(A,lj),magic(lj).\nmagic_value(A):- head(A,lg),magic(lg).\nmagic_value(A):- head(A,ll),magic(ll).\nmagic_value(A):- head(A,nd),magic(nd).\nmagic_value(A):- head(A,jo),magic(jo).\nmagic_value(A):- head(A,rl),magic(rl).\nmagic_value(A):- head(A,rq),magic(rq).\nmagic_value(A):- head(A,ls),magic(ls).\nmagic_value(A):- head(A,oj),magic(oj).\nmagic_value(A):- head(A,bl),magic(bl).", "is_solution": true, "conf_matrix": [200, 0, 200, 0], "total_exec_time": 2.073048417, "durations": [{"operation": "Test", "called": 1, "total": 0.029768457999999942, "mean": 0.029768457999999942, "maximum": 0.029768457999999942, "__type__": "DurationSummary"}, {"operation": "Find_Bindings_Prolog", "called": 1, "total": 0.02546804199999997, "mean": 0.02546804199999997, "maximum": 0.02546804199999997, "__type__": "DurationSummary"}, {"operation": "Generate", "called": 1, "total": 0.0003838750000000335, "mean": 0.0003838750000000335, "maximum": 0.0003838750000000335, "__type__": "DurationSummary"}], "__type__": "ProgramStats"}, "is_solution": true, "stats_file": "./results/list_magicvalues_multipleclauses/magicpopper/45/9/stats.json", "end": true, "__type__": "Stats"}