{"log_best_programs": true, "num_literals": 0, "total_programs": 2, "total_rules": 0, "total_ground_rules": 0, "durations": {"generate": [0.0003227090000000321, 0.001382667000000004, 0.0002482079999999165], "find_bindings_prolog": [0.015254084000000001, 0.595945167], "bind": [4.5900000000820285e-07, 0.05933750000000004], "test": [0.015496750000000004, 0.655996166], "combine": [5.000000000143778e-07, 0.013292749999999964], "constrain": [0.0028556250000000283, 0.003958791999999933]}, "final_exec_time": 0.8069053749999999, "stages": [], "best_programs": [], "solution": null, "is_solution": false, "stats_file": "./results/list_magicvaluesameclause/magicpopper/7/1/stats.json", "end": true, "__type__": "Stats"}