{"log_best_programs": true, "num_literals": 0, "total_programs": 2, "total_rules": 0, "total_ground_rules": 0, "durations": {"generate": [0.0003211250000000332, 0.001516667000000027, 0.0007026249999999568], "find_bindings_prolog": [0.024354040999999993, 1.116755333], "bind": [5.000000000143778e-07, 0.13269679199999995], "test": [0.024614667000000034, 1.2503535], "combine": [5.829999999984459e-07, 0.04419145800000002], "constrain": [0.003060209000000036, 0.004626750000000124]}, "final_exec_time": 1.453760917, "stages": [], "best_programs": [], "solution": null, "is_solution": false, "stats_file": "./results/list_magicvaluesameclause/magicpopper/11/6/stats.json", "end": true, "__type__": "Stats"}