{"log_best_programs": true, "num_literals": 0, "total_programs": 8, "total_rules": 0, "total_ground_rules": 0, "durations": {"generate": [0.0004139590000000748, 0.0004915420000000115, 0.0014705419999998526, 0.001377457999999887, 0.0012932080000003232, 0.00031791699999983436, 0.0008907909999997798, 0.0011243340000000046, 0.00142724999999988], "find_bindings_prolog": [0.03791029200000007, 0.03453645899999991, 0.1457870419999998, 0.15163424999999986, 0.15828837500000015, 0.14989658399999994], "test": [0.046697624999999965, 0.04721312500000008, 0.020005083000000035, 0.14612879199999984, 0.01927824999999972, 0.15200287499999998, 0.15883974999999984, 0.15029729199999986], "combine": [0.10900662499999991, 0.00610574999999991, 6.249999999763389e-07, 7.9200000024926e-07, 7.9200000024926e-07, 5.84000000358742e-07, 5.839999999146528e-07, 5.419999999922709e-07], "constrain": [0.0017455830000001615, 0.002345291999999999, 0.00046966699999995143, 0.003206666999999719, 0.0018495830000002655, 0.0055671670000001505, 0.005583957999999889, 0.001738541000000371]}, "final_exec_time": 2.2587337499999998, "stages": [], "best_programs": [], "solution": {"code": "magic_value(A):- head(A,gl),magic(gl).\nmagic_value(A):- head(A,jx),magic(jx).\nmagic_value(A):- head(A,at),magic(at).\nmagic_value(A):- head(A,ml),magic(ml).\nmagic_value(A):- head(A,pl),magic(pl).\nmagic_value(A):- head(A,bx),magic(bx).\nmagic_value(A):- head(A,iy),magic(iy).\nmagic_value(A):- head(A,qy),magic(qy).\nmagic_value(A):- head(A,rp),magic(rp).\nmagic_value(A):- head(A,cj),magic(cj).\nmagic_value(A):- head(A,jb),magic(jb).\nmagic_value(A):- head(A,ig),magic(ig).\nmagic_value(A):- head(A,fn),magic(fn).\nmagic_value(A):- head(A,rl),magic(rl).\nmagic_value(A):- head(A,rn),magic(rn).\nmagic_value(A):- head(A,fb),magic(fb).\nmagic_value(A):- head(A,gi),magic(gi).\nmagic_value(A):- head(A,ex),magic(ex).\nmagic_value(A):- head(A,cf),magic(cf).\nmagic_value(A):- head(A,mq),magic(mq).\nmagic_value(A):- head(A,cw),magic(cw).\nmagic_value(A):- head(A,rx),magic(rx).\nmagic_value(A):- head(A,io),magic(io).\nmagic_value(A):- head(A,ec),magic(ec).\nmagic_value(A):- head(A,ov),magic(ov).\nmagic_value(A):- head(A,px),magic(px).\nmagic_value(A):- head(A,gt),magic(gt).\nmagic_value(A):- head(A,qt),magic(qt).\nmagic_value(A):- head(A,cs),magic(cs).\nmagic_value(A):- head(A,og),magic(og).\nmagic_value(A):- head(A,ht),magic(ht).\nmagic_value(A):- head(A,bb),magic(bb).\nmagic_value(A):- head(A,ki),magic(ki).\nmagic_value(A):- head(A,ey),magic(ey).\nmagic_value(A):- head(A,ip),magic(ip).\nmagic_value(A):- head(A,jh),magic(jh).\nmagic_value(A):- head(A,ld),magic(ld).\nmagic_value(A):- head(A,bf),magic(bf).\nmagic_value(A):- head(A,jk),magic(jk).\nmagic_value(A):- head(A,hk),magic(hk).\nmagic_value(A):- head(A,pv),magic(pv).\nmagic_value(A):- head(A,ab),magic(ab).\nmagic_value(A):- head(A,dv),magic(dv).\nmagic_value(A):- head(A,oa),magic(oa).\nmagic_value(A):- head(A,hs),magic(hs).\nmagic_value(A):- head(A,fz),magic(fz).\nmagic_value(A):- head(A,d),magic(d).\nmagic_value(A):- head(A,ag),magic(ag).\nmagic_value(A):- head(A,ct),magic(ct).\nmagic_value(A):- head(A,el),magic(el).\nmagic_value(A):- head(A,ou),magic(ou).\nmagic_value(A):- head(A,nu),magic(nu).\nmagic_value(A):- head(A,en),magic(en).\nmagic_value(A):- head(A,bt),magic(bt).\nmagic_value(A):- head(A,qb),magic(qb).\nmagic_value(A):- head(A,ai),magic(ai).\nmagic_value(A):- head(A,eb),magic(eb).\nmagic_value(A):- head(A,aj),magic(aj).\nmagic_value(A):- head(A,ox),magic(ox).\nmagic_value(A):- head(A,qu),magic(qu).\nmagic_value(A):- head(A,ga),magic(ga).\nmagic_value(A):- head(A,qi),magic(qi).\nmagic_value(A):- head(A,db),magic(db).\nmagic_value(A):- head(A,qc),magic(qc).\nmagic_value(A):- head(A,jt),magic(jt).\nmagic_value(A):- head(A,mb),magic(mb).\nmagic_value(A):- head(A,oy),magic(oy).\nmagic_value(A):- head(A,cb),magic(cb).\nmagic_value(A):- head(A,fw),magic(fw).\nmagic_value(A):- head(A,cd),magic(cd).\nmagic_value(A):- head(A,cu),magic(cu).\nmagic_value(A):- head(A,ms),magic(ms).\nmagic_value(A):- head(A,y),magic(y).\nmagic_value(A):- head(A,au),magic(au).\nmagic_value(A):- head(A,lf),magic(lf).\nmagic_value(A):- head(A,pc),magic(pc).\nmagic_value(A):- head(A,gf),magic(gf).\nmagic_value(A):- head(A,nr),magic(nr).\nmagic_value(A):- head(A,ba),magic(ba).\nmagic_value(A):- head(A,qg),magic(qg).\nmagic_value(A):- head(A,dr),magic(dr).\nmagic_value(A):- head(A,ru),magic(ru).\nmagic_value(A):- head(A,in),magic(in).\nmagic_value(A):- head(A,qr),magic(qr).\nmagic_value(A):- head(A,hc),magic(hc).\nmagic_value(A):- head(A,kb),magic(kb).\nmagic_value(A):- head(A,bc),magic(bc).\nmagic_value(A):- head(A,dh),magic(dh).\nmagic_value(A):- head(A,bd),magic(bd).\nmagic_value(A):- head(A,gv),magic(gv).\nmagic_value(A):- head(A,x),magic(x).\nmagic_value(A):- head(A,ao),magic(ao).\nmagic_value(A):- head(A,lh),magic(lh).\nmagic_value(A):- head(A,qk),magic(qk).\nmagic_value(A):- head(A,fv),magic(fv).\nmagic_value(A):- head(A,kq),magic(kq).\nmagic_value(A):- head(A,fr),magic(fr).\nmagic_value(A):- head(A,bn),magic(bn).\nmagic_value(A):- head(A,ax),magic(ax).\nmagic_value(A):- head(A,or),magic(or).", "is_solution": true, "conf_matrix": [200, 0, 200, 0], "total_exec_time": 2.258730667, "durations": [{"operation": "Test", "called": 1, "total": 0.046697624999999965, "mean": 0.046697624999999965, "maximum": 0.046697624999999965, "__type__": "DurationSummary"}, {"operation": "Find_Bindings_Prolog", "called": 1, "total": 0.03791029200000007, "mean": 0.03791029200000007, "maximum": 0.03791029200000007, "__type__": "DurationSummary"}, {"operation": "Generate", "called": 1, "total": 0.0004139590000000748, "mean": 0.0004139590000000748, "maximum": 0.0004139590000000748, "__type__": "DurationSummary"}], "__type__": "ProgramStats"}, "is_solution": true, "stats_file": "./results/list_magicvalues_multipleclauses/magicpopper/100/9/stats.json", "end": true, "__type__": "Stats"}