{"log_best_programs": true, "num_literals": 0, "total_programs": 27, "total_rules": 0, "total_ground_rules": 0, "durations": {"generate": [0.005594250000000023, 0.06551837500000002, 0.05890566599999991, 0.22062366700000002, 0.0015187919999999355, 0.0007219589999998277, 0.0007493339999999904, 0.048244374999999895, 0.00031462499999967974, 0.048794541999999996, 0.019114958000000293, 0.12042333399999983, 0.0003177499999997835, 0.10987008300000012, 0.0006143339999997721, 0.007103542000000296, 0.0010479169999975113, 0.0005882499999998458, 0.0033172089999986554, 0.0005889999999979523, 0.0005804589999982568, 0.04862562499999967, 0.000638791999996613, 0.02393012499999969, 0.0004867090000004737, 0.01783324999999536, 0.0005805420000015715, 0.13487966699999987], "find_bindings_prolog": [0.012100749999999993, 0.104177833, 0.0007673339999999529, 0.09648579200000007, 0.23048629199999993, 0.17657833299999992, 0.0958819580000001, 0.0930835000000001, 0.0009004169999999867, 0.0020873750000003355, 0.0008122089999997861, 0.09984491700000042, 0.22351512500000004, 17.256784334, 2.3635597090000005, 2.458597417, 0.238616167, 0.09779925000000134, 0.09817316699999878, 0.0014628329999979428, 0.09017679199999407, 0.09515258300000085, 0.09860829200000154, 0.10349149999999696, 0.10370766700000189], "test": [0.012433375000000024, 0.14758583300000006, 0.001429457999999939, 0.151939041, 0.360418667, 0.30920295799999997, 0.1633784169999999, 0.0010357079999998575, 0.1406836250000003, 0.0019495840000001152, 0.0025266660000000662, 0.0005896659999997667, 0.0010662919999999687, 0.17129712499999972, 0.4029472909999998, 18.920220875, 4.180205041000001, 4.283840167000001, 0.4823002919999979, 0.27345475000000263, 0.17690449999999913, 0.0023654170000000363, 0.2563555409999978, 0.15552995800000247, 0.16464458299999762, 0.2944126670000031, 0.28957216599999924], "combine": [5.829999999984459e-07, 0.008349292000000008, 4.1700000008582094e-07, 7.500000001048335e-07, 0.002012042000000047, 6.249999999763389e-07, 6.660000000380251e-07, 4.1699999986377634e-07, 6.250000001983835e-07, 4.1700000030786555e-07, 3.7499999994139444e-07, 4.5900000023024745e-07, 4.1699999986377634e-07, 7.499999998827889e-07, 8.339999997275527e-07, 1.292000000319149e-06, 1.1250000007123617e-06, 1.8330000024491255e-06, 1.1250000007123617e-06, 6.249999984220267e-07, 6.250000019747404e-07, 4.169999989755979e-07, 6.660000053670956e-07, 7.49999998106432e-07, 6.249999984220267e-07, 7.500000052118594e-07, 0.0032267500000031646], "constrain": [0.007671582999999982, 0.016238458999999983, 0.014257166999999904, 0.06374658299999991, 0.02002449999999989, 0.019385834000000157, 0.011711333000000046, 0.005874500000000005, 0.003492790999999773, 0.0376605419999998, 0.022172250000000115, 0.005802375000000026, 0.006506374999999842, 0.08367924999999987, 0.059147083000000045, 0.044038041999996835, 0.026784625000001228, 0.027569917000001, 0.029452458000001513, 0.03012812500000095, 0.01724125000000143, 0.03969695800000039, 0.02212908299999583, 0.020754166999999768, 0.02414225000000414, 0.03174612499999796, 0.053269792000001814]}, "final_exec_time": 33.216618916, "stages": [], "best_programs": [], "solution": {"code": "drug_design(A):- atom(A,E),atom_type(E,o),atom(A,F),atom_type(F,h),bound(F,E,0.217),magic(h),magic(o),magic(0.217).", "is_solution": true, "conf_matrix": [10, 0, 10, 0], "total_exec_time": 33.216615958, "durations": [{"operation": "Test", "called": 27, "total": 31.348289663, "mean": 1.1610477652962963, "maximum": 18.920220875, "__type__": "DurationSummary"}, {"operation": "Find_Bindings_Prolog", "called": 25, "total": 24.142851545999992, "mean": 0.9657140618399996, "maximum": 17.256784334, "__type__": "DurationSummary"}, {"operation": "Generate", "called": 27, "total": 0.806647463999985, "mean": 0.029875831999999443, "maximum": 0.22062366700000002, "__type__": "DurationSummary"}, {"operation": "Constrain", "called": 26, "total": 0.6910536250000003, "mean": 0.02657898557692309, "maximum": 0.08367924999999987, "__type__": "DurationSummary"}, {"operation": "Combine", "called": 26, "total": 0.010378502000010947, "mean": 0.0003991731538465749, "maximum": 0.008349292000000008, "__type__": "DurationSummary"}], "__type__": "ProgramStats"}, "is_solution": true, "stats_file": "./results/drug_design/magicpopper_types/1/stats.json", "end": true, "__type__": "Stats"}