{"log_best_programs": true, "num_literals": 0, "total_programs": 2, "total_rules": 0, "total_ground_rules": 0, "durations": {"generate": [0.0002919580000000366, 0.0019014580000000225, 0.00013812500000009997], "find_bindings_prolog": [0.016582708, 0.7177974580000002], "bind": [5.829999999984459e-07, 0.09407283300000002], "test": [0.016826624999999984, 0.8126942080000001], "combine": [5.410000000205528e-07, 0.017420208000000104], "constrain": [0.0029835420000000057, 0.004287457999999855]}, "final_exec_time": 0.972327375, "stages": [], "best_programs": [], "solution": null, "is_solution": false, "stats_file": "./results/list_magicvaluesameclause/magicpopper/8/3/stats.json", "end": true, "__type__": "Stats"}