{"log_best_programs": true, "num_literals": 0, "total_programs": 8, "total_rules": 0, "total_ground_rules": 0, "durations": {"generate": [0.000393624999999842, 0.000567499999999832, 0.0014117909999999956, 0.0012408340000000795, 0.0014982500000000343, 0.0005747910000000189, 0.0011329999999998286, 0.0010972080000000162, 0.001129209000000131], "find_bindings_prolog": [0.03258525000000012, 0.03617695899999984, 0.1473716249999999, 0.15364120800000003, 0.16187937500000027, 0.15607037499999965], "test": [0.038776959, 0.049287917000000014, 0.0192515419999999, 0.14768854099999995, 0.1539770410000001, 0.020812208000000165, 0.1623806250000004, 0.156406708], "combine": [0.08785287500000005, 0.005447334000000081, 4.579999999254625e-07, 6.249999999763389e-07, 7.07999999960407e-07, 5.419999999922709e-07, 5.419999999922709e-07, 5.409999999095305e-07], "constrain": [0.0016453329999999156, 0.0023316249999998373, 0.0004250000000001197, 0.0034010419999999097, 0.005627166000000017, 0.0005282919999998192, 0.005290374999999958, 0.0018263750000002688]}, "final_exec_time": 2.220499458, "stages": [], "best_programs": [], "solution": {"code": "magic_value(A):- head(A,dj),magic(dj).\nmagic_value(A):- head(A,qx),magic(qx).\nmagic_value(A):- head(A,pj),magic(pj).\nmagic_value(A):- head(A,fb),magic(fb).\nmagic_value(A):- head(A,rp),magic(rp).\nmagic_value(A):- head(A,ji),magic(ji).\nmagic_value(A):- head(A,ho),magic(ho).\nmagic_value(A):- head(A,gq),magic(gq).\nmagic_value(A):- head(A,cx),magic(cx).\nmagic_value(A):- head(A,jb),magic(jb).\nmagic_value(A):- head(A,kh),magic(kh).\nmagic_value(A):- head(A,iu),magic(iu).\nmagic_value(A):- head(A,ah),magic(ah).\nmagic_value(A):- head(A,eh),magic(eh).\nmagic_value(A):- head(A,mu),magic(mu).\nmagic_value(A):- head(A,kt),magic(kt).\nmagic_value(A):- head(A,ac),magic(ac).\nmagic_value(A):- head(A,bp),magic(bp).\nmagic_value(A):- head(A,dm),magic(dm).\nmagic_value(A):- head(A,ng),magic(ng).\nmagic_value(A):- head(A,j),magic(j).\nmagic_value(A):- head(A,bh),magic(bh).\nmagic_value(A):- head(A,og),magic(og).\nmagic_value(A):- head(A,ig),magic(ig).\nmagic_value(A):- head(A,dp),magic(dp).\nmagic_value(A):- head(A,dc),magic(dc).\nmagic_value(A):- head(A,bo),magic(bo).\nmagic_value(A):- head(A,jk),magic(jk).\nmagic_value(A):- head(A,pq),magic(pq).\nmagic_value(A):- head(A,mv),magic(mv).\nmagic_value(A):- head(A,rc),magic(rc).\nmagic_value(A):- head(A,kd),magic(kd).\nmagic_value(A):- head(A,df),magic(df).\nmagic_value(A):- head(A,rb),magic(rb).\nmagic_value(A):- head(A,w),magic(w).\nmagic_value(A):- head(A,gd),magic(gd).\nmagic_value(A):- head(A,gc),magic(gc).\nmagic_value(A):- head(A,oc),magic(oc).\nmagic_value(A):- head(A,an),magic(an).\nmagic_value(A):- head(A,ci),magic(ci).\nmagic_value(A):- head(A,da),magic(da).\nmagic_value(A):- head(A,pi),magic(pi).\nmagic_value(A):- head(A,em),magic(em).\nmagic_value(A):- head(A,pe),magic(pe).\nmagic_value(A):- head(A,nm),magic(nm).\nmagic_value(A):- head(A,r),magic(r).\nmagic_value(A):- head(A,bn),magic(bn).\nmagic_value(A):- head(A,ks),magic(ks).\nmagic_value(A):- head(A,lq),magic(lq).\nmagic_value(A):- head(A,ki),magic(ki).\nmagic_value(A):- head(A,ga),magic(ga).\nmagic_value(A):- head(A,ql),magic(ql).\nmagic_value(A):- head(A,be),magic(be).\nmagic_value(A):- head(A,ma),magic(ma).\nmagic_value(A):- head(A,nw),magic(nw).\nmagic_value(A):- head(A,ly),magic(ly).\nmagic_value(A):- head(A,ra),magic(ra).\nmagic_value(A):- head(A,oh),magic(oh).\nmagic_value(A):- head(A,ap),magic(ap).\nmagic_value(A):- head(A,bl),magic(bl).\nmagic_value(A):- head(A,hx),magic(hx).\nmagic_value(A):- head(A,ke),magic(ke).\nmagic_value(A):- head(A,ax),magic(ax).\nmagic_value(A):- head(A,dz),magic(dz).\nmagic_value(A):- head(A,kg),magic(kg).\nmagic_value(A):- head(A,fu),magic(fu).\nmagic_value(A):- head(A,qg),magic(qg).\nmagic_value(A):- head(A,cz),magic(cz).\nmagic_value(A):- head(A,fo),magic(fo).\nmagic_value(A):- head(A,qz),magic(qz).", "is_solution": true, "conf_matrix": [200, 0, 200, 0], "total_exec_time": 2.2204964580000004, "durations": [{"operation": "Test", "called": 1, "total": 0.038776959, "mean": 0.038776959, "maximum": 0.038776959, "__type__": "DurationSummary"}, {"operation": "Find_Bindings_Prolog", "called": 1, "total": 0.03258525000000012, "mean": 0.03258525000000012, "maximum": 0.03258525000000012, "__type__": "DurationSummary"}, {"operation": "Generate", "called": 1, "total": 0.000393624999999842, "mean": 0.000393624999999842, "maximum": 0.000393624999999842, "__type__": "DurationSummary"}], "__type__": "ProgramStats"}, "is_solution": true, "stats_file": "./results/list_magicvalues_multipleclauses/magicpopper/70/9/stats.json", "end": true, "__type__": "Stats"}