{"log_best_programs": true, "num_literals": 0, "total_programs": 80, "total_rules": 0, "total_ground_rules": 0, "durations": {"generate": [0.00029379200000001493, 0.00012333300000000325, 0.00016841699999997628, 0.0003498339999999933, 0.00010804100000000316, 0.0006616669999999769, 0.0002131670000000141, 0.00020041600000003656, 0.0005719169999999774, 0.000467749999999989, 0.00037650000000000183, 0.00019820800000003302, 0.00023491700000000115, 0.0005181250000000359, 0.00018525000000002567, 0.0002583339999999712, 0.00019083300000000136, 0.00017879100000006698, 0.00018766599999997524, 0.0007089169999999756, 0.00015170799999997264, 0.00016812500000007446, 0.00014487500000004427, 0.00044120800000002625, 0.0002467080000000399, 0.00016812499999996344, 0.0001747080000000789, 0.00016083300000002687, 0.00019104200000008564, 0.000611417000000003, 0.0002494589999999519, 0.0002805409999999675, 0.00018574999999998454, 0.00016404199999997537, 0.0003989580000000048, 0.000213208999999992, 0.00020141699999998153, 0.00023091699999999715, 0.0002694999999999226, 0.001881541000000042, 0.00016899999999997473, 0.0002183330000000705, 0.0001895840000000204, 0.0006680410000000636, 0.00033354100000004827, 0.0003944170000000913, 0.00015854199999998375, 0.00016691700000004417, 0.00016170800000003815, 0.00016237499999993688, 0.00020366699999996296, 0.0001736250000000661, 0.0001891250000000122, 0.00017445900000001568, 0.000141541999999939, 0.00027212500000006745, 0.0003019170000000404, 0.00020929200000008308, 0.00020612500000005696, 0.00020504100000007242, 0.00024770799999995763, 0.0001774580000000192, 0.00023533300000000423, 0.0001951669999999961, 0.0001803750000000104, 0.0002758750000000365, 0.00017504099999987588, 0.0002663339999999792, 0.0002009999999998957, 0.0006539170000001704, 0.00024087500000002926, 0.0008843330000001259, 0.00028095899999991403, 0.00027541700000011105, 0.00025166600000003925, 0.00021291700000003466, 0.00030041599999997004, 0.0003584579999997839, 0.00027170800000009265, 0.00032799999999988394, 0.003112457999999929], "find_bindings_prolog": [0.014293916000000018, 0.017328666000000048, 0.009224917, 0.009557083999999993, 0.01682429200000002, 0.0026322500000000026, 0.004611208000000033, 0.019410458000000075, 0.018396833000000057, 0.008871750000000067, 0.004435458000000003, 0.0019395409999999336, 0.004625040999999941, 0.004649458000000051, 0.004881124999999931, 0.002836791999999977, 0.010400458000000001, 0.009948333999999948, 0.0007218330000000606, 0.0078108329999999615, 0.01061016700000006, 0.010371249999999943, 0.018973291000000003, 0.01829724999999993, 0.0007682919999999482, 0.011244167000000083, 0.010646833000000022, 0.018309750000000014, 0.01879949999999997, 0.0029322500000000806, 0.010918874999999995, 0.010624291999999924, 0.018511666000000093, 0.018525750000000007, 0.018038333000000017, 0.01816895900000004, 0.0007963749999999603, 0.0006556659999999992, 0.0007592920000000225, 0.0009066249999999387, 0.000741041999999914, 0.0007564999999999378, 0.0008521249999999814, 0.0008791250000000916, 0.0008194590000000224, 0.0009822499999999623, 0.010730166999999957, 0.010665499999999994, 0.010719917000000079, 0.0010277079999999605, 0.0007812499999999556, 0.0010267089999999035, 0.0010689999999999866, 0.0009204169999998957, 0.0008343340000001032, 0.0010837079999999055, 0.001261624999999933, 0.0009374580000001131, 0.0009059169999998673, 0.0011374170000000294, 0.0011562910000000315, 0.001147417000000095, 0.0011473749999999505, 0.002334916999999992, 0.002212624999999857], "test": [0.014966082999999963, 0.0003405830000000054, 0.018525542000000006, 0.00042958300000001115, 0.0006264999999999743, 0.009882333999999993, 0.01040916599999997, 0.018101458000000015, 0.0031361660000000513, 0.005266583000000047, 0.020919916999999955, 0.019862874999999947, 0.009557458000000074, 0.005083292000000017, 0.002434583999999962, 0.005505541999999974, 0.005525915999999964, 0.005760625000000075, 0.0035767500000000174, 0.00041887500000004074, 0.00040004100000001763, 0.0004898329999999396, 0.0017153340000000128, 0.011209083000000009, 0.010713000000000084, 0.0009244580000000724, 0.008467957999999998, 0.011414499999999994, 0.011180959000000046, 0.020525832999999993, 0.019834832999999996, 0.0011316249999999695, 0.012262709000000038, 0.011693249999999988, 0.01995870799999999, 0.020488291000000047, 0.003470250000000008, 0.012114583000000012, 0.01166779200000001, 0.020187874999999966, 0.02021629199999997, 0.01980425000000008, 0.019724749999999958, 0.000992333000000012, 0.0008417910000000361, 0.0009826670000000481, 0.0011284169999999927, 0.0009610829999999737, 0.0009734169999999764, 0.00039166700000003996, 0.0007312079999999277, 0.0010783340000000141, 0.0011007079999999503, 0.0010217919999999658, 0.018746249999999964, 0.0007083329999999499, 0.0012488330000000047, 0.011657541000000049, 0.011595000000000022, 0.011692874999999936, 0.0012714160000000252, 0.0010145419999999516, 0.001285625000000068, 0.0018920000000000048, 0.009891207999999985, 0.0006707079999999088, 0.003415541999999938, 0.0013338330000001175, 0.0011565000000000047, 0.0010734169999999654, 0.0013402080000000094, 0.0015217499999999884, 0.0011942499999999523, 0.0011592919999998674, 0.0013890840000001514, 0.001399499999999998, 0.0014041250000000893, 0.0013999999999998458, 0.002593375000000009, 0.0024750419999999274], "combine": [0.0023006250000000006, 4.580000000364848e-07, 0.0025884580000000157, 5.829999999984459e-07, 4.5799999998097363e-07, 4.580000000364848e-07, 4.5900000000820285e-07, 5.419999999922709e-07, 4.1699999997479864e-07, 4.1699999997479864e-07, 5.419999999922709e-07, 5.410000000205528e-07, 5.420000001032932e-07, 4.1600000000308057e-07, 4.5900000000820285e-07, 4.1699999997479864e-07, 4.580000000364848e-07, 4.999999999588667e-07, 4.579999999254625e-07, 5.829999999429347e-07, 3.7499999994139444e-07, 4.1699999997479864e-07, 3.7499999994139444e-07, 5.829999999429347e-07, 4.999999999588667e-07, 4.1600000000308057e-07, 5.419999999922709e-07, 5.00000000069889e-07, 4.999999999588667e-07, 4.580000000364848e-07, 4.5899999989718054e-07, 3.7499999994139444e-07, 5.419999999922709e-07, 5.00000000069889e-07, 5.420000001032932e-07, 5.410000000205528e-07, 0.0023716249999999883, 1.0000000000287557e-06, 5.419999999922709e-07, 5.419999999922709e-07, 4.999999999588667e-07, 6.249999999763389e-07, 5.419999999922709e-07, 4.1699999997479864e-07, 4.1600000000308057e-07, 4.5900000000820285e-07, 4.1600000000308057e-07, 4.1700000008582094e-07, 4.1600000000308057e-07, 4.1699999997479864e-07, 4.580000000364848e-07, 4.1600000000308057e-07, 4.1700000008582094e-07, 3.3300000001901253e-07, 5.419999999922709e-07, 4.1600000000308057e-07, 4.1600000000308057e-07, 5.410000000205528e-07, 4.999999999588667e-07, 5.419999999922709e-07, 4.580000000364848e-07, 4.1700000008582094e-07, 4.1699999997479864e-07, 4.579999999254625e-07, 4.5900000000820285e-07, 4.579999999254625e-07, 4.999999998478444e-07, 4.5900000000820285e-07, 3.7500000016343904e-07, 3.7499999994139444e-07, 3.7499999994139444e-07, 4.1699999986377634e-07, 4.579999999254625e-07, 4.1600000000308057e-07, 3.7500000016343904e-07, 4.1600000000308057e-07, 5.83000000053957e-07, 4.1700000008582094e-07, 3.7499999994139444e-07, 3.7499999994139444e-07],