{"log_best_programs": true, "num_literals": 0, "total_programs": 8, "total_rules": 0, "total_ground_rules": 0, "durations": {"generate": [0.00040004200000010037, 0.0006625419999999327, 0.0013665419999999706, 0.0013158749999999664, 0.00150195799999997, 0.0005333750000000581, 0.0011947919999999446, 0.0010480839999997826, 0.0011103330000001854], "find_bindings_prolog": [0.03182870799999993, 0.03300445800000018, 0.1376000839999998, 0.144399709, 0.16296891700000016, 0.14191395799999995], "test": [0.03841029200000001, 0.04549437500000009, 0.019258042000000142, 0.13793566700000004, 0.14474883299999997, 0.017349375, 0.16350912500000003, 0.14224870899999997], "combine": [0.08852095799999993, 0.0060472499999999485, 6.249999999763389e-07, 6.669999998987208e-07, 6.670000001207654e-07, 6.249999999763389e-07, 5.00000000069889e-07, 5.419999999922709e-07], "constrain": [0.001752709000000019, 0.002358583999999997, 0.0004521250000000254, 0.0031615830000000233, 0.005285042000000129, 0.0005719170000000329, 0.0018106250000000657, 0.001824875000000059]}, "final_exec_time": 2.0257345829999998, "stages": [], "best_programs": [], "solution": {"code": "magic_value(A):- head(A,ac),magic(ac).\nmagic_value(A):- head(A,pa),magic(pa).\nmagic_value(A):- head(A,an),magic(an).\nmagic_value(A):- head(A,lz),magic(lz).\nmagic_value(A):- head(A,sh),magic(sh).\nmagic_value(A):- head(A,hr),magic(hr).\nmagic_value(A):- head(A,ht),magic(ht).\nmagic_value(A):- head(A,ju),magic(ju).\nmagic_value(A):- head(A,ny),magic(ny).\nmagic_value(A):- head(A,re),magic(re).\nmagic_value(A):- head(A,go),magic(go).\nmagic_value(A):- head(A,ib),magic(ib).\nmagic_value(A):- head(A,du),magic(du).\nmagic_value(A):- head(A,jq),magic(jq).\nmagic_value(A):- head(A,he),magic(he).\nmagic_value(A):- head(A,r),magic(r).\nmagic_value(A):- head(A,bx),magic(bx).\nmagic_value(A):- head(A,pb),magic(pb).\nmagic_value(A):- head(A,pm),magic(pm).\nmagic_value(A):- head(A,gw),magic(gw).\nmagic_value(A):- head(A,rn),magic(rn).\nmagic_value(A):- head(A,ni),magic(ni).\nmagic_value(A):- head(A,h),magic(h).\nmagic_value(A):- head(A,lp),magic(lp).\nmagic_value(A):- head(A,mb),magic(mb).\nmagic_value(A):- head(A,jb),magic(jb).\nmagic_value(A):- head(A,t),magic(t).\nmagic_value(A):- head(A,ih),magic(ih).\nmagic_value(A):- head(A,bs),magic(bs).\nmagic_value(A):- head(A,gn),magic(gn).\nmagic_value(A):- head(A,hl),magic(hl).\nmagic_value(A):- head(A,dd),magic(dd).\nmagic_value(A):- head(A,qf),magic(qf).\nmagic_value(A):- head(A,jp),magic(jp).\nmagic_value(A):- head(A,qh),magic(qh).\nmagic_value(A):- head(A,kn),magic(kn).\nmagic_value(A):- head(A,ct),magic(ct).\nmagic_value(A):- head(A,pw),magic(pw).\nmagic_value(A):- head(A,oo),magic(oo).\nmagic_value(A):- head(A,gt),magic(gt).\nmagic_value(A):- head(A,qd),magic(qd).\nmagic_value(A):- head(A,cp),magic(cp).\nmagic_value(A):- head(A,hv),magic(hv).\nmagic_value(A):- head(A,dy),magic(dy).\nmagic_value(A):- head(A,me),magic(me).\nmagic_value(A):- head(A,q),magic(q).\nmagic_value(A):- head(A,ia),magic(ia).\nmagic_value(A):- head(A,ay),magic(ay).\nmagic_value(A):- head(A,jl),magic(jl).\nmagic_value(A):- head(A,c),magic(c).\nmagic_value(A):- head(A,ex),magic(ex).\nmagic_value(A):- head(A,lv),magic(lv).\nmagic_value(A):- head(A,nw),magic(nw).\nmagic_value(A):- head(A,pu),magic(pu).\nmagic_value(A):- head(A,oa),magic(oa).\nmagic_value(A):- head(A,pt),magic(pt).\nmagic_value(A):- head(A,ak),magic(ak).\nmagic_value(A):- head(A,bh),magic(bh).\nmagic_value(A):- head(A,ad),magic(ad).\nmagic_value(A):- head(A,hq),magic(hq).\nmagic_value(A):- head(A,av),magic(av).\nmagic_value(A):- head(A,bi),magic(bi).\nmagic_value(A):- head(A,jn),magic(jn).\nmagic_value(A):- head(A,dj),magic(dj).\nmagic_value(A):- head(A,sg),magic(sg).\nmagic_value(A):- head(A,jc),magic(jc).\nmagic_value(A):- head(A,sa),magic(sa).\nmagic_value(A):- head(A,rr),magic(rr).\nmagic_value(A):- head(A,qv),magic(qv).\nmagic_value(A):- head(A,es),magic(es).\nmagic_value(A):- head(A,hd),magic(hd).\nmagic_value(A):- head(A,gg),magic(gg).\nmagic_value(A):- head(A,df),magic(df).\nmagic_value(A):- head(A,bc),magic(bc).\nmagic_value(A):- head(A,cc),magic(cc).", "is_solution": true, "conf_matrix": [200, 0, 200, 0], "total_exec_time": 2.0257314579999997, "durations": [{"operation": "Test", "called": 1, "total": 0.03841029200000001, "mean": 0.03841029200000001, "maximum": 0.03841029200000001, "__type__": "DurationSummary"}, {"operation": "Find_Bindings_Prolog", "called": 1, "total": 0.03182870799999993, "mean": 0.03182870799999993, "maximum": 0.03182870799999993, "__type__": "DurationSummary"}, {"operation": "Generate", "called": 1, "total": 0.00040004200000010037, "mean": 0.00040004200000010037, "maximum": 0.00040004200000010037, "__type__": "DurationSummary"}], "__type__": "ProgramStats"}, "is_solution": true, "stats_file": "./results/list_magicvalues_multipleclauses/magicpopper/75/8/stats.json", "end": true, "__type__": "Stats"}