{"log_best_programs": true, "num_literals": 0, "total_programs": 8, "total_rules": 0, "total_ground_rules": 0, "durations": {"generate": [0.0003730420000001011, 0.0005653750000000901, 0.0014837910000000676, 0.0010915419999999454, 0.0017181249999997927, 0.0007007079999998833, 0.0009915840000001008, 0.0017627080000002238, 0.0007825000000001303], "find_bindings_prolog": [0.023794749999999976, 0.03634970800000015, 0.13623375000000015, 0.15118008399999994, 0.15695141700000015, 0.15193199999999996], "test": [0.02724770799999998, 0.050046875000000046, 0.018978457999999865, 0.13654741699999984, 0.15152279199999996, 0.020292917000000132, 0.15746554099999988, 0.1522567079999999], "combine": [0.026939625000000023, 0.004686999999999886, 4.5900000000820285e-07, 5.83000000053957e-07, 5.829999998319124e-07, 5.409999999095305e-07, 5.00000000069889e-07, 4.580000001475071e-07], "constrain": [0.0016317080000001205, 0.0023886670000001775, 0.0004321249999998944, 0.0030776660000000344, 0.00524662500000006, 0.001841374999999923, 0.005464583999999828, 0.0015903329999997773]}, "final_exec_time": 2.062335333, "stages": [], "best_programs": [], "solution": {"code": "magic_value(A):- head(A,ew),magic(ew).\nmagic_value(A):- head(A,ae),magic(ae).\nmagic_value(A):- head(A,bq),magic(bq).\nmagic_value(A):- head(A,kc),magic(kc).\nmagic_value(A):- head(A,ab),magic(ab).\nmagic_value(A):- head(A,rg),magic(rg).\nmagic_value(A):- head(A,iy),magic(iy).\nmagic_value(A):- head(A,qb),magic(qb).\nmagic_value(A):- head(A,km),magic(km).\nmagic_value(A):- head(A,s),magic(s).\nmagic_value(A):- head(A,gb),magic(gb).\nmagic_value(A):- head(A,cc),magic(cc).\nmagic_value(A):- head(A,kt),magic(kt).\nmagic_value(A):- head(A,rj),magic(rj).\nmagic_value(A):- head(A,bz),magic(bz).\nmagic_value(A):- head(A,mv),magic(mv).\nmagic_value(A):- head(A,gf),magic(gf).\nmagic_value(A):- head(A,mw),magic(mw).\nmagic_value(A):- head(A,hq),magic(hq).\nmagic_value(A):- head(A,av),magic(av).\nmagic_value(A):- head(A,op),magic(op).\nmagic_value(A):- head(A,df),magic(df).\nmagic_value(A):- head(A,mq),magic(mq).\nmagic_value(A):- head(A,y),magic(y).\nmagic_value(A):- head(A,ra),magic(ra).\nmagic_value(A):- head(A,ni),magic(ni).\nmagic_value(A):- head(A,ps),magic(ps).\nmagic_value(A):- head(A,gh),magic(gh).\nmagic_value(A):- head(A,rd),magic(rd).\nmagic_value(A):- head(A,io),magic(io).\nmagic_value(A):- head(A,lf),magic(lf).\nmagic_value(A):- head(A,br),magic(br).\nmagic_value(A):- head(A,p),magic(p).\nmagic_value(A):- head(A,ks),magic(ks).\nmagic_value(A):- head(A,lz),magic(lz).", "is_solution": true, "conf_matrix": [200, 0, 200, 0], "total_exec_time": 2.062332708, "durations": [{"operation": "Test", "called": 1, "total": 0.02724770799999998, "mean": 0.02724770799999998, "maximum": 0.02724770799999998, "__type__": "DurationSummary"}, {"operation": "Find_Bindings_Prolog", "called": 1, "total": 0.023794749999999976, "mean": 0.023794749999999976, "maximum": 0.023794749999999976, "__type__": "DurationSummary"}, {"operation": "Generate", "called": 1, "total": 0.0003730420000001011, "mean": 0.0003730420000001011, "maximum": 0.0003730420000001011, "__type__": "DurationSummary"}], "__type__": "ProgramStats"}, "is_solution": true, "stats_file": "./results/list_magicvalues_multipleclauses/magicpopper/35/3/stats.json", "end": true, "__type__": "Stats"}