{"log_best_programs": true, "num_literals": 0, "total_programs": 80, "total_rules": 0, "total_ground_rules": 0, "durations": {"generate": [0.0003562910000000086, 0.00036166700000000995, 0.0002457909999999952, 0.0004459589999999958, 0.00014970799999997064, 0.0012676249999999945, 0.00025520800000000676, 0.0006801249999999759, 0.0005372910000000508, 0.0005691669999999815, 0.000383416999999997, 0.00033633299999996646, 0.00026124999999999066, 0.0006170000000000342, 0.0004370000000000207, 0.0009673749999999925, 0.00027487499999995224, 0.0002564590000000422, 0.0002554579999999862, 0.0007032919999999665, 0.00020666699999999372, 0.0004812909999999948, 0.00018620800000002102, 0.0005731250000000077, 0.0004646249999999963, 0.00023374999999997703, 0.0002430409999999994, 0.0002191249999999867, 0.0004832919999999685, 0.0006787919999999836, 0.0002910419999999636, 0.0005661249999999729, 0.0002965409999999835, 0.0003559590000000723, 0.0005070829999999082, 0.00020333299999997223, 0.00045525000000001814, 0.00028320800000003477, 0.00030854199999996723, 0.0016420830000000164, 0.0003295840000000494, 0.00031766600000004974, 0.0003233750000000146, 0.0003641669999999708, 0.0004345419999999267, 0.0016329170000000115, 0.00024329200000006157, 0.00017612499999997144, 0.00019408300000001155, 0.00040479100000001544, 0.00024733399999998795, 0.00020070799999993838, 0.00027212499999995643, 0.0002454159999999428, 0.0002430829999999773, 0.000257542000000055, 0.0002849999999999797, 0.00022999999999995246, 0.0002595830000000632, 0.00022516599999999887, 0.00018424999999999692, 0.00021183300000005012, 0.00031479199999995267, 0.0003374160000000348, 0.0003247089999999231, 0.00022725000000001216, 0.000420666000000014, 0.00027379199999999493, 0.00021970800000004065, 0.00020916599999998287, 0.00030595799999999507, 0.00028841600000006906, 0.0004202920000000443, 0.0003839160000000952, 0.00024733300000001623, 0.0005380830000000225, 0.0002651250000000882, 0.0009319579999998995, 0.00037570800000008564, 0.0002467919999999957, 0.003492124999999957], "find_bindings_prolog": [0.017574083000000018, 0.003784958000000005, 0.0015797089999999847, 0.0017091670000000114, 0.0023420409999999614, 0.0014675000000000105, 0.0011295829999999896, 0.0010825839999999975, 0.0025194169999999683, 0.0024831250000000304, 0.0011522499999999658, 0.000987958000000011, 0.0013021670000000207, 0.0013339159999999906, 0.000981542000000002, 0.0016739170000000247, 0.0011491250000000286, 0.0006402919999999868, 0.0010058749999999894, 0.001231374999999979, 0.001726667000000015, 0.0014137920000000248, 0.00227195899999999, 0.0021677090000000176, 0.0009580839999999702, 0.0014075839999999618, 0.0016004580000000823, 0.0012879580000000335, 0.0013698329999999315, 0.0021417500000000533, 0.002815792000000039, 0.0009698340000000583, 0.0006526249999999623, 0.0007442500000000019, 0.0028846670000000074, 0.002391417000000007, 0.002298416999999997, 0.0023268749999999505, 0.0012224170000000312, 0.0005929159999999989, 0.0008623750000000818, 0.0011582500000000273, 0.0013812500000000005, 0.001811249999999931, 0.000695416999999976, 0.0006668749999999557, 0.0006729580000000013, 0.000851417000000021, 0.0005437919999999874, 0.0005354579999999887, 0.000565958000000033, 0.001643249999999985, 0.0005626250000000388, 0.0006785419999999487, 0.000725041999999898, 0.0006665000000000143, 0.0006146249999999798, 0.0005867910000000309, 0.001330290999999928, 0.0006561250000000074, 0.00074520900000008, 0.000769624999999996, 0.0008813750000000731, 0.0008957910000000346, 0.0007767499999999927], "test": [0.018372458000000036, 0.000868833999999985, 0.005698874999999992, 0.000662834000000001, 0.0008746250000000177, 0.0023952090000000092, 0.0029449590000000248, 0.003534874999999993, 0.0026240829999999993, 0.001877958000000013, 0.0015917500000000029, 0.003947917000000023, 0.0038829169999999857, 0.0019117919999999677, 0.0020519590000000476, 0.0031514159999999625, 0.002640124999999993, 0.0018897920000000012, 0.002665916999999962, 0.00048308299999999527, 0.000665291999999984, 0.000533541999999998, 0.00040641699999999226, 0.0017800000000000038, 0.0008874170000000015, 0.0015008750000000126, 0.0020000000000000018, 0.002555374999999971, 0.002058333999999995, 0.0035880420000000135, 0.003609625000000005, 0.001488874999999945, 0.002277917000000018, 0.0025614999999999943, 0.002123416999999961, 0.0022098749999999168, 0.0035797499999999927, 0.004220875000000013, 0.0015473750000000175, 0.0009002080000000134, 0.0009882080000001014, 0.00436700000000001, 0.0042658749999999745, 0.0037782910000000447, 0.0036862919999999244, 0.0018953750000000325, 0.0005169999999999897, 0.0005238330000000291, 0.0009452500000000086, 0.0013166660000000219, 0.001829708000000041, 0.0020602499999999857, 0.002518040999999971, 0.0009524579999999894, 0.001065374999999924, 0.0009570829999999697, 0.0005564579999999264, 0.0006115840000000539, 0.0014850830000000537, 0.0007947919999999886, 0.0007793750000000266, 0.0009050409999999953, 0.0008167920000000661, 0.0005484999999999518, 0.00048741599999990726, 0.0005150830000000273, 0.0020200000000000218, 0.0008226250000000768, 0.0009287919999999561, 0.0009956250000000555, 0.0009369999999999656, 0.0008667920000000606, 0.0008396250000000105, 0.0016031249999999275, 0.0009265420000000857, 0.0010126670000000226, 0.0010536669999999804, 0.001493042, 0.0015959589999999801, 0.0010365420000000292], "combine": [0.0032480000000000286, 5.409999999650417e-07, 0.0032613340000000046, 5.419999999922709e-07, 5.409999999650417e-07, 4.999999999588667e-07, 4.7080000000199185e-06, 5.419999999922709e-07, 5.410000000205528e-07, 5.840000000256751e-07, 4.999999999588667e-07, 6.66999999954232e-07, 5.419999999922709e-07, 5.840000000256751e-07, 5.419999999922709e-07, 4.170000000303098e-07, 5.419999999922709e-07, 5.000000000143778e-07, 5.000000000143778e-07, 6.249999999763389e-07, 5.42000000047782e-07, 5.000000000143778e-07, 5.000000000143778e-07, 2.7089999999896364e-06, 5.000000000143778e-07, 5.000000000143778e-07, 5.840000000256751e-07, 5.000000000143778e-07, 4.999999999588667e-07, 6.249999999763389e-07, 6.670000000097431e-07, 5.410000000205528e-07, 4.999999999588667e-07, 6.249999999763389e-07, 5.419999999922709e-07, 4.579999999254625e-07, 5.419999999922709e-07, 5.829999999429347e-07, 0.0027125000000000066, 4.580000000364848e-07, 4.999999999588667e-07, 7.910000000554973e-07, 6.670000000097431e-07, 6.670000000097431e-07, 5.410000000205528e-07, 6.250000000873612e-07, 5.420000001032932e-07, 5.00000000069889e-07, 4.580000000364848e-07, 5.00000000069889e-07, 5.410000000205528e-07, 5.410000000205528e-07, 6.249999999763389e-07, 4.999999999588667e-07, 4.579999999254625e-07, 5.00000000069889e-07, 5.00000000069889e-07, 5.839999999146528e-07, 4.999999999588667e-07, 4.580000000364848e-07, 5.00000000069889e-07, 4.1600000000308057e-07, 5.410000000205528e-07, 4.580000000364848e-07, 4.999999999588667e-07, 5.419999999922709e-07, 4.579999999254625e-07, 4.5900000000820285e-07, 4.999999999588667e-07, 5.410000000205528e-07, 4.999999999588667e-07, 4.1699999997479864e-07, 4.580000000364848e-07, 4.579999999254625e-07, 4.999999999588667e-07, 4.999999999588667e-07, 4.999999999588667e-07, 4.999999999588667e-07, 4.999999999588667e-07, 5.410000000205528e-07],