{"log_best_programs": true, "num_literals": 0, "total_programs": 20, "total_rules": 0, "total_ground_rules": 0, "durations": {"generate": [0.0004529580000000033, 0.00047558399999997336, 0.0003522920000000318, 0.00035320899999996547, 0.0003197909999999582, 0.00034087500000001825, 0.00035070799999997737, 0.00032291699999997814, 0.00038191599999998216, 0.0003175839999999819, 0.0003110830000000453, 0.00032433300000001, 0.000429542000000005, 0.00048587499999996897, 0.00042041699999995075, 0.00041595899999991026, 0.0006678749999999845, 0.0005227920000000497, 0.000877291999999974, 0.0004737919999999729], "test": [0.026117749999999995, 0.0011117500000000224, 0.0009626670000000281, 0.0005923340000000277, 0.0004537079999999971, 0.0008326249999999757, 0.0005446669999999987, 0.00037524999999999364, 0.0008869169999999871, 0.00042916600000003635, 0.00034687499999996874, 0.0005322080000000895, 0.0010580839999999592, 0.0014263749999999797, 0.017713124999999996, 0.01057583300000009, 0.012328125000000023, 0.019664291, 0.019292666000000014, 0.0012978750000000039], "combine": [7.920000000272154e-07, 5.000000000143778e-07, 5.000000000143778e-07, 4.5799999998097363e-07, 3.749999999969056e-07, 4.5900000000820285e-07, 4.1600000000308057e-07, 4.1600000000308057e-07, 4.170000000303098e-07, 4.5900000000820285e-07, 3.7499999994139444e-07, 3.7500000005241674e-07, 5.00000000069889e-07, 5.419999999922709e-07, 4.5900000000820285e-07, 4.580000000364848e-07, 4.5900000000820285e-07, 4.999999999588667e-07, 4.999999999588667e-07], "constrain": [0.0014103750000000193, 0.0022041250000000012, 0.00014529099999999184, 0.00012854099999998203, 0.00012924999999996967, 0.00010891699999998616, 0.00018804199999999938, 0.00010154099999998278, 0.00013933300000001925, 0.00010083299999996687, 0.000144000000000033, 0.0001207920000000362, 0.0020833340000000478, 0.0001810829999999708, 0.00018495900000004006, 0.0026299589999999595, 0.0002275840000000029, 0.0006668330000000333, 0.00020133300000002574]}, "final_exec_time": 0.313142958, "stages": [], "best_programs": [], "solution": {"code": "magic_value(A):- head(A,B),c7(B).\nmagic_value(A):- tail(A,B),magic_value(B).", "is_solution": true, "conf_matrix": [10, 0, 1, 0], "total_exec_time": 0.31314058300000003, "durations": [{"operation": "Test", "called": 20, "total": 0.11654229100000019, "mean": 0.0058271145500000095, "maximum": 0.026117749999999995, "__type__": "DurationSummary"}, {"operation": "Constrain", "called": 19, "total": 0.011096125000000068, "mean": 0.000584006578947372, "maximum": 0.0026299589999999595, "__type__": "DurationSummary"}, {"operation": "Generate", "called": 20, "total": 0.008596793999999741, "mean": 0.00042983969999998707, "maximum": 0.000877291999999974, "__type__": "DurationSummary"}, {"operation": "Combine", "called": 19, "total": 8.960000000113322e-06, "mean": 4.7157894737438537e-07, "maximum": 7.920000000272154e-07, "__type__": "DurationSummary"}], "__type__": "ProgramStats"}, "is_solution": true, "stats_file": "./results/list_constant/popper/1/9/stats.json", "end": true, "__type__": "Stats"}