{"log_best_programs": true, "num_literals": 0, "total_programs": 22, "total_rules": 0, "total_ground_rules": 0, "durations": {"generate": [0.00043129199999997203, 0.0002909579999999523, 0.0003854580000000052, 0.00024174999999998503, 0.0002483329999999895, 0.00021729200000003557, 0.0003326250000000308, 0.00022025000000003292, 0.00022370799999998914, 0.0002017909999999512, 0.0004337919999999884, 0.0002179590000000453, 0.00022208299999998404, 0.00021725000000000216, 0.0007027920000000076, 0.00030516600000002336, 0.0003034169999999725, 0.0003002500000000019, 0.00032250000000000334, 0.0004020829999999975, 0.00045841600000001703, 0.0002663750000000409, 0.007336249999999989], "test": [0.0005347079999999949, 0.0003351249999999917, 0.022422541000000018, 0.012609875000000048, 0.013944791000000012, 0.0009544579999999914, 0.0026266249999999935, 0.001160541000000015, 0.0022895419999999778, 0.00041887500000004074, 0.0024936660000000055, 0.0009347499999999842, 0.0021485829999999817, 0.0004077499999999845, 0.005540957999999985, 0.0055630419999999625, 0.01977416700000001, 0.005600457999999975, 0.00556541599999999, 0.005541999999999991, 0.0010661670000000067, 0.029198333999999992], "combine": [5.829999999984459e-07, 4.170000000303098e-07, 0.002920707999999994, 5.419999999922709e-07, 4.5799999998097363e-07, 4.170000000303098e-07, 4.5900000000820285e-07, 3.749999999969056e-07, 4.5799999998097363e-07, 4.1600000000308057e-07, 4.5799999998097363e-07, 3.3300000001901253e-07, 4.1600000000308057e-07, 3.329999999635014e-07, 4.580000000364848e-07, 3.749999999969056e-07, 4.5799999998097363e-07, 4.1699999997479864e-07, 3.339999999907306e-07, 3.749999999969056e-07, 3.749999999969056e-07, 0.0021443329999999983], "constrain": [0.0021056670000000333, 0.00028383400000003833, 0.00198595800000001, 0.0009227500000000277, 0.0004115840000000204, 0.002387750000000022, 0.0010922500000000168, 0.0007643749999999838, 0.000729624999999956, 0.0008595840000000243, 0.0010746249999999957, 0.0007434999999999525, 0.0007286670000000162, 0.0008370409999999828, 0.004431708000000034, 0.0016690420000000095, 0.0009286669999999941, 0.003898624999999989, 0.001724209000000032, 0.0017011670000000034, 0.0017049580000000342, 0.000915499999999958], "find_bindings_prolog": [0.020899875000000012, 0.008730457999999996, 0.011646125000000007, 0.0016304160000000234, 0.0009948750000000062, 0.0015799169999999862, 0.001465250000000029, 0.0007699170000000088, 0.0014429580000000497, 0.005350832999999999, 0.005364874999999991, 0.01798120799999997, 0.005404582999999963, 0.00537279199999996, 0.005351041000000001, 0.0008802499999999713, 0.026424167000000054]}, "final_exec_time": 0.24065845899999996, "stages": [], "best_programs": [], "solution": {"code": "magic_value(A):- my_append(C,['aag'],B),tail(A,B),magic(['aag']).", "is_solution": true, "conf_matrix": [9, 0, 10, 0], "total_exec_time": 0.240656709, "durations": [{"operation": "Test", "called": 22, "total": 0.14113237199999995, "mean": 0.006415107818181816, "maximum": 0.029198333999999992, "__type__": "DurationSummary"}, {"operation": "Find_Bindings_Prolog", "called": 17, "total": 0.12128954000000003, "mean": 0.007134678823529413, "maximum": 0.026424167000000054, "__type__": "DurationSummary"}, {"operation": "Constrain", "called": 21, "total": 0.030985586000000176, "mean": 0.0014755040952381035, "maximum": 0.004431708000000034, "__type__": "DurationSummary"}, {"operation": "Generate", "called": 22, "total": 0.006945540000000028, "mean": 0.0003157063636363649, "maximum": 0.0007027920000000076, "__type__": "DurationSummary"}, {"operation": "Combine", "called": 21, "total": 0.002929164999999956, "mean": 0.00013948404761904553, "maximum": 0.002920707999999994, "__type__": "DurationSummary"}], "__type__": "ProgramStats"}, "is_solution": true, "stats_file": "./results/list_append/magicpopper_args/2/2/stats.json", "end": true, "__type__": "Stats"}