{"log_best_programs": true, "num_literals": 0, "total_programs": 20, "total_rules": 0, "total_ground_rules": 0, "durations": {"generate": [0.02756920900000004, 0.007748333999999968, 0.0032488330000000065, 0.003398750000000006, 0.0017092499999999955, 0.641998791, 0.000971499999999903, 0.00114445899999982, 0.0009982500000000893, 0.006084792000000228, 0.0010156669999998869, 0.0014246669999997685, 0.021298290999999914, 0.010301375000000057, 0.010583125000000138, 0.003774334000000046, 0.0012107499999998161, 0.004365750000000279, 0.008482708999999922, 0.002666834000000229, 5.501102833000001], "find_bindings_prolog": [0.018687250000000044, 0.0006402080000000865, 0.0007236250000000055, 0.0007575410000000282, 0.0007381669999999563, 0.0008075410000001337, 0.000899500000000053, 0.0008658749999999049, 0.0007727090000000381, 0.0008205420000000352, 0.0008175000000001376, 0.0008360839999999037, 0.0012762920000000122, 0.0008544170000002183, 0.000700959000000001, 0.000714583999999796, 0.000797625000000135, 0.0008289999999999687, 0.0014004170000001537, 0.0012343330000001984], "test": [0.01973129100000004, 0.0010510410000000858, 0.0013282499999999198, 0.0014148749999999266, 0.0011564170000000207, 0.0012988749999998106, 0.0016427919999999485, 0.0019236249999998734, 0.0014633340000000938, 0.001584459000000038, 0.0018517089999998682, 0.0018672090000002584, 0.0024214169999998703, 0.0018782079999999368, 0.0013737499999999514, 0.0009750419999998705, 0.0012730410000001413, 0.0015529579999999932, 0.003327957999999853, 0.0024014999999999453], "combine": [5.83000000053957e-07, 4.1699999997479864e-07, 4.1699999997479864e-07, 4.5900000000820285e-07, 4.999999999588667e-07, 6.249999999763389e-07, 4.5900000000820285e-07, 4.579999999254625e-07, 4.5900000000820285e-07, 5.00000000069889e-07, 4.5799999970341787e-07, 4.5899999978615824e-07, 0.0026325830000000217, 5.00000000069889e-07, 4.5899999978615824e-07, 5.00000000069889e-07, 5.419999999922709e-07, 5.00000000069889e-07, 0.002715500000000315, 0.002506166999999948], "constrain": [0.17526395800000005, 0.07242908400000003, 0.022832833000000052, 0.022943832999999914, 0.020402958000000027, 0.08634845800000002, 0.089224792, 0.09530525000000001, 0.09234783299999982, 0.03032933300000007, 0.032659000000000216, 0.19711000000000034, 0.047233875000000314, 0.05946600000000002, 0.029907291000000225, 0.06881549999999992, 0.0830485000000003, 0.08560041699999976, 0.04992387500000017, 0.04310770799999997]}, "final_exec_time": 8.08474625, "stages": [], "best_programs": [], "solution": {"code": "f(A):- cell(A,D,E,k),cell(A,B,E,r),distance(B,D,1),magic(r),magic(k),magic(1).", "is_solution": true, "conf_matrix": [10, 0, 10, 0], "total_exec_time": 8.08474075, "durations": [{"operation": "Constrain", "called": 19, "total": 1.3611927900000014, "mean": 0.07164172578947375, "maximum": 0.19711000000000034, "__type__": "DurationSummary"}, {"operation": "Generate", "called": 20, "total": 0.7599956700000001, "mean": 0.03799978350000001, "maximum": 0.641998791, "__type__": "DurationSummary"}, {"operation": "Test", "called": 20, "total": 0.051517750999999445, "mean": 0.0025758875499999724, "maximum": 0.01973129100000004, "__type__": "DurationSummary"}, {"operation": "Find_Bindings_Prolog", "called": 20, "total": 0.03517416900000081, "mean": 0.0017587084500000406, "maximum": 0.018687250000000044, "__type__": "DurationSummary"}, {"operation": "Combine", "called": 19, "total": 0.005356377999999773, "mean": 0.00028191463157893544, "maximum": 0.002715500000000315, "__type__": "DurationSummary"}], "__type__": "ProgramStats"}, "is_solution": true, "stats_file": "./results/krk/magicpopper_args/2/stats.json", "end": true, "__type__": "Stats"}