{"log_best_programs": true, "num_literals": 0, "total_programs": 8, "total_rules": 0, "total_ground_rules": 0, "durations": {"generate": [0.00038000000000004697, 0.0005685830000001779, 0.0014829590000000614, 0.0010965829999998178, 0.0017180829999998704, 0.0006992079999998957, 0.0010500000000002174, 0.0021197910000001485, 0.0008254580000000011], "find_bindings_prolog": [0.031155292, 0.033112750000000135, 0.13456587500000006, 0.1475274580000001, 0.16029170799999992, 0.14585187499999996], "test": [0.037597582999999934, 0.045395333999999954, 0.018909540999999974, 0.13489375000000003, 0.14787633299999992, 0.021469708000000143, 0.1608442499999998, 0.146230584], "combine": [0.08214116600000021, 0.0058456250000000765, 5.840000001366974e-07, 7.07999999960407e-07, 6.670000001207654e-07, 7.07999999960407e-07, 6.250000001983835e-07, 5.409999999095305e-07], "constrain": [0.001727333000000053, 0.0023178749999999138, 0.0004262919999999948, 0.0031311250000001234, 0.005083833000000038, 0.0005722089999999902, 0.006022583000000026, 0.0017159580000001284]}, "final_exec_time": 2.1864820419999997, "stages": [], "best_programs": [], "solution": {"code": "magic_value(A):- head(A,pj),magic(pj).\nmagic_value(A):- head(A,da),magic(da).\nmagic_value(A):- head(A,dm),magic(dm).\nmagic_value(A):- head(A,jb),magic(jb).\nmagic_value(A):- head(A,bl),magic(bl).\nmagic_value(A):- head(A,ax),magic(ax).\nmagic_value(A):- head(A,iu),magic(iu).\nmagic_value(A):- head(A,be),magic(be).\nmagic_value(A):- head(A,j),magic(j).\nmagic_value(A):- head(A,lq),magic(lq).\nmagic_value(A):- head(A,df),magic(df).\nmagic_value(A):- head(A,fu),magic(fu).\nmagic_value(A):- head(A,ji),magic(ji).\nmagic_value(A):- head(A,hx),magic(hx).\nmagic_value(A):- head(A,gc),magic(gc).\nmagic_value(A):- head(A,qg),magic(qg).\nmagic_value(A):- head(A,pi),magic(pi).\nmagic_value(A):- head(A,mv),magic(mv).\nmagic_value(A):- head(A,kh),magic(kh).\nmagic_value(A):- head(A,dp),magic(dp).\nmagic_value(A):- head(A,pe),magic(pe).\nmagic_value(A):- head(A,gd),magic(gd).\nmagic_value(A):- head(A,oh),magic(oh).\nmagic_value(A):- head(A,ac),magic(ac).\nmagic_value(A):- head(A,em),magic(em).\nmagic_value(A):- head(A,ly),magic(ly).\nmagic_value(A):- head(A,kd),magic(kd).\nmagic_value(A):- head(A,qz),magic(qz).\nmagic_value(A):- head(A,bn),magic(bn).\nmagic_value(A):- head(A,pq),magic(pq).\nmagic_value(A):- head(A,an),magic(an).\nmagic_value(A):- head(A,dc),magic(dc).\nmagic_value(A):- head(A,fb),magic(fb).\nmagic_value(A):- head(A,og),magic(og).\nmagic_value(A):- head(A,cx),magic(cx).\nmagic_value(A):- head(A,rp),magic(rp).\nmagic_value(A):- head(A,rb),magic(rb).\nmagic_value(A):- head(A,ap),magic(ap).\nmagic_value(A):- head(A,fo),magic(fo).\nmagic_value(A):- head(A,ci),magic(ci).\nmagic_value(A):- head(A,ke),magic(ke).\nmagic_value(A):- head(A,mu),magic(mu).\nmagic_value(A):- head(A,gq),magic(gq).\nmagic_value(A):- head(A,nw),magic(nw).\nmagic_value(A):- head(A,kg),magic(kg).\nmagic_value(A):- head(A,qx),magic(qx).\nmagic_value(A):- head(A,ra),magic(ra).\nmagic_value(A):- head(A,ql),magic(ql).\nmagic_value(A):- head(A,r),magic(r).\nmagic_value(A):- head(A,jk),magic(jk).\nmagic_value(A):- head(A,w),magic(w).\nmagic_value(A):- head(A,eh),magic(eh).\nmagic_value(A):- head(A,ks),magic(ks).\nmagic_value(A):- head(A,ig),magic(ig).\nmagic_value(A):- head(A,bp),magic(bp).\nmagic_value(A):- head(A,dz),magic(dz).\nmagic_value(A):- head(A,rc),magic(rc).\nmagic_value(A):- head(A,oc),magic(oc).\nmagic_value(A):- head(A,ah),magic(ah).\nmagic_value(A):- head(A,dj),magic(dj).\nmagic_value(A):- head(A,bh),magic(bh).\nmagic_value(A):- head(A,ki),magic(ki).\nmagic_value(A):- head(A,ho),magic(ho).\nmagic_value(A):- head(A,bo),magic(bo).\nmagic_value(A):- head(A,nm),magic(nm).\nmagic_value(A):- head(A,kt),magic(kt).\nmagic_value(A):- head(A,cz),magic(cz).\nmagic_value(A):- head(A,ma),magic(ma).\nmagic_value(A):- head(A,ng),magic(ng).\nmagic_value(A):- head(A,ga),magic(ga).", "is_solution": true, "conf_matrix": [200, 0, 200, 0], "total_exec_time": 2.1864795, "durations": [{"operation": "Test", "called": 1, "total": 0.037597582999999934, "mean": 0.037597582999999934, "maximum": 0.037597582999999934, "__type__": "DurationSummary"}, {"operation": "Find_Bindings_Prolog", "called": 1, "total": 0.031155292, "mean": 0.031155292, "maximum": 0.031155292, "__type__": "DurationSummary"}, {"operation": "Generate", "called": 1, "total": 0.00038000000000004697, "mean": 0.00038000000000004697, "maximum": 0.00038000000000004697, "__type__": "DurationSummary"}], "__type__": "ProgramStats"}, "is_solution": true, "stats_file": "./results/list_magicvalues_multipleclauses/magicpopper/70/8/stats.json", "end": true, "__type__": "Stats"}