{"log_best_programs": true, "num_literals": 0, "total_programs": 2, "total_rules": 0, "total_ground_rules": 0, "durations": {"generate": [0.0003242079999999925, 0.0017621669999999812, 0.00046254099999987197], "find_bindings_prolog": [0.025937125000000005, 1.082723125], "bind": [5.829999999984459e-07, 0.11600658299999989], "test": [0.02621612499999998, 1.199718209], "combine": [5.419999999922709e-07, 0.04565345799999987], "constrain": [0.003482333000000004, 0.0036983749999999205]}, "final_exec_time": 1.4075392500000001, "stages": [], "best_programs": [], "solution": null, "is_solution": false, "stats_file": "./results/list_magicvaluesameclause/magicpopper/14/8/stats.json", "end": true, "__type__": "Stats"}