{"log_best_programs": true, "num_literals": 0, "total_programs": 91, "total_rules": 0, "total_ground_rules": 0, "durations": {"generate": [0.0003901660000000251, 0.000287083999999993, 0.0003489999999999882, 0.0006990000000000052, 0.0002651670000000106, 0.0004748749999999857, 0.0002487500000000198, 0.00021220799999999151, 0.0002155419999999575, 0.00021341699999999353, 0.00044450000000006984, 0.00025062500000005983, 0.00040991600000006567, 0.0003717920000000374, 0.0004577910000000962, 0.0003192079999996267, 0.0003872500000001722, 0.0005842920000000973, 0.0002957500000002611, 0.00033045799999964487, 0.0002772909999997353, 0.0003058749999995669, 0.00028754199999969643, 0.0003454160000000428, 0.0004447499999997717, 0.0004277919999999824, 0.0004018750000014393, 0.00047854099999966593, 0.00036770800000063275, 0.00037804199999946775, 0.00037808300000108375, 0.00041733299999968665, 0.0002722500000000849, 0.0003670420000005947, 0.0004071250000006188, 0.00040845899999908397, 0.00033499999999975216, 0.00037591700000128014, 0.00033637499999983334, 0.0007828329999988171, 0.00040195900000128404, 0.00044141699999933337, 0.000623499999999666, 0.000343499999999608, 0.0002819590000004979, 0.00033845899999995765, 0.0006334170000030781, 0.0006066669999995611, 0.0004945419999984324, 0.0003384169999982589, 0.0005431250000000887, 0.0003769580000003714, 0.0003490829999996947, 0.00038083400000132883, 0.0003780000000013217, 0.0003071250000026282, 0.00039745799999835185, 0.00030024999999866964, 0.00039404199999992784, 0.00045358399999884114, 0.0002982920000000888, 0.00027766700000242395, 0.000534999999999286, 0.0003222499999999684, 0.0003467500000020607, 0.0003176660000008269, 0.0003252909999993392, 0.00046391600000106337, 0.00033887499999707416, 0.00047170800000273516, 0.00034020799999723295, 0.00044883300000009285, 0.0004060830000014448, 0.0003917089999987411, 0.00038483399999833523, 0.0003032500000017535, 0.00034479199999992716, 0.0003876669999982596, 0.0003908750000007899, 0.0003154589999994073, 0.00036366700000201035, 0.0003564999999987606, 0.0004066250000001048, 0.0003067500000000223, 0.0003258750000014743, 0.0003804580000021929, 0.00031691599999916775, 0.0004101249999983736, 0.0003321249999999054, 0.00033604100000061976, 0.00032379199999965635, 0.0004353749999985723], "test": [0.025089625000000004, 0.009190124999999993, 0.0007868750000000202, 0.0029970420000000053, 0.0008513329999999542, 0.0010285410000000494, 0.0008639580000000535, 0.0005152080000000447, 0.0008531659999999608, 0.000804708999999959, 0.0009105409999999869, 0.003769334000000013, 0.006771958000000078, 1.6388242920000002, 3.239587166, 0.013021832999999816, 1.532634625, 0.011241292000000236, 0.0011082079999997774, 0.007144541000000615, 0.002018915999999926, 0.0025123340000003935, 0.002550582999999662, 0.005411415999999392, 1.6908097500000006, 0.011386166999999503, 1.8050597919999998, 0.01312237500000002, 1.5774048749999992, 0.008460582999999744, 0.0031262920000010297, 0.0011537920000002089, 0.0014444999999998487, 0.011212875000000011, 0.007848041000000805, 0.0014860840000014974, 0.0029003749999994, 0.004995124999998879, 0.004482749999999314, 0.003491000000000355, 1.4992447500000008, 0.004478374999999701, 0.004571249999999694, 0.0020585000000004072, 0.011834333999999558, 4.100078207999999, 3.8264755830000006, 0.007428041999997248, 0.0007951249999997856, 0.009580417000002228, 0.008756625000000184, 0.002380709000000536, 0.001240374999998295, 0.008392958999998257, 0.0013057500000002165, 0.0022160419999970316, 0.0020085419999986698, 0.0012217499999991333, 0.0014123749999974677, 0.00522745800000024, 0.0011275419999989822, 0.0027520419999973456, 0.0015727920000010442, 0.0015590830000000722, 0.002810458000002569, 0.0027728749999980096, 0.0025829160000014895, 0.004868832999999739, 1.719202750000001, 0.005853457999997147, 0.003845042000001797, 1.5427528750000015, 0.005395958999997674, 0.0015952090000013186, 0.0022871670000021993, 0.0021982919999992134, 0.0033418750000002717, 0.0016860829999991722, 0.0013167080000009435, 0.0022204580000000362, 0.004808416999999565, 0.004731250000002518, 0.0026904160000000843, 0.0025688750000014693, 0.0025777920000003007, 0.00262029199999958, 0.002762249999999966, 0.004814332999998783, 0.001296750000001623, 0.0012179159999980982, 0.0031498330000019337], "combine": [6.250000000318501e-07, 0.0035495420000000166, 9.169999999891765e-07, 5.829999999984459e-07, 3.7499999994139444e-07, 6.669999998987208e-07, 3.7499999994139444e-07, 5.419999999922709e-07, 3.7500000005241674e-07, 4.580000000364848e-07, 4.999999999588667e-07, 4.999999999588667e-07, 6.670000000097431e-07, 1.3340000002415309e-06, 6.670000001207654e-07, 5.409999994654413e-07, 6.670000001207654e-07, 6.670000001207654e-07, 5.000000005139782e-07, 4.999999996257998e-07, 5.000000005139782e-07, 4.1699999986377634e-07, 4.1599999978103597e-07, 4.5799999970341787e-07, 1.4589999999259362e-06, 6.250000001983835e-07, 2.000000000279556e-06, 5.830000002760016e-07, 2.000000000279556e-06, 6.250000001983835e-07, 8.329999996448123e-07, 5.830000002760016e-07, 6.250000001983835e-07, 5.410000003536197e-07, 6.250000001983835e-07, 4.1599999889285755e-07, 5.000000005139782e-07, 5.829999984996448e-07, 5.000000005139782e-07, 4.1599999889285755e-07, 1.7920000008331272e-06, 6.669999983444086e-07, 6.250000001983835e-07, 4.169999989755979e-07, 6.250000001983835e-07, 2.083000001817936e-06, 1.624999999449983e-06, 5.830000020523585e-07, 4.589999988979798e-07, 6.250000019747404e-07, 6.669999983444086e-07, 6.669999983444086e-07, 5.00000002290335e-07, 5.830000020523585e-07, 5.420000022127169e-07, 6.669999983444086e-07, 4.999999987376214e-07, 4.999999987376214e-07, 4.5799999881523945e-07, 4.589999988979798e-07, 6.249999984220267e-07, 5.829999984996448e-07, 4.5800000236795313e-07, 4.169999989755979e-07, 4.169999989755979e-07, 4.590000024506935e-07, 4.5800000236795313e-07, 5.00000002290335e-07, 9.590000011883149e-07, 6.669999983444086e-07, 4.5799999881523945e-07, 9.580000011055745e-07, 6.249999984220267e-07, 5.00000002290335e-07, 4.160000024455712e-07, 4.5799999881523945e-07, 4.5800000236795313e-07, 4.169999989755979e-07, 3.74999999053216e-07, 3.74999999053216e-07, 4.590000024506935e-07, 4.5799999881523945e-07, 3.74999999053216e-07, 4.160000024455712e-07, 4.5799999881523945e-07, 4.1599999889285755e-07, 3.74999999053216e-07, 5.410000021299766e-07, 4.1599999889285755e-07, 7.090000018195042e-07, 0.004139417000001089],