{"log_best_programs": true, "num_literals": 0, "total_programs": 2, "total_rules": 0, "total_ground_rules": 0, "durations": {"generate": [0.00034279100000000895, 0.0017673750000000155, 0.0005682909999999985], "find_bindings_prolog": [0.024540125000000024, 1.067289875], "bind": [5.829999999984459e-07, 0.14878899999999984], "test": [0.02480829200000001, 1.217002667], "combine": [5.840000000256751e-07, 0.04385991599999994], "constrain": [0.0032083330000000077, 0.0044717499999999966]}, "final_exec_time": 1.418996666, "stages": [], "best_programs": [], "solution": null, "is_solution": false, "stats_file": "./results/list_magicvaluesameclause/magicpopper/13/0/stats.json", "end": true, "__type__": "Stats"}