{"log_best_programs": true, "num_literals": 0, "total_programs": 2, "total_rules": 0, "total_ground_rules": 0, "durations": {"generate": [0.00031166700000001546, 0.0018849589999999639, 0.0005487499999998757], "find_bindings_prolog": [0.024631999999999987, 1.072280209], "bind": [5.410000000205528e-07, 0.05790383300000013], "test": [0.024899459000000013, 1.1310028749999999], "combine": [5.839999999701639e-07, 0.013624250000000115], "constrain": [0.0032347090000000023, 0.004351833000000083]}, "final_exec_time": 1.301874292, "stages": [], "best_programs": [], "solution": null, "is_solution": false, "stats_file": "./results/list_magicvaluesameclause/magicpopper/10/0/stats.json", "end": true, "__type__": "Stats"}