{"log_best_programs": true, "num_literals": 0, "total_programs": 12, "total_rules": 0, "total_ground_rules": 0, "durations": {"generate": [0.0004844579999998544, 0.0003631659999996373, 0.0004385000000004524, 0.00040866700000030676, 0.0005307500000002463, 0.0003694589999998499, 0.00038225000000036147, 0.000471667000000231, 0.00035154199999976044, 0.0004495000000002136, 0.0003519159999996191, 0.00041554199999982444], "test": [0.04891333299999978, 0.059134083000000004, 0.01562037500000013, 0.2360374159999994, 0.062293708000000336, 0.23416516700000045, 0.015716250000000542, 0.011992291999999516, 0.011618125000000035, 0.02302712500000048, 0.021591665999999954, 0.18521420899999974], "combine": [7.07999999960407e-07, 0.043306832999999934, 4.999999996257998e-07, 0.06748829200000017, 0.06827645899999979, 7.500000007709673e-07, 4.5900000067433666e-07, 4.999999996257998e-07, 5.000000005139782e-07, 4.5799999970341787e-07, 4.999999996257998e-07], "constrain": [0.001273458000000005, 0.002349666999999833, 0.0017774160000003647, 0.00020154200000011002, 0.0015353750000004496, 0.00020520800000056738, 0.0017071249999993654, 0.00027237499999976933, 0.00024683400000036215, 0.00022683400000023113, 0.00022341599999986528], "find_bindings_prolog": [0.05861754199999947, 0.015096624999999975, 0.23554150000000007, 0.06175766700000018, 0.2336156660000004, 0.015386249999999713, 0.011661833999999871, 0.011304374999999922, 0.02270070900000043, 0.021281125000000678, 0.18341524999999947]}, "final_exec_time": 5.559433291, "stages": [], "best_programs": [], "solution": {"code": "magic_value(A):- head(A,gj),last(A,gj),magic(gj).\nmagic_value(A):- head(A,ce),last(A,ce),magic(ce).\nmagic_value(A):- head(A,ak),last(A,ak),magic(ak).\nmagic_value(A):- last(A,gs),head(A,gs),magic(gs).\nmagic_value(A):- head(A,c7),magic(c7).\nmagic_value(A):- head(A,fg),last(A,fg),magic(fg).\nmagic_value(A):- head(A,gq),last(A,gq),magic(gq).\nmagic_value(A):- last(A,bk),head(A,bk),magic(bk).\nmagic_value(A):- last(A,dz),head(A,dz),magic(dz).\nmagic_value(A):- last(A,ab),head(A,ab),magic(ab).\nmagic_value(A):- head(A,n),last(A,n),magic(n).\nmagic_value(A):- last(A,c7),magic(c7).\nmagic_value(A):- tail(A,B),head(B,c7),magic(c7).\nmagic_value(A):- head(A,bj),last(A,bj),magic(bj).\nmagic_value(A):- head(A,do),last(A,do),magic(do).", "is_solution": true, "conf_matrix": [0, 0, 0, 0], "total_exec_time": 5.559408416, "durations": [{"operation": "Test", "called": 12, "total": 0.9253237490000004, "mean": 0.0771103124166667, "maximum": 0.2360374159999994, "__type__": "DurationSummary"}, {"operation": "Find_Bindings_Prolog", "called": 11, "total": 0.8703785430000002, "mean": 0.07912532209090911, "maximum": 0.23554150000000007, "__type__": "DurationSummary"}, {"operation": "Combine", "called": 11, "total": 0.1790759590000004, "mean": 0.016279632636363672, "maximum": 0.06827645899999979, "__type__": "DurationSummary"}, {"operation": "Constrain", "called": 11, "total": 0.010019250000000923, "mean": 0.000910840909090993, "maximum": 0.002349666999999833, "__type__": "DurationSummary"}, {"operation": "Generate", "called": 12, "total": 0.005017417000000357, "mean": 0.0004181180833333631, "maximum": 0.0005307500000002463, "__type__": "DurationSummary"}], "__type__": "ProgramStats"}, "is_solution": true, "stats_file": "./results/list_example/magicpopper_types/3000/4/stats.json", "end": false, "__type__": "Stats"}