{"log_best_programs": true, "num_literals": 0, "total_programs": 8, "total_rules": 0, "total_ground_rules": 0, "durations": {"generate": [0.00037216700000008984, 0.0005799999999998029, 0.0015525000000000677, 0.0011180419999998747, 0.0017044999999999977, 0.0008013330000000707, 0.0006189169999999411, 0.0017790409999998147, 0.0007916250000001845], "find_bindings_prolog": [0.02238349999999989, 0.034766333999999954, 0.134900083, 0.1486535, 0.1594905000000002, 0.15041079200000018], "test": [0.025347666999999907, 0.04818358299999992, 0.018899124999999906, 0.1352126250000001, 0.149000542, 0.01809970899999991, 0.1600110829999999, 0.15075887500000018], "combine": [0.016886165999999925, 0.004879834000000027, 5.419999999922709e-07, 6.250000001983835e-07, 5.409999999095305e-07, 5.83000000053957e-07, 5.409999999095305e-07, 4.999999996257998e-07], "constrain": [0.0017811660000000007, 0.002403500000000003, 0.0004325409999998975, 0.003112707999999964, 0.004941833000000173, 0.001884875000000008, 0.001871583000000232, 0.0016972500000003166]}, "final_exec_time": 2.038397041, "stages": [], "best_programs": [], "solution": {"code": "magic_value(A):- head(A,de),magic(de).\nmagic_value(A):- head(A,dw),magic(dw).\nmagic_value(A):- head(A,kr),magic(kr).\nmagic_value(A):- head(A,iv),magic(iv).\nmagic_value(A):- head(A,gf),magic(gf).\nmagic_value(A):- head(A,gy),magic(gy).\nmagic_value(A):- head(A,lf),magic(lf).\nmagic_value(A):- head(A,nj),magic(nj).\nmagic_value(A):- head(A,f),magic(f).\nmagic_value(A):- head(A,kd),magic(kd).\nmagic_value(A):- head(A,ic),magic(ic).\nmagic_value(A):- head(A,ny),magic(ny).\nmagic_value(A):- head(A,qt),magic(qt).\nmagic_value(A):- head(A,cd),magic(cd).\nmagic_value(A):- head(A,mp),magic(mp).\nmagic_value(A):- head(A,qo),magic(qo).\nmagic_value(A):- head(A,ja),magic(ja).\nmagic_value(A):- head(A,lp),magic(lp).\nmagic_value(A):- head(A,fh),magic(fh).\nmagic_value(A):- head(A,lt),magic(lt).\nmagic_value(A):- head(A,pl),magic(pl).\nmagic_value(A):- head(A,hq),magic(hq).\nmagic_value(A):- head(A,ga),magic(ga).\nmagic_value(A):- head(A,aw),magic(aw).\nmagic_value(A):- head(A,dc),magic(dc).\nmagic_value(A):- head(A,cf),magic(cf).\nmagic_value(A):- head(A,hi),magic(hi).\nmagic_value(A):- head(A,fy),magic(fy).\nmagic_value(A):- head(A,ib),magic(ib).\nmagic_value(A):- head(A,cx),magic(cx).", "is_solution": true, "conf_matrix": [200, 0, 200, 0], "total_exec_time": 2.038394583, "durations": [{"operation": "Test", "called": 1, "total": 0.025347666999999907, "mean": 0.025347666999999907, "maximum": 0.025347666999999907, "__type__": "DurationSummary"}, {"operation": "Find_Bindings_Prolog", "called": 1, "total": 0.02238349999999989, "mean": 0.02238349999999989, "maximum": 0.02238349999999989, "__type__": "DurationSummary"}, {"operation": "Generate", "called": 1, "total": 0.00037216700000008984, "mean": 0.00037216700000008984, "maximum": 0.00037216700000008984, "__type__": "DurationSummary"}], "__type__": "ProgramStats"}, "is_solution": true, "stats_file": "./results/list_magicvalues_multipleclauses/magicpopper/30/8/stats.json", "end": true, "__type__": "Stats"}