{"log_best_programs": true, "num_literals": 0, "total_programs": 1, "total_rules": 0, "total_ground_rules": 0, "durations": {"generate": [0.0002894169999999585, 0.00074283399999997], "find_bindings_prolog": [0.026269542000000035], "test": [0.02665804200000005], "combine": [0.0035751250000000123], "constrain": [0.0012946249999999937]}, "final_exec_time": 0.284867916, "stages": [], "best_programs": [], "solution": {"code": "magic_value(A):- member(a,A),magic(a).", "is_solution": true, "conf_matrix": [100, 0, 100, 0], "total_exec_time": 0.284866166, "durations": [{"operation": "Test", "called": 1, "total": 0.02665804200000005, "mean": 0.02665804200000005, "maximum": 0.02665804200000005, "__type__": "DurationSummary"}, {"operation": "Find_Bindings_Prolog", "called": 1, "total": 0.026269542000000035, "mean": 0.026269542000000035, "maximum": 0.026269542000000035, "__type__": "DurationSummary"}, {"operation": "Generate", "called": 1, "total": 0.0002894169999999585, "mean": 0.0002894169999999585, "maximum": 0.0002894169999999585, "__type__": "DurationSummary"}], "__type__": "ProgramStats"}, "is_solution": true, "stats_file": "./results/list_magicvaluesameclause/magicpopper/1/4/stats.json", "end": true, "__type__": "Stats"}