{"log_best_programs": true, "num_literals": 0, "total_programs": 8, "total_rules": 0, "total_ground_rules": 0, "durations": {"generate": [0.0003584999999999283, 0.0005898339999999003, 0.0012805419999999401, 0.0010680839999999137, 0.0016524579999999123, 0.0008829999999999671, 0.0007010000000000627, 0.0012655829999999035, 0.0006279160000000061], "find_bindings_prolog": [0.015165625000000071, 0.03256008300000013, 0.12204645800000002, 0.13200229200000013, 0.17196458399999992, 0.1329523330000002], "test": [0.01590795800000011, 0.04437808300000001, 0.016649000000000136, 0.12232195899999998, 0.015610792000000151, 0.13231887499999995, 0.17245337500000013, 0.13327354099999988], "combine": [0.005742165999999882, 0.0036790420000001323, 4.1700000008582094e-07, 5.83000000053957e-07, 6.669999998987208e-07, 4.5900000000820285e-07, 5.00000000069889e-07, 4.5900000023024745e-07], "constrain": [0.0015655830000000925, 0.002112042000000036, 0.0003687080000001064, 0.0030742079999999117, 0.00045804199999999184, 0.004859541000000078, 0.0017420000000001323, 0.004865625000000318]}, "final_exec_time": 1.85088925, "stages": [], "best_programs": [], "solution": {"code": "magic_value(A):- head(A,kw),magic(kw).\nmagic_value(A):- head(A,jk),magic(jk).\nmagic_value(A):- head(A,qb),magic(qb).\nmagic_value(A):- head(A,ky),magic(ky).\nmagic_value(A):- head(A,qp),magic(qp).", "is_solution": true, "conf_matrix": [200, 0, 200, 0], "total_exec_time": 1.8508859579999999, "durations": [{"operation": "Test", "called": 1, "total": 0.01590795800000011, "mean": 0.01590795800000011, "maximum": 0.01590795800000011, "__type__": "DurationSummary"}, {"operation": "Find_Bindings_Prolog", "called": 1, "total": 0.015165625000000071, "mean": 0.015165625000000071, "maximum": 0.015165625000000071, "__type__": "DurationSummary"}, {"operation": "Generate", "called": 1, "total": 0.0003584999999999283, "mean": 0.0003584999999999283, "maximum": 0.0003584999999999283, "__type__": "DurationSummary"}], "__type__": "ProgramStats"}, "is_solution": true, "stats_file": "./results/list_magicvalues_multipleclauses/magicpopper/5/9/stats.json", "end": true, "__type__": "Stats"}