{"log_best_programs": true, "num_literals": 0, "total_programs": 125, "total_rules": 0, "total_ground_rules": 0, "durations": {"generate": [0.001043582999999959, 0.0017156249999999984, 0.021790332999999995, 0.0007140420000000258, 0.000925375000000006, 0.0024341659999997933, 0.0017530409999999552, 0.0013724579999998543, 0.0014822089999999566, 0.0012341249999998638, 0.0013038749999998434, 0.03048849999999992, 0.37938054099999996, 0.004218374999999774, 0.015798417000000065, 0.004325416999999998, 0.10013120800000008, 0.002067750000000146, 0.3377579169999998, 0.005073833999999611, 0.0012952920000000034, 0.307551417, 0.0023245000000002847, 0.0013135000000001895, 0.6634016250000005, 0.005254708999999913, 0.0023980000000003443, 1.746932041, 0.0035029580000003335, 0.0019290839999994702, 0.002243583000000271, 0.0012397079999999505, 0.0065605419999998915, 0.004681832999999358, 0.0006356249999992514, 0.0006296249999993009, 1.2167837500000003, 0.0005799999999993588, 0.0006363339999992945, 0.0036652500000000643, 0.0014758749999996823, 0.0017373749999993748, 0.0014623750000000157, 0.0011745410000010281, 0.0011600410000003336, 0.00392387499999991, 0.001186999999999827, 0.0012853340000003044, 0.0010263330000004345, 0.0010827080000002098, 0.0009442499999998688, 0.0016110829999984588, 0.0008088340000007577, 0.002112000000000336, 0.0011809159999991437, 0.0017509160000006574, 0.0018138329999999314, 0.0010675839999993997, 0.0007453749999992709, 0.001418083999999098, 0.001038249999998797, 0.0011017090000002838, 0.0016963749999998612, 0.0011897919999999118, 0.0007227079999996278, 0.001296084000001585, 0.0009436669999995928, 0.0007341670000009515, 0.0008862499999988671, 0.0008264160000006626, 0.000796957999998682, 0.0009287080000000003, 0.0008566249999990561, 0.000827165999998769, 0.0012852080000005373, 0.0010083339999997776, 0.0010688329999997137, 0.017679499999999848, 0.000718749999998991, 0.0007590830000001603, 0.0007771249999990459, 0.0012747080000004019, 0.0008405420000006103, 0.0010351249999995815, 0.0010445410000006206, 0.0013789590000001795, 0.0008500829999995574, 0.00104741700000055, 0.000901457999999522, 0.0010135830000006507, 0.0010176660000009718, 0.0008942090000001457, 0.0009842080000002085, 0.0008234580000010538, 0.0009932500000005007, 0.0011173329999998316, 0.0008550839999994508, 0.017532416999999967, 0.011811500000000308, 0.004851042000000305, 0.0012833749999998645, 0.0020916250000002634, 0.0008339159999994905, 0.008944333000000526, 0.002261040999998798, 0.0029471250000003835, 0.001279249999999621, 0.0011045830000000478, 0.0008174590000002979, 0.011394292000000306, 0.0014963750000003273, 0.014951083999999781, 0.0036978330000003723, 0.0010951250000008628, 0.001559415999999203, 0.0011046249999999702, 0.001085542000000217, 0.0011456249999994839, 0.00198137499999973, 0.004534708999999637, 0.00100479199999981, 0.0008822920000000067, 0.0011878749999993943, 0.0007420000000006866, 0.0032696670000014194, 8.710383125], "find_bindings_prolog": [0.014523083999999908, 0.003457916999999977, 0.05739304200000006, 0.06032562499999994, 0.0625901670000002, 0.0029432920000000973, 0.003042417000000075, 0.004355333000000128, 0.003885125000000045, 0.00394795800000014, 0.004337833999999985, 0.0013907500000001072, 0.0032230420000001203, 0.002308959000000055, 0.0007273329999999412, 0.0021474590000001292, 0.00230137500000005, 0.0007698339999997472, 0.003840124999999972, 0.003245417000000028, 0.0029978749999997056, 0.0007283330000000809, 0.0007962500000000539, 0.003221416999999782, 0.003511332999999617, 0.003193375000000387, 0.002880875000000671, 0.0008234590000002484, 0.005930667000000334, 0.006171625000000347, 0.0008213330000002017, 0.0007219999999996674, 0.003586332999999442, 0.0038765840000003493, 0.003518499999999314, 0.003873042000000382, 0.000981042000000265, 0.0008545410000007081, 0.0034927500000003775, 0.0008155419999997804, 0.0027901659999995942, 0.0023332500000003975, 0.0035925829999996495, 0.003246833000000393, 0.0023672920000006314, 0.003848792000001211, 0.0008793750000002376, 0.005409583999998802, 0.003400375000000011, 0.0031482080000007073, 0.0027717920000007723, 0.0008106249999997317, 0.0008278750000005886, 0.003251000000000559, 0.0008219999999994343, 0.002363332999999912, 0.0008461670000006194, 0.0034817920000005387, 0.003011790999998709, 0.005436500000000066, 0.00395750000000028, 0.0023188750000002756, 0.0007856249999989018, 0.0033250000000002444, 0.0030585000000016294, 0.0030719999999995196, 0.002996792000001136, 0.0033609999999999474, 0.0034947079999998465, 0.0037951669999998217, 0.003728125000000304, 0.0030415000000001413, 0.0032162499999994765, 0.0032117910000000194, 0.005465416999999917, 0.00355799999999995, 0.0592118750000008, 0.003158917000000372, 0.0032368330000007717, 0.0036187079999994154, 0.003382667000000339, 0.0032059579999987875, 0.003009125000000168, 0.003239415999999551, 0.0032677090000010622, 0.004209916999998953, 0.003503040999998319, 0.003951582999999204, 0.0034921669999992133, 0.0038001669999996324, 0.0037454590000010057, 0.0031083330000001297, 0.0033230419999998873, 0.004020417000001331, 0.0034105420000010156, 0.003925374999999676, 0.003477499999998912, 0.0032727499999989362, 0.000848333000000423, 0.0033127499999991983, 0.002685458000000196, 0.00212545800000008, 0.0019445839999985282, 0.0006706249999997027, 0.00362258300000029, 0.0029307080000009478, 0.0030098750000000507, 0.002555624999999395, 0.0024458329999994532, 0.003706333000000228, 0.004315583000000345, 0.003519332999999847, 0.0035391669999995656, 0.004120291999999637, 0.002999083000000624, 0.0031448330000003466, 0.0006553750000009018, 0.0006809580000002313, 0.003476209000000452, 0.03917916700000035, 0.033134040999998504, 0.035533582999999425, 0.0431183329999989, 0.03886616700000012, 0.0011081669999999377],