{"log_best_programs": true, "num_literals": 0, "total_programs": 96, "total_rules": 0, "total_ground_rules": 0, "durations": {"generate": [0.0003566669999999772, 0.00029562500000002156, 0.0003829579999999888, 0.00037666599999996997, 0.000290541000000033, 0.00048929200000003, 0.0002526670000000397, 0.00022408299999998604, 0.00023654200000000625, 0.00027841699999997527, 0.00039000000000000146, 0.0002458329999999731, 0.00046754099999996024, 0.00040204100000001963, 0.000430541000000062, 0.00036679199999944956, 0.0005050840000002665, 0.0007243749999998883, 0.00033316599999988483, 0.00042408299999951993, 0.00040549999999939246, 0.0003138339999999573, 0.0002908330000002124, 0.00037129199999963447, 0.0003975000000000506, 0.0003620409999998131, 0.0005204580000004455, 0.0005280000000009721, 0.0003652079999998392, 0.0003270000000004103, 0.0003480000000006811, 0.0003747500000006454, 0.0004226670000004873, 0.0004254169999988733, 0.00038729200000098274, 0.0003430000000008704, 0.0003405839999999216, 0.0004228340000000941, 0.000331958999998605, 0.0003546669999998642, 0.00031579199999853813, 0.0004673329999995701, 0.0004263340000001392, 0.000508165999999477, 0.0004629579999999578, 0.0005094579999997961, 0.00035224999999883266, 0.0004954159999996932, 0.00028312499999927354, 0.0004237089999996613, 0.0005760000000023524, 0.00032020900000162555, 0.00037045799999901874, 0.0003099590000026353, 0.00035841699999750176, 0.0004345000000007815, 0.0004301660000010088, 0.00031629200000082847, 0.000359292000002398, 0.00029262500000015734, 0.00038799999999739043, 0.00036658299999814403, 0.0007338339999982679, 0.0004095409999997912, 0.00036833399999736116, 0.00033783399999975927, 0.00035525000000191653, 0.000329667000002587, 0.0003719999999987067, 0.00038424999999975284, 0.0003721249999983911, 0.0004028749999989145, 0.0004462919999994597, 0.0004034169999975745, 0.00033958300000236363, 0.00042787499999974443, 0.0003606669999989265, 0.00036333299999924407, 0.0003925830000000019, 0.0004222089999998957, 0.0003900419999993687, 0.00045633299999892074, 0.0005462909999991439, 0.00037566600000005224, 0.00034958300000198506, 0.0003794580000011649, 0.0003809580000009305, 0.0004779589999976963, 0.0005714159999996582, 0.00038208299999809014, 0.0003425839999984248, 0.00030583300000230906, 0.0003187500000016996, 0.0003069170000031818, 0.00048708299999944416, 0.0003693330000018591, 0.00031266699999932257], "test": [0.02232175000000003, 0.00646049999999998, 0.000612208000000003, 0.003096541000000008, 0.0008493749999999856, 0.00086908400000002, 0.0008620420000000073, 0.000637624999999975, 0.0009188339999999795, 0.0008604579999999529, 0.0009139579999999925, 0.003731542000000032, 0.007481665999999998, 1.7669359999999998, 3.748900042, 0.015227540999999789, 1.7677070829999995, 0.01357208299999968, 0.0012166249999996381, 0.004615916000000553, 0.0014950830000000082, 0.0014306250000002407, 0.0021021249999995106, 0.00814341700000032, 0.002544957999999653, 1.9469234169999998, 2.0749042079999995, 0.009969999999999146, 0.0013635839999999178, 0.001292416000000074, 0.004228124999999139, 1.558552666999999, 0.008687040999999951, 0.007109957999999139, 0.008539166000000264, 0.0011648329999989215, 0.004941500000001042, 0.0028533749999990476, 0.002818082999999305, 0.0019609169999998954, 3.7064952920000014, 0.017084209000000072, 3.8040276669999997, 1.6567805, 0.006552249999998594, 0.005043125000000259, 0.0051535830000020155, 0.0006933750000008843, 0.0006706250000014791, 0.01016133300000277, 0.001342208000000511, 0.0022221250000029613, 0.0012150840000018093, 0.0022231669999968062, 0.008776791000002504, 0.009903209000000857, 0.0012862090000034243, 0.0023347919999991973, 0.0011128750000004572, 0.002358665999999232, 0.0014812080000012884, 0.00741512500000141, 0.002393749999999528, 0.001467665999999923, 0.0032013329999998064, 0.001859458999998509, 0.0022393339999986495, 0.0013964589999986288, 1.6528533329999995, 0.006002957999999836, 0.0024371670000000734, 0.006651790999999463, 0.006942625000000646, 0.0024443339999997704, 0.00233954099999778, 0.0029020419999987723, 0.0026908749999989823, 0.0027538749999997947, 1.6608686660000025, 0.0075918749999992485, 0.003310125000002273, 0.005312041999999906, 0.0029338750000000857, 0.0027733750000003, 0.0027178749999983154, 0.002776374999999831, 0.002875291999998808, 0.0073702080000010994, 0.0016222500000004914, 0.0010827919999982782, 0.002127500000000282, 0.0006260420000003819, 0.002066791999997264, 0.0013027500000006853, 0.012962791999999723, 0.0034505839999994237], "combine": [6.670000000097431e-07, 0.003212916999999982, 6.659999999825139e-07, 5.829999999984459e-07, 4.1699999997479864e-07, 5.419999999922709e-07, 4.5900000000820285e-07, 4.5799999998097363e-07, 4.580000000364848e-07, 4.170000000303098e-07, 5.000000000143778e-07, 5.410000000205528e-07, 6.249999999763389e-07, 1.1249999998241833e-06, 1.3330000001587905e-06, 6.670000001207654e-07, 1.708000000100185e-06, 7.500000007709673e-07, 5.000000005139782e-07, 5.000000005139782e-07, 4.5900000067433666e-07, 4.1699999986377634e-07, 4.999999996257998e-07, 5.830000002760016e-07, 5.000000005139782e-07, 9.579999993292176e-07, 8.329999996448123e-07, 5.84000000358742e-07, 6.250000001983835e-07, 6.250000001983835e-07, 6.250000001983835e-07, 8.329999996448123e-07, 6.250000001983835e-07, 5.830000002760016e-07, 5.84000000358742e-07, 5.830000002760016e-07, 5.830000002760016e-07, 4.5799999881523945e-07, 4.5900000067433666e-07, 4.160000006692144e-07, 1.0830000007899798e-06, 5.830000020523585e-07, 5.50000000032469e-06, 1.834000002531866e-06, 6.660000018143819e-07, 5.829999984996448e-07, 5.00000002290335e-07, 4.5799999881523945e-07, 6.249999984220267e-07, 6.669999983444086e-07, 5.410000021299766e-07, 5.419999986600033e-07, 5.829999984996448e-07, 4.999999987376214e-07, 6.660000018143819e-07, 6.250000019747404e-07, 5.410000021299766e-07, 4.999999987376214e-07, 5.410000021299766e-07, 6.249999984220267e-07, 4.999999987376214e-07, 5.829999984996448e-07, 4.5799999881523945e-07, 4.999999987376214e-07, 4.589999988979798e-07, 4.169999989755979e-07, 4.169999989755979e-07, 4.5799999881523945e-07, 1.041000000867598e-06, 7.500000016591457e-07, 5.00000002290335e-07, 4.999999987376214e-07, 7.079999981840501e-07, 4.999999987376214e-07, 4.5799999881523945e-07, 4.999999987376214e-07, 4.589999988979798e-07, 4.170000025283116e-07, 1.999999998503199e-06, 7.909999979460736e-07, 6.250000019747404e-07, 5.839999985823852e-07, 4.169999989755979e-07, 4.5800000236795313e-07, 4.999999987376214e-07, 4.5799999881523945e-07, 4.170000025283116e-07, 6.670000018971223e-07, 5.420000022127169e-07, 5.00000002290335e-07, 4.5799999881523945e-07, 4.170000025283116e-07, 4.5799999881523945e-07, 8.75000001343551e-07, 6.670000018971223e-07, 0.004045999999998884],