{"log_best_programs": true, "num_literals": 0, "total_programs": 8, "total_rules": 0, "total_ground_rules": 0, "durations": {"generate": [0.0003785419999999817, 0.0005741669999999033, 0.0013907909999999468, 0.0012200420000001433, 0.0015090840000000494, 0.0012432920000000625, 0.0003686670000000447, 0.0017209170000000995, 0.0007712909999999518], "find_bindings_prolog": [0.030193458999999923, 0.03292979200000001, 0.13333475000000017, 0.16239195799999995, 0.14600737499999994, 0.14489487499999987], "test": [0.03603395799999998, 0.044680249999999866, 0.019167999999999852, 0.13364654199999992, 0.1629672499999999, 0.14634779099999973, 0.01838779199999996, 0.14523699999999984], "combine": [0.06572470799999985, 0.005658249999999976, 5.419999999922709e-07, 6.249999999763389e-07, 6.670000001207654e-07, 6.250000001983835e-07, 5.00000000069889e-07, 4.5900000023024745e-07], "constrain": [0.001754583999999948, 0.0023117909999998965, 0.0004170000000001117, 0.0030805830000000256, 0.0053299579999999125, 0.005345249999999968, 0.0005134170000000715, 0.001659332999999652]}, "final_exec_time": 2.069711792, "stages": [], "best_programs": [], "solution": {"code": "magic_value(A):- head(A,lh),magic(lh).\nmagic_value(A):- head(A,kh),magic(kh).\nmagic_value(A):- head(A,gs),magic(gs).\nmagic_value(A):- head(A,ii),magic(ii).\nmagic_value(A):- head(A,hy),magic(hy).\nmagic_value(A):- head(A,ns),magic(ns).\nmagic_value(A):- head(A,ou),magic(ou).\nmagic_value(A):- head(A,np),magic(np).\nmagic_value(A):- head(A,ql),magic(ql).\nmagic_value(A):- head(A,sd),magic(sd).\nmagic_value(A):- head(A,oi),magic(oi).\nmagic_value(A):- head(A,on),magic(on).\nmagic_value(A):- head(A,gm),magic(gm).\nmagic_value(A):- head(A,og),magic(og).\nmagic_value(A):- head(A,ae),magic(ae).\nmagic_value(A):- head(A,dh),magic(dh).\nmagic_value(A):- head(A,fm),magic(fm).\nmagic_value(A):- head(A,or),magic(or).\nmagic_value(A):- head(A,av),magic(av).\nmagic_value(A):- head(A,pm),magic(pm).\nmagic_value(A):- head(A,rr),magic(rr).\nmagic_value(A):- head(A,dx),magic(dx).\nmagic_value(A):- head(A,br),magic(br).\nmagic_value(A):- head(A,ll),magic(ll).\nmagic_value(A):- head(A,dr),magic(dr).\nmagic_value(A):- head(A,lx),magic(lx).\nmagic_value(A):- head(A,sg),magic(sg).\nmagic_value(A):- head(A,rj),magic(rj).\nmagic_value(A):- head(A,x),magic(x).\nmagic_value(A):- head(A,ka),magic(ka).\nmagic_value(A):- head(A,jl),magic(jl).\nmagic_value(A):- head(A,jd),magic(jd).\nmagic_value(A):- head(A,kz),magic(kz).\nmagic_value(A):- head(A,du),magic(du).\nmagic_value(A):- head(A,ig),magic(ig).\nmagic_value(A):- head(A,mb),magic(mb).\nmagic_value(A):- head(A,md),magic(md).\nmagic_value(A):- head(A,ip),magic(ip).\nmagic_value(A):- head(A,py),magic(py).\nmagic_value(A):- head(A,mu),magic(mu).\nmagic_value(A):- head(A,mn),magic(mn).\nmagic_value(A):- head(A,o),magic(o).\nmagic_value(A):- head(A,cl),magic(cl).\nmagic_value(A):- head(A,pn),magic(pn).\nmagic_value(A):- head(A,ev),magic(ev).\nmagic_value(A):- head(A,cu),magic(cu).\nmagic_value(A):- head(A,de),magic(de).\nmagic_value(A):- head(A,nv),magic(nv).\nmagic_value(A):- head(A,rw),magic(rw).\nmagic_value(A):- head(A,gl),magic(gl).\nmagic_value(A):- head(A,ds),magic(ds).\nmagic_value(A):- head(A,gv),magic(gv).\nmagic_value(A):- head(A,ow),magic(ow).\nmagic_value(A):- head(A,qh),magic(qh).\nmagic_value(A):- head(A,co),magic(co).\nmagic_value(A):- head(A,hx),magic(hx).\nmagic_value(A):- head(A,nh),magic(nh).\nmagic_value(A):- head(A,em),magic(em).\nmagic_value(A):- head(A,ix),magic(ix).\nmagic_value(A):- head(A,iu),magic(iu).\nmagic_value(A):- head(A,bx),magic(bx).\nmagic_value(A):- head(A,ew),magic(ew).\nmagic_value(A):- head(A,fj),magic(fj).\nmagic_value(A):- head(A,my),magic(my).\nmagic_value(A):- head(A,kk),magic(kk).", "is_solution": true, "conf_matrix": [200, 0, 200, 0], "total_exec_time": 2.069709417, "durations": [{"operation": "Test", "called": 1, "total": 0.03603395799999998, "mean": 0.03603395799999998, "maximum": 0.03603395799999998, "__type__": "DurationSummary"}, {"operation": "Find_Bindings_Prolog", "called": 1, "total": 0.030193458999999923, "mean": 0.030193458999999923, "maximum": 0.030193458999999923, "__type__": "DurationSummary"}, {"operation": "Generate", "called": 1, "total": 0.0003785419999999817, "mean": 0.0003785419999999817, "maximum": 0.0003785419999999817, "__type__": "DurationSummary"}], "__type__": "ProgramStats"}, "is_solution": true, "stats_file": "./results/list_magicvalues_multipleclauses/magicpopper/65/4/stats.json", "end": true, "__type__": "Stats"}