{"log_best_programs": true, "num_literals": 0, "total_programs": 8, "total_rules": 0, "total_ground_rules": 0, "durations": {"generate": [0.00041000000000002146, 0.0005800000000000249, 0.001553458000000063, 0.001110208000000057, 0.001773374999999966, 0.0008889999999999176, 0.000813957999999726, 0.0017394159999999381, 0.0013071660000001373], "find_bindings_prolog": [0.04134299999999991, 0.03408220800000006, 0.14280337499999995, 0.15078854199999991, 0.1736555420000001, 0.15389891600000016], "test": [0.05007245800000004, 0.04760008399999993, 0.01975025000000019, 0.1431192910000001, 0.15113929199999987, 0.01864816700000027, 0.17420541700000003, 0.15424629200000028], "combine": [0.11984745799999996, 0.006600291000000036, 5.829999998319124e-07, 7.090000000431473e-07, 6.670000001207654e-07, 5.419999999922709e-07, 5.00000000069889e-07, 5.839999999146528e-07], "constrain": [0.0017937500000000384, 0.0024304579999998577, 0.0004330839999999725, 0.0031090830000000125, 0.005602375000000048, 0.0005370830000002158, 0.0018683749999999222, 0.0018383749999997256]}, "final_exec_time": 2.2660989999999996, "stages": [], "best_programs": [], "solution": {"code": "magic_value(A):- head(A,en),magic(en).\nmagic_value(A):- head(A,jh),magic(jh).\nmagic_value(A):- head(A,ba),magic(ba).\nmagic_value(A):- head(A,kb),magic(kb).\nmagic_value(A):- head(A,cd),magic(cd).\nmagic_value(A):- head(A,ao),magic(ao).\nmagic_value(A):- head(A,ht),magic(ht).\nmagic_value(A):- head(A,db),magic(db).\nmagic_value(A):- head(A,fb),magic(fb).\nmagic_value(A):- head(A,rl),magic(rl).\nmagic_value(A):- head(A,qb),magic(qb).\nmagic_value(A):- head(A,qi),magic(qi).\nmagic_value(A):- head(A,hs),magic(hs).\nmagic_value(A):- head(A,fw),magic(fw).\nmagic_value(A):- head(A,dh),magic(dh).\nmagic_value(A):- head(A,aj),magic(aj).\nmagic_value(A):- head(A,jk),magic(jk).\nmagic_value(A):- head(A,ga),magic(ga).\nmagic_value(A):- head(A,ab),magic(ab).\nmagic_value(A):- head(A,jx),magic(jx).\nmagic_value(A):- head(A,qt),magic(qt).\nmagic_value(A):- head(A,cf),magic(cf).\nmagic_value(A):- head(A,kq),magic(kq).\nmagic_value(A):- head(A,lf),magic(lf).\nmagic_value(A):- head(A,gi),magic(gi).\nmagic_value(A):- head(A,cs),magic(cs).\nmagic_value(A):- head(A,ax),magic(ax).\nmagic_value(A):- head(A,at),magic(at).\nmagic_value(A):- head(A,or),magic(or).\nmagic_value(A):- head(A,ms),magic(ms).\nmagic_value(A):- head(A,lh),magic(lh).\nmagic_value(A):- head(A,rp),magic(rp).\nmagic_value(A):- head(A,ey),magic(ey).\nmagic_value(A):- head(A,qr),magic(qr).\nmagic_value(A):- head(A,in),magic(in).\nmagic_value(A):- head(A,gt),magic(gt).\nmagic_value(A):- head(A,pv),magic(pv).\nmagic_value(A):- head(A,bx),magic(bx).\nmagic_value(A):- head(A,mq),magic(mq).\nmagic_value(A):- head(A,hc),magic(hc).\nmagic_value(A):- head(A,gf),magic(gf).\nmagic_value(A):- head(A,ai),magic(ai).\nmagic_value(A):- head(A,cj),magic(cj).\nmagic_value(A):- head(A,bb),magic(bb).\nmagic_value(A):- head(A,ox),magic(ox).\nmagic_value(A):- head(A,oa),magic(oa).\nmagic_value(A):- head(A,ec),magic(ec).\nmagic_value(A):- head(A,ct),magic(ct).\nmagic_value(A):- head(A,dr),magic(dr).\nmagic_value(A):- head(A,el),magic(el).\nmagic_value(A):- head(A,cw),magic(cw).\nmagic_value(A):- head(A,qk),magic(qk).\nmagic_value(A):- head(A,ig),magic(ig).\nmagic_value(A):- head(A,pc),magic(pc).\nmagic_value(A):- head(A,ru),magic(ru).\nmagic_value(A):- head(A,qy),magic(qy).\nmagic_value(A):- head(A,fr),magic(fr).\nmagic_value(A):- head(A,qg),magic(qg).\nmagic_value(A):- head(A,bt),magic(bt).\nmagic_value(A):- head(A,x),magic(x).\nmagic_value(A):- head(A,cu),magic(cu).\nmagic_value(A):- head(A,fn),magic(fn).\nmagic_value(A):- head(A,y),magic(y).\nmagic_value(A):- head(A,qc),magic(qc).\nmagic_value(A):- head(A,jb),magic(jb).\nmagic_value(A):- head(A,cb),magic(cb).\nmagic_value(A):- head(A,bc),magic(bc).\nmagic_value(A):- head(A,fv),magic(fv).\nmagic_value(A):- head(A,px),magic(px).\nmagic_value(A):- head(A,bd),magic(bd).\nmagic_value(A):- head(A,ex),magic(ex).\nmagic_value(A):- head(A,ag),magic(ag).\nmagic_value(A):- head(A,iy),magic(iy).\nmagic_value(A):- head(A,rn),magic(rn).\nmagic_value(A):- head(A,og),magic(og).\nmagic_value(A):- head(A,ov),magic(ov).\nmagic_value(A):- head(A,ou),magic(ou).\nmagic_value(A):- head(A,eb),magic(eb).\nmagic_value(A):- head(A,jt),magic(jt).\nmagic_value(A):- head(A,oy),magic(oy).\nmagic_value(A):- head(A,ml),magic(ml).\nmagic_value(A):- head(A,d),magic(d).\nmagic_value(A):- head(A,ki),magic(ki).\nmagic_value(A):- head(A,ip),magic(ip).\nmagic_value(A):- head(A,qu),magic(qu).\nmagic_value(A):- head(A,gl),magic(gl).\nmagic_value(A):- head(A,ld),magic(ld).\nmagic_value(A):- head(A,io),magic(io).\nmagic_value(A):- head(A,au),magic(au).\nmagic_value(A):- head(A,gv),magic(gv).\nmagic_value(A):- head(A,hk),magic(hk).\nmagic_value(A):- head(A,fz),magic(fz).\nmagic_value(A):- head(A,bf),magic(bf).\nmagic_value(A):- head(A,mb),magic(mb).\nmagic_value(A):- head(A,bn),magic(bn).\nmagic_value(A):- head(A,nr),magic(nr).\nmagic_value(A):- head(A,dv),magic(dv).\nmagic_value(A):- head(A,pl),magic(pl).\nmagic_value(A):- head(A,nu),magic(nu).\nmagic_value(A):- head(A,rx),magic(rx).", "is_solution": true, "conf_matrix": [200, 0, 200, 0], "total_exec_time": 2.26609575, "durations": [{"operation": "Test", "called": 1, "total": 0.05007245800000004, "mean": 0.05007245800000004, "maximum": 0.05007245800000004, "__type__": "DurationSummary"}, {"operation": "Find_Bindings_Prolog", "called": 1, "total": 0.04134299999999991, "mean": 0.04134299999999991, "maximum": 0.04134299999999991, "__type__": "DurationSummary"}, {"operation": "Generate", "called": 1, "total": 0.00041000000000002146, "mean": 0.00041000000000002146, "maximum": 0.00041000000000002146, "__type__": "DurationSummary"}], "__type__": "ProgramStats"}, "is_solution": true, "stats_file": "./results/list_magicvalues_multipleclauses/magicpopper/100/0/stats.json", "end": true, "__type__": "Stats"}