{"log_best_programs": true, "num_literals": 0, "total_programs": 2, "total_rules": 0, "total_ground_rules": 0, "durations": {"generate": [0.00032691700000003765, 0.0016652090000000008, 0.0006456669999999054], "find_bindings_prolog": [0.024614417, 1.1034374169999999], "bind": [5.419999999922709e-07, 0.1281391660000002], "test": [0.024897208000000004, 1.232537917], "combine": [6.249999999763389e-07, 0.03828991699999995], "constrain": [0.0032646249999999655, 0.004747958000000052]}, "final_exec_time": 1.427972167, "stages": [], "best_programs": [], "solution": null, "is_solution": false, "stats_file": "./results/list_magicvaluesameclause/magicpopper/13/2/stats.json", "end": true, "__type__": "Stats"}