{"log_best_programs": true, "num_literals": 0, "total_programs": 12, "total_rules": 0, "total_ground_rules": 0, "durations": {"generate": [0.0004946669999998932, 0.00036320900000141876, 0.0007173329999989875, 0.0004053750000014844, 0.0004949579999991016, 0.0003389589999986953, 0.0003720830000002451, 0.00045750000000133184, 0.0004187499999996902, 0.0004888750000002773, 0.00036345900000078757, 0.00042870799999938924], "test": [0.09252208300000042, 0.0844232500000004, 0.03427058299999963, 0.26758549999999914, 0.07668370799999913, 0.26556229200000026, 0.03331249999999919, 0.026329542000000927, 0.026251625000000445, 0.04963070800000047, 0.04988791599999942, 0.863750207999999], "combine": [6.660000000380251e-07, 0.10699879200000062, 5.000000005139782e-07, 0.14963558300000024, 0.152103125, 6.660000000380251e-07, 4.1700000075195476e-07, 5.000000005139782e-07, 4.580000005915963e-07, 5.000000005139782e-07, 4.1700000075195476e-07], "constrain": [0.0012840419999999853, 0.002403667000001164, 0.0016078750000012576, 0.00018824999999900172, 0.0013495829999996545, 0.00019979200000008746, 0.0017357499999999249, 0.0003271250000000947, 0.00023870800000125314, 0.0002377909999999872, 0.000236333000000144], "find_bindings_prolog": [0.0837820409999992, 0.033483750000000256, 0.266911416000001, 0.07601520799999939, 0.2648748750000003, 0.03279629200000045, 0.02583870800000021, 0.025767999999999347, 0.049182917000001325, 0.049443708000000086, 0.8601620829999987]}, "final_exec_time": 13.266687750000001, "stages": [], "best_programs": [], "solution": {"code": "magic_value(A):- last(A,z),head(A,z),magic(z).\nmagic_value(A):- head(A,aj),last(A,aj),magic(aj).\nmagic_value(A):- last(A,dy),head(A,dy),magic(dy).\nmagic_value(A):- last(A,ck),head(A,ck),magic(ck).\nmagic_value(A):- last(A,fq),head(A,fq),magic(fq).\nmagic_value(A):- head(A,gi),last(A,gi),magic(gi).\nmagic_value(A):- last(A,dq),head(A,dq),magic(dq).\nmagic_value(A):- head(A,bg),last(A,bg),magic(bg).\nmagic_value(A):- last(A,ei),head(A,ei),magic(ei).\nmagic_value(A):- head(A,gf),last(A,gf),magic(gf).\nmagic_value(A):- last(A,ds),head(A,ds),magic(ds).\nmagic_value(A):- tail(A,B),head(B,c7),magic(c7).\nmagic_value(A):- head(A,cy),last(A,cy),magic(cy).\nmagic_value(A):- head(A,et),last(A,et),magic(et).\nmagic_value(A):- head(A,ap),last(A,ap),magic(ap).\nmagic_value(A):- head(A,bk),last(A,bk),magic(bk).\nmagic_value(A):- head(A,bl),last(A,bl),magic(bl).\nmagic_value(A):- last(A,bv),head(A,bv),magic(bv).\nmagic_value(A):- head(A,dm),last(A,dm),magic(dm).\nmagic_value(A):- head(A,ce),last(A,ce),magic(ce).\nmagic_value(A):- last(A,c7),magic(c7).\nmagic_value(A):- head(A,fv),last(A,fv),magic(fv).\nmagic_value(A):- last(A,b),head(A,b),magic(b).\nmagic_value(A):- last(A,cw),head(A,cw),magic(cw).\nmagic_value(A):- last(A,fu),head(A,fu),magic(fu).\nmagic_value(A):- head(A,c7),magic(c7).\nmagic_value(A):- last(A,bs),head(A,bs),magic(bs).\nmagic_value(A):- head(A,dp),last(A,dp),magic(dp).\nmagic_value(A):- last(A,ch),head(A,ch),magic(ch).", "is_solution": true, "conf_matrix": [0, 0, 0, 0], "total_exec_time": 13.2666635, "durations": [{"operation": "Test", "called": 12, "total": 1.8702099149999984, "mean": 0.15585082624999988, "maximum": 0.863750207999999, "__type__": "DurationSummary"}, {"operation": "Find_Bindings_Prolog", "called": 11, "total": 1.7682589980000003, "mean": 0.16075081800000002, "maximum": 0.8601620829999987, "__type__": "DurationSummary"}, {"operation": "Combine", "called": 11, "total": 0.4087416240000046, "mean": 0.03715832945454587, "maximum": 0.152103125, "__type__": "DurationSummary"}, {"operation": "Constrain", "called": 11, "total": 0.009808916000002554, "mean": 0.0008917196363638686, "maximum": 0.002403667000001164, "__type__": "DurationSummary"}, {"operation": "Generate", "called": 12, "total": 0.005343876000001302, "mean": 0.0004453230000001085, "maximum": 0.0007173329999989875, "__type__": "DurationSummary"}], "__type__": "ProgramStats"}, "is_solution": true, "stats_file": "./results/list_example/magicpopper_types/7000/9/stats.json", "end": false, "__type__": "Stats"}