{"log_best_programs": true, "num_literals": 0, "total_programs": 8, "total_rules": 0, "total_ground_rules": 0, "durations": {"generate": [0.000411750000000044, 0.0006347500000001283, 0.001497708000000042, 0.001070916999999838, 0.0016629590000001304, 0.001006584000000199, 0.0011387499999999662, 0.0007373340000000894, 0.0011125000000000718], "find_bindings_prolog": [0.03412987500000009, 0.032509416999999985, 0.13533554199999998, 0.14462079099999992, 0.15530254199999982, 0.14419262500000007], "test": [0.040847042, 0.043889792000000094, 0.019323458999999987, 0.1356528330000002, 0.14495833300000016, 0.15580670799999963, 0.14452612500000006, 0.018479249999999947], "combine": [0.09350258300000003, 0.005613167000000141, 5.83000000053957e-07, 7.07999999960407e-07, 6.250000001983835e-07, 5.419999999922709e-07, 5.00000000069889e-07, 5.419999999922709e-07], "constrain": [0.0017597920000000933, 0.0023344579999999837, 0.000430208000000043, 0.0030993340000000646, 0.005288874999999749, 0.0018462079999999048, 0.0016895419999998218, 0.0005278749999999555]}, "final_exec_time": 2.088507042, "stages": [], "best_programs": [], "solution": {"code": "magic_value(A):- head(A,qf),magic(qf).\nmagic_value(A):- head(A,dj),magic(dj).\nmagic_value(A):- head(A,pu),magic(pu).\nmagic_value(A):- head(A,jc),magic(jc).\nmagic_value(A):- head(A,bs),magic(bs).\nmagic_value(A):- head(A,ad),magic(ad).\nmagic_value(A):- head(A,ht),magic(ht).\nmagic_value(A):- head(A,pa),magic(pa).\nmagic_value(A):- head(A,dy),magic(dy).\nmagic_value(A):- head(A,ib),magic(ib).\nmagic_value(A):- head(A,go),magic(go).\nmagic_value(A):- head(A,bx),magic(bx).\nmagic_value(A):- head(A,nw),magic(nw).\nmagic_value(A):- head(A,ac),magic(ac).\nmagic_value(A):- head(A,qv),magic(qv).\nmagic_value(A):- head(A,rn),magic(rn).\nmagic_value(A):- head(A,an),magic(an).\nmagic_value(A):- head(A,hl),magic(hl).\nmagic_value(A):- head(A,cp),magic(cp).\nmagic_value(A):- head(A,ih),magic(ih).\nmagic_value(A):- head(A,t),magic(t).\nmagic_value(A):- head(A,gn),magic(gn).\nmagic_value(A):- head(A,hd),magic(hd).\nmagic_value(A):- head(A,hr),magic(hr).\nmagic_value(A):- head(A,av),magic(av).\nmagic_value(A):- head(A,cc),magic(cc).\nmagic_value(A):- head(A,bh),magic(bh).\nmagic_value(A):- head(A,mb),magic(mb).\nmagic_value(A):- head(A,oa),magic(oa).\nmagic_value(A):- head(A,pw),magic(pw).\nmagic_value(A):- head(A,gw),magic(gw).\nmagic_value(A):- head(A,lz),magic(lz).\nmagic_value(A):- head(A,bc),magic(bc).\nmagic_value(A):- head(A,bi),magic(bi).\nmagic_value(A):- head(A,jn),magic(jn).\nmagic_value(A):- head(A,pb),magic(pb).\nmagic_value(A):- head(A,re),magic(re).\nmagic_value(A):- head(A,h),magic(h).\nmagic_value(A):- head(A,ju),magic(ju).\nmagic_value(A):- head(A,ct),magic(ct).\nmagic_value(A):- head(A,gg),magic(gg).\nmagic_value(A):- head(A,oo),magic(oo).\nmagic_value(A):- head(A,rr),magic(rr).\nmagic_value(A):- head(A,ex),magic(ex).\nmagic_value(A):- head(A,ak),magic(ak).\nmagic_value(A):- head(A,jb),magic(jb).\nmagic_value(A):- head(A,r),magic(r).\nmagic_value(A):- head(A,es),magic(es).\nmagic_value(A):- head(A,jp),magic(jp).\nmagic_value(A):- head(A,ay),magic(ay).\nmagic_value(A):- head(A,ny),magic(ny).\nmagic_value(A):- head(A,qd),magic(qd).\nmagic_value(A):- head(A,sh),magic(sh).\nmagic_value(A):- head(A,me),magic(me).\nmagic_value(A):- head(A,du),magic(du).\nmagic_value(A):- head(A,gt),magic(gt).\nmagic_value(A):- head(A,lv),magic(lv).\nmagic_value(A):- head(A,c),magic(c).\nmagic_value(A):- head(A,sg),magic(sg).\nmagic_value(A):- head(A,he),magic(he).\nmagic_value(A):- head(A,pm),magic(pm).\nmagic_value(A):- head(A,dd),magic(dd).\nmagic_value(A):- head(A,qh),magic(qh).\nmagic_value(A):- head(A,pt),magic(pt).\nmagic_value(A):- head(A,hv),magic(hv).\nmagic_value(A):- head(A,jl),magic(jl).\nmagic_value(A):- head(A,df),magic(df).\nmagic_value(A):- head(A,q),magic(q).\nmagic_value(A):- head(A,sa),magic(sa).\nmagic_value(A):- head(A,hq),magic(hq).\nmagic_value(A):- head(A,ni),magic(ni).\nmagic_value(A):- head(A,kn),magic(kn).\nmagic_value(A):- head(A,lp),magic(lp).\nmagic_value(A):- head(A,jq),magic(jq).\nmagic_value(A):- head(A,ia),magic(ia).", "is_solution": true, "conf_matrix": [200, 0, 200, 0], "total_exec_time": 2.0885046249999997, "durations": [{"operation": "Test", "called": 1, "total": 0.040847042, "mean": 0.040847042, "maximum": 0.040847042, "__type__": "DurationSummary"}, {"operation": "Find_Bindings_Prolog", "called": 1, "total": 0.03412987500000009, "mean": 0.03412987500000009, "maximum": 0.03412987500000009, "__type__": "DurationSummary"}, {"operation": "Generate", "called": 1, "total": 0.000411750000000044, "mean": 0.000411750000000044, "maximum": 0.000411750000000044, "__type__": "DurationSummary"}], "__type__": "ProgramStats"}, "is_solution": true, "stats_file": "./results/list_magicvalues_multipleclauses/magicpopper/75/2/stats.json", "end": true, "__type__": "Stats"}