{"log_best_programs": true, "num_literals": 0, "total_programs": 2, "total_rules": 0, "total_ground_rules": 0, "durations": {"generate": [0.00030087500000003375, 0.001502667000000013, 0.0005049999999999777], "find_bindings_prolog": [0.015377457999999955, 0.6584905419999999], "bind": [5.409999999650417e-07, 0.07642004200000008], "test": [0.015620542000000015, 0.7356624580000002], "combine": [5.000000000143778e-07, 0.018569832999999925], "constrain": [0.002845791000000042, 0.004185333000000124]}, "final_exec_time": 0.8934513329999999, "stages": [], "best_programs": [], "solution": null, "is_solution": false, "stats_file": "./results/list_magicvaluesameclause/magicpopper/6/6/stats.json", "end": true, "__type__": "Stats"}