{"log_best_programs": true, "num_literals": 0, "total_programs": 8, "total_rules": 0, "total_ground_rules": 0, "durations": {"generate": [0.00039149999999987806, 0.0005391660000000353, 0.0018377920000001158, 0.0011670829999999022, 0.0021534589999998577, 0.0007992919999999515, 0.0011145420000002737, 0.0006507909999999839, 0.0009961249999999033], "find_bindings_prolog": [0.03093250000000003, 0.03760983399999995, 0.14225662500000014, 0.1490509579999999, 0.15395645800000013, 0.15742037500000006], "test": [0.037791583000000184, 0.05204133300000002, 0.019653042000000065, 0.14260929200000017, 0.14948699999999993, 0.15449154100000007, 0.15777395799999994, 0.018917416000000298], "combine": [0.08545962500000015, 0.006097792000000046, 5.839999999146528e-07, 7.500000001048335e-07, 7.07999999960407e-07, 5.00000000069889e-07, 6.250000001983835e-07, 6.660000000380251e-07], "constrain": [0.001958750000000009, 0.0025691670000000943, 0.0004718329999999771, 0.0032986249999999995, 0.005707917000000062, 0.0056235829999997655, 0.0019287079999998902, 0.002098750000000038]}, "final_exec_time": 2.137377708, "stages": [], "best_programs": [], "solution": {"code": "magic_value(A):- head(A,df),magic(df).\nmagic_value(A):- head(A,eh),magic(eh).\nmagic_value(A):- head(A,qx),magic(qx).\nmagic_value(A):- head(A,dz),magic(dz).\nmagic_value(A):- head(A,ci),magic(ci).\nmagic_value(A):- head(A,bh),magic(bh).\nmagic_value(A):- head(A,gd),magic(gd).\nmagic_value(A):- head(A,ra),magic(ra).\nmagic_value(A):- head(A,ax),magic(ax).\nmagic_value(A):- head(A,qg),magic(qg).\nmagic_value(A):- head(A,gq),magic(gq).\nmagic_value(A):- head(A,gc),magic(gc).\nmagic_value(A):- head(A,j),magic(j).\nmagic_value(A):- head(A,cz),magic(cz).\nmagic_value(A):- head(A,da),magic(da).\nmagic_value(A):- head(A,dp),magic(dp).\nmagic_value(A):- head(A,bp),magic(bp).\nmagic_value(A):- head(A,bo),magic(bo).\nmagic_value(A):- head(A,iu),magic(iu).\nmagic_value(A):- head(A,fu),magic(fu).\nmagic_value(A):- head(A,ji),magic(ji).\nmagic_value(A):- head(A,oh),magic(oh).\nmagic_value(A):- head(A,og),magic(og).\nmagic_value(A):- head(A,w),magic(w).\nmagic_value(A):- head(A,pj),magic(pj).\nmagic_value(A):- head(A,kg),magic(kg).\nmagic_value(A):- head(A,fb),magic(fb).\nmagic_value(A):- head(A,dc),magic(dc).\nmagic_value(A):- head(A,jb),magic(jb).\nmagic_value(A):- head(A,be),magic(be).\nmagic_value(A):- head(A,nm),magic(nm).\nmagic_value(A):- head(A,dj),magic(dj).\nmagic_value(A):- head(A,kd),magic(kd).\nmagic_value(A):- head(A,ma),magic(ma).\nmagic_value(A):- head(A,ng),magic(ng).\nmagic_value(A):- head(A,ac),magic(ac).\nmagic_value(A):- head(A,ho),magic(ho).\nmagic_value(A):- head(A,hx),magic(hx).\nmagic_value(A):- head(A,kt),magic(kt).\nmagic_value(A):- head(A,rp),magic(rp).\nmagic_value(A):- head(A,ap),magic(ap).\nmagic_value(A):- head(A,oc),magic(oc).\nmagic_value(A):- head(A,qz),magic(qz).\nmagic_value(A):- head(A,ki),magic(ki).\nmagic_value(A):- head(A,rb),magic(rb).\nmagic_value(A):- head(A,ga),magic(ga).\nmagic_value(A):- head(A,em),magic(em).\nmagic_value(A):- head(A,ly),magic(ly).\nmagic_value(A):- head(A,fo),magic(fo).\nmagic_value(A):- head(A,ql),magic(ql).\nmagic_value(A):- head(A,ig),magic(ig).\nmagic_value(A):- head(A,lq),magic(lq).\nmagic_value(A):- head(A,jk),magic(jk).\nmagic_value(A):- head(A,mv),magic(mv).\nmagic_value(A):- head(A,rc),magic(rc).\nmagic_value(A):- head(A,bn),magic(bn).\nmagic_value(A):- head(A,nw),magic(nw).\nmagic_value(A):- head(A,bl),magic(bl).\nmagic_value(A):- head(A,ke),magic(ke).\nmagic_value(A):- head(A,r),magic(r).\nmagic_value(A):- head(A,ks),magic(ks).\nmagic_value(A):- head(A,pi),magic(pi).\nmagic_value(A):- head(A,dm),magic(dm).\nmagic_value(A):- head(A,pq),magic(pq).\nmagic_value(A):- head(A,cx),magic(cx).\nmagic_value(A):- head(A,mu),magic(mu).\nmagic_value(A):- head(A,ah),magic(ah).\nmagic_value(A):- head(A,an),magic(an).\nmagic_value(A):- head(A,kh),magic(kh).\nmagic_value(A):- head(A,pe),magic(pe).", "is_solution": true, "conf_matrix": [200, 0, 200, 0], "total_exec_time": 2.1373747919999997, "durations": [{"operation": "Test", "called": 1, "total": 0.037791583000000184, "mean": 0.037791583000000184, "maximum": 0.037791583000000184, "__type__": "DurationSummary"}, {"operation": "Find_Bindings_Prolog", "called": 1, "total": 0.03093250000000003, "mean": 0.03093250000000003, "maximum": 0.03093250000000003, "__type__": "DurationSummary"}, {"operation": "Generate", "called": 1, "total": 0.00039149999999987806, "mean": 0.00039149999999987806, "maximum": 0.00039149999999987806, "__type__": "DurationSummary"}], "__type__": "ProgramStats"}, "is_solution": true, "stats_file": "./results/list_magicvalues_multipleclauses/magicpopper/70/7/stats.json", "end": true, "__type__": "Stats"}