{"log_best_programs": true, "num_literals": 0, "total_programs": 8, "total_rules": 0, "total_ground_rules": 0, "durations": {"generate": [0.0003849999999998577, 0.0005082499999999879, 0.0012541669999999172, 0.0015954590000000213, 0.0016075840000000508, 0.0003393750000000306, 0.0011439580000001115, 0.0010535000000002626, 0.0017652080000001291], "find_bindings_prolog": [0.032733375000000065, 0.03420050000000008, 0.14328658299999986, 0.14374895799999976, 0.14697850000000034, 0.1656535830000001], "test": [0.039388333, 0.047629582999999975, 0.019158790999999953, 0.14360895799999995, 0.01885649999999983, 0.14409283400000028, 0.14731683299999965, 0.1661679589999996], "combine": [0.0904018339999999, 0.005673000000000039, 5.410000001315751e-07, 7.07999999960407e-07, 7.90999999944475e-07, 5.409999999095305e-07, 5.419999999922709e-07, 6.250000001983835e-07], "constrain": [0.0018588749999999266, 0.0024017499999999803, 0.00043433399999992517, 0.003390333000000023, 0.0005287909999998064, 0.005221874999999709, 0.005188374999999912, 0.0019775000000001874]}, "final_exec_time": 2.170369916, "stages": [], "best_programs": [], "solution": {"code": "magic_value(A):- head(A,jq),magic(jq).\nmagic_value(A):- head(A,hv),magic(hv).\nmagic_value(A):- head(A,hl),magic(hl).\nmagic_value(A):- head(A,qf),magic(qf).\nmagic_value(A):- head(A,ih),magic(ih).\nmagic_value(A):- head(A,ex),magic(ex).\nmagic_value(A):- head(A,an),magic(an).\nmagic_value(A):- head(A,sa),magic(sa).\nmagic_value(A):- head(A,es),magic(es).\nmagic_value(A):- head(A,rr),magic(rr).\nmagic_value(A):- head(A,bi),magic(bi).\nmagic_value(A):- head(A,lv),magic(lv).\nmagic_value(A):- head(A,pw),magic(pw).\nmagic_value(A):- head(A,hq),magic(hq).\nmagic_value(A):- head(A,ia),magic(ia).\nmagic_value(A):- head(A,pb),magic(pb).\nmagic_value(A):- head(A,re),magic(re).\nmagic_value(A):- head(A,cc),magic(cc).\nmagic_value(A):- head(A,gg),magic(gg).\nmagic_value(A):- head(A,rn),magic(rn).\nmagic_value(A):- head(A,oa),magic(oa).\nmagic_value(A):- head(A,dy),magic(dy).\nmagic_value(A):- head(A,nw),magic(nw).\nmagic_value(A):- head(A,me),magic(me).\nmagic_value(A):- head(A,dd),magic(dd).\nmagic_value(A):- head(A,pa),magic(pa).\nmagic_value(A):- head(A,ak),magic(ak).\nmagic_value(A):- head(A,oo),magic(oo).\nmagic_value(A):- head(A,gt),magic(gt).\nmagic_value(A):- head(A,ju),magic(ju).\nmagic_value(A):- head(A,t),magic(t).\nmagic_value(A):- head(A,pm),magic(pm).\nmagic_value(A):- head(A,hr),magic(hr).\nmagic_value(A):- head(A,go),magic(go).\nmagic_value(A):- head(A,qv),magic(qv).\nmagic_value(A):- head(A,jn),magic(jn).\nmagic_value(A):- head(A,c),magic(c).\nmagic_value(A):- head(A,av),magic(av).\nmagic_value(A):- head(A,bh),magic(bh).\nmagic_value(A):- head(A,ac),magic(ac).\nmagic_value(A):- head(A,ni),magic(ni).\nmagic_value(A):- head(A,bx),magic(bx).\nmagic_value(A):- head(A,lp),magic(lp).\nmagic_value(A):- head(A,q),magic(q).\nmagic_value(A):- head(A,gw),magic(gw).\nmagic_value(A):- head(A,pt),magic(pt).\nmagic_value(A):- head(A,r),magic(r).\nmagic_value(A):- head(A,gn),magic(gn).\nmagic_value(A):- head(A,jb),magic(jb).\nmagic_value(A):- head(A,bs),magic(bs).\nmagic_value(A):- head(A,sg),magic(sg).\nmagic_value(A):- head(A,sh),magic(sh).\nmagic_value(A):- head(A,kn),magic(kn).\nmagic_value(A):- head(A,ct),magic(ct).\nmagic_value(A):- head(A,bc),magic(bc).\nmagic_value(A):- head(A,dj),magic(dj).\nmagic_value(A):- head(A,jp),magic(jp).\nmagic_value(A):- head(A,he),magic(he).\nmagic_value(A):- head(A,jl),magic(jl).\nmagic_value(A):- head(A,ay),magic(ay).\nmagic_value(A):- head(A,jc),magic(jc).\nmagic_value(A):- head(A,df),magic(df).\nmagic_value(A):- head(A,lz),magic(lz).\nmagic_value(A):- head(A,pu),magic(pu).\nmagic_value(A):- head(A,ny),magic(ny).\nmagic_value(A):- head(A,qd),magic(qd).\nmagic_value(A):- head(A,h),magic(h).\nmagic_value(A):- head(A,qh),magic(qh).\nmagic_value(A):- head(A,ib),magic(ib).\nmagic_value(A):- head(A,mb),magic(mb).\nmagic_value(A):- head(A,du),magic(du).\nmagic_value(A):- head(A,cp),magic(cp).\nmagic_value(A):- head(A,ht),magic(ht).\nmagic_value(A):- head(A,ad),magic(ad).\nmagic_value(A):- head(A,hd),magic(hd).", "is_solution": true, "conf_matrix": [200, 0, 200, 0], "total_exec_time": 2.170367416, "durations": [{"operation": "Test", "called": 1, "total": 0.039388333, "mean": 0.039388333, "maximum": 0.039388333, "__type__": "DurationSummary"}, {"operation": "Find_Bindings_Prolog", "called": 1, "total": 0.032733375000000065, "mean": 0.032733375000000065, "maximum": 0.032733375000000065, "__type__": "DurationSummary"}, {"operation": "Generate", "called": 1, "total": 0.0003849999999998577, "mean": 0.0003849999999998577, "maximum": 0.0003849999999998577, "__type__": "DurationSummary"}], "__type__": "ProgramStats"}, "is_solution": true, "stats_file": "./results/list_magicvalues_multipleclauses/magicpopper/75/4/stats.json", "end": true, "__type__": "Stats"}