{"log_best_programs": true, "num_literals": 0, "total_programs": 80, "total_rules": 0, "total_ground_rules": 0, "durations": {"generate": [0.0003302920000000098, 0.00013187500000000352, 0.0001815000000000011, 0.00038641699999997225, 0.00011204100000006267, 0.0006721669999999458, 0.00022408299999998604, 0.0002043750000000344, 0.0006113340000000189, 0.0005074579999999607, 0.00039029099999998706, 0.00021779200000004995, 0.00024404099999997264, 0.0004504579999999869, 0.00021124999999999616, 0.000629624999999967, 0.0002113749999999026, 0.00019095900000010158, 0.0001898329999999726, 0.0005601669999999448, 0.0001627920000000227, 0.00028649999999996734, 0.00015695900000001206, 0.0004482080000000055, 0.00028083299999992484, 0.00021658400000001965, 0.00022625000000009443, 0.00018433299999998098, 0.0001948340000000881, 0.0005927079999999973, 0.00020045800000001446, 0.00038212500000001093, 0.00019670799999993438, 0.00018525000000002567, 0.000635749999999935, 0.00017604199999998738, 0.0001968340000000346, 0.0002082499999999099, 0.0002686250000000223, 0.00042004200000000935, 0.0003186669999999392, 0.00047729200000001804, 0.0002707499999999863, 0.0001995419999999415, 0.00018620800000002102, 0.0017455419999998778, 0.00014495800000013936, 0.00015587500000013854, 0.00014370799999996464, 0.00012570899999997387, 0.00013045800000011099, 0.00012458399999992764, 0.0001822919999998618, 0.00018470900000000512, 0.00014533399999994145, 0.0001386660000000095, 0.0001536670000001905, 0.0001327079999999814, 0.00016950000000015564, 0.0001492909999998293, 0.00015858400000001716, 0.0001622919999999528, 0.00015049999999994235, 0.0001387919999999987, 0.0001420000000000865, 0.00015008299999985653, 0.00014937500000011816, 0.00016137500000001914, 0.0002171250000000402, 0.00016216700000004636, 0.00016199999999999548, 0.00029491699999995014, 0.00016249999999984333, 0.00019025000000016945, 0.0001562079999999355, 0.0005538749999998149, 0.00015641600000004807, 0.00017166700000004198, 0.0007482910000000675, 0.00016345800000006072, 0.0033232909999998395], "find_bindings_prolog": [0.016555582999999985, 0.017313458999999976, 0.009369791999999988, 0.010423167000000011, 0.01986637499999999, 0.004484208000000045, 0.006391040999999986, 0.01975349999999998, 0.01985812500000006, 0.009834375000000062, 0.006281917000000026, 0.0020063329999999713, 0.006698082999999966, 0.004459042000000024, 0.0068424169999999895, 0.0069729579999999736, 0.010538292000000005, 0.0008255419999999569, 0.010076250000000009, 0.009976125000000002, 0.009133916999999991, 0.009337125000000057, 0.018778041999999995, 0.019804750000000038, 0.0008430419999999605, 0.011296792, 0.011240250000000063, 0.01132058300000005, 0.010579124999999912, 0.020162374999999955, 0.02228979199999992, 0.0032907079999999755, 0.0010250410000000043, 0.0007832919999999355, 0.01975466700000006, 0.017702165999999964, 0.01907337500000006, 0.019119958000000103, 0.0007387500000000102, 0.0006752500000000161, 0.000664416000000001, 0.000677542000000031, 0.0007863749999998948, 0.0006622089999999137, 0.0007930000000000437, 0.0008532080000001052, 0.0008815830000001856, 0.0010104589999999636, 0.0007401250000000914, 0.0008393749999999756, 0.0008543329999999294, 0.0008275419999999034, 0.0007364579999999954, 0.0008707089999999695, 0.0008647500000000807, 0.0009661249999999288, 0.0007437910000001047, 0.0008417499999999745, 0.0007368340000000195, 0.0007340000000000124, 0.0008713750000000076, 0.0016205420000001691, 0.001885791000000081, 0.0007561670000000298, 0.0007350829999999142], "test": [0.017282375000000016, 0.00031216700000002984, 0.018588416000000052, 0.00047966700000001694, 0.00043674999999998576, 0.010030749999999977, 0.011346791999999994, 0.021387332999999953, 0.005023333000000019, 0.0070903340000000314, 0.02138129199999994, 0.021398833999999978, 0.010613957999999979, 0.007023624999999978, 0.0025703329999999802, 0.007641582999999952, 0.005256999999999956, 0.007797624999999919, 0.007913041999999981, 0.0010873750000000015, 0.00041962500000003455, 0.00041966699999995694, 0.0003826249999999698, 0.011381167000000025, 0.0010598750000000434, 0.010928333999999928, 0.010848999999999998, 0.009909374999999998, 0.010055208000000038, 0.020356625000000017, 0.021452833000000004, 0.0012359170000000308, 0.012378, 0.01232091600000007, 0.012407999999999975, 0.011660957999999999, 0.021926290999999987, 0.02414937500000003, 0.003873750000000009, 0.0012679589999999852, 0.0010066669999999611, 0.021527708000000034, 0.019342875000000093, 0.020840375000000022, 0.020657334000000027, 0.0009587079999999748, 0.0008784170000000202, 0.0008657499999999985, 0.003191291999999901, 0.0029827090000000833, 0.0003787090000000326, 0.0004731250000000742, 0.0008847499999999897, 0.0009877090000001143, 0.0008623750000000818, 0.000992416000000107, 0.0010565419999999381, 0.0010794579999999776, 0.001228708999999828, 0.0009579159999999476, 0.0010593749999998625, 0.0010719579999998174, 0.0006040840000001158, 0.000406541000000038, 0.0013928340000000095, 0.003318750000000037, 0.0010388749999998836, 0.0009592080000000447, 0.001088958999999834, 0.0010841670000001358, 0.0011849580000000692, 0.0009646660000000029, 0.0010605419999998311, 0.0009566250000001553, 0.0009520419999999863, 0.0010939999999999284, 0.0018405829999998957, 0.0021055000000000934, 0.0009805830000000348, 0.0009577909999998191], "combine": [0.002823459000000028, 4.1699999997479864e-07, 0.0022882080000000693, 5.419999999922709e-07, 4.999999999588667e-07, 5.83000000053957e-07, 4.999999999588667e-07, 5.83000000053957e-07, 4.579999999254625e-07, 4.5900000000820285e-07, 5.829999999429347e-07, 5.829999999429347e-07, 6.250000000873612e-07, 5.419999999922709e-07, 4.999999999588667e-07, 5.83000000053957e-07, 4.5900000000820285e-07, 4.999999999588667e-07, 4.999999999588667e-07, 6.249999999763389e-07, 5.419999999922709e-07, 4.999999999588667e-07, 5.00000000069889e-07, 5.840000000256751e-07, 5.00000000069889e-07, 5.829999999429347e-07, 6.249999999763389e-07, 4.999999999588667e-07, 4.999999999588667e-07, 4.5900000000820285e-07, 5.419999999922709e-07, 4.580000000364848e-07, 5.410000000205528e-07, 5.419999999922709e-07, 4.999999999588667e-07, 5.419999999922709e-07, 5.83000000053957e-07, 5.83000000053957e-07, 0.002618667000000019, 4.580000000364848e-07, 5.00000000069889e-07, 6.659999999270028e-07, 6.249999999763389e-07, 5.410000000205528e-07, 4.999999998478444e-07, 5.00000000069889e-07, 4.1700000008582094e-07, 4.1700000008582094e-07, 4.1699999986377634e-07, 3.7499999994139444e-07, 3.7499999994139444e-07, 4.1699999986377634e-07, 3.7499999994139444e-07, 4.1700000008582094e-07, 4.1700000008582094e-07, 3.340000001017529e-07, 3.7499999994139444e-07, 3.7499999994139444e-07, 3.7500000016343904e-07, 4.579999999254625e-07, 4.1699999986377634e-07, 4.1600000000308057e-07, 4.579999999254625e-07, 4.579999999254625e-07, 4.5900000000820285e-07, 3.7499999994139444e-07, 4.1700000008582094e-07, 4.1700000008582094e-07, 4.1600000000308057e-07, 4.1600000000308057e-07, 4.579999999254625e-07, 4.579999999254625e-07, 4.1600000000308057e-07, 4.1600000000308057e-07, 3.7499999994139444e-07, 4.1600000000308057e-07, 4.1699999986377634e-07, 3.7499999994139444e-07, 4.579999999254625e-07, 4.1700000008582094e-07],