{"log_best_programs": true, "num_literals": 0, "total_programs": 1, "total_rules": 0, "total_ground_rules": 0, "durations": {"generate": [0.0018100000000000338, 0.005358416000007082], "find_bindings_prolog": [90.76287770799999], "test": [92.33477350000001], "combine": [0.005248124999994275], "constrain": [0.004641292000002295]}, "final_exec_time": 92.42458412500001, "stages": [], "best_programs": [], "solution": {"code": "sumk(A):- my_member(A,B),my_member(A,C),add(B,C,295685200623),magic(295685200623).", "is_solution": true, "conf_matrix": [10, 0, 10, 0], "total_exec_time": 92.42458220900001, "durations": [{"operation": "Test", "called": 1, "total": 92.33477350000001, "mean": 92.33477350000001, "maximum": 92.33477350000001, "__type__": "DurationSummary"}, {"operation": "Find_Bindings_Prolog", "called": 1, "total": 90.76287770799999, "mean": 90.76287770799999, "maximum": 90.76287770799999, "__type__": "DurationSummary"}, {"operation": "Generate", "called": 1, "total": 0.0018100000000000338, "mean": 0.0018100000000000338, "maximum": 0.0018100000000000338, "__type__": "DurationSummary"}], "__type__": "ProgramStats"}, "is_solution": true, "stats_file": "./results/sumk/magicpopper_args/6/stats.json", "end": true, "__type__": "Stats"}