{"log_best_programs": true, "num_literals": 0, "total_programs": 8, "total_rules": 0, "total_ground_rules": 0, "durations": {"generate": [0.000385291999999815, 0.000576415999999913, 0.0013510419999998025, 0.0012304579999999898, 0.0014311659999999282, 0.00032254200000014777, 0.0010802090000003872, 0.0016439579999998344, 0.0009958749999996463], "find_bindings_prolog": [0.03071916599999991, 0.032553500000000124, 0.13440841699999995, 0.14293891699999994, 0.15710433299999993, 0.145707625], "test": [0.03698112500000006, 0.04427991600000003, 0.019974917000000092, 0.13471650000000013, 0.14328066699999975, 0.020818666999999902, 0.157609334, 0.1460431660000001], "combine": [0.07593624999999982, 0.0059533750000000385, 5.419999999922709e-07, 5.840000001366974e-07, 6.660000000380251e-07, 5.419999999922709e-07, 5.409999999095305e-07, 5.00000000069889e-07], "constrain": [0.0017837499999999729, 0.00233029100000004, 0.0004195840000000839, 0.0028879580000000793, 0.0050902080000003735, 0.0018362910000000454, 0.0018343750000000547, 0.001712541999999928]}, "final_exec_time": 2.107871958, "stages": [], "best_programs": [], "solution": {"code": "magic_value(A):- head(A,nh),magic(nh).\nmagic_value(A):- head(A,o),magic(o).\nmagic_value(A):- head(A,nv),magic(nv).\nmagic_value(A):- head(A,iu),magic(iu).\nmagic_value(A):- head(A,mu),magic(mu).\nmagic_value(A):- head(A,py),magic(py).\nmagic_value(A):- head(A,kz),magic(kz).\nmagic_value(A):- head(A,ii),magic(ii).\nmagic_value(A):- head(A,np),magic(np).\nmagic_value(A):- head(A,ll),magic(ll).\nmagic_value(A):- head(A,ew),magic(ew).\nmagic_value(A):- head(A,lh),magic(lh).\nmagic_value(A):- head(A,du),magic(du).\nmagic_value(A):- head(A,rj),magic(rj).\nmagic_value(A):- head(A,de),magic(de).\nmagic_value(A):- head(A,ka),magic(ka).\nmagic_value(A):- head(A,qh),magic(qh).\nmagic_value(A):- head(A,pm),magic(pm).\nmagic_value(A):- head(A,rw),magic(rw).\nmagic_value(A):- head(A,hy),magic(hy).\nmagic_value(A):- head(A,ql),magic(ql).\nmagic_value(A):- head(A,cu),magic(cu).\nmagic_value(A):- head(A,rr),magic(rr).\nmagic_value(A):- head(A,or),magic(or).\nmagic_value(A):- head(A,sd),magic(sd).\nmagic_value(A):- head(A,fj),magic(fj).\nmagic_value(A):- head(A,co),magic(co).\nmagic_value(A):- head(A,kk),magic(kk).\nmagic_value(A):- head(A,dh),magic(dh).\nmagic_value(A):- head(A,hx),magic(hx).\nmagic_value(A):- head(A,gl),magic(gl).\nmagic_value(A):- head(A,og),magic(og).\nmagic_value(A):- head(A,my),magic(my).\nmagic_value(A):- head(A,ae),magic(ae).\nmagic_value(A):- head(A,dx),magic(dx).\nmagic_value(A):- head(A,ev),magic(ev).\nmagic_value(A):- head(A,em),magic(em).\nmagic_value(A):- head(A,av),magic(av).\nmagic_value(A):- head(A,cl),magic(cl).\nmagic_value(A):- head(A,ig),magic(ig).\nmagic_value(A):- head(A,ns),magic(ns).\nmagic_value(A):- head(A,gm),magic(gm).\nmagic_value(A):- head(A,ou),magic(ou).\nmagic_value(A):- head(A,gs),magic(gs).\nmagic_value(A):- head(A,jd),magic(jd).\nmagic_value(A):- head(A,oi),magic(oi).\nmagic_value(A):- head(A,jl),magic(jl).\nmagic_value(A):- head(A,ds),magic(ds).\nmagic_value(A):- head(A,md),magic(md).\nmagic_value(A):- head(A,ip),magic(ip).\nmagic_value(A):- head(A,gv),magic(gv).\nmagic_value(A):- head(A,ix),magic(ix).\nmagic_value(A):- head(A,mb),magic(mb).\nmagic_value(A):- head(A,dr),magic(dr).\nmagic_value(A):- head(A,pn),magic(pn).\nmagic_value(A):- head(A,sg),magic(sg).\nmagic_value(A):- head(A,mn),magic(mn).\nmagic_value(A):- head(A,on),magic(on).\nmagic_value(A):- head(A,ow),magic(ow).\nmagic_value(A):- head(A,fm),magic(fm).\nmagic_value(A):- head(A,kh),magic(kh).\nmagic_value(A):- head(A,x),magic(x).\nmagic_value(A):- head(A,bx),magic(bx).\nmagic_value(A):- head(A,lx),magic(lx).\nmagic_value(A):- head(A,br),magic(br).", "is_solution": true, "conf_matrix": [200, 0, 200, 0], "total_exec_time": 2.1078696249999997, "durations": [{"operation": "Test", "called": 1, "total": 0.03698112500000006, "mean": 0.03698112500000006, "maximum": 0.03698112500000006, "__type__": "DurationSummary"}, {"operation": "Find_Bindings_Prolog", "called": 1, "total": 0.03071916599999991, "mean": 0.03071916599999991, "maximum": 0.03071916599999991, "__type__": "DurationSummary"}, {"operation": "Generate", "called": 1, "total": 0.000385291999999815, "mean": 0.000385291999999815, "maximum": 0.000385291999999815, "__type__": "DurationSummary"}], "__type__": "ProgramStats"}, "is_solution": true, "stats_file": "./results/list_magicvalues_multipleclauses/magicpopper/65/0/stats.json", "end": true, "__type__": "Stats"}