{"log_best_programs": true, "num_literals": 0, "total_programs": 2, "total_rules": 0, "total_ground_rules": 0, "durations": {"generate": [0.0003311249999999877, 0.0018992089999999573, 0.000505291999999935], "find_bindings_prolog": [0.026981416999999952, 1.1297796660000001], "bind": [6.249999999763389e-07, 0.09857650000000007], "test": [0.027265083000000023, 1.229330458], "combine": [6.250000000318501e-07, 0.03590116600000015], "constrain": [0.003332166999999997, 0.003892540999999916]}, "final_exec_time": 1.43552225, "stages": [], "best_programs": [], "solution": null, "is_solution": false, "stats_file": "./results/list_magicvaluesameclause/magicpopper/14/9/stats.json", "end": true, "__type__": "Stats"}