{"log_best_programs": true, "num_literals": 0, "total_programs": 12, "total_rules": 0, "total_ground_rules": 0, "durations": {"generate": [0.0005164589999999691, 0.00036637500000047396, 0.0004553750000013679, 0.00046854200000012725, 0.0005433329999995351, 0.0004049159999990337, 0.0004033749999994285, 0.000450208000000174, 0.00043125000000010516, 0.00041141699999869275, 0.0005146660000008296, 0.0004909170000004792], "test": [0.08768425000000057, 0.08807566700000002, 0.03449137499999999, 0.278830417, 0.28579187499999925, 0.0876112090000003, 0.035334750000000525, 0.027093374999999753, 0.027337375000000108, 0.049398790999999775, 0.050054292000000444, 0.19311933300000028], "combine": [7.499999998827889e-07, 0.08760208299999839, 5.84000000358742e-07, 0.14528608300000023, 8.749999995671942e-07, 0.1486951249999997, 5.420000004363601e-07, 5.84000000358742e-07, 5.420000004363601e-07, 6.250000001983835e-07, 5.830000002760016e-07], "constrain": [0.0013112080000006188, 0.001459249999999912, 0.001740250000000998, 0.0002032500000002102, 0.001563415999999762, 0.00022774999999874979, 0.0018417500000005305, 0.0003389580000003889, 0.0002514589999993433, 0.00027966700000092715, 0.0002797499999989128], "find_bindings_prolog": [0.08734329099999982, 0.03401933299999982, 0.2781489999999991, 0.2850614999999994, 0.08688787500000039, 0.034869624999998905, 0.026625583000001285, 0.026849000000000345, 0.048917666999999554, 0.04955383299999916, 0.1896145830000009]}, "final_exec_time": 11.587296250000001, "stages": [], "best_programs": [], "solution": {"code": "magic_value(A):- last(A,fw),head(A,fw),magic(fw).\nmagic_value(A):- head(A,dv),last(A,dv),magic(dv).\nmagic_value(A):- last(A,cr),head(A,cr),magic(cr).\nmagic_value(A):- head(A,bi),last(A,bi),magic(bi).\nmagic_value(A):- last(A,cs),head(A,cs),magic(cs).\nmagic_value(A):- head(A,ah),last(A,ah),magic(ah).\nmagic_value(A):- last(A,cq),head(A,cq),magic(cq).\nmagic_value(A):- last(A,en),head(A,en),magic(en).\nmagic_value(A):- last(A,fx),head(A,fx),magic(fx).\nmagic_value(A):- head(A,fj),last(A,fj),magic(fj).\nmagic_value(A):- last(A,ek),head(A,ek),magic(ek).\nmagic_value(A):- head(A,fe),last(A,fe),magic(fe).\nmagic_value(A):- tail(A,C),head(C,c7),magic(c7).\nmagic_value(A):- last(A,bt),head(A,bt),magic(bt).\nmagic_value(A):- last(A,db),head(A,db),magic(db).\nmagic_value(A):- last(A,gp),head(A,gp),magic(gp).\nmagic_value(A):- last(A,aa),head(A,aa),magic(aa).\nmagic_value(A):- last(A,c7),magic(c7).\nmagic_value(A):- last(A,bs),head(A,bs),magic(bs).\nmagic_value(A):- last(A,gk),head(A,gk),magic(gk).\nmagic_value(A):- head(A,ax),last(A,ax),magic(ax).\nmagic_value(A):- last(A,dq),head(A,dq),magic(dq).\nmagic_value(A):- head(A,cw),last(A,cw),magic(cw).\nmagic_value(A):- last(A,bj),head(A,bj),magic(bj).\nmagic_value(A):- last(A,bp),head(A,bp),magic(bp).\nmagic_value(A):- head(A,c7),magic(c7).", "is_solution": true, "conf_matrix": [0, 0, 0, 0], "total_exec_time": 11.587266499999998, "durations": [{"operation": "Test", "called": 12, "total": 1.244822709000001, "mean": 0.10373522575000009, "maximum": 0.28579187499999925, "__type__": "DurationSummary"}, {"operation": "Find_Bindings_Prolog", "called": 11, "total": 1.1478912899999987, "mean": 0.10435375363636351, "maximum": 0.2850614999999994, "__type__": "DurationSummary"}, {"operation": "Combine", "called": 11, "total": 0.38158837599999984, "mean": 0.03468985236363635, "maximum": 0.1486951249999997, "__type__": "DurationSummary"}, {"operation": "Constrain", "called": 11, "total": 0.009496708000000353, "mean": 0.000863337090909123, "maximum": 0.0018417500000005305, "__type__": "DurationSummary"}, {"operation": "Generate", "called": 12, "total": 0.005456833000000216, "mean": 0.00045473608333335136, "maximum": 0.0005433329999995351, "__type__": "DurationSummary"}], "__type__": "ProgramStats"}, "is_solution": true, "stats_file": "./results/list_example/magicpopper_types/6000/9/stats.json", "end": false, "__type__": "Stats"}