{"log_best_programs": true, "num_literals": 0, "total_programs": 153, "total_rules": 0, "total_ground_rules": 0, "durations": {"generate": [0.0009956670000000334, 0.00021158299999995966, 0.00028604199999998636, 0.00043650000000000633, 0.0002531249999999652, 0.00040404199999999335, 0.0008216659999999987, 0.00023737499999998413, 0.0005330409999999564, 0.00029445799999999744, 0.0005670830000000238, 0.0001435000000000186, 0.00026854200000003825, 0.0002402499999999974, 0.0007422920000000333, 0.0002114579999999977, 0.00031716599999997985, 0.0002643750000000389, 0.00031641599999998604, 0.00027487499999989673, 0.0002911250000000587, 0.00021941699999994402, 0.0002270830000000723, 0.0005386660000000765, 0.00020124999999993065, 0.00021674999999998779, 0.00044433299999990794, 0.00017483399999995708, 0.0001871669999999881, 0.00015779100000001822, 0.0007041660000000061, 0.0002618330000000446, 0.00018833299999998498, 0.00016445799999997845, 0.0001580840000000583, 0.00014666699999998922, 0.0005570420000000631, 0.0004005830000000099, 0.00019662500000006133, 0.00017341699999995352, 0.0003486669999999137, 0.0002214999999999856, 0.0004102089999999947, 0.0002809999999999757, 0.00024112499999995318, 0.0004793750000000596, 0.00043445900000005366, 0.00017966699999993896, 0.00020408300000007706, 0.00019650000000004386, 0.00021708399999997852, 0.0005574160000000328, 0.0003885839999999696, 0.0005080419999999863, 0.00021129099999994683, 0.00025062500000005983, 0.0002035000000000231, 0.0005647919999999251, 0.0002195420000000725, 0.00024566699999994945, 0.00020683300000001736, 0.0005346670000000442, 0.00021095800000003884, 0.0002343339999999472, 0.0002502920000000408, 0.0006017090000000058, 0.00023583300000007412, 0.00019820800000003302, 0.00021608299999997804, 0.0001970409999999534, 0.00019087500000003477, 0.00021170799999992163, 0.00018729200000000557, 0.00021970800000004065, 0.0002362499999999379, 0.0002427090000000076, 0.0002402919999999753, 0.00022420800000000352, 0.0013724579999999653, 0.00023904200000002263, 0.00022524999999995465, 0.0002035419999999455, 0.00023958300000004318, 0.000202207999999926, 0.00044870799999996436, 0.0001991249999999667, 0.00020383300000004212, 0.0002422499999999994, 0.00022025000000003292, 0.00033091699999998614, 0.0002158749999999765, 0.001387000000000027, 0.0002347500000000613, 0.000245542000000043, 0.0002527920000000572, 0.0002674999999999761, 0.00026404199999996436, 0.0002651670000000106, 0.00025066599999989947, 0.0004177909999999452, 0.0002455000000000096, 0.00023170799999994163, 0.0002367500000000078, 0.000283417000000008, 0.0002707920000000197, 0.0002537919999999749, 0.0002773749999999131, 0.00025129200000006957, 0.00025525000000004017, 0.00036762499999998255, 0.00027520800000002676, 0.00024204199999999787, 0.00026983400000002433, 0.0004768749999999322, 0.0003211670000000666, 0.00016395799999990857, 0.00017624999999998892, 0.00016412499999995944, 0.00023337499999998013, 0.0001555830000000702, 0.00017170799999999264, 0.000145874999999962, 0.0007237919999999454, 0.0002106669999999422, 0.00023841700000004629, 0.00018191599999994867, 0.000221542000000019, 0.00019683300000006287, 0.00026445799999996744, 0.00018804100000002766, 0.0002686250000000223, 0.0004801250000000534, 0.0002490830000000388, 0.00016424999999997691, 0.00017400000000000748, 0.00016445899999995017, 0.0002735000000000376, 0.00044200000000005346, 0.0001758749999999365, 0.00024833299999993397, 0.00017641600000006807, 0.00024087500000002926, 0.0001691249999999922, 0.0005193340000000379, 0.0002050409999999614, 0.00041887500000004074, 0.00022216699999999534, 0.0009534170000000675, 0.0002699590000000418, 0.0005387499999999212, 0.00031399999999992545, 0.0016034169999999959, 0.0003110419999999836, 0.0038191670000000677], "find_bindings_prolog": [0.016889084, 0.0010128329999999908, 0.0006383329999999909, 0.0006725000000000203, 0.0007782920000000138, 0.0008597080000000146, 0.0007130840000000305, 0.000609417000000001, 0.0006091249999999881, 0.0007172080000000247, 0.0005349579999999743, 0.0009538749999999929, 0.0008144580000000179, 0.0005484579999999739, 0.0007433330000000127, 0.0009420419999999763, 0.001520874999999977, 0.0010242080000000264, 0.0009479580000000265, 0.0007526669999999847, 0.0007224580000000369, 0.000722208000000002, 0.0007745000000000113, 0.0006527920000000131, 0.0004565829999999549, 0.0005879160000000772, 0.0004674590000000034, 0.0005745830000000174, 0.000565874999999938, 0.0006893749999999921, 0.0007095000000000296, 0.0006470420000000976, 0.0005145840000000401, 0.0008129169999999686, 0.0010040419999999273, 0.0012942919999999747, 0.0009137919999999689, 0.0014091670000000445, 0.0007383749999999578, 0.0007187079999999568, 0.0006898330000000286, 0.0008199169999999478, 0.000729292000000048, 0.0006531250000000322, 0.0005860409999999261, 0.0004781249999999959, 0.000729041999999902, 0.0008895830000000826, 0.0009576669999999954, 0.0010182920000000317, 0.0009820000000000384, 0.0009479169999999648, 0.0008898329999998955, 0.0007206670000000637, 0.0009979589999999927, 0.0007563749999999203, 0.0008202090000000162, 0.0007410420000000251, 0.0009713330000000742, 0.0007594159999999572, 0.0007397919999999614, 0.0007373750000000401, 0.0008589999999999431, 0.0008770000000000167, 0.0008284589999999481, 0.0007984169999999402, 0.0009547079999999708, 0.0010089169999999426, 0.0010376669999999644, 0.0010156669999999979, 0.0014184999999999892, 0.0008273749999999636, 0.0007569170000000236, 0.0008389589999999725, 0.0009003749999999533, 0.0006642079999999995, 0.000721874999999983, 0.0006746249999999288, 0.0005625839999999771, 0.0007235420000000214, 0.0008960000000000079, 0.0009434589999999243, 0.0007500410000000901, 0.0011772910000000802, 0.0008405410000000835, 0.0007656669999999144, 0.0009262919999999397, 0.0010525000000000118, 0.0009028749999999697, 0.0010830000000000561, 0.0010759169999999818, 0.0009621250000000359, 0.0007966670000000287, 0.0005976669999999684, 0.0007420000000000204, 0.000803832999999976, 0.0010266250000000587, 0.0010199579999999875, 0.0008405419999999442, 0.0011067909999999959, 0.0010497919999999938, 0.001034584000000005, 0.0011070420000000025, 0.0008179170000000013, 0.0010509160000000684, 0.0010303749999999168, 0.0011155409999999977, 0.000567749999999978, 0.0005216670000000034, 0.0005003749999999973, 0.0006949159999999344, 0.0005472499999999991, 0.0004478329999999531, 0.0005595419999999685, 0.00047204199999995033, 0.0005266250000000028, 0.000512082999999941, 0.0004892079999999632, 0.0004598749999999985, 0.0005247919999999962, 0.00046733399999998593, 0.0005245420000000722, 0.0005034999999999901, 0.0004614589999999419, 0.000493292000000034, 0.0004928330000000258, 0.0005040419999999823, 0.0004487090000000471, 0.0007924590000000231, 0.0009686669999999786, 0.0009914580000000006, 0.0008877910000000266, 0.0009177499999999394, 0.0010075840000000058, 0.0009643749999999063, 0.0010609580000000562, 0.0011665419999999926, 0.0009817500000000035],