{"log_best_programs": true, "num_literals": 0, "total_programs": 12, "total_rules": 0, "total_ground_rules": 0, "durations": {"generate": [0.000481041999999654, 0.0003910830000002363, 0.0004474590000000944, 0.0004222919999996577, 0.000504916000000577, 0.0003636250000003116, 0.0003662079999990908, 0.00044629200000123603, 0.00036162500000003206, 0.00037224999999985187, 0.00045212500000069156, 0.00045129200000104674], "test": [0.07305008300000004, 0.08235491699999997, 0.02720966699999927, 0.24036400000000047, 0.24158495800000068, 0.0762268749999997, 0.02711958400000114, 0.022059124999998403, 0.02138037500000145, 0.03990629099999943, 0.03981625000000122, 0.5363743750000012], "combine": [7.909999997224304e-07, 0.06798308300000055, 5.000000005139782e-07, 0.11097766699999934, 8.329999996448123e-07, 0.11303954199999922, 4.999999987376214e-07, 4.1599999889285755e-07, 4.1700000075195476e-07, 5.830000002760016e-07, 5.000000005139782e-07], "constrain": [0.0013332500000000636, 0.0013735830000003446, 0.0016655830000003036, 0.0001892080000001073, 0.0014489169999993834, 0.00019612500000043553, 0.0017909999999989878, 0.0002872089999996774, 0.00022833300000080214, 0.000250040999999257, 0.0002573750000003372], "find_bindings_prolog": [0.08169866600000031, 0.026802999999999244, 0.23979591699999947, 0.24095712499999955, 0.07561149999999905, 0.026726832999999672, 0.021639792000000213, 0.02098483299999998, 0.03950912500000037, 0.039398916999999756, 0.5334664159999996]}, "final_exec_time": 9.487429458000001, "stages": [], "best_programs": [], "solution": {"code": "magic_value(A):- last(A,bc),head(A,bc),magic(bc).\nmagic_value(A):- last(A,fx),head(A,fx),magic(fx).\nmagic_value(A):- tail(A,C),head(C,c7),magic(c7).\nmagic_value(A):- last(A,c7),magic(c7).\nmagic_value(A):- head(A,cn),last(A,cn),magic(cn).\nmagic_value(A):- head(A,cy),last(A,cy),magic(cy).\nmagic_value(A):- head(A,c7),magic(c7).\nmagic_value(A):- last(A,bx),head(A,bx),magic(bx).\nmagic_value(A):- last(A,dt),head(A,dt),magic(dt).\nmagic_value(A):- last(A,ec),head(A,ec),magic(ec).\nmagic_value(A):- head(A,gj),last(A,gj),magic(gj).\nmagic_value(A):- last(A,fv),head(A,fv),magic(fv).\nmagic_value(A):- last(A,ek),head(A,ek),magic(ek).\nmagic_value(A):- head(A,ba),last(A,ba),magic(ba).\nmagic_value(A):- last(A,dk),head(A,dk),magic(dk).\nmagic_value(A):- last(A,aw),head(A,aw),magic(aw).\nmagic_value(A):- head(A,dw),last(A,dw),magic(dw).\nmagic_value(A):- head(A,bn),last(A,bn),magic(bn).\nmagic_value(A):- last(A,ci),head(A,ci),magic(ci).\nmagic_value(A):- head(A,aq),last(A,aq),magic(aq).\nmagic_value(A):- last(A,q),head(A,q),magic(q).\nmagic_value(A):- head(A,at),last(A,at),magic(at).\nmagic_value(A):- last(A,ai),head(A,ai),magic(ai).", "is_solution": true, "conf_matrix": [0, 0, 0, 0], "total_exec_time": 9.487400458, "durations": [{"operation": "Test", "called": 12, "total": 1.427446500000003, "mean": 0.11895387500000025, "maximum": 0.5363743750000012, "__type__": "DurationSummary"}, {"operation": "Find_Bindings_Prolog", "called": 11, "total": 1.3465921239999972, "mean": 0.12241746581818157, "maximum": 0.5334664159999996, "__type__": "DurationSummary"}, {"operation": "Combine", "called": 11, "total": 0.29200483199999816, "mean": 0.026545893818181652, "maximum": 0.11303954199999922, "__type__": "DurationSummary"}, {"operation": "Constrain", "called": 11, "total": 0.0090206239999997, "mean": 0.0008200567272727, "maximum": 0.0017909999999989878, "__type__": "DurationSummary"}, {"operation": "Generate", "called": 12, "total": 0.00506020900000248, "mean": 0.00042168408333354, "maximum": 0.000504916000000577, "__type__": "DurationSummary"}], "__type__": "ProgramStats"}, "is_solution": true, "stats_file": "./results/list_example/magicpopper_types/5000/3/stats.json", "end": false, "__type__": "Stats"}