{"log_best_programs": true, "num_literals": 0, "total_programs": 1, "total_rules": 0, "total_ground_rules": 0, "durations": {"generate": [0.00033125000000000515, 6.216700000005737e-05], "find_bindings_prolog": [0.06042000000000003], "bind": [0.02232587499999994], "test": [0.08304808299999994], "combine": [0.009078999999999948], "constrain": [0.0018589580000000216]}, "final_exec_time": 0.23275666700000003, "stages": [], "best_programs": [], "solution": {"code": "magic_value(A):- member(bu,A),magic(bu).", "is_solution": true, "conf_matrix": [100, 0, 100, 0], "total_exec_time": 0.23275504200000002, "durations": [{"operation": "Test", "called": 1, "total": 0.08304808299999994, "mean": 0.08304808299999994, "maximum": 0.08304808299999994, "__type__": "DurationSummary"}, {"operation": "Find_Bindings_Prolog", "called": 1, "total": 0.06042000000000003, "mean": 0.06042000000000003, "maximum": 0.06042000000000003, "__type__": "DurationSummary"}, {"operation": "Bind", "called": 1, "total": 0.02232587499999994, "mean": 0.02232587499999994, "maximum": 0.02232587499999994, "__type__": "DurationSummary"}, {"operation": "Generate", "called": 1, "total": 0.00033125000000000515, "mean": 0.00033125000000000515, "maximum": 0.00033125000000000515, "__type__": "DurationSummary"}], "__type__": "ProgramStats"}, "is_solution": true, "stats_file": "./results/list_magicvaluesameclause/magicpopper/1/stats.json", "end": true, "__type__": "Stats"}