{"log_best_programs": true, "num_literals": 0, "total_programs": 96, "total_rules": 0, "total_ground_rules": 0, "durations": {"generate": [0.0003515000000000046, 0.00023604100000002015, 0.0002499590000000218, 0.00031041700000000727, 0.00022720799999997876, 0.00042508299999999277, 0.00011004100000000516, 0.00012574999999998004, 0.00017245799999998646, 0.0002995840000000194, 0.0002055839999999809, 0.0001657909999999707, 0.00015383400000001934, 0.00019362499999997507, 0.000181874999999998, 0.00040883299999999734, 0.0002950000000000452, 0.00016991700000001941, 0.00014733299999997174, 0.0001604170000000238, 0.0001415419999999945, 0.00018383399999999384, 0.0001514579999999932, 0.00013320799999999577, 0.000259874999999965, 0.00014049999999998786, 0.00015420900000001625, 0.00017883300000004487, 0.0001607499999999873, 0.0001483339999999722, 0.00021445900000000018, 0.00017170799999999264, 0.00014870900000002463, 0.0001563330000000085, 0.00045933400000003344, 0.00014762499999998457, 0.00015054199999997575, 0.00017591700000002541, 0.00013849999999998586, 0.0001427500000000248, 0.00014658400000000515, 0.0001851249999999527, 0.0001938749999999545, 0.00013650000000003937, 0.0001847500000000113, 0.00023000000000000798, 0.0001890410000000009, 0.0005859169999999914, 0.0004062499999999969, 0.0007771250000000451, 0.0001670409999999789, 0.00017254199999999775, 0.00017400000000000748, 0.0001731249999999962, 0.00025445899999998467, 0.0003294999999999826, 0.00033800000000000496, 0.00027095900000001505, 0.0001815840000000124, 0.00013816599999999513, 0.00014529200000001907, 0.00016770900000001587, 0.0001375000000000126, 0.00014304200000003764, 0.00014449999999999186, 0.00013924999999997967, 0.00014287499999998676, 0.00021674999999998779, 0.00016012500000001095, 0.0002426660000000025, 0.000309084000000015, 0.00014670900000002263, 0.0001371249999999602, 0.00015579199999998794, 0.00013370800000001015, 0.00014899999999995472, 0.00017687500000002077, 0.00022166699999998096, 0.00014808399999999278, 0.0001579589999999853, 0.00014408299999996155, 0.00014216599999999913, 0.00014199999999997548, 0.00014433400000002372, 0.00020016600000000162, 0.0010294589999999548, 0.0008686250000000117, 0.00019316600000002238, 0.0002182499999999754, 0.00038841700000002977, 0.00018812499999998344, 0.00020366699999996296, 0.00029999999999996696, 0.00023687499999996975, 0.0003758750000000255, 0.00017054199999999575, 0.002006500000000022], "find_bindings_prolog": [0.010529916000000028, 0.0011595830000000196, 0.0005391669999999515, 0.0004786250000000103, 0.000403541999999979, 0.0004692909999999828, 0.00042891700000002864, 0.0004566250000000438, 0.0005053750000000301, 0.0005549169999999881, 0.0006227919999999831, 0.0004425419999999902, 0.0004649999999999932, 0.00043995799999996255, 0.00046070799999997636, 0.0003930409999999829, 0.00045725000000002014, 0.0005077090000000228, 0.0005824159999999745, 0.0005064169999999812, 0.0005233749999999926, 0.0004725419999999647, 0.0004433329999999902, 0.00046320899999996445, 0.0004916249999999955, 0.00046891700000001313, 0.0005156669999999974, 0.0005933340000000009, 0.00048591599999997515, 0.0005250410000000039, 0.0006289999999999907, 0.0005447080000000049, 0.0005247500000000183, 0.000520332999999984, 0.0005140419999999923, 0.00051554199999998, 0.0005129999999999857, 0.0005908330000000128, 0.000455542000000031, 0.0005196670000000014, 0.0005357089999999953, 0.0005355830000000061, 0.00042883300000001734, 0.0004417079999999851, 0.0005242500000000039, 0.0005262910000000121, 0.0005560840000000122, 0.0005505419999999872, 0.0005304580000000114, 0.0005163749999999578, 0.0005134159999999888, 0.0005429160000000044, 0.0005647919999999806, 0.0004609159999999779, 0.0005281670000000238, 0.0006083749999999943, 0.0004997919999999989, 0.0005320000000000324, 0.0005352920000000205, 0.0004919590000000418, 0.0004907500000000398, 0.0004525830000000064, 0.0005073329999999987, 0.0005154159999999908, 0.0005111669999999791, 0.0005035829999999741, 0.0005184999999999773, 0.0005344999999999933, 0.0005697080000000021, 0.000556834000000006, 0.0005211670000000446, 0.0005550000000000277, 0.0004943339999999852, 0.0005504579999999759, 0.0005440409999999951, 0.0007024579999999614, 0.0005791670000000471, 0.0005565829999999994, 0.00046799999999996844, 0.00046116600000001284, 0.0005085420000000007, 0.00046154199999998147, 0.0005345419999999712, 0.0005073750000000321, 0.000503292000000044, 0.0006463750000000323, 0.0006000840000000007, 0.0006125000000000158, 0.0006955419999999934, 0.0006103749999999963, 0.0006019589999999853, 0.0006374580000000352, 0.0006360840000000367, 0.0005644579999999899, 0.0005228750000000337, 0.0005748749999999747], "test": [0.010890999999999984, 0.00209495799999998, 0.000809292000000017, 0.0007387079999999768, 0.0006604169999999687, 0.0007553339999999964, 0.0005958329999999901, 0.0007382499999999959, 0.0009479170000000203, 0.0008762090000000167, 0.0009247079999999963, 0.0007354169999999605, 0.0007534169999999785, 0.0007275419999999699, 0.0007485420000000187, 0.000557875000000041, 0.000641541999999995, 0.000827499999999981, 0.0009139999999999704, 0.0008291659999999923, 0.0008437920000000099, 0.0006546669999999977, 0.0006232499999999641, 0.000641957999999998, 0.0008073749999999991, 0.0007842500000000419, 0.0008322920000000122, 0.000910416000000025, 0.0008069579999999688, 0.0008743329999999494, 0.0009877500000000095, 0.0008714169999999855, 0.0008437920000000099, 0.0008371660000000003, 0.0008335829999999711, 0.0008319999999999994, 0.0008299170000000133, 0.0009077910000000466, 0.0007700840000000042, 0.0008344590000000096, 0.0008515409999999557, 0.0008570420000000301, 0.0006073750000000211, 0.0006211660000000063, 0.0008397499999999725, 0.001007167000000031, 0.0012310000000000376, 0.0008856660000000072, 0.0008501249999999794, 0.0008652909999999903, 0.001040791999999957, 0.001069582999999985, 0.001304291000000013, 0.0006572499999999981, 0.0008746669999999956, 0.000959750000000037, 0.0008462499999999928, 0.000881374999999962, 0.0007321249999999724, 0.0006889170000000111, 0.0006878339999999983, 0.0006468330000000133, 0.0007033339999999999, 0.0007077079999999736, 0.0007071659999999813, 0.0007026669999999902, 0.0007130000000000192, 0.000884165999999964, 0.0009166250000000042, 0.0009049580000000113, 0.0007153329999999847, 0.0008995420000000309, 0.0006843329999999814, 0.0008953750000000316, 0.0007389999999999897, 0.0009013340000000314, 0.0007980840000000322, 0.0007591250000000271, 0.0006659999999999999, 0.0006589169999999811, 0.0007062919999999973, 0.0006556659999999992, 0.0007320419999999883, 0.0007017080000000231, 0.0006978749999999589, 0.0010273330000000191, 0.000995291999999981, 0.0012199170000000148, 0.0015151670000000395, 0.0008457080000000006, 0.0009964169999999717, 0.0010364170000000117, 0.0008665420000000257, 0.0009633749999999885, 0.000745957999999991, 0.0009616250000000215],