{"log_best_programs": true, "num_literals": 0, "total_programs": 1, "total_rules": 0, "total_ground_rules": 0, "durations": {"generate": [0.002042416999999963], "find_bindings_prolog": [0.022586499999999954], "bind": [0.03196670899999998], "test": [0.05517804199999998]}, "final_exec_time": 0.18420475000000003, "stages": [], "best_programs": [], "solution": {"code": "f([1, 3, 14, 18, 18, 22, 31, 35, 37, 38, 40, 43, 43, 51, 52, 60, 62, 63, 68, 69, 72, 72, 74, 76, 77, 82, 85, 85, 90, 94, 97, 100]):- magic([1, 3, 14, 18, 18, 22, 31, 35, 37, 38, 40, 43, 43, 51, 52, 60, 62, 63, 68, 69, 72, 72, 74, 76, 77, 82, 85, 85, 90, 94, 97, 100]).\nf([1, 5, 6, 13, 21, 23, 31, 33, 35, 37, 41, 42, 43, 47, 48, 50, 51, 51, 62, 62, 63, 74, 75, 78, 79, 89]):- magic([1, 5, 6, 13, 21, 23, 31, 33, 35, 37, 41, 42, 43, 47, 48, 50, 51, 51, 62, 62, 63, 74, 75, 78, 79, 89]).\nf([4, 11, 11, 20, 26, 27, 27, 29, 30, 35, 43, 49, 57, 62, 64, 72, 73, 76, 76, 80, 88, 89, 91, 93, 95]):- magic([4, 11, 11, 20, 26, 27, 27, 29, 30, 35, 43, 49, 57, 62, 64, 72, 73, 76, 76, 80, 88, 89, 91, 93, 95]).\nf([5, 6, 6, 20, 21, 24, 30, 32, 36, 38, 41, 45, 46, 46, 47, 49, 51, 56, 59, 60, 62, 68, 71, 71, 72, 72, 73, 73, 79, 83, 89, 93]):- magic([5, 6, 6, 20, 21, 24, 30, 32, 36, 38, 41, 45, 46, 46, 47, 49, 51, 56, 59, 60, 62, 68, 71, 71, 72, 72, 73, 73, 79, 83, 89, 93]).\nf([5, 10, 14, 20, 21, 22, 28, 36, 47, 47, 52, 60, 67, 80, 81, 91, 94]):- magic([5, 10, 14, 20, 21, 22, 28, 36, 47, 47, 52, 60, 67, 80, 81, 91, 94]).\nf([7, 11, 13, 20, 22, 25, 26, 29, 31, 33, 57, 60, 63, 64, 65, 70, 73, 73, 73, 77, 80, 85, 90, 91, 95, 97]):- magic([7, 11, 13, 20, 22, 25, 26, 29, 31, 33, 57, 60, 63, 64, 65, 70, 73, 73, 73, 77, 80, 85, 90, 91, 95, 97]).\nf([7, 17, 17, 27, 27, 33, 33, 37, 39, 43, 45, 54, 57, 59, 60, 60, 61, 72, 81, 84, 97]):- magic([7, 17, 17, 27, 27, 33, 33, 37, 39, 43, 45, 54, 57, 59, 60, 60, 61, 72, 81, 84, 97]).\nf([8, 22, 52, 87]):- magic([8, 22, 52, 87]).\nf([20, 21, 21, 31, 40, 53, 56, 57, 63, 67, 67, 68, 72, 78, 82, 84, 90, 92]):- magic([20, 21, 21, 31, 40, 53, 56, 57, 63, 67, 67, 68, 72, 78, 82, 84, 90, 92]).\nf([93]):- magic([93]).", "is_solution": true, "conf_matrix": [10, 0, 10, 0], "total_exec_time": 0.18416991699999996, "durations": [{"operation": "Test", "called": 1, "total": 0.05517804199999998, "mean": 0.05517804199999998, "maximum": 0.05517804199999998, "__type__": "DurationSummary"}, {"operation": "Bind", "called": 1, "total": 0.03196670899999998, "mean": 0.03196670899999998, "maximum": 0.03196670899999998, "__type__": "DurationSummary"}, {"operation": "Find_Bindings_Prolog", "called": 1, "total": 0.022586499999999954, "mean": 0.022586499999999954, "maximum": 0.022586499999999954, "__type__": "DurationSummary"}, {"operation": "Generate", "called": 1, "total": 0.002042416999999963, "mean": 0.002042416999999963, "maximum": 0.002042416999999963, "__type__": "DurationSummary"}], "__type__": "ProgramStats"}, "is_solution": true, "stats_file": "./results/sorted/magicpopper/3/stats.json", "end": false, "__type__": "Stats"}