{"log_best_programs": true, "num_literals": 0, "total_programs": 34, "total_rules": 0, "total_ground_rules": 0, "durations": {"generate": [0.00033004200000003037, 0.00018704199999997062, 0.0005846249999999498, 0.00018845800000000246, 0.00027050000000000685, 0.00018337499999998563, 0.00025695900000000105, 0.00019162500000002858, 0.0007471249999999596, 0.0006349170000000126, 0.00043566699999997294, 0.00020162499999998307, 0.00019012500000004096, 0.00021458299999999042, 0.00021725000000000216, 0.0001359169999999854, 0.0005116669999999934, 0.001050584000000021, 0.00019766700000001247, 0.00016295800000004634, 0.00014449999999999186, 0.0001455000000000206, 0.00015866700000000122, 0.00017174999999997054, 0.00014566699999996047, 0.000177874999999994, 0.00013799999999997148, 0.00020895900000000855, 0.0007051250000000286, 0.00019366700000000847, 0.000165874999999982, 0.0008087499999999692, 0.0005506659999999775, 0.0003630419999999801, 0.0012793329999999936], "find_bindings_prolog": [0.011805165999999978, 0.0008402919999999647, 0.0009843749999999818, 0.0005604999999999638, 0.0007865839999999791, 0.0006787919999999836, 0.0010810419999999765, 0.0006742499999999874, 0.0004505410000000265, 0.0005328749999999882, 0.0005442909999999745, 0.0004685830000000224, 0.0005377920000000369, 0.000780082999999987, 0.0004615000000000036, 0.00048116599999997733, 0.0005393750000000086, 0.0015020000000000033, 0.0005425419999999792], "test": [0.01258145799999999, 0.00040358399999995687, 0.00153804099999999, 0.0020642499999999897, 0.001030083000000015, 0.0016334159999999986, 0.0006782089999999852, 0.000486083000000026, 0.0008805840000000176, 0.0016414999999999624, 0.0010982500000000228, 0.0005121249999999744, 0.0004846250000000163, 0.0006659589999999938, 0.0003619590000000228, 0.0003486670000000247, 0.0008915419999999674, 0.0007802909999999885, 0.0006896249999999715, 0.0004094580000000292, 0.00038283399999999856, 0.00040758300000004466, 0.0005271249999999617, 0.0004111250000000122, 0.0004216659999999872, 0.00042358300000000515, 0.0003969580000000028, 0.0007713750000000186, 0.0010115419999999764, 0.0006824579999999969, 0.0006972499999999826, 0.000767500000000032, 0.0017862909999999954, 0.0007679589999999847], "combine": [0.00427870800000002, 4.1699999997479864e-07, 6.659999999825139e-07, 4.5900000000820285e-07, 4.1699999997479864e-07, 5.000000000143778e-07, 4.580000000364848e-07, 4.5799999998097363e-07, 4.999999999588667e-07, 0.003712082999999977, 4.1699999997479864e-07, 5.419999999922709e-07, 4.5799999998097363e-07, 4.1699999997479864e-07, 3.749999999969056e-07, 4.1699999997479864e-07, 4.5900000000820285e-07, 5.829999999984459e-07, 4.5799999998097363e-07, 3.749999999969056e-07, 4.170000000303098e-07, 3.749999999969056e-07, 5.840000000256751e-07, 3.749999999969056e-07, 3.749999999969056e-07, 3.749999999969056e-07, 4.1600000000308057e-07, 4.1600000000308057e-07, 4.580000000364848e-07, 4.159999999475694e-07, 4.5900000000820285e-07, 5.410000000205528e-07, 4.5799999998097363e-07, 4.1699999997479864e-07], "constrain": [0.0037436660000000344, 0.0017742499999999772, 0.0017852090000000098, 0.0002727499999999883, 0.0018979169999999712, 0.0002511250000000187, 0.002481750000000005, 0.0003601249999999889, 0.0002982920000000333, 0.0007205829999999969, 0.001723375000000027, 0.0033502910000000052, 0.0006905829999999669, 0.0005427919999999586, 0.0006745830000000064, 0.0007224170000000307, 0.0006084160000000005, 0.0006075830000000226, 0.0005864999999999898, 0.0007990840000000055, 0.000753166999999999, 0.0008815830000000191, 0.0007722500000000299, 0.0007625829999999834, 0.000784834000000012, 0.0007616670000000214, 0.0007586669999999907, 0.0005965420000000332, 0.0006024589999999996, 0.0007147080000000083, 0.0009521670000000038, 0.001015416999999963, 0.0006309589999999865, 0.00038558300000002266]}, "final_exec_time": 0.14598462499999998, "stages": [], "best_programs": [], "solution": {"code": "next_value(A,5):- does(A,player,pressButton),magic(5),magic(pressButton),magic(player).\nnext_value(A,B):- does(A,player,noop),my_succ(B,C),my_true_value(A,C),magic(noop),magic(player).", "is_solution": true, "conf_matrix": [8, 0, 46, 0], "total_exec_time": 0.145982292, "durations": [{"operation": "Test", "called": 10, "total": 0.02293720799999993, "mean": 0.0022937207999999933, "maximum": 0.01258145799999999, "__type__": "DurationSummary"}, {"operation": "Find_Bindings_Prolog", "called": 7, "total": 0.016736750999999828, "mean": 0.002390964428571404, "maximum": 0.011805165999999978, "__type__": "DurationSummary"}, {"operation": "Constrain", "called": 9, "total": 0.012865084000000027, "mean": 0.0014294537777777808, "maximum": 0.0037436660000000344, "__type__": "DurationSummary"}, {"operation": "Combine", "called": 9, "total": 0.004282582999999951, "mean": 0.0004758425555555501, "maximum": 0.00427870800000002, "__type__": "DurationSummary"}, {"operation": "Generate", "called": 10, "total": 0.0035746679999999476, "mean": 0.00035746679999999477, "maximum": 0.0007471249999999596, "__type__": "DurationSummary"}], "__type__": "ProgramStats"}, "is_solution": true, "stats_file": "./results/iggp-minimaldecay/magicpopper_args/1/stats.json", "end": true, "__type__": "Stats"}