{"log_best_programs": true, "num_literals": 0, "total_programs": 26, "total_rules": 0, "total_ground_rules": 0, "durations": {"generate": [0.0002915000000000001, 0.00025012499999998994, 0.0002050829999999948, 0.000199208999999978, 0.00035087499999997274, 0.00023499999999998522, 0.00021724999999994665, 0.00020695799999997933, 0.00021216700000004085, 0.00018162500000001858, 0.00018474999999995578, 0.00021324999999999816, 0.0002282499999999854, 0.00021129199999997406, 0.00020320799999995476, 0.00021458299999999042, 0.0002059169999999999, 0.0002090829999999988, 0.0002306659999999905, 0.00017816699999995134, 0.00019995800000000008, 0.00023125000000001616, 0.00018200000000001548, 0.0001794999999999991, 0.00020604199999996187, 0.00054554200000001, 0.00019558299999999917], "find_bindings_prolog": [0.009842709000000005, 0.0007314169999999565, 0.0003578750000000075, 0.0002969159999999804, 0.00036412500000004844, 0.0003539169999999814, 0.0003361659999999711, 0.00033845900000001317, 0.0003230000000000177, 0.00032175000000000953, 0.00032795800000001707, 0.0003233749999999591, 0.0006475839999999788, 0.001001167000000025], "test": [0.010456416000000024, 0.001344666999999966, 0.0005158339999999928, 0.00044879200000003117, 0.013525165999999977, 0.000551875000000035, 0.000538082999999967, 0.0005088750000000197, 0.00028683299999998635, 0.0002778330000000051, 0.00028529100000002083, 0.00027283300000002786, 0.0005148329999999923, 0.0004963749999999933, 0.0004918340000000243, 0.0004972500000000046, 0.0004955829999999661, 0.0012903330000000324, 0.0002954159999999928, 0.00035412500000003844, 0.00032620900000002173, 0.0002833749999999746, 0.0002871249999999992, 0.0002863750000000054, 0.00027720799999997325, 0.0021231660000000097], "combine": [0.002721667000000011, 5.000000000143778e-07, 3.7500000005241674e-07, 3.749999999969056e-07, 5.410000000205528e-07, 3.749999999969056e-07, 3.7500000005241674e-07, 4.1600000000308057e-07, 4.1600000000308057e-07, 4.1699999997479864e-07, 3.749999999969056e-07, 3.3300000001901253e-07, 3.7500000005241674e-07, 4.159999999475694e-07, 3.749999999969056e-07, 4.1600000000308057e-07, 3.749999999969056e-07, 4.170000000303098e-07, 3.339999999907306e-07, 4.5799999998097363e-07, 3.749999999969056e-07, 3.749999999969056e-07, 3.749999999969056e-07, 3.749999999969056e-07, 3.749999999969056e-07, 0.0017882090000000406], "constrain": [0.0007282079999999524, 0.0008658329999999825, 0.000175874999999992, 0.00017341700000000904, 0.00015812500000000895, 0.0009875409999999807, 0.0001975839999999729, 0.00019374999999999254, 0.00017120800000003378, 0.0001690830000000143, 0.00017016699999999885, 0.00013920800000000177, 0.0001635839999999944, 0.00016508399999998202, 0.0001614580000000032, 0.0001627499999999893, 0.00016162499999999858, 0.00016333299999998774, 0.00014016599999999713, 0.00015287499999999676, 0.00014345900000001244, 0.00014062500000000533, 0.0001391250000000177, 0.00014095899999999606, 0.0001382909999999571, 0.0010367499999999752]}, "final_exec_time": 0.08925387499999998, "stages": [], "best_programs": [], "solution": {"code": "multiple(1):- magic(1).\nmultiple(A):- div2(A,B),multiple(B).", "is_solution": true, "conf_matrix": [7, 0, 10, 0], "total_exec_time": 0.08925262499999997, "durations": [{"operation": "Test", "called": 26, "total": 0.03703170500000008, "mean": 0.0014242963461538493, "maximum": 0.013525165999999977, "__type__": "DurationSummary"}, {"operation": "Find_Bindings_Prolog", "called": 14, "total": 0.01556641799999997, "mean": 0.0011118869999999978, "maximum": 0.009842709000000005, "__type__": "DurationSummary"}, {"operation": "Constrain", "called": 25, "total": 0.0061033329999998776, "mean": 0.0002441333199999951, "maximum": 0.0009875409999999807, "__type__": "DurationSummary"}, {"operation": "Generate", "called": 26, "total": 0.005973249999999708, "mean": 0.00022974038461537338, "maximum": 0.00054554200000001, "__type__": "DurationSummary"}, {"operation": "Combine", "called": 25, "total": 0.002731206000000125, "mean": 0.000109248240000005, "maximum": 0.002721667000000011, "__type__": "DurationSummary"}], "__type__": "ProgramStats"}, "is_solution": true, "stats_file": "./results/multiple/magicpopper_all/9/stats.json", "end": true, "__type__": "Stats"}