{"log_best_programs": true, "num_literals": 0, "total_programs": 8, "total_rules": 0, "total_ground_rules": 0, "durations": {"generate": [0.000407749999999929, 0.0005734580000000822, 0.0015001249999999633, 0.0010876669999999589, 0.001596959000000009, 0.0006372909999998733, 0.0007767090000001531, 0.0021955410000003006, 0.0011475420000000014], "find_bindings_prolog": [0.026465041000000022, 0.03459566599999997, 0.13681287500000017, 0.15202204200000025, 0.16274437499999994, 0.14907712500000025], "test": [0.030462999999999907, 0.0470490830000001, 0.019023500000000082, 0.1371255, 0.1523417920000001, 0.021641665999999837, 0.16326312499999984, 0.14941891699999976], "combine": [0.03682829200000004, 0.004638375000000083, 5.419999999922709e-07, 6.249999999763389e-07, 6.670000001207654e-07, 5.409999999095305e-07, 5.409999999095305e-07, 4.5900000023024745e-07], "constrain": [0.0017274160000000371, 0.0023490829999999185, 0.0004198749999999585, 0.0029374589999999756, 0.0051692920000001585, 0.0005251659999996328, 0.0019823749999998697, 0.0017309580000000047]}, "final_exec_time": 2.1024271669999997, "stages": [], "best_programs": [], "solution": {"code": "magic_value(A):- head(A,hp),magic(hp).\nmagic_value(A):- head(A,na),magic(na).\nmagic_value(A):- head(A,qi),magic(qi).\nmagic_value(A):- head(A,eq),magic(eq).\nmagic_value(A):- head(A,du),magic(du).\nmagic_value(A):- head(A,mf),magic(mf).\nmagic_value(A):- head(A,db),magic(db).\nmagic_value(A):- head(A,nv),magic(nv).\nmagic_value(A):- head(A,bj),magic(bj).\nmagic_value(A):- head(A,nh),magic(nh).\nmagic_value(A):- head(A,bl),magic(bl).\nmagic_value(A):- head(A,py),magic(py).\nmagic_value(A):- head(A,sg),magic(sg).\nmagic_value(A):- head(A,hl),magic(hl).\nmagic_value(A):- head(A,ft),magic(ft).\nmagic_value(A):- head(A,ph),magic(ph).\nmagic_value(A):- head(A,sa),magic(sa).\nmagic_value(A):- head(A,ln),magic(ln).\nmagic_value(A):- head(A,kt),magic(kt).\nmagic_value(A):- head(A,pi),magic(pi).\nmagic_value(A):- head(A,ra),magic(ra).\nmagic_value(A):- head(A,if),magic(if).\nmagic_value(A):- head(A,nd),magic(nd).\nmagic_value(A):- head(A,lg),magic(lg).\nmagic_value(A):- head(A,rl),magic(rl).\nmagic_value(A):- head(A,di),magic(di).\nmagic_value(A):- head(A,ls),magic(ls).\nmagic_value(A):- head(A,dp),magic(dp).\nmagic_value(A):- head(A,rq),magic(rq).\nmagic_value(A):- head(A,lz),magic(lz).\nmagic_value(A):- head(A,il),magic(il).\nmagic_value(A):- head(A,oz),magic(oz).\nmagic_value(A):- head(A,gq),magic(gq).\nmagic_value(A):- head(A,gd),magic(gd).\nmagic_value(A):- head(A,h),magic(h).\nmagic_value(A):- head(A,ao),magic(ao).\nmagic_value(A):- head(A,jo),magic(jo).\nmagic_value(A):- head(A,ll),magic(ll).\nmagic_value(A):- head(A,jl),magic(jl).\nmagic_value(A):- head(A,dq),magic(dq).\nmagic_value(A):- head(A,lj),magic(lj).\nmagic_value(A):- head(A,hf),magic(hf).\nmagic_value(A):- head(A,oj),magic(oj).\nmagic_value(A):- head(A,fz),magic(fz).\nmagic_value(A):- head(A,nx),magic(nx).", "is_solution": true, "conf_matrix": [200, 0, 200, 0], "total_exec_time": 2.102420709, "durations": [{"operation": "Test", "called": 1, "total": 0.030462999999999907, "mean": 0.030462999999999907, "maximum": 0.030462999999999907, "__type__": "DurationSummary"}, {"operation": "Find_Bindings_Prolog", "called": 1, "total": 0.026465041000000022, "mean": 0.026465041000000022, "maximum": 0.026465041000000022, "__type__": "DurationSummary"}, {"operation": "Generate", "called": 1, "total": 0.000407749999999929, "mean": 0.000407749999999929, "maximum": 0.000407749999999929, "__type__": "DurationSummary"}], "__type__": "ProgramStats"}, "is_solution": true, "stats_file": "./results/list_magicvalues_multipleclauses/magicpopper/45/7/stats.json", "end": true, "__type__": "Stats"}