{"log_best_programs": true, "num_literals": 0, "total_programs": 140, "total_rules": 0, "total_ground_rules": 0, "durations": {"generate": [0.000380750000000013, 0.0001554159999999638, 0.000169874999999986, 0.00035391600000000967, 0.00017820900000004025, 0.00027408299999998054, 0.0007892910000000253, 0.00026412500000000394, 0.00035562500000002606, 0.00015629200000000232, 0.0004942499999999739, 0.0003534590000000004, 0.0002294160000000378, 0.00013983299999997811, 0.00027845799999998144, 0.00019287499999998126, 0.00019695799999996932, 0.00016229200000000832, 0.0001587920000000187, 0.0002182920000000088, 0.00017204200000003889, 0.00014958299999995317, 0.00047266600000001047, 0.00017991600000000219, 0.0001722909999999911, 0.00017295800000000083, 0.0005602499999999844, 0.00019225000000000492, 0.00024974999999999303, 0.00017154099999999728, 0.00014724999999998767, 0.00016420799999999902, 0.00013741600000000131, 0.00018612500000003696, 0.0006108750000000107, 0.000191541999999989, 0.0002339169999999724, 0.00022637500000000088, 0.00029691699999995214, 0.0006950419999999791, 0.00019337500000005114, 0.00020133399999999746, 0.00017254099999997052, 0.00020354100000002928, 0.00019799999999997597, 0.00032850000000000934, 0.000199875000000016, 0.0002486669999999802, 0.00018795799999998808, 0.00018329100000002985, 0.00017700000000003824, 0.00017662499999998582, 0.00017612499999997144, 0.0006515829999999556, 0.00016562500000000258, 0.0002462919999999813, 0.00015500000000001624, 0.00022295800000005084, 0.00018220900000004425, 0.000177874999999994, 0.0003854580000000052, 0.00019483300000000536, 0.00018024999999999292, 0.00017299999999997873, 0.00016704200000000613, 0.0001967079999999899, 0.002328041000000003, 0.00020229200000004832, 0.00018637499999996088, 0.00021045799999996895, 0.00018212500000003295, 0.0002182920000000088, 0.0001951669999999961, 0.0002802920000000153, 0.00024741700000002753, 0.00022595800000002608, 0.0002455419999999875, 0.00023058300000000642, 0.00022216600000002362, 0.00022816700000000134, 0.00023054100000002853, 0.00021358300000001718, 0.00021366699999997296, 0.00021599999999999397, 0.0005073329999999987, 0.00018733400000003897, 0.0002151670000000161, 0.00021508400000003203, 0.00018845800000000246, 0.0003351249999999917, 0.00023033299999997148, 0.0004970409999999759, 0.000267416999999992, 0.0005389590000000055, 0.00041404100000003163, 0.00023250000000002435, 0.00026845799999997144, 0.0002602080000000395, 0.0002642909999999721, 0.0003279170000000109, 0.0007743749999999938, 0.0003744590000001047, 0.00021833400000004222, 0.00022074999999999179, 0.00018941699999996953, 0.0003441249999999174, 0.00029529100000003083, 0.0002115000000000311, 0.0002244170000000878, 0.0008175830000000106, 0.0002260000000000595, 0.00034566700000004946, 0.00031212499999999643, 0.0002619170000000004, 0.00029000000000001247, 0.0002519590000000793, 0.00021412500000006496, 0.0003278329999999441, 0.0004233329999999702, 0.0004397080000000386, 0.0004773339999999404, 0.0002566669999999327, 0.0002942499999999404, 0.0002255830000000847, 0.0004301249999999479, 0.0002272090000000615, 0.00024649999999992733, 0.00032891600000006793, 0.00043283300000007685, 0.00023574999999997903, 0.0006611250000000402, 0.00023920799999999076, 0.000409541999999985, 0.00022041600000000106, 0.0010159170000000328, 0.00028608399999996426, 0.0006154590000000404, 0.0002687080000000064, 0.0013283750000000483, 0.000554540999999964, 0.004095292000000028], "find_bindings_prolog": [0.010855375, 0.0008710419999999885, 0.0004449160000000174, 0.0005313750000000006, 0.0008473330000000057, 0.000493083999999977, 0.0008400410000000136, 0.001364540999999997, 0.0004437919999999984, 0.0007072080000000147, 0.0007537080000000196, 0.0005350829999999918, 0.0006948330000000058, 0.000953833000000015, 0.0007423339999999556, 0.0004185839999999996, 0.0007842080000000085, 0.0008576670000000064, 0.0004634589999999994, 0.0006525000000000003, 0.00070020799999998, 0.0007063749999999813, 0.0007168750000000057, 0.0006098330000000041, 0.00047733399999999593, 0.0004426250000000298, 0.00043008399999999725, 0.0008317079999999866, 0.0009169159999999899, 0.0008481250000000329, 0.0007518340000000068, 0.0004453330000000477, 0.0009062910000000035, 0.000759624999999986, 0.0005510830000000078, 0.0009921670000000438, 0.0005433749999999571, 0.0010103750000000078, 0.0005769999999999942, 0.0010221660000000465, 0.0005598749999999875, 0.0009633749999999885, 0.0008973330000000002, 0.0007821670000000003, 0.0008922499999999833, 0.0008998749999999944, 0.0006087080000000133, 0.00092408300000002, 0.0008337079999999886, 0.0005447500000000383, 0.0005458329999999956, 0.0009525830000000068, 0.0009095000000000075, 0.0008664580000000144, 0.0008542079999999674, 0.0007722079999999965, 0.0005115829999999821, 0.0007830830000000177, 0.0008423750000000063, 0.0009384169999999692, 0.0005371660000000333, 0.0010203339999999561, 0.0006368749999999812, 0.0009908340000000515, 0.0005413340000000044, 0.0009606669999999706, 0.0010730830000000302, 0.0010334590000000143, 0.0006171249999999961, 0.0009280420000000178, 0.0008050000000000002, 0.0005817919999999699, 0.0008186669999999951, 0.0009342089999999637, 0.0005600410000000111, 0.000920083000000016, 0.0013197080000000305, 0.0009985410000000194, 0.0008402499999999868, 0.000579292000000009, 0.0005592499999999556, 0.0005573340000000204, 0.0010937089999999983, 0.0006897920000000224, 0.0009807079999999968, 0.0010579160000000476, 0.0007280829999999905, 0.0006653339999999619, 0.000587416999999979, 0.0008716670000000204, 0.0008963329999999714, 0.001194082999999957, 0.0008762079999999894, 0.0012267080000000208, 0.0005794590000000044, 0.0006293329999998987, 0.0007682919999999482, 0.0008565830000000219, 0.0006761670000000608, 0.0006316250000000245, 0.0005466250000000228, 0.0005087080000000244, 0.0005724999999999758, 0.0005676669999999939, 0.0006145839999999181, 0.0006519170000000019, 0.0005833750000000526, 0.0006325409999999865, 0.0005899999999999794, 0.0006247499999999517, 0.0005991670000000671, 0.0006447910000000334, 0.0008092909999999343, 0.0006317080000000086, 0.0006092500000000056, 0.0009448330000000338, 0.0008517919999999624, 0.0009152500000000341, 0.0008850829999998977, 0.0010027080000000188, 0.0010381660000000625, 0.0011499999999999844, 0.0009942499999999743, 0.0010768329999999438, 0.0009897920000000449],