{"log_best_programs": true, "num_literals": 0, "total_programs": 8, "total_rules": 0, "total_ground_rules": 0, "durations": {"generate": [0.00037804199999991184, 0.0005476250000000515, 0.0012587920000000086, 0.0011670830000001242, 0.0014972499999998945, 0.0005109580000000058, 0.0007767910000000544, 0.0012402920000003093, 0.0014615840000002933], "find_bindings_prolog": [0.017138458000000023, 0.032380042, 0.13404391700000007, 0.14075558300000002, 0.15666587500000007, 0.14033925000000025], "test": [0.018402291999999987, 0.043973708, 0.018239499999999964, 0.1343383749999998, 0.14109333299999993, 0.018141874999999974, 0.1571428749999999, 0.14066391599999983], "combine": [0.006928959000000123, 0.004204792000000124, 5.419999999922709e-07, 6.669999998987208e-07, 5.83000000053957e-07, 4.999999998478444e-07, 4.999999996257998e-07, 5.00000000069889e-07], "constrain": [0.0015152090000001284, 0.002204957999999868, 0.00039966699999993693, 0.0030290419999998708, 0.004828916999999988, 0.0017967500000000136, 0.005195791000000227, 0.0016969580000001372]}, "final_exec_time": 1.9379524170000002, "stages": [], "best_programs": [], "solution": {"code": "magic_value(A):- head(A,lk),magic(lk).\nmagic_value(A):- head(A,gr),magic(gr).\nmagic_value(A):- head(A,pu),magic(pu).\nmagic_value(A):- head(A,is),magic(is).\nmagic_value(A):- head(A,oq),magic(oq).\nmagic_value(A):- head(A,pn),magic(pn).\nmagic_value(A):- head(A,ot),magic(ot).\nmagic_value(A):- head(A,b),magic(b).\nmagic_value(A):- head(A,sf),magic(sf).\nmagic_value(A):- head(A,pb),magic(pb).", "is_solution": true, "conf_matrix": [200, 0, 200, 0], "total_exec_time": 1.9379494590000002, "durations": [{"operation": "Test", "called": 1, "total": 0.018402291999999987, "mean": 0.018402291999999987, "maximum": 0.018402291999999987, "__type__": "DurationSummary"}, {"operation": "Find_Bindings_Prolog", "called": 1, "total": 0.017138458000000023, "mean": 0.017138458000000023, "maximum": 0.017138458000000023, "__type__": "DurationSummary"}, {"operation": "Generate", "called": 1, "total": 0.00037804199999991184, "mean": 0.00037804199999991184, "maximum": 0.00037804199999991184, "__type__": "DurationSummary"}], "__type__": "ProgramStats"}, "is_solution": true, "stats_file": "./results/list_magicvalues_multipleclauses/magicpopper/10/6/stats.json", "end": true, "__type__": "Stats"}