{"log_best_programs": true, "num_literals": 0, "total_programs": 30, "total_rules": 0, "total_ground_rules": 0, "durations": {"generate": [0.0004093750000000451, 0.00020562499999998707, 0.0003990830000000223, 0.0002159169999999544, 0.0001991670000000001, 0.000203542000000001, 0.0005467500000000403, 0.00019283300000000336, 0.00017716600000000637, 0.0008570000000000522, 0.00020179200000003394, 0.00018841699999999628, 0.00023662499999999032, 0.00022545900000003893, 0.0002335419999999755, 0.0002463340000000147, 0.0002211249999999887, 0.00026091699999997164, 0.0002519169999999904, 0.00026845799999997144, 0.00019808400000004278, 0.00018229200000002832, 0.0002175419999999595, 0.0002282919999999633, 0.00025162499999997756, 0.00026929199999997655, 0.0003053749999999966, 0.00021370900000006188, 0.00028887499999996624, 0.0006810830000000268, 0.002041124999999977], "find_bindings_prolog": [0.012563374999999988, 0.0055978329999999965, 0.010362125, 0.00495891599999998, 0.001984083999999997, 0.004897874999999996, 0.0015758750000000044, 0.0012236669999999839, 0.0015955000000000275, 0.0009320829999999725, 0.0013821250000000118, 0.001403500000000002, 0.0019303749999999842, 0.0014478340000000367, 0.0031124169999999785, 0.0032521249999999946, 0.004321000000000019, 0.0008342499999999808, 0.000753291999999961, 0.0012775420000000204, 0.001281166999999972, 0.0007070419999999911, 0.0014320000000000443, 0.0014726250000000052, 0.0005525840000000226, 0.0005967499999999792, 0.0017209169999999885, 0.0016667499999999391, 0.0013689999999999536, 0.0015775410000000711], "test": [0.013671833000000022, 0.008065166999999984, 0.014028542000000033, 0.00754295899999996, 0.0028286659999999797, 0.007311457999999993, 0.002648541999999976, 0.001968375000000022, 0.00266862499999998, 0.0012939590000000112, 0.0020863339999999675, 0.0021039170000000107, 0.0029162079999999757, 0.0023704589999999914, 0.00566508299999996, 0.005891833000000013, 0.007821040999999973, 0.0016030409999999717, 0.001496917000000042, 0.002117040999999986, 0.0020984169999999636, 0.0012138749999999754, 0.00234495899999998, 0.002578459000000033, 0.000887958000000022, 0.0009350830000000032, 0.0029556249999999618, 0.00289720800000004, 0.0023176670000000232, 0.002738832999999996], "combine": [0.004105083000000009, 0.005386084000000013, 0.006262207999999991, 5.410000000205528e-07, 0.0071733329999999484, 5.410000000205528e-07, 5.000000000143778e-07, 4.5799999998097363e-07, 5.000000000143778e-07, 5.000000000143778e-07, 3.749999999969056e-07, 4.5799999998097363e-07, 5.000000000143778e-07, 4.170000000303098e-07, 4.999999999588667e-07, 5.840000000256751e-07, 4.5900000000820285e-07, 4.5900000000820285e-07, 3.749999999969056e-07, 4.170000000303098e-07, 3.749999999969056e-07, 3.749999999969056e-07, 4.580000000364848e-07, 4.999999999588667e-07, 3.749999999969056e-07, 3.749999999969056e-07, 4.999999999588667e-07, 4.5900000000820285e-07, 4.999999999588667e-07, 4.5900000000820285e-07], "constrain": [0.001796999999999993, 0.0018844159999999999, 0.0019308749999999986, 0.0004808329999999583, 0.00023966699999999896, 0.0017285419999999996, 0.002350167000000014, 0.00033199999999999896, 0.0008798749999999744, 0.002194375000000026, 0.00038045800000002794, 0.00038833300000001847, 0.0003887090000000426, 0.0004269159999999994, 0.0004425419999999902, 0.0004161659999999956, 0.00042433299999999896, 0.0007512089999999749, 0.0007484999999999853, 0.00037133400000000094, 0.00036091700000001614, 0.0006745000000000223, 0.0003845419999999877, 0.0002699590000000418, 0.0005821669999999668, 0.0005868749999999867, 0.000979583000000006, 0.0009552090000000124, 0.0009496669999999874, 0.0009701669999999663]}, "final_exec_time": 0.24586650000000004, "stages": [], "best_programs": [], "solution": {"code": "goal(A,you,0):- my_true_cell(A,F,onecoin),my_true_cell(A,F,onecoin),magic(you),magic(onecoin),magic(0),magic(onecoin).\ngoal(A,you,100):- my_true_step(A,5),magic(you),magic(100),magic(5).", "is_solution": true, "conf_matrix": [62, 0, 62, 0], "total_exec_time": 0.24586391700000004, "durations": [{"operation": "Test", "called": 5, "total": 0.04613716699999998, "mean": 0.009227433399999995, "maximum": 0.014028542000000033, "__type__": "DurationSummary"}, {"operation": "Find_Bindings_Prolog", "called": 5, "total": 0.03546633299999996, "mean": 0.007093266599999992, "maximum": 0.012563374999999988, "__type__": "DurationSummary"}, {"operation": "Combine", "called": 4, "total": 0.015753916000000034, "mean": 0.003938479000000009, "maximum": 0.006262207999999991, "__type__": "DurationSummary"}, {"operation": "Constrain", "called": 4, "total": 0.00609312399999995, "mean": 0.0015232809999999875, "maximum": 0.0019308749999999986, "__type__": "DurationSummary"}, {"operation": "Generate", "called": 5, "total": 0.001429167000000009, "mean": 0.0002858334000000018, "maximum": 0.0004093750000000451, "__type__": "DurationSummary"}], "__type__": "ProgramStats"}, "is_solution": true, "stats_file": "./results/iggp-coins-goal/magicpopper_types/3/stats.json", "end": true, "__type__": "Stats"}