{"log_best_programs": true, "num_literals": 0, "total_programs": 9, "total_rules": 0, "total_ground_rules": 0, "durations": {"generate": [0.0002462500000000034, 0.0001968340000000346, 0.00021495799999993181, 0.0006332500000003627, 0.000269624999999607, 0.0002908329999997683, 0.00030816700000002584, 0.0007897080000001111, 0.0002982920000000888], "find_bindings_prolog": [0.02047341700000005, 0.0611986659999999, 0.008144499999999999, 0.23521383299999998, 0.3053890420000003, 0.30515983300000027, 0.26979570899999983], "test": [0.055244958000000066, 0.21465329100000008, 0.027730583000000086, 0.006298958999999993, 0.2355398339999999, 0.30590395800000003, 0.042648332999999816, 0.3061550829999997, 0.27018450000000005], "combine": [0.01104187500000009, 0.005386667000000012, 2.708000000239963e-06, 1.5419999996879596e-06, 6.660000000380251e-07, 5.839999999146528e-07, 1.0409999999794195e-06, 5.419999999922709e-07, 8.750000000112834e-07], "constrain": [0.001368792000000063, 0.002560125000000024, 0.0011769169999999995, 0.0010946659999997443, 0.009191208999999922, 0.07620799999999983, 0.0073307499999999415, 0.026082166999999767, 0.014831833999999766]}, "final_exec_time": 3.058422083, "stages": [], "best_programs": [], "solution": {"code": "magic_value(A):- head(A,cb),const(cb).\nmagic_value(A):- head(A,fs),const(fs).\nmagic_value(A):- head(A,lb),const(lb).\nmagic_value(A):- head(A,nk),const(nk).\nmagic_value(A):- head(A,pg),const(pg).\nmagic_value(A):- head(A,pv),const(pv).", "is_solution": true, "conf_matrix": [200, 0, 200, 0], "total_exec_time": 1.448264708, "durations": [{"operation": "Test", "called": 1, "total": 0.055244958000000066, "mean": 0.055244958000000066, "maximum": 0.055244958000000066, "__type__": "DurationSummary"}, {"operation": "Find_Bindings_Prolog", "called": 1, "total": 0.02047341700000005, "mean": 0.02047341700000005, "maximum": 0.02047341700000005, "__type__": "DurationSummary"}, {"operation": "Generate", "called": 1, "total": 0.0002462500000000034, "mean": 0.0002462500000000034, "maximum": 0.0002462500000000034, "__type__": "DurationSummary"}], "__type__": "ProgramStats"}, "is_solution": true, "stats_file": "./results/list_magicvalues_multipleclauses/magicpopper/6/stats.json", "__type__": "Stats"}