{"log_best_programs": true, "num_literals": 0, "total_programs": 14, "total_rules": 0, "total_ground_rules": 0, "durations": {"generate": [0.023665874999999947, 0.007099999999999995, 0.0029843330000000057, 0.0030042500000000416, 0.0016310419999999715, 0.6826504579999999, 0.0008686249999998452, 0.0009704999999999853, 0.001002291000000044, 0.005386958999999969, 0.001075249999999972, 0.0011672919999998754, 0.019305832999999772, 0.0008705830000002024, 4.673207875], "find_bindings_prolog": [0.013019916999999936, 0.00067208299999999, 0.0007199159999999871, 0.0006788749999999677, 0.0006807090000000571, 0.0007748750000000637, 0.0007085419999999232, 0.0007525829999999178, 0.0007317919999998423, 0.000936166000000016, 0.0007367920000000971, 0.0008027090000000126, 0.0009870000000002932, 0.00115729199999981], "test": [0.013911083999999962, 0.0010625419999999997, 0.0012880000000000669, 0.0012463750000000218, 0.0010487499999999317, 0.0011986659999998484, 0.0013536670000000584, 0.0016242499999998827, 0.0013632080000001157, 0.001592959000000116, 0.0016052090000000518, 0.0017077500000000079, 0.0016050830000002847, 0.0024377919999998277], "combine": [4.999999999588667e-07, 3.7499999994139444e-07, 4.1699999997479864e-07, 4.1700000008582094e-07, 4.1600000000308057e-07, 4.999999998478444e-07, 3.7499999994139444e-07, 4.1700000008582094e-07, 4.579999999254625e-07, 4.1700000008582094e-07, 4.1600000000308057e-07, 4.1699999986377634e-07, 4.1699999986377634e-07, 0.0027643339999996464], "constrain": [0.15713458300000005, 0.06597520800000001, 0.021220791000000072, 0.021237291000000047, 0.01871437499999995, 0.07551054199999996, 0.07599699999999987, 0.08542816699999989, 0.08137995799999986, 0.027756834000000064, 0.030305666000000064, 0.17916762500000027, 0.08222024999999977, 0.04377675000000014]}, "final_exec_time": 6.74121375, "stages": [], "best_programs": [], "solution": {"code": "f(A):- cell(A,B,w,r),cell(A,D,w,k),distance(B,D,1),magic(k),magic(w),magic(1),magic(r).", "is_solution": true, "conf_matrix": [10, 0, 10, 0], "total_exec_time": 6.741205208, "durations": [{"operation": "Constrain", "called": 13, "total": 0.9220482899999999, "mean": 0.07092679153846153, "maximum": 0.17916762500000027, "__type__": "DurationSummary"}, {"operation": "Generate", "called": 14, "total": 0.7516832909999995, "mean": 0.05369166364285711, "maximum": 0.6826504579999999, "__type__": "DurationSummary"}, {"operation": "Test", "called": 14, "total": 0.033045335000000176, "mean": 0.002360381071428584, "maximum": 0.013911083999999962, "__type__": "DurationSummary"}, {"operation": "Find_Bindings_Prolog", "called": 14, "total": 0.023359250999999914, "mean": 0.0016685179285714224, "maximum": 0.013019916999999936, "__type__": "DurationSummary"}, {"operation": "Combine", "called": 13, "total": 5.541999999580938e-06, "mean": 4.2630769227545676e-07, "maximum": 4.999999999588667e-07, "__type__": "DurationSummary"}], "__type__": "ProgramStats"}, "is_solution": true, "stats_file": "./results/krk/magicpopper_types/6/stats.json", "end": true, "__type__": "Stats"}