{"log_best_programs": true, "num_literals": 0, "total_programs": 24, "total_rules": 0, "total_ground_rules": 0, "durations": {"generate": [0.0005266250000000028, 0.00036200000000002897, 0.0004622089999999912, 0.0002858339999999848, 0.0002983750000000174, 0.00025279100000002996, 0.000377874999999972, 0.00026770800000003314, 0.0002666250000000203, 0.00022774999999997103, 0.0005697500000000355, 0.0002614579999999922, 0.00024887500000003726, 0.00022645900000001218, 0.0009412909999999552, 0.0003674160000000093, 0.0003624590000000927, 0.000443749999999965, 0.00045995899999995427, 0.0003358330000000631, 0.0005213330000000127, 0.0003762090000000162, 0.0003784999999999483, 0.00031441700000001127, 0.009898375000000015], "test": [0.000647417000000039, 0.0004413329999999882, 0.04855395800000001, 0.02886679200000003, 0.03502824999999998, 0.0015136669999999963, 0.0038782920000000054, 0.0015333750000000035, 0.0034229580000000315, 0.0006432080000000062, 0.0039827080000000015, 0.001236207999999961, 0.0031994590000000156, 0.0004957090000000108, 0.04141958299999998, 0.008337041999999961, 0.008226208999999929, 0.007894041000000018, 0.007508457999999996, 0.007902207999999966, 0.001351749999999985, 0.06314074999999997, 0.007819374999999962, 0.05781866599999996], "combine": [6.660000000380251e-07, 4.5900000000820285e-07, 0.0037094999999999767, 5.829999999984459e-07, 6.249999999763389e-07, 4.5799999998097363e-07, 5.419999999922709e-07, 5.000000000143778e-07, 5.419999999922709e-07, 5.419999999922709e-07, 5.409999999650417e-07, 4.580000000364848e-07, 4.580000000364848e-07, 4.580000000364848e-07, 6.249999999763389e-07, 4.5900000000820285e-07, 4.1700000008582094e-07, 5.419999999922709e-07, 4.580000000364848e-07, 4.579999999254625e-07, 4.580000000364848e-07, 0.0027000409999999864, 4.999999999588667e-07, 0.0021272079999999916], "constrain": [0.0026067920000000244, 0.00035395799999998756, 0.002377832999999996, 0.0010471659999999883, 0.00047608399999998774, 0.0026162499999999866, 0.0013213340000000073, 0.0009112919999999525, 0.0008199170000000033, 0.0010420420000000208, 0.0012146249999999692, 0.0008230840000000295, 0.0007927910000000149, 0.0009531660000000053, 0.00458687499999999, 0.004830375000000053, 0.0020999999999999908, 0.0020882500000000137, 0.002045207999999965, 0.0018850000000000255, 0.00223933300000001, 0.00112325000000002, 0.002094208000000042, 0.0036160829999999367], "find_bindings_prolog": [0.0439715, 0.020481040999999978, 0.029218999999999995, 0.0025109589999999793, 0.0013268750000000051, 0.0024351659999999886, 0.0025199169999999826, 0.001045499999999977, 0.0022179159999999865, 0.03764675000000001, 0.008060499999999915, 0.007980874999999998, 0.007656666000000034, 0.0072762090000000335, 0.007675499999999946, 0.001136792000000053, 0.05546499999999999, 0.007541915999999982, 0.052085041]}, "final_exec_time": 0.475990875, "stages": [], "best_programs": [], "solution": {"code": "magic_value(A):- my_append(D,['aag'],B),tail(A,B),magic(['aag']).", "is_solution": true, "conf_matrix": [10, 0, 10, 0], "total_exec_time": 0.47598899999999994, "durations": [{"operation": "Test", "called": 24, "total": 0.3448614159999998, "mean": 0.014369225666666659, "maximum": 0.06314074999999997, "__type__": "DurationSummary"}, {"operation": "Find_Bindings_Prolog", "called": 19, "total": 0.29825312299999984, "mean": 0.015697532789473678, "maximum": 0.05546499999999999, "__type__": "DurationSummary"}, {"operation": "Constrain", "called": 23, "total": 0.040348833000000084, "mean": 0.0017542970869565255, "maximum": 0.004830375000000053, "__type__": "DurationSummary"}, {"operation": "Generate", "called": 24, "total": 0.009135501000000157, "mean": 0.0003806458750000065, "maximum": 0.0009412909999999552, "__type__": "DurationSummary"}, {"operation": "Combine", "called": 23, "total": 0.006420290000000051, "mean": 0.00027914304347826307, "maximum": 0.0037094999999999767, "__type__": "DurationSummary"}], "__type__": "ProgramStats"}, "is_solution": true, "stats_file": "./results/list_append/magicpopper_args/2/9/stats.json", "end": true, "__type__": "Stats"}