{"log_best_programs": true, "num_literals": 0, "total_programs": 2, "total_rules": 0, "total_ground_rules": 0, "durations": {"generate": [0.0005645839999999791, 0.0007225419999999927], "find_bindings_prolog": [0.014839709000000034, 0.0010045000000000193], "bind": [0.01889425, 0.0021339579999999914], "test": [0.03417524999999999, 0.0033701250000000016], "combine": [0.004278499999999963], "constrain": [0.001017292000000003]}, "final_exec_time": 0.09693195900000001, "stages": [], "best_programs": [], "solution": {"code": "f([2, 5, 6, 6, 6, 8, 14, 14, 16, 16, 20, 20, 23, 27, 31, 31, 40, 41, 48, 51, 55, 55, 55, 58, 58, 60, 60, 64, 66, 67, 70, 72, 73, 77, 79, 84, 85, 86, 88, 88, 90, 99, 99, 101]):- magic([2, 5, 6, 6, 6, 8, 14, 14, 16, 16, 20, 20, 23, 27, 31, 31, 40, 41, 48, 51, 55, 55, 55, 58, 58, 60, 60, 64, 66, 67, 70, 72, 73, 77, 79, 84, 85, 86, 88, 88, 90, 99, 99, 101]).\nf([2, 5, 9, 10, 11, 11, 13, 13, 13, 13, 13, 15, 17, 17, 18, 19, 20, 29, 32, 34, 35, 37, 38, 42, 48, 50, 52, 52, 59, 63, 64, 64, 65, 70, 71, 71, 72, 75, 77, 78, 78, 87, 87, 90]):- magic([2, 5, 9, 10, 11, 11, 13, 13, 13, 13, 13, 15, 17, 17, 18, 19, 20, 29, 32, 34, 35, 37, 38, 42, 48, 50, 52, 52, 59, 63, 64, 64, 65, 70, 71, 71, 72, 75, 77, 78, 78, 87, 87, 90]).\nf([3, 6, 9, 10, 11, 29, 31, 34, 34, 34, 38, 58, 58, 58, 61, 64, 73, 74, 75, 75, 78, 79, 82, 85, 85, 98, 98]):- magic([3, 6, 9, 10, 11, 29, 31, 34, 34, 34, 38, 58, 58, 58, 61, 64, 73, 74, 75, 75, 78, 79, 82, 85, 85, 98, 98]).\nf([6, 20, 25, 25, 25, 31, 39, 48, 54, 79, 88, 89]):- magic([6, 20, 25, 25, 25, 31, 39, 48, 54, 79, 88, 89]).\nf([9, 47, 49, 57, 66, 91, 91, 94]):- magic([9, 47, 49, 57, 66, 91, 91, 94]).\nf([83, 86, 90]):- magic([83, 86, 90]).\nf([88, 100]):- magic([88, 100]).\nf(A):- head(A,5),magic(5).", "is_solution": true, "conf_matrix": [10, 0, 10, 0], "total_exec_time": 0.096910667, "durations": [{"operation": "Test", "called": 2, "total": 0.03754537499999999, "mean": 0.018772687499999996, "maximum": 0.03417524999999999, "__type__": "DurationSummary"}, {"operation": "Bind", "called": 2, "total": 0.021028207999999993, "mean": 0.010514103999999996, "maximum": 0.01889425, "__type__": "DurationSummary"}, {"operation": "Find_Bindings_Prolog", "called": 2, "total": 0.015844209000000053, "mean": 0.007922104500000027, "maximum": 0.014839709000000034, "__type__": "DurationSummary"}, {"operation": "Combine", "called": 1, "total": 0.004278499999999963, "mean": 0.004278499999999963, "maximum": 0.004278499999999963, "__type__": "DurationSummary"}, {"operation": "Generate", "called": 2, "total": 0.0012871259999999718, "mean": 0.0006435629999999859, "maximum": 0.0007225419999999927, "__type__": "DurationSummary"}, {"operation": "Constrain", "called": 1, "total": 0.001017292000000003, "mean": 0.001017292000000003, "maximum": 0.001017292000000003, "__type__": "DurationSummary"}], "__type__": "ProgramStats"}, "is_solution": true, "stats_file": "./results/sorted/magicpopper/1/stats.json", "end": false, "__type__": "Stats"}