{"log_best_programs": true, "num_literals": 0, "total_programs": 65, "total_rules": 0, "total_ground_rules": 0, "durations": {"generate": [0.0005169999999999897, 0.0005847909999999734, 0.0005464170000000212, 0.0015627089999999955, 0.0012632080000000157, 0.000668540999999967, 0.0015281659999999975, 0.0009772090000000344, 0.0004539590000000038, 0.00031254199999997123, 0.0003349579999999963, 0.00032399999999999096, 0.0023870839999999838, 0.0008693339999999994, 0.0037162499999999765, 0.0013544580000000028, 0.00043087499999999723, 0.0037993339999999876, 0.0007942499999999963, 0.00040004199999998935, 0.0003998339999999878, 0.00037437500000003787, 0.0003590410000000044, 0.0004073749999999876, 0.00038129200000003305, 0.0006930419999999771, 0.000615957999999972, 0.0007279159999999951, 0.00036845900000004317, 0.0010632910000000217, 0.0019732920000000154, 0.000712207999999992, 0.00044904099999998337, 0.0003393329999999972, 0.0003853329999999877, 0.00042162500000003655, 0.00033766600000001423, 0.0003254999999999786, 0.00033495900000002354, 0.0003297079999999841, 0.00034162500000001206, 0.0007629590000000075, 0.010014166999999963, 0.0004987499999999923, 0.0003737079999999726, 0.0003409159999999689, 0.0015822500000000073, 0.00036429099999996106, 0.0003610830000000398, 0.0003462919999999703, 0.0004916670000000289, 0.0003830409999999729, 0.0003531669999999876, 0.0003906250000000333, 0.00035291699999995263, 0.0003271670000000171, 0.0003286659999999775, 0.0003377079999999921, 0.00031999999999998696, 0.0003199170000000029, 0.00037279100000003895, 0.0003347089999999886, 0.00042308299999999077, 0.0003410830000000198, 0.002215791999999994], "test": [0.02093520900000001, 0.00040883299999999734, 0.00036958300000000666, 0.00043295900000001053, 0.00043279199999995965, 0.00044037500000004837, 0.00040870799999997987, 0.0003718750000000215, 0.000406208000000019, 0.00048270799999999836, 0.00044800000000000395, 0.0003865839999999676, 0.00040962499999996904, 0.00040670799999997787, 0.0004072909999999763, 0.0004065829999999604, 0.00044641699999997675, 0.000552958999999964, 0.0005737080000000061, 0.0005299999999999749, 0.0005015830000000276, 0.0004509160000000234, 0.0004907500000000398, 0.0005352090000000365, 0.0004979170000000144, 0.0006284160000000205, 0.0006232919999999975, 0.0004919170000000084, 0.000484207999999986, 0.0005494999999999806, 0.0006640420000000313, 0.0004949999999999677, 0.0004750000000000032, 0.0004086249999999958, 0.0004494170000000075, 0.00046954199999998947, 0.00042958299999995564, 0.0004081659999999876, 0.0004139590000000193, 0.0004070419999999686, 0.0004154590000000069, 0.00039716699999997607, 0.0004966670000000062, 0.0004737910000000012, 0.0004497920000000044, 0.00040037500000000836, 0.0004217499999999985, 0.0003999169999999719, 0.00040004200000004486, 0.00038841699999997426, 0.0003941660000000291, 0.00042233299999999696, 0.00042237499999997485, 0.00045566699999999294, 0.00038058400000001713, 0.00038891699999998863, 0.0003830830000000063, 0.0003960829999999915, 0.00039637500000000436, 0.00038274999999998727, 0.00040283300000004685, 0.00038445800000003194, 0.00038129199999997754, 0.0004130839999999525, 0.0006369159999999874], "combine": [0.002284209000000037, 5.829999999984459e-07, 0.0019176659999999845, 4.1600000000308057e-07, 4.999999999588667e-07, 4.5799999998097363e-07, 4.5900000000820285e-07, 4.1600000000308057e-07, 4.5799999998097363e-07, 5.000000000143778e-07, 4.5799999998097363e-07, 4.5799999998097363e-07, 4.1600000000308057e-07, 4.170000000303098e-07, 3.749999999969056e-07, 3.749999999969056e-07, 5.000000000143778e-07, 5.840000000256751e-07, 4.1699999997479864e-07, 3.749999999969056e-07, 3.749999999969056e-07, 3.749999999969056e-07, 4.170000000303098e-07, 3.749999999969056e-07, 5.000000000143778e-07, 0.0028389580000000025, 4.5900000000820285e-07, 4.5900000000820285e-07, 4.589999999526917e-07, 0.0029736249999999798, 4.1600000000308057e-07, 4.159999999475694e-07, 3.749999999969056e-07, 4.5900000000820285e-07, 4.1600000000308057e-07, 3.749999999969056e-07, 4.5900000000820285e-07, 3.749999999969056e-07, 4.170000000303098e-07, 3.749999999969056e-07, 3.749999999969056e-07, 4.1699999997479864e-07, 3.749999999969056e-07, 4.5900000000820285e-07, 4.580000000364848e-07, 4.170000000303098e-07, 4.1699999997479864e-07, 4.1600000000308057e-07, 3.749999999969056e-07, 3.749999999969056e-07, 4.170000000303098e-07, 3.749999999969056e-07, 4.1600000000308057e-07, 4.170000000303098e-07, 3.749999999969056e-07, 3.749999999969056e-07, 3.749999999969056e-07, 3.749999999969056e-07, 4.1699999997479864e-07, 3.749999999969056e-07, 3.749999999969056e-07, 3.749999999969056e-07, 3.749999999969056e-07, 3.749999999969056e-07], "constrain": [0.0010629580000000027, 0.00013629199999998232, 0.001278584000000027, 0.0003430420000000156, 0.00031975000000000753, 0.0018563750000000212, 0.00029975000000004304, 0.0003030410000000039, 0.000293417000000018, 0.0003061669999999683, 0.0003047079999999869, 0.0002909580000000078, 0.0005693339999999769, 0.0005642909999999945, 0.000258207999999982, 0.0003234169999999925, 0.00030774999999999553, 0.0006031250000000377, 0.0005592500000000111, 0.0005688750000000242, 0.0005742919999999763, 0.0005586670000000127, 0.0005732500000000251, 0.0005609999999999782, 0.0005394589999999644, 0.00216025000000003, 0.0005529590000000195, 0.000545958000000013, 0.000546958999999958, 0.0005551249999999897, 0.0028984999999999705, 0.0005412080000000152, 0.0006306670000000292, 0.0005401249999999469, 0.0005815410000000187, 0.0005226670000000322, 0.0005235000000000101, 0.000523957999999991, 0.0005228340000000276, 0.0005156250000000195, 0.000518332999999982, 0.0005206249999999968, 0.0005367920000000082, 0.0005437079999999761, 0.0005256670000000074, 0.0005213749999999906, 0.0005229580000000178, 0.0005287500000000223, 0.0005209999999999937, 0.0005229160000000399, 0.0005229999999999957, 0.0005178339999999948, 0.0005227499999999607, 0.0005208329999999983, 0.0005150410000000494, 0.0005149170000000036, 0.0005182500000000534, 0.0005169580000000118, 0.0005154589999999959, 0.0005159160000000051, 0.0005184999999999773, 0.0005150409999999939, 0.0005175420000000375, 0.0005207080000000364]}, "final_exec_time": 0.20861816699999997, "stages": [], "best_programs": [], "solution": {"code": "f(A,B):- tail(A,C),f(C,B).\nf(A,B):- head(A,B).", "is_solution": true, "conf_matrix": [10, 0, 10, 0], "total_exec_time": 0.20861649999999998, "durations": [{"operation": "Generate", "called": 65, "total": 0.05610274899999984, "mean": 0.0008631192153846129, "maximum": 0.010014166999999963, "__type__": "DurationSummary"}, {"operation": "Test", "called": 65, "total": 0.04961550199999987, "mean": 0.0007633154153846133, "maximum": 0.02093520900000001, "__type__": "DurationSummary"}, {"operation": "Constrain", "called": 64, "total": 0.038032709000000275, "mean": 0.0005942610781250043, "maximum": 0.0028984999999999705, "__type__": "DurationSummary"}, {"operation": "Combine", "called": 64, "total": 0.010039625999999968, "mean": 0.0001568691562499995, "maximum": 0.0029736249999999798, "__type__": "DurationSummary"}], "__type__": "ProgramStats"}, "is_solution": true, "stats_file": "./results/member/popper/5/stats.json", "end": true, "__type__": "Stats"}