{"log_best_programs": true, "num_literals": 0, "total_programs": 8, "total_rules": 0, "total_ground_rules": 0, "durations": {"generate": [0.00037779200000009894, 0.0005996669999999149, 0.0013700839999999381, 0.001257958000000059, 0.0014854999999998064, 0.0006274580000003027, 0.0007605840000000086, 0.0017130000000000756, 0.0010017499999999124], "find_bindings_prolog": [0.03791995800000003, 0.03477741600000006, 0.14503924999999995, 0.1557848329999998, 0.17579166699999993, 0.15304325000000008], "test": [0.04628466600000003, 0.04697000000000018, 0.020471458000000053, 0.1453523750000001, 0.15612983300000005, 0.018817208000000196, 0.17630829099999978, 0.15338916700000027], "combine": [0.112857875, 0.010798457999999789, 5.83000000053957e-07, 6.249999997542943e-07, 6.660000000380251e-07, 5.00000000069889e-07, 6.249999997542943e-07, 5.409999999095305e-07], "constrain": [0.001697041999999982, 0.0023854999999999293, 0.000427417000000041, 0.002981124999999807, 0.005158624999999972, 0.0019268750000001056, 0.005478791999999899, 0.0018119169999999407]}, "final_exec_time": 2.311176583, "stages": [], "best_programs": [], "solution": {"code": "magic_value(A):- head(A,ea),magic(ea).\nmagic_value(A):- head(A,gh),magic(gh).\nmagic_value(A):- head(A,ke),magic(ke).\nmagic_value(A):- head(A,ls),magic(ls).\nmagic_value(A):- head(A,ix),magic(ix).\nmagic_value(A):- head(A,ia),magic(ia).\nmagic_value(A):- head(A,ib),magic(ib).\nmagic_value(A):- head(A,mq),magic(mq).\nmagic_value(A):- head(A,co),magic(co).\nmagic_value(A):- head(A,ba),magic(ba).\nmagic_value(A):- head(A,am),magic(am).\nmagic_value(A):- head(A,db),magic(db).\nmagic_value(A):- head(A,po),magic(po).\nmagic_value(A):- head(A,x),magic(x).\nmagic_value(A):- head(A,hf),magic(hf).\nmagic_value(A):- head(A,pf),magic(pf).\nmagic_value(A):- tail(A,B),head(B,mz),magic(mz).\nmagic_value(A):- head(A,mm),magic(mm).\nmagic_value(A):- head(A,dz),magic(dz).\nmagic_value(A):- head(A,qb),magic(qb).\nmagic_value(A):- head(A,kd),magic(kd).\nmagic_value(A):- head(A,fn),magic(fn).\nmagic_value(A):- head(A,w),magic(w).\nmagic_value(A):- head(A,nq),magic(nq).\nmagic_value(A):- head(A,ar),magic(ar).\nmagic_value(A):- head(A,qr),magic(qr).\nmagic_value(A):- head(A,pv),magic(pv).\nmagic_value(A):- head(A,gq),magic(gq).\nmagic_value(A):- head(A,qp),magic(qp).\nmagic_value(A):- head(A,ru),magic(ru).\nmagic_value(A):- head(A,lo),magic(lo).\nmagic_value(A):- head(A,gg),magic(gg).\nmagic_value(A):- head(A,ac),magic(ac).\nmagic_value(A):- head(A,ll),magic(ll).\nmagic_value(A):- head(A,li),magic(li).\nmagic_value(A):- head(A,gx),magic(gx).\nmagic_value(A):- head(A,ht),magic(ht).\nmagic_value(A):- head(A,se),magic(se).\nmagic_value(A):- head(A,kr),magic(kr).\nmagic_value(A):- head(A,bi),magic(bi).\nmagic_value(A):- head(A,hp),magic(hp).\nmagic_value(A):- head(A,ih),magic(ih).\nmagic_value(A):- head(A,mi),magic(mi).\nmagic_value(A):- head(A,dg),magic(dg).\nmagic_value(A):- head(A,oa),magic(oa).\nmagic_value(A):- head(A,px),magic(px).\nmagic_value(A):- head(A,nd),magic(nd).\nmagic_value(A):- head(A,qt),magic(qt).\nmagic_value(A):- head(A,ep),magic(ep).\nmagic_value(A):- head(A,bu),magic(bu).\nmagic_value(A):- head(A,di),magic(di).\nmagic_value(A):- head(A,qy),magic(qy).\nmagic_value(A):- head(A,ee),magic(ee).\nmagic_value(A):- head(A,en),magic(en).\nmagic_value(A):- head(A,mb),magic(mb).\nmagic_value(A):- head(A,kq),magic(kq).\nmagic_value(A):- head(A,fu),magic(fu).\nmagic_value(A):- head(A,fx),magic(fx).\nmagic_value(A):- head(A,gm),magic(gm).\nmagic_value(A):- head(A,eh),magic(eh).\nmagic_value(A):- head(A,ji),magic(ji).\nmagic_value(A):- head(A,kk),magic(kk).\nmagic_value(A):- head(A,be),magic(be).\nmagic_value(A):- head(A,oy),magic(oy).\nmagic_value(A):- head(A,qf),magic(qf).\nmagic_value(A):- head(A,ad),magic(ad).\nmagic_value(A):- head(A,eu),magic(eu).\nmagic_value(A):- head(A,kc),magic(kc).\nmagic_value(A):- head(A,lj),magic(lj).\nmagic_value(A):- head(A,fv),magic(fv).\nmagic_value(A):- head(A,no),magic(no).\nmagic_value(A):- head(A,qu),magic(qu).\nmagic_value(A):- head(A,mt),magic(mt).\nmagic_value(A):- head(A,iq),magic(iq).\nmagic_value(A):- head(A,nc),magic(nc).\nmagic_value(A):- head(A,ro),magic(ro).\nmagic_value(A):- head(A,gz),magic(gz).\nmagic_value(A):- head(A,nh),magic(nh).\nmagic_value(A):- head(A,fb),magic(fb).\nmagic_value(A):- head(A,fl),magic(fl).\nmagic_value(A):- head(A,aj),magic(aj).\nmagic_value(A):- head(A,g),magic(g).\nmagic_value(A):- head(A,af),magic(af).\nmagic_value(A):- head(A,oo),magic(oo).\nmagic_value(A):- head(A,qa),magic(qa).\nmagic_value(A):- head(A,au),magic(au).\nmagic_value(A):- head(A,cf),magic(cf).\nmagic_value(A):- head(A,ec),magic(ec).\nmagic_value(A):- head(A,gl),magic(gl).\nmagic_value(A):- head(A,jj),magic(jj).\nmagic_value(A):- head(A,og),magic(og).\nmagic_value(A):- head(A,gc),magic(gc).\nmagic_value(A):- head(A,at),magic(at).\nmagic_value(A):- head(A,is),magic(is).", "is_solution": true, "conf_matrix": [200, 0, 200, 0], "total_exec_time": 2.311173417, "durations": [{"operation": "Combine", "called": 1, "total": 0.112857875, "mean": 0.112857875, "maximum": 0.112857875, "__type__": "DurationSummary"}, {"operation": "Test", "called": 2, "total": 0.09325466600000021, "mean": 0.046627333000000104, "maximum": 0.04697000000000018, "__type__": "DurationSummary"}, {"operation": "Find_Bindings_Prolog", "called": 2, "total": 0.07269737400000009, "mean": 0.036348687000000046, "maximum": 0.03791995800000003, "__type__": "DurationSummary"}, {"operation": "Constrain", "called": 1, "total": 0.001697041999999982, "mean": 0.001697041999999982, "maximum": 0.001697041999999982, "__type__": "DurationSummary"}, {"operation": "Generate", "called": 2, "total": 0.0009774590000000138, "mean": 0.0004887295000000069, "maximum": 0.0005996669999999149, "__type__": "DurationSummary"}], "__type__": "ProgramStats"}, "is_solution": true, "stats_file": "./results/list_magicvalues_multipleclauses/magicpopper/95/6/stats.json", "end": true, "__type__": "Stats"}