{"log_best_programs": true, "num_literals": 0, "total_programs": 2, "total_rules": 0, "total_ground_rules": 0, "durations": {"generate": [0.0002793749999999706, 0.0017203749999999962, 0.0002689160000000079], "find_bindings_prolog": [0.01570312500000004, 0.658096], "bind": [4.5900000000820285e-07, 0.06746945900000001], "test": [0.015944292000000027, 0.7265450830000001], "combine": [4.999999999588667e-07, 0.010902250000000002], "constrain": [0.0030999580000000138, 0.004060375000000116]}, "final_exec_time": 0.8758385419999999, "stages": [], "best_programs": [], "solution": null, "is_solution": false, "stats_file": "./results/list_magicvaluesameclause/magicpopper/6/5/stats.json", "end": true, "__type__": "Stats"}