{"log_best_programs": true, "num_literals": 0, "total_programs": 26, "total_rules": 0, "total_ground_rules": 0, "durations": {"generate": [0.00031149999999999234, 0.00026133300000003024, 0.00020699999999995722, 0.00019500000000000073, 0.00034216700000000433, 0.0002449999999999952, 0.00021491600000000943, 0.0002135000000000331, 0.0002135000000000331, 0.0001811669999999821, 0.0001799580000000356, 0.00023654099999997902, 0.00025279199999994617, 0.0002034999999999676, 0.00020495800000003284, 0.00022683300000003737, 0.00021237499999998688, 0.00021195800000001208, 0.00021175000000001054, 0.0002114999999999756, 0.00019524999999998016, 0.0002841659999999746, 0.00018929200000000757, 0.00019966700000001447, 0.00020541699999998553, 0.0004989169999999876, 0.0002731249999999852], "find_bindings_prolog": [0.010797541999999993, 0.0007470830000000372, 0.0003562499999999469, 0.00029316599999995585, 0.0003678750000000175, 0.0003494579999999692, 0.00032437499999998787, 0.00036608399999998875, 0.0003310000000000257, 0.00033445900000000917, 0.0003367080000000189, 0.0006964170000000047, 0.00035254200000001124, 0.001177417000000014], "test": [0.01146899999999998, 0.0013558750000000064, 0.000515083999999999, 0.0004438330000000046, 0.01348233400000004, 0.0005560420000000343, 0.0005273339999999904, 0.0005033750000000281, 0.0002813329999999947, 0.0002727499999999883, 0.00027458399999996663, 0.00029658399999998863, 0.0005477919999999914, 0.0005056669999999874, 0.0005053749999999746, 0.0005063749999999478, 0.0014778750000000174, 0.0005289170000000176, 0.000421875000000016, 0.0003666660000000155, 0.00030812499999999243, 0.0003695000000000226, 0.0003142919999999938, 0.00032566700000002946, 0.00028041699999997727, 0.0024484579999999867], "combine": [0.0028205419999999815, 5.839999999701639e-07, 3.749999999969056e-07, 3.749999999969056e-07, 5.829999999984459e-07, 3.749999999969056e-07, 4.5799999998097363e-07, 3.749999999969056e-07, 3.749999999969056e-07, 3.749999999969056e-07, 3.749999999969056e-07, 4.1699999997479864e-07, 3.3300000001901253e-07, 3.749999999969056e-07, 3.749999999969056e-07, 3.3300000001901253e-07, 5.000000000143778e-07, 3.749999999969056e-07, 4.999999999588667e-07, 4.1600000000308057e-07, 3.749999999969056e-07, 4.580000000364848e-07, 3.749999999969056e-07, 4.580000000364848e-07, 4.580000000364848e-07, 0.002368832999999959], "constrain": [0.0007558749999999892, 0.0008319170000000153, 0.00017424999999998692, 0.0001714999999999911, 0.00015662500000002133, 0.0010670409999999908, 0.0002107080000000039, 0.00019500000000000073, 0.0001714159999999798, 0.00016720800000002978, 0.0001679170000000174, 0.00014741699999998303, 0.00016604100000000566, 0.0001647920000000247, 0.00016270899999998312, 0.00016579199999999794, 0.0001747920000000347, 0.00017262500000003733, 0.0001650830000000103, 0.0001511249999999742, 0.00014466699999998722, 0.00014941700000004055, 0.00014179200000002945, 0.00014187500000001352, 0.00014137499999999914, 0.0013408750000000191]}, "final_exec_time": 0.09232195899999998, "stages": [], "best_programs": [], "solution": {"code": "multiple(1):- magic(1).\nmultiple(A):- div2(A,B),multiple(B).", "is_solution": true, "conf_matrix": [7, 0, 10, 0], "total_exec_time": 0.092318959, "durations": [{"operation": "Test", "called": 26, "total": 0.03888512899999999, "mean": 0.0014955818846153842, "maximum": 0.01348233400000004, "__type__": "DurationSummary"}, {"operation": "Find_Bindings_Prolog", "called": 14, "total": 0.01683037599999998, "mean": 0.001202169714285713, "maximum": 0.010797541999999993, "__type__": "DurationSummary"}, {"operation": "Constrain", "called": 25, "total": 0.006258959000000147, "mean": 0.0002503583600000059, "maximum": 0.0010670409999999908, "__type__": "DurationSummary"}, {"operation": "Generate", "called": 26, "total": 0.0061099569999999714, "mean": 0.00023499834615384505, "maximum": 0.0004989169999999876, "__type__": "DurationSummary"}, {"operation": "Combine", "called": 25, "total": 0.0028305399999999925, "mean": 0.0001132215999999997, "maximum": 0.0028205419999999815, "__type__": "DurationSummary"}], "__type__": "ProgramStats"}, "is_solution": true, "stats_file": "./results/multiple/magicpopper_all/3/stats.json", "end": true, "__type__": "Stats"}