{"log_best_programs": true, "num_literals": 0, "total_programs": 2, "total_rules": 0, "total_ground_rules": 0, "durations": {"generate": [0.001747332999999962, 0.0023057500000001063], "find_bindings_prolog": [0.04115895800000002, 0.002287582999999982], "bind": [0.06206612499999997, 0.005471540999999913], "test": [0.1045117499999999, 0.008387167000000195], "combine": [0.012866499999999892], "constrain": [0.003662167000000105]}, "final_exec_time": 0.28706750000000003, "stages": [], "best_programs": [], "solution": {"code": "f([2, 5, 8, 12, 13, 15, 15, 17, 18, 23, 24, 29, 32, 37, 37, 39, 47, 47, 48, 49, 53, 54, 54, 58, 59, 63, 65, 65, 65, 67, 68, 75, 77, 78, 80, 82, 85, 85, 85, 87, 100]):- magic([2, 5, 8, 12, 13, 15, 15, 17, 18, 23, 24, 29, 32, 37, 37, 39, 47, 47, 48, 49, 53, 54, 54, 58, 59, 63, 65, 65, 65, 67, 68, 75, 77, 78, 80, 82, 85, 85, 85, 87, 100]).\nf([2, 6, 8, 10, 13, 14, 15, 18, 21, 25, 26, 28, 28, 29, 31, 32, 36, 41, 46, 53, 53, 54, 55, 56, 61, 62, 62, 64, 66, 67, 68, 69, 72, 74, 76, 77, 80, 87, 87, 90, 91, 92, 94, 95, 98]):- magic([2, 6, 8, 10, 13, 14, 15, 18, 21, 25, 26, 28, 28, 29, 31, 32, 36, 41, 46, 53, 53, 54, 55, 56, 61, 62, 62, 64, 66, 67, 68, 69, 72, 74, 76, 77, 80, 87, 87, 90, 91, 92, 94, 95, 98]).\nf([3, 4, 12, 15, 42, 48, 65, 69, 73, 83, 92, 99]):- magic([3, 4, 12, 15, 42, 48, 65, 69, 73, 83, 92, 99]).\nf([3, 7, 9, 9, 14, 21, 21, 25, 28, 29, 29, 40, 42, 45, 50, 50, 50, 52, 64, 72, 74, 76, 81, 85, 86, 89, 92, 92, 95, 95, 95, 100]):- magic([3, 7, 9, 9, 14, 21, 21, 25, 28, 29, 29, 40, 42, 45, 50, 50, 50, 52, 64, 72, 74, 76, 81, 85, 86, 89, 92, 92, 95, 95, 95, 100]).\nf([5, 10, 17, 23, 26, 29, 32, 33, 33, 36, 37, 43, 46, 49, 51, 53, 56, 57, 58, 63, 67, 67, 67, 70, 76, 79, 81, 83, 84, 88, 90, 91, 95, 99, 100]):- magic([5, 10, 17, 23, 26, 29, 32, 33, 33, 36, 37, 43, 46, 49, 51, 53, 56, 57, 58, 63, 67, 67, 67, 70, 76, 79, 81, 83, 84, 88, 90, 91, 95, 99, 100]).\nf([10, 23, 71, 76, 80]):- magic([10, 23, 71, 76, 80]).\nf([26, 47]):- magic([26, 47]).\nf(A):- head(A,1),magic(1).", "is_solution": true, "conf_matrix": [10, 0, 10, 0], "total_exec_time": 0.28700799999999993, "durations": [{"operation": "Test", "called": 2, "total": 0.1128989170000001, "mean": 0.05644945850000005, "maximum": 0.1045117499999999, "__type__": "DurationSummary"}, {"operation": "Bind", "called": 2, "total": 0.06753766599999989, "mean": 0.03376883299999994, "maximum": 0.06206612499999997, "__type__": "DurationSummary"}, {"operation": "Find_Bindings_Prolog", "called": 2, "total": 0.043446541000000005, "mean": 0.021723270500000003, "maximum": 0.04115895800000002, "__type__": "DurationSummary"}, {"operation": "Combine", "called": 1, "total": 0.012866499999999892, "mean": 0.012866499999999892, "maximum": 0.012866499999999892, "__type__": "DurationSummary"}, {"operation": "Generate", "called": 2, "total": 0.004053083000000068, "mean": 0.002026541500000034, "maximum": 0.0023057500000001063, "__type__": "DurationSummary"}, {"operation": "Constrain", "called": 1, "total": 0.003662167000000105, "mean": 0.003662167000000105, "maximum": 0.003662167000000105, "__type__": "DurationSummary"}], "__type__": "ProgramStats"}, "is_solution": true, "stats_file": "./results/sorted/magicpopper/7/stats.json", "end": false, "__type__": "Stats"}