{"log_best_programs": true, "num_literals": 0, "total_programs": 2, "total_rules": 0, "total_ground_rules": 0, "durations": {"generate": [0.0003152909999999953, 0.0014402499999999763, 0.0006147919999999196], "find_bindings_prolog": [0.025197707999999985, 1.075625625], "bind": [5.829999999984459e-07, 0.16384220800000016], "test": [0.025456041999999957, 1.240428292], "combine": [6.250000000318501e-07, 0.039446125], "constrain": [0.004254707999999996, 0.004704874999999831]}, "final_exec_time": 1.441970583, "stages": [], "best_programs": [], "solution": null, "is_solution": false, "stats_file": "./results/list_magicvaluesameclause/magicpopper/14/6/stats.json", "end": true, "__type__": "Stats"}