{"log_best_programs": true, "num_literals": 0, "total_programs": 2, "total_rules": 0, "total_ground_rules": 0, "durations": {"generate": [0.00034412500000002844, 0.001334041000000008, 0.0006090000000000817], "find_bindings_prolog": [0.023810125000000015, 1.045032583], "bind": [5.000000000143778e-07, 0.10335000000000005], "test": [0.024068083000000018, 1.1492542079999999], "combine": [5.000000000143778e-07, 0.029882125000000093], "constrain": [0.0029377079999999833, 0.004185541000000015]}, "final_exec_time": 1.335701792, "stages": [], "best_programs": [], "solution": null, "is_solution": false, "stats_file": "./results/list_magicvaluesameclause/magicpopper/11/8/stats.json", "end": true, "__type__": "Stats"}