{"log_best_programs": true, "num_literals": 0, "total_programs": 10, "total_rules": 0, "total_ground_rules": 0, "durations": {"generate": [0.0004779580000002781, 0.00038779199999972036, 0.0004287080000002774, 0.00040574999999964945, 0.0005316670000006241, 0.00035470899999978656, 0.00037799999999954537, 0.0004288749999998842, 0.0003816660000000027, 0.0004288749999998842], "test": [0.06017704200000029, 0.07288583400000004, 0.020270791999999815, 0.24519945900000018, 0.23920241700000044, 0.06117858300000023, 0.019844959000000273, 0.015568041999999949, 0.01499833299999942, 0.12065145800000021], "combine": [7.090000000431473e-07, 0.04825299999999988, 4.999999996257998e-07, 0.07915325000000006, 7.920000006933492e-07, 0.07917666699999959, 4.999999996257998e-07, 5.839999994705636e-07, 4.999999996257998e-07], "constrain": [0.0013493330000002857, 0.0013295419999996838, 0.0015555839999992216, 0.0002033749999998946, 0.0014224589999995985, 0.00021241700000018682, 0.0017070830000003312, 0.00030508299999976174, 0.0002470830000005364], "find_bindings_prolog": [0.07232966699999999, 0.019918207999999993, 0.2446368330000004, 0.23862354200000002, 0.06061470800000013, 0.019471084000000083, 0.015197624999999881, 0.014618542000000012, 0.1177418329999993]}, "final_exec_time": 7.102953125, "stages": [], "best_programs": [], "solution": {"code": "magic_value(A):- head(A,dr),last(A,dr),magic(dr).\nmagic_value(A):- head(A,ec),last(A,ec),magic(ec).\nmagic_value(A):- head(A,ab),last(A,ab),magic(ab).\nmagic_value(A):- head(A,bw),last(A,bw),magic(bw).\nmagic_value(A):- head(A,an),last(A,an),magic(an).\nmagic_value(A):- last(A,ca),head(A,ca),magic(ca).\nmagic_value(A):- head(A,au),last(A,au),magic(au).\nmagic_value(A):- last(A,c7),magic(c7).\nmagic_value(A):- last(A,gf),head(A,gf),magic(gf).\nmagic_value(A):- last(A,ed),head(A,ed),magic(ed).\nmagic_value(A):- head(A,w),last(A,w),magic(w).\nmagic_value(A):- last(A,m),head(A,m),magic(m).\nmagic_value(A):- head(A,c7),magic(c7).\nmagic_value(A):- last(A,df),head(A,df),magic(df).\nmagic_value(A):- last(A,aw),head(A,aw),magic(aw).\nmagic_value(A):- head(A,fb),last(A,fb),magic(fb).\nmagic_value(A):- head(A,dl),last(A,dl),magic(dl).\nmagic_value(A):- last(A,av),head(A,av),magic(av).\nmagic_value(A):- last(A,ct),head(A,ct),magic(ct).\nmagic_value(A):- head(A,ea),last(A,ea),magic(ea).\nmagic_value(A):- last(A,dz),head(A,dz),magic(dz).\nmagic_value(A):- last(A,fc),head(A,fc),magic(fc).\nmagic_value(A):- head(A,cm),last(A,cm),magic(cm).\nmagic_value(A):- head(A,ff),last(A,ff),magic(ff).\nmagic_value(A):- last(A,fr),head(A,fr),magic(fr).\nmagic_value(A):- tail(A,C),head(C,c7),magic(c7).", "is_solution": true, "conf_matrix": [0, 0, 0, 0], "total_exec_time": 7.102929209, "durations": [{"operation": "Test", "called": 10, "total": 0.8699769190000008, "mean": 0.08699769190000009, "maximum": 0.24519945900000018, "__type__": "DurationSummary"}, {"operation": "Find_Bindings_Prolog", "called": 9, "total": 0.8031520419999998, "mean": 0.08923911577777775, "maximum": 0.2446368330000004, "__type__": "DurationSummary"}, {"operation": "Combine", "called": 9, "total": 0.20658650199999862, "mean": 0.022954055777777625, "maximum": 0.07917666699999959, "__type__": "DurationSummary"}, {"operation": "Constrain", "called": 9, "total": 0.0083319589999995, "mean": 0.0009257732222221667, "maximum": 0.0017070830000003312, "__type__": "DurationSummary"}, {"operation": "Generate", "called": 10, "total": 0.0042039999999996525, "mean": 0.0004203999999999652, "maximum": 0.0005316670000006241, "__type__": "DurationSummary"}], "__type__": "ProgramStats"}, "is_solution": true, "stats_file": "./results/list_example/magicpopper_types/4000/1/stats.json", "end": false, "__type__": "Stats"}