{"log_best_programs": true, "num_literals": 0, "total_programs": 38, "total_rules": 0, "total_ground_rules": 0, "durations": {"generate": [0.0002895000000000536, 0.0002431669999999886, 0.00047033399999996117, 0.0007165839999999646, 0.0009513340000000259, 0.00020404199999995987, 0.000264000000000042, 0.0004477079999999911, 0.00047520800000000474, 0.00012529199999999907, 0.0005892499999999856, 0.0014345419999999831, 0.00014195900000002482, 0.00011949999999999461, 0.0007565000000000488, 0.0007495410000000202, 0.000315542000000002, 0.00016199999999999548, 0.00025729199999996455, 0.0003795420000000105, 0.0007568329999999568, 0.0007386670000000262, 0.0044536669999999945, 0.0001863750000000164, 0.00018166699999999647, 0.0001834579999999697, 0.0006680419999999798, 0.0001894999999999536, 0.00019200000000002548, 0.0006462500000000149, 0.0001730830000000183, 0.0004041249999999774, 0.0009040000000000159, 0.00015387500000002552, 0.0002743749999999934, 0.00018524999999997016, 0.0007506250000000048, 0.00016008299999997755, 0.10174124999999995], "find_bindings_prolog": [0.011690959, 0.0004949579999999898, 0.0009402500000000313, 0.0008739160000000301, 0.0005669170000000001, 0.000886834000000003, 0.00046166699999999894, 0.0009714590000000078, 0.00042708299999999477, 0.0005257089999999853, 0.0004548749999999657, 0.0003502089999999902, 0.0003810409999999709, 0.0005364580000000174, 0.0004410420000000026, 0.000430666000000024, 0.00043291700000003264, 0.000451875000000046, 0.0006510829999999967, 0.0003551669999999896, 0.0003510829999999743, 0.0008572090000000254, 0.0008532079999999942, 0.0008718340000000158, 0.0008769999999999611, 0.0008531250000000101, 0.000779749999999968, 0.0008450420000000181, 0.0008052919999999575, 0.0007382920000000293, 0.0007974170000000225, 0.0004813750000000061, 0.00048795799999995504, 0.00037895900000001204, 0.0007874170000000125, 0.0007866670000000187, 0.0007489579999999663], "test": [0.012814625000000024, 0.00033808299999998903, 0.000721499999999986, 0.0017671249999999805, 0.0015617500000000284, 0.0009522080000000099, 0.0016214170000000139, 0.0006070420000000021, 0.0020481669999999896, 0.0005835829999999986, 0.0007867500000000027, 0.0006155409999999972, 0.0005007090000000436, 0.0005283750000000254, 0.0009288749999999957, 0.0006929160000000434, 0.0006834589999999974, 0.0006808329999999918, 0.000840708999999995, 0.0011845000000000327, 0.0005033750000000281, 0.0004991249999999892, 0.00188970799999999, 0.001871167000000007, 0.0022170410000000307, 0.001897457999999963, 0.0018800420000000262, 0.0016928330000000047, 0.0018632089999999768, 0.0015906670000000456, 0.001432792000000016, 0.0015835829999999995, 0.0008374580000000131, 0.0008356670000000399, 0.0006289580000000128, 0.0016104590000000085, 0.001563790999999981, 0.0015249159999999873], "combine": [0.0029685000000000406, 4.5900000000820285e-07, 0.0014928750000000046, 4.580000000364848e-07, 4.1600000000308057e-07, 0.001877583000000016, 5.829999999984459e-07, 3.749999999969056e-07, 4.5900000000820285e-07, 3.749999999969056e-07, 4.1699999997479864e-07, 4.1600000000308057e-07, 4.1699999997479864e-07, 3.749999999969056e-07, 4.170000000303098e-07, 3.749999999969056e-07, 4.1600000000308057e-07, 3.749999999969056e-07, 3.749999999969056e-07, 4.580000000364848e-07, 3.749999999969056e-07, 4.1699999997479864e-07, 4.1699999997479864e-07, 4.170000000303098e-07, 4.1600000000308057e-07, 4.1600000000308057e-07, 3.749999999969056e-07, 3.7500000005241674e-07, 4.580000000364848e-07, 4.170000000303098e-07, 4.1600000000308057e-07, 4.170000000303098e-07, 4.170000000303098e-07, 3.749999999969056e-07, 3.749999999969056e-07, 4.170000000303098e-07, 4.1699999997479864e-07, 4.1699999997479864e-07], "constrain": [0.0009776659999999882, 0.0008446670000000212, 0.0013010410000000028, 0.0024842079999999878, 0.0002358749999999965, 0.0003270839999999775, 0.00323024999999999, 0.00010170799999997815, 0.001507582999999979, 0.0007803330000000219, 0.0009346250000000222, 0.00028441699999998127, 0.00029924999999997315, 0.000270207999999994, 0.001020083000000005, 0.00031966699999996795, 0.0003122919999999918, 0.00030879099999997495, 0.005875416999999994, 0.0006284999999999763, 0.0002767080000000144, 0.00033254199999999123, 0.0005341670000000298, 0.0003271249999999837, 0.0006800410000000201, 0.000528082999999957, 0.0003249999999999642, 0.0005182089999999917, 0.0005226669999999767, 0.00046508299999997726, 0.0004604999999999748, 0.00047200000000002795, 0.00046637499999996335, 0.0004605830000000144, 0.00089408299999999, 0.0004657500000000425, 0.0001703330000000225, 0.00017058300000000193]}, "final_exec_time": 0.273458916, "stages": [], "best_programs": [], "solution": {"code": "next_control(A,black):- true_control(A,white).\nnext_control(A,white):- true_control(A,black).", "is_solution": true, "conf_matrix": [13, 0, 13, 0], "total_exec_time": 0.27345487500000004, "durations": [{"operation": "Test", "called": 6, "total": 0.018155291000000018, "mean": 0.003025881833333336, "maximum": 0.012814625000000024, "__type__": "DurationSummary"}, {"operation": "Find_Bindings_Prolog", "called": 5, "total": 0.014567000000000052, "mean": 0.0029134000000000104, "maximum": 0.011690959, "__type__": "DurationSummary"}, {"operation": "Constrain", "called": 5, "total": 0.005843456999999996, "mean": 0.0011686913999999992, "maximum": 0.0024842079999999878, "__type__": "DurationSummary"}, {"operation": "Combine", "called": 5, "total": 0.004462708000000093, "mean": 0.0008925416000000186, "maximum": 0.0029685000000000406, "__type__": "DurationSummary"}, {"operation": "Generate", "called": 6, "total": 0.0028749609999999537, "mean": 0.00047916016666665895, "maximum": 0.0009513340000000259, "__type__": "DurationSummary"}], "__type__": "ProgramStats"}, "is_solution": true, "stats_file": "./results/iggp-gt-centipede-next/magicpopper_all/9/stats.json", "end": true, "__type__": "Stats"}