{"log_best_programs": true, "num_literals": 0, "total_programs": 58, "total_rules": 0, "total_ground_rules": 0, "durations": {"generate": [0.00029300000000001547, 0.0005137920000000129, 0.00021041699999996277, 0.0001895000000000091, 0.00018974999999998854, 0.00018245799999999646, 0.0001935000000000131, 0.00019262500000000182, 0.0001855000000000051, 0.0001855000000000051, 0.0003042919999999838, 0.00020687499999999526, 0.00017687499999996525, 0.00045233300000002696, 0.00021058300000004193, 0.000201875000000018, 0.00021395800000001408, 0.00019212499999998744, 0.00019483399999997708, 0.00019866699999998572, 0.00019379200000002594, 0.00019170799999995713, 0.00019400000000002748, 0.00020087499999998926, 0.00019450000000004186, 0.00019416599999999562, 0.00019037499999996488, 0.0001934579999999797, 0.00019808300000001555, 0.00019249999999998435, 0.0001891669999999901, 0.00019495799999996732, 0.00022887500000001726, 0.0002010410000000129, 0.00019545900000000893, 0.00019091700000001266, 0.00020537500000000763, 0.00021399999999999197, 0.00020204199999995787, 0.00018979199999996643, 0.00019383300000003212, 0.0001998329999999826, 0.00019133300000001574, 0.00019774999999999654, 0.0001892090000000235, 0.00019237499999996688, 0.00018895900000004406, 0.00018962499999997107, 0.00019216599999999362, 0.00018800000000002148, 0.00019162499999997307, 0.00019366599999998124, 0.0003222500000000239, 0.00024337499999999013, 0.00023795800000003808, 0.00025199999999997447, 0.00023166699999999096, 0.0002274999999999916, 0.000224333000000021], "find_bindings_prolog": [0.010005333000000005, 0.0008080829999999595, 0.0008593329999999622, 0.000812708999999967, 0.0004689999999999972, 0.0004365829999999904, 0.0010840410000000356], "test": [0.010628291999999984, 0.013667333000000004, 0.0003147090000000241, 0.0002898339999999888, 0.0002751249999999872, 0.0002866249999999848, 0.00027833299999996397, 0.0002802499999999819, 0.00026599999999998847, 0.0002779580000000226, 0.0003049580000000218, 0.00027691699999998765, 0.0002659170000000044, 0.0003349999999999742, 0.00036216700000002433, 0.00033012500000001443, 0.00031558300000000816, 0.000321875000000027, 0.0003162910000000241, 0.00031795800000000707, 0.000312332999999998, 0.0003232910000000033, 0.0003195000000000281, 0.00034879199999998667, 0.0003106669999999867, 0.00031520800000001126, 0.0003090420000000371, 0.00031041700000000727, 0.0003047500000000203, 0.0003114999999999646, 0.0003059169999999889, 0.0003106669999999867, 0.00033124999999994964, 0.0003074169999999765, 0.0003085830000000289, 0.00030687499999998424, 0.0003027919999999962, 0.00030966700000001346, 0.00030558299999999816, 0.0003115000000000201, 0.0003057499999999935, 0.0003111670000000011, 0.00030354199999999, 0.00030208400000003577, 0.0002982919999999778, 0.0003088340000000356, 0.0003031669999999931, 0.0003042919999999838, 0.00030200000000002447, 0.0003030410000000039, 0.0003094999999999626, 0.0003030830000000373, 0.0018909579999999981, 0.0019762079999999793, 0.0019610409999999967, 0.0007677920000000449, 0.0007418339999999968, 0.002283458000000016], "combine": [0.0026578329999999983, 5.410000000205528e-07, 3.339999999907306e-07, 3.3300000001901253e-07, 3.329999999635014e-07, 3.749999999969056e-07, 3.749999999969056e-07, 3.3300000001901253e-07, 3.329999999635014e-07, 3.3300000001901253e-07, 3.7500000005241674e-07, 3.749999999969056e-07, 3.749999999969056e-07, 9.169999999891765e-07, 4.1699999997479864e-07, 3.749999999969056e-07, 3.749999999969056e-07, 3.329999999635014e-07, 3.749999999969056e-07, 3.749999999969056e-07, 3.3300000001901253e-07, 3.749999999969056e-07, 4.1699999997479864e-07, 3.339999999907306e-07, 3.3400000004624175e-07, 3.339999999907306e-07, 3.749999999969056e-07, 3.749999999969056e-07, 3.749999999969056e-07, 3.329999999635014e-07, 3.3300000001901253e-07, 3.3300000001901253e-07, 3.339999999907306e-07, 3.7500000005241674e-07, 3.3300000001901253e-07, 3.749999999969056e-07, 3.749999999969056e-07, 3.3300000001901253e-07, 3.749999999969056e-07, 3.749999999969056e-07, 3.7500000005241674e-07, 3.339999999907306e-07, 3.329999999635014e-07, 3.749999999969056e-07, 3.3400000004624175e-07, 3.3300000001901253e-07, 3.329999999635014e-07, 3.3300000001901253e-07, 3.749999999969056e-07, 3.749999999969056e-07, 3.3300000001901253e-07, 3.3300000001901253e-07, 5.419999999922709e-07, 4.1600000000308057e-07, 4.5799999998097363e-07, 3.749999999969056e-07, 3.3300000001901253e-07, 0.0019163330000000478], "constrain": [0.0007480830000000105, 0.0010520829999999814, 0.00017791600000000019, 0.000171874999999988, 0.00016854199999999375, 0.00016929199999998756, 0.0001451249999999682, 0.00013816699999996684, 0.00013762500000003008, 0.00013891700000001617, 0.00014062500000000533, 0.00013929200000001307, 0.0001384170000000018, 0.000977541999999998, 0.0001671249999999902, 0.00016387499999998, 0.00019662500000000582, 0.00019237499999996688, 0.00016295799999999083, 0.00016250000000000986, 0.00016174999999996054, 0.00016029200000000632, 0.0001767080000000254, 0.00016754099999999328, 0.00016129199999997956, 0.00016179199999999394, 0.00016625000000003443, 0.0001643750000000499, 0.00016049999999995235, 0.00015937500000001714, 0.000161874999999978, 0.00016137499999996363, 0.000161541999999959, 0.0001607920000000207, 0.00016062499999996982, 0.0001603330000000125, 0.00016091600000001094, 0.00016220899999996874, 0.0001607920000000207, 0.0001610409999999729, 0.00016216699999999085, 0.00016070900000003663, 0.00016058299999999193, 0.00016179100000002222, 0.00015983299999999812, 0.0001614580000000032, 0.00016095799999998883, 0.0001626660000000335, 0.0001611670000000176, 0.00016020900000002225, 0.0001571669999999581, 0.00015700000000001824, 0.0010647500000000032, 0.0010045419999999972, 0.00023158299999997967, 0.0002442500000000014, 0.00021308399999997452, 0.000199541999999997]}, "final_exec_time": 0.11792116699999997, "stages": [], "best_programs": [], "solution": {"code": "multiple(A):- div2(A,B),multiple(B).\nmultiple(1):- magic(1).", "is_solution": true, "conf_matrix": [7, 0, 10, 0], "total_exec_time": 0.11791970900000001, "durations": [{"operation": "Test", "called": 58, "total": 0.04925304400000008, "mean": 0.0008491904137931048, "maximum": 0.013667333000000004, "__type__": "DurationSummary"}, {"operation": "Find_Bindings_Prolog", "called": 7, "total": 0.014475081999999917, "mean": 0.0020678688571428455, "maximum": 0.010005333000000005, "__type__": "DurationSummary"}, {"operation": "Constrain", "called": 57, "total": 0.013424250999999832, "mean": 0.00023551317543859355, "maximum": 0.0010647500000000032, "__type__": "DurationSummary"}, {"operation": "Generate", "called": 58, "total": 0.012466665999999932, "mean": 0.00021494251724137812, "maximum": 0.0005137920000000129, "__type__": "DurationSummary"}, {"operation": "Combine", "called": 57, "total": 0.0026788310000001037, "mean": 4.699703508772112e-05, "maximum": 0.0026578329999999983, "__type__": "DurationSummary"}], "__type__": "ProgramStats"}, "is_solution": true, "stats_file": "./results/multiple/magicpopper_args/6/stats.json", "end": true, "__type__": "Stats"}