{"log_best_programs": true, "num_literals": 0, "total_programs": 8, "total_rules": 0, "total_ground_rules": 0, "durations": {"generate": [0.00036166699999995444, 0.0004698330000001416, 0.0014043329999999798, 0.0012654160000000747, 0.0013215829999999595, 0.0005559170000000169, 0.0011764170000001517, 0.0005273749999998856, 0.0014479590000000542], "find_bindings_prolog": [0.017405292000000072, 0.03267933299999992, 0.12552150000000006, 0.13302524999999998, 0.1330179170000001, 0.14311616699999985], "test": [0.01866545800000008, 0.044511959000000045, 0.018480667000000173, 0.12581549999999986, 0.13335224999999995, 0.01703833399999999, 0.13335762500000015, 0.14362345899999984], "combine": [0.0064835830000000705, 0.0038789169999999817, 5.840000001366974e-07, 6.249999999763389e-07, 6.250000001983835e-07, 5.829999998319124e-07, 4.579999999254625e-07, 5.419999999922709e-07], "constrain": [0.0014382079999999409, 0.002237040999999884, 0.0004238750000000735, 0.0028775830000000724, 0.0048936250000000125, 0.0018488329999999387, 0.00502954099999986, 0.0018523329999999838]}, "final_exec_time": 1.893736958, "stages": [], "best_programs": [], "solution": {"code": "magic_value(A):- head(A,pb),magic(pb).\nmagic_value(A):- head(A,is),magic(is).\nmagic_value(A):- head(A,oq),magic(oq).\nmagic_value(A):- head(A,lk),magic(lk).\nmagic_value(A):- head(A,pn),magic(pn).\nmagic_value(A):- head(A,gr),magic(gr).\nmagic_value(A):- head(A,ot),magic(ot).\nmagic_value(A):- head(A,sf),magic(sf).\nmagic_value(A):- head(A,pu),magic(pu).\nmagic_value(A):- head(A,b),magic(b).", "is_solution": true, "conf_matrix": [200, 0, 200, 0], "total_exec_time": 1.8937346249999998, "durations": [{"operation": "Test", "called": 1, "total": 0.01866545800000008, "mean": 0.01866545800000008, "maximum": 0.01866545800000008, "__type__": "DurationSummary"}, {"operation": "Find_Bindings_Prolog", "called": 1, "total": 0.017405292000000072, "mean": 0.017405292000000072, "maximum": 0.017405292000000072, "__type__": "DurationSummary"}, {"operation": "Generate", "called": 1, "total": 0.00036166699999995444, "mean": 0.00036166699999995444, "maximum": 0.00036166699999995444, "__type__": "DurationSummary"}], "__type__": "ProgramStats"}, "is_solution": true, "stats_file": "./results/list_magicvalues_multipleclauses/magicpopper/10/8/stats.json", "end": true, "__type__": "Stats"}