{"log_best_programs": true, "num_literals": 0, "total_programs": 22, "total_rules": 0, "total_ground_rules": 0, "durations": {"generate": [0.0003670410000000124, 0.00019362499999997507, 0.0003622919999999863, 0.00020529199999996806, 0.0002550830000000448, 0.0007121250000000079, 0.0001819589999999538, 0.00018491700000000666, 0.00018100000000004224, 0.00019287499999998126, 0.0001850829999999748, 0.0001814580000000232, 0.00015354099999997928, 0.00017083299999998136, 0.0001935000000000131, 0.00016341699999999904, 0.00017454100000002803, 0.00018375000000003805, 0.00025958300000000767, 0.00019758300000000117, 0.00023895900000003856, 0.00024374999999998703, 0.001855541000000016], "find_bindings_prolog": [0.01219762499999999, 0.005609374999999972, 0.009878291000000039, 0.001967500000000011, 0.0011753339999999723, 0.0018661669999999742, 0.004134707999999987, 0.0014385000000000092, 0.0013211669999999565, 0.0013967079999999688, 0.003129709000000036, 0.0031144169999999805, 0.0008577919999999684, 0.0013240419999999697, 0.0011994590000000138, 0.0006454169999999815, 0.0012280000000000069, 0.002291207999999989, 0.002326082999999979, 0.001219291999999983, 0.0005397500000000055, 0.0005234579999999767], "test": [0.013433209000000002, 0.007984375000000044, 0.013530542000000034, 0.00281300000000001, 0.0019152499999999795, 0.0028389590000000298, 0.00767487499999997, 0.002140749999999969, 0.002002042000000037, 0.00229950000000001, 0.005660459000000007, 0.005679333000000009, 0.0012041660000000065, 0.002002999999999977, 0.0020060419999999857, 0.0011471670000000045, 0.0020381250000000017, 0.004442957999999997, 0.0046439999999999815, 0.0022784580000000387, 0.0008655419999999969, 0.0008482499999999948], "combine": [0.0037065840000000128, 0.0049076250000000265, 0.005708040999999997, 0.006630291999999982, 4.5799999998097363e-07, 5.000000000143778e-07, 4.5900000000820285e-07, 5.000000000143778e-07, 4.5900000000820285e-07, 4.170000000303098e-07, 5.000000000143778e-07, 4.5900000000820285e-07, 3.749999999969056e-07, 4.1699999997479864e-07, 4.580000000364848e-07, 3.749999999969056e-07, 4.1699999997479864e-07, 4.170000000303098e-07, 4.580000000364848e-07, 3.749999999969056e-07, 4.170000000303098e-07, 4.170000000303098e-07], "constrain": [0.0015117089999999722, 0.001683333000000009, 0.0016401249999999923, 0.00023529199999999806, 0.001486083000000027, 0.00036804099999998563, 0.00040683299999999534, 0.0004681670000000193, 0.00036445800000001194, 0.00039437500000000236, 0.000397417000000011, 0.0003977920000000079, 0.002130374999999962, 0.0003582920000000378, 0.0003565830000000214, 0.000669625000000007, 0.0003610419999999781, 0.0010833329999999641, 0.0010563339999999921, 0.00024520799999999676, 0.000575083999999948, 0.0005751669999999875]}, "final_exec_time": 0.189386375, "stages": [], "best_programs": [], "solution": {"code": "goal(A,you,0):- my_true_cell(A,F,onecoin),my_true_cell(A,F,onecoin),magic(onecoin),magic(onecoin),magic(you),magic(0).\ngoal(A,you,100):- my_true_step(A,5),magic(you),magic(5),magic(100).", "is_solution": true, "conf_matrix": [62, 0, 62, 0], "total_exec_time": 0.18938391599999999, "durations": [{"operation": "Test", "called": 4, "total": 0.03776112600000009, "mean": 0.009440281500000022, "maximum": 0.013530542000000034, "__type__": "DurationSummary"}, {"operation": "Find_Bindings_Prolog", "called": 4, "total": 0.02965279100000001, "mean": 0.007413197750000003, "maximum": 0.01219762499999999, "__type__": "DurationSummary"}, {"operation": "Combine", "called": 3, "total": 0.014322250000000036, "mean": 0.0047740833333333454, "maximum": 0.005708040999999997, "__type__": "DurationSummary"}, {"operation": "Constrain", "called": 3, "total": 0.004835166999999974, "mean": 0.0016117223333333246, "maximum": 0.001683333000000009, "__type__": "DurationSummary"}, {"operation": "Generate", "called": 4, "total": 0.0011282499999999418, "mean": 0.00028206249999998545, "maximum": 0.0003670410000000124, "__type__": "DurationSummary"}], "__type__": "ProgramStats"}, "is_solution": true, "stats_file": "./results/iggp-coins-goal/magicpopper_args/2/stats.json", "end": true, "__type__": "Stats"}