{"log_best_programs": true, "num_literals": 0, "total_programs": 82, "total_rules": 0, "total_ground_rules": 0, "durations": {"generate": [0.0003002079999999685, 0.00014137499999999914, 0.00018887499999997726, 0.00042275000000002727, 0.00011695800000000034, 0.0007122500000000809, 0.00017991700000008493, 0.0002091250000000322, 0.0005332089999998679, 0.00042283300000001134, 0.0004012499999999086, 0.00018941700000008055, 0.00022737499999991861, 0.00037012500000010995, 0.00018612499999992593, 0.0005883749999999743, 0.0001966249999998393, 0.00019629200000004232, 0.00019233400000007173, 0.0004460409999997861, 0.00014599999999997948, 0.0002851249999999972, 0.00016245900000000368, 0.00046983299999991956, 0.00027737500000002413, 0.0003220420000000779, 0.00017000000000000348, 0.00016824999999998091, 0.00021266600000013902, 0.00038304099999986185, 0.00018550000000017164, 0.0002444160000001361, 0.00019854200000013478, 0.00018516600000006989, 0.0004839170000001669, 0.00017966700000027203, 0.00031366699999990644, 0.0002088750000002193, 0.00023116699999992107, 0.0006272090000001285, 0.0003510829999999743, 0.0005133750000001491, 0.00019524999999998016, 0.00020391700000033097, 0.0001924170000000558, 0.002054167000000273, 0.00019041700000022033, 0.00016887499999995725, 0.00022099999999980469, 0.00016666700000023127, 0.0001959160000000182, 0.0001756670000006011, 0.00014050000000054297, 0.0001396250000000876, 0.00013975000000066018, 0.00018170899999958579, 0.00014133300000018778, 0.0001385420000001858, 0.00014162500000036715, 0.0001525840000002887, 0.0001587089999999236, 0.00013795800000071523, 0.000193291999999623, 0.00014929199999969, 0.00014641700000073143, 0.00024695900000004656, 0.00018675000000012432, 0.0001950829999994852, 0.00017116700000041618, 0.00015737500000057025, 0.00018925000000002967, 0.00016666600000014853, 0.00015641700000035286, 0.0007483329999997679, 0.00021658400000035272, 0.00024170799999989612, 0.0002465420000001828, 0.000571166999999484, 0.00015266699999916256, 0.00017779199999967688, 0.00016924999999989865, 0.00019833300000016152, 0.0029620829999998932], "find_bindings_prolog": [0.027968082999999977, 0.0943043750000001, 0.0293833750000001, 0.030933291999999835, 0.09537012499999986, 0.007012583000000072, 0.015681999999999974, 0.08323216700000002, 0.08428754099999991, 0.025253291999999927, 0.015944249999999993, 0.010544874999999898, 0.01785829200000011, 0.00779966700000001, 0.01795120799999994, 0.017952499999999816, 0.032146291999999965, 0.001980415999999874, 0.032473500000000044, 0.028911332999999928, 0.03129804200000019, 0.029407749999999844, 0.10636945800000008, 0.10145329199999997, 0.0020909580000001426, 0.03396375000000007, 0.03420195799999992, 0.09971354099999985, 0.10401170900000034, 0.011857667000000127, 0.029877207999999822, 0.031724000000000085, 0.002006833999999902, 0.001983791999999873, 0.10271562499999964, 0.09985683300000003, 0.09899674999999997, 0.09873299999999974, 0.002118416999999706, 0.0020359580000000044, 0.0038514169999999126, 0.0032307920000000934, 0.004725582999999922, 0.0037222919999999604, 0.0016946250000007268, 0.0017082909999999174, 0.004240874999999811, 0.001707500000000195, 0.003185417000000079, 0.004199707999999802, 0.004753207999999454, 0.0017090830000006108, 0.00472220800000045, 0.0037023750000004796, 0.004694749999999637, 0.0017782500000000923, 0.005500875000000072, 0.0018916249999998414, 0.0020255000000002354, 0.0019227079999994956, 0.0017728750000003402, 0.005316416999999518, 0.0017832909999997426, 0.0017699579999996828, 0.00907370899999993, 0.004193082999999653, 0.00937341699999994], "test": [0.028670082999999957, 0.0013600000000000279, 0.09562995799999996, 0.00207262500000005, 0.0042203329999999095, 0.029959333000000088, 0.031651499999999944, 0.09673795800000007, 0.007470124999999994, 0.01631729100000001, 0.08454779199999995, 0.08574766700000014, 0.025692666000000086, 0.01655387500000005, 0.01103262500000013, 0.018790166999999913, 0.008542583000000104, 0.018882000000000065, 0.018875041000000037, 0.0021678750000000413, 0.0005049999999999777, 0.0005617079999999941, 0.0019995420000000763, 0.032733875000000134, 0.00219695799999986, 0.033085749999999914, 0.029487291000000138, 0.03190937499999991, 0.02998945799999997, 0.10817062500000008, 0.10329695800000005, 0.002478417000000066, 0.03480887499999996, 0.035009499999999916, 0.10148537499999999, 0.10576516599999986, 0.012415499999999913, 0.03070304100000021, 0.03253262499999998, 0.0022232089999998372, 0.002197625000000425, 0.10459095799999973, 0.10175766600000014, 0.10077695799999997, 0.10057729100000001, 0.0023722500000000757, 0.0022736659999997855, 3.401677542, 0.0005500419999995287, 0.004075750000000156, 0.0034377909999996348, 0.004928500000000113, 0.003923832999999988, 0.0018946250000002607, 0.0019070420000000254, 0.00444212500000063, 0.0019076670000002238, 0.0033840840000003425, 0.004398082999999886, 0.004950417000000762, 0.0014316249999994923, 0.0007491670000003836, 0.0019118750000002294, 0.004920625000000456, 0.7617727499999996, 0.00395150000000033, 0.004922041000000377, 0.004069999999999574, 0.0020022920000002387, 0.00570737500000007, 0.0021135000000001014, 0.00427554100000016, 0.8747199999999999, 0.0022617500000006174, 0.0021509590000006185, 0.00197866699999949, 0.005523916000000462, 0.0019922080000007725, 0.0019748339999994258, 0.00929362499999975, 0.004409665999999923, 0.009579583999999919], "combine": [0.004567125000000005, 5.420000001032932e-07, 0.002326250000000085, 6.249999999763389e-07, 5.00000000069889e-07, 6.250000001983835e-07, 5.829999998319124e-07, 4.999999998478444e-07, 4.5900000000820285e-07, 4.1600000000308057e-07, 5.83000000053957e-07, 5.83000000053957e-07, 5.00000000069889e-07, 4.1699999986377634e-07, 4.5900000000820285e-07, 4.580000001475071e-07, 4.579999999254625e-07, 4.579999999254625e-07, 5.00000000069889e-07, 5.419999999922709e-07, 4.1699999986377634e-07, 4.5900000000820285e-07, 4.1699999986377634e-07, 4.999999998478444e-07, 4.579999999254625e-07, 6.249999999763389e-07, 5.419999999922709e-07, 6.660000000380251e-07, 5.419999999922709e-07, 5.419999999922709e-07, 5.409999999095305e-07, 4.1700000008582094e-07, 5.83000000053957e-07, 4.579999999254625e-07, 5.839999999146528e-07, 5.829999998319124e-07, 0.002895582999999924, 5.829999998319124e-07, 5.409999999095305e-07, 5.00000000069889e-07, 4.580000001475071e-07, 6.249999997542943e-07, 5.410000003536197e-07, 5.419999999922709e-07, 5.829999998319124e-07, 5.419999999922709e-07, 4.5799999970341787e-07, 4.1699999986377634e-07, 4.1699999986377634e-07, 4.1699999986377634e-07, 3.7499999994139444e-07, 4.1699999986377634e-07, 3.7499999994139444e-07, 3.7499999994139444e-07, 3.340000001017529e-07, 3.7499999994139444e-07, 3.7499999994139444e-07, 3.340000001017529e-07, 3.7499999994139444e-07, 3.7499999994139444e-07, 3.7499999994139444e-07, 3.7499999994139444e-07, 3.7499999994139444e-07, 3.7499999994139444e-07, 4.999999996257998e-07, 4.5799999970341787e-07, 4.1599999978103597e-07, 4.1699999986377634e-07, 3.7499999994139444e-07, 4.1699999986377634e-07, 4.1599999978103597e-07, 4.1699999986377634e-07, 5.419999995481817e-07, 4.5900000067433666e-07, 3.7499999994139444e-07, 3.7499999994139444e-07, 3.7499999994139444e-07, 3.7499999994139444e-07, 4.1599999978103597e-07, 4.5899999978615824e-07, 3.7499999994139444e-07, 3.7499999994139444e-07],