{"log_best_programs": true, "num_literals": 0, "total_programs": 8, "total_rules": 0, "total_ground_rules": 0, "durations": {"generate": [0.0003945839999999201, 0.0005712920000000565, 0.0013516670000000008, 0.0012299159999999976, 0.0015867919999998925, 0.0006419170000000474, 0.0011550830000000012, 0.0005980829999998605, 0.0014037089999998642], "find_bindings_prolog": [0.028419874999999983, 0.0342125419999999, 0.13988383399999993, 0.14952783300000005, 0.14710991600000023, 0.16813195800000003], "test": [0.03344037500000008, 0.04699416700000003, 0.019062833, 0.14020650000000012, 0.14986504200000006, 0.017812042000000083, 0.14745441599999998, 0.1686441249999997], "combine": [0.05394162499999999, 0.005584249999999846, 5.839999999146528e-07, 5.839999999146528e-07, 6.250000001983835e-07, 5.419999999922709e-07, 4.580000001475071e-07, 5.409999999095305e-07], "constrain": [0.0018095000000000194, 0.002353292000000007, 0.00043600000000010297, 0.003089125000000026, 0.005290667000000138, 0.0005319580000002766, 0.005384041999999756, 0.0019879999999998788]}, "final_exec_time": 2.087991416, "stages": [], "best_programs": [], "solution": {"code": "magic_value(A):- head(A,hm),magic(hm).\nmagic_value(A):- head(A,mb),magic(mb).\nmagic_value(A):- head(A,cf),magic(cf).\nmagic_value(A):- head(A,mw),magic(mw).\nmagic_value(A):- head(A,rg),magic(rg).\nmagic_value(A):- head(A,hv),magic(hv).\nmagic_value(A):- head(A,fd),magic(fd).\nmagic_value(A):- head(A,jk),magic(jk).\nmagic_value(A):- head(A,bk),magic(bk).\nmagic_value(A):- head(A,dz),magic(dz).\nmagic_value(A):- head(A,g),magic(g).\nmagic_value(A):- head(A,c),magic(c).\nmagic_value(A):- head(A,jl),magic(jl).\nmagic_value(A):- head(A,mv),magic(mv).\nmagic_value(A):- head(A,as),magic(as).\nmagic_value(A):- head(A,y),magic(y).\nmagic_value(A):- head(A,ky),magic(ky).\nmagic_value(A):- head(A,nn),magic(nn).\nmagic_value(A):- head(A,lu),magic(lu).\nmagic_value(A):- head(A,bc),magic(bc).\nmagic_value(A):- head(A,gz),magic(gz).\nmagic_value(A):- head(A,ot),magic(ot).\nmagic_value(A):- head(A,bv),magic(bv).\nmagic_value(A):- head(A,jo),magic(jo).\nmagic_value(A):- head(A,nm),magic(nm).\nmagic_value(A):- head(A,rh),magic(rh).\nmagic_value(A):- head(A,ch),magic(ch).\nmagic_value(A):- head(A,ia),magic(ia).\nmagic_value(A):- head(A,fa),magic(fa).\nmagic_value(A):- head(A,pr),magic(pr).\nmagic_value(A):- head(A,fc),magic(fc).\nmagic_value(A):- head(A,gw),magic(gw).\nmagic_value(A):- head(A,ka),magic(ka).\nmagic_value(A):- head(A,ma),magic(ma).\nmagic_value(A):- head(A,ko),magic(ko).\nmagic_value(A):- head(A,pf),magic(pf).\nmagic_value(A):- head(A,ca),magic(ca).\nmagic_value(A):- head(A,iq),magic(iq).\nmagic_value(A):- head(A,bd),magic(bd).\nmagic_value(A):- head(A,ro),magic(ro).\nmagic_value(A):- head(A,pe),magic(pe).\nmagic_value(A):- head(A,fs),magic(fs).\nmagic_value(A):- head(A,rz),magic(rz).\nmagic_value(A):- head(A,ao),magic(ao).\nmagic_value(A):- head(A,es),magic(es).\nmagic_value(A):- head(A,pp),magic(pp).\nmagic_value(A):- head(A,ny),magic(ny).\nmagic_value(A):- head(A,fu),magic(fu).\nmagic_value(A):- head(A,kq),magic(kq).\nmagic_value(A):- head(A,eo),magic(eo).\nmagic_value(A):- head(A,qi),magic(qi).\nmagic_value(A):- head(A,ht),magic(ht).\nmagic_value(A):- head(A,z),magic(z).\nmagic_value(A):- head(A,nz),magic(nz).\nmagic_value(A):- head(A,ps),magic(ps).", "is_solution": true, "conf_matrix": [200, 0, 200, 0], "total_exec_time": 2.087988416, "durations": [{"operation": "Test", "called": 1, "total": 0.03344037500000008, "mean": 0.03344037500000008, "maximum": 0.03344037500000008, "__type__": "DurationSummary"}, {"operation": "Find_Bindings_Prolog", "called": 1, "total": 0.028419874999999983, "mean": 0.028419874999999983, "maximum": 0.028419874999999983, "__type__": "DurationSummary"}, {"operation": "Generate", "called": 1, "total": 0.0003945839999999201, "mean": 0.0003945839999999201, "maximum": 0.0003945839999999201, "__type__": "DurationSummary"}], "__type__": "ProgramStats"}, "is_solution": true, "stats_file": "./results/list_magicvalues_multipleclauses/magicpopper/55/6/stats.json", "end": true, "__type__": "Stats"}