{"log_best_programs": true, "num_literals": 0, "total_programs": 8, "total_rules": 0, "total_ground_rules": 0, "durations": {"generate": [0.0003790420000000516, 0.0006163750000001134, 0.001539833000000046, 0.0016534999999999744, 0.0020278750000000123, 0.0008159580000000055, 0.0012662079999996578, 0.0011018329999998855, 0.0014618749999999459], "find_bindings_prolog": [0.0393501249999999, 0.033978041999999986, 0.13727537499999998, 0.14394995799999988, 0.20752741600000002, 0.14887670900000005], "test": [0.0481067089999998, 0.04680808300000017, 0.019297957999999893, 0.13761112499999983, 0.019646583000000106, 0.144316667, 0.20810808299999994, 0.1492919579999996], "combine": [0.11985737499999982, 0.014378000000000002, 5.83000000053957e-07, 6.670000001207654e-07, 6.249999997542943e-07, 5.830000002760016e-07, 5.839999999146528e-07, 5.419999999922709e-07], "constrain": [0.0018827910000001058, 0.002696166, 0.00045920899999996045, 0.0031157080000001613, 0.0005672079999996527, 0.005756791000000039, 0.0020064589999999605, 0.005153249999999776]}, "final_exec_time": 2.3985800409999998, "stages": [], "best_programs": [], "solution": {"code": "magic_value(A):- head(A,jk),magic(jk).\nmagic_value(A):- head(A,fw),magic(fw).\nmagic_value(A):- head(A,pc),magic(pc).\nmagic_value(A):- head(A,nr),magic(nr).\nmagic_value(A):- head(A,cb),magic(cb).\nmagic_value(A):- head(A,qt),magic(qt).\nmagic_value(A):- head(A,ld),magic(ld).\nmagic_value(A):- head(A,ou),magic(ou).\nmagic_value(A):- head(A,dv),magic(dv).\nmagic_value(A):- head(A,qy),magic(qy).\nmagic_value(A):- head(A,qi),magic(qi).\nmagic_value(A):- head(A,ms),magic(ms).\nmagic_value(A):- head(A,og),magic(og).\nmagic_value(A):- head(A,gv),magic(gv).\nmagic_value(A):- head(A,cf),magic(cf).\nmagic_value(A):- head(A,eb),magic(eb).\nmagic_value(A):- head(A,bb),magic(bb).\nmagic_value(A):- head(A,ki),magic(ki).\nmagic_value(A):- head(A,oy),magic(oy).\nmagic_value(A):- head(A,bx),magic(bx).\nmagic_value(A):- tail(A,B),head(B,kr),magic(kr).\nmagic_value(A):- head(A,ai),magic(ai).\nmagic_value(A):- head(A,ml),magic(ml).\nmagic_value(A):- head(A,db),magic(db).\nmagic_value(A):- head(A,d),magic(d).\nmagic_value(A):- head(A,hs),magic(hs).\nmagic_value(A):- head(A,qr),magic(qr).\nmagic_value(A):- head(A,ag),magic(ag).\nmagic_value(A):- head(A,ec),magic(ec).\nmagic_value(A):- head(A,gt),magic(gt).\nmagic_value(A):- head(A,fv),magic(fv).\nmagic_value(A):- head(A,oa),magic(oa).\nmagic_value(A):- head(A,mb),magic(mb).\nmagic_value(A):- head(A,kq),magic(kq).\nmagic_value(A):- head(A,ab),magic(ab).\nmagic_value(A):- head(A,jh),magic(jh).\nmagic_value(A):- head(A,fz),magic(fz).\nmagic_value(A):- head(A,qk),magic(qk).\nmagic_value(A):- head(A,cu),magic(cu).\nmagic_value(A):- head(A,jb),magic(jb).\nmagic_value(A):- head(A,kb),magic(kb).\nmagic_value(A):- head(A,qb),magic(qb).\nmagic_value(A):- head(A,fb),magic(fb).\nmagic_value(A):- head(A,ga),magic(ga).\nmagic_value(A):- head(A,aj),magic(aj).\nmagic_value(A):- head(A,nu),magic(nu).\nmagic_value(A):- head(A,gf),magic(gf).\nmagic_value(A):- head(A,bc),magic(bc).\nmagic_value(A):- head(A,lf),magic(lf).\nmagic_value(A):- head(A,bt),magic(bt).\nmagic_value(A):- head(A,cs),magic(cs).\nmagic_value(A):- head(A,bd),magic(bd).\nmagic_value(A):- head(A,ig),magic(ig).\nmagic_value(A):- head(A,fn),magic(fn).\nmagic_value(A):- head(A,bf),magic(bf).\nmagic_value(A):- head(A,hk),magic(hk).\nmagic_value(A):- head(A,ht),magic(ht).\nmagic_value(A):- head(A,ey),magic(ey).\nmagic_value(A):- head(A,rn),magic(rn).\nmagic_value(A):- head(A,mq),magic(mq).\nmagic_value(A):- head(A,gi),magic(gi).\nmagic_value(A):- head(A,au),magic(au).\nmagic_value(A):- head(A,rx),magic(rx).\nmagic_value(A):- head(A,fr),magic(fr).\nmagic_value(A):- head(A,io),magic(io).\nmagic_value(A):- head(A,ex),magic(ex).\nmagic_value(A):- head(A,pl),magic(pl).\nmagic_value(A):- head(A,ax),magic(ax).\nmagic_value(A):- head(A,iy),magic(iy).\nmagic_value(A):- head(A,px),magic(px).\nmagic_value(A):- head(A,ao),magic(ao).\nmagic_value(A):- head(A,hc),magic(hc).\nmagic_value(A):- head(A,ip),magic(ip).\nmagic_value(A):- head(A,ct),magic(ct).\nmagic_value(A):- head(A,en),magic(en).\nmagic_value(A):- head(A,in),magic(in).\nmagic_value(A):- head(A,qg),magic(qg).\nmagic_value(A):- head(A,jt),magic(jt).\nmagic_value(A):- head(A,dr),magic(dr).\nmagic_value(A):- head(A,ba),magic(ba).\nmagic_value(A):- head(A,cw),magic(cw).\nmagic_value(A):- head(A,x),magic(x).\nmagic_value(A):- head(A,ov),magic(ov).\nmagic_value(A):- head(A,cj),magic(cj).\nmagic_value(A):- head(A,el),magic(el).\nmagic_value(A):- head(A,cd),magic(cd).\nmagic_value(A):- head(A,bn),magic(bn).\nmagic_value(A):- head(A,or),magic(or).\nmagic_value(A):- head(A,rp),magic(rp).\nmagic_value(A):- head(A,pv),magic(pv).\nmagic_value(A):- head(A,ru),magic(ru).\nmagic_value(A):- head(A,qc),magic(qc).\nmagic_value(A):- head(A,dh),magic(dh).\nmagic_value(A):- head(A,at),magic(at).\nmagic_value(A):- head(A,y),magic(y).\nmagic_value(A):- head(A,qu),magic(qu).\nmagic_value(A):- head(A,jx),magic(jx).\nmagic_value(A):- head(A,lh),magic(lh).\nmagic_value(A):- head(A,rl),magic(rl).", "is_solution": true, "conf_matrix": [200, 0, 200, 0], "total_exec_time": 2.3985774159999997, "durations": [{"operation": "Combine", "called": 1, "total": 0.11985737499999982, "mean": 0.11985737499999982, "maximum": 0.11985737499999982, "__type__": "DurationSummary"}, {"operation": "Test", "called": 2, "total": 0.09491479199999997, "mean": 0.047457395999999985, "maximum": 0.0481067089999998, "__type__": "DurationSummary"}, {"operation": "Find_Bindings_Prolog", "called": 2, "total": 0.07332816699999989, "mean": 0.036664083499999944, "maximum": 0.0393501249999999, "__type__": "DurationSummary"}, {"operation": "Constrain", "called": 1, "total": 0.0018827910000001058, "mean": 0.0018827910000001058, "maximum": 0.0018827910000001058, "__type__": "DurationSummary"}, {"operation": "Generate", "called": 2, "total": 0.000995417000000165, "mean": 0.0004977085000000825, "maximum": 0.0006163750000001134, "__type__": "DurationSummary"}], "__type__": "ProgramStats"}, "is_solution": true, "stats_file": "./results/list_magicvalues_multipleclauses/magicpopper/100/5/stats.json", "end": true, "__type__": "Stats"}