{"log_best_programs": true, "num_literals": 0, "total_programs": 30, "total_rules": 0, "total_ground_rules": 0, "durations": {"generate": [0.0004566249999999883, 0.00036674999999997127, 0.00041124999999997414, 0.00040050000000002584, 0.0005245419999999612, 0.0003309169999998751, 0.00036183300000036667, 0.0004271659999997013, 0.0003944579999997089, 0.00037991599999998016, 0.0003533339999997054, 0.0003797920000003785, 0.00044654200000016075, 0.0003545830000000194, 0.0004410830000001198, 0.0005426669999994971, 0.0003559590000001833, 0.0003622920000001528, 0.00032283400000032714, 0.00042404200000056846, 0.0003611249999995181, 0.000482375000000701, 0.00040770799999911844, 0.00033050000000045543, 0.0004596250000012958, 0.0004245419999993061, 0.0002932500000003557, 0.0008067920000005557, 0.0004306659999997464, 0.0004029160000005305, 0.0002084169999996277], "test": [0.037178084, 0.05050525000000006, 0.005891957999999864, 0.20887320799999998, 0.2013247090000001, 0.04351316700000041, 0.0055832499999999285, 0.004595708000000087, 0.004581665999999984, 0.007764708000000287, 0.007713208999999832, 0.03480866599999999, 0.20983058300000001, 1.1318667920000003, 0.04384354200000118, 0.005064250000000214, 0.00502529100000082, 0.004767624999999498, 0.007914791999999338, 0.06427858299999833, 0.24121070900000063, 0.006427165999999929, 0.00872662500000132, 0.01535716699999945, 0.007916291999999103, 0.008148582999998766, 0.008042083999999505, 4.3543931659999995, 0.016308291999999724, 0.13468708299999932], "combine": [7.920000000272154e-07, 0.015212417000000089, 6.249999999763389e-07, 0.030659667000000113, 7.499999998827889e-07, 0.03187845899999964, 5.409999999095305e-07, 5.00000000069889e-07, 4.580000001475071e-07, 4.1699999986377634e-07, 4.1700000030786555e-07, 0.06738470800000007, 5.419999999922709e-07, 5.419657790999999, 5.420000004363601e-07, 5.000000005139782e-07, 4.5900000067433666e-07, 4.580000005915963e-07, 5.000000005139782e-07, 4.580000005915963e-07, 5.419999986600033e-07, 5.420000004363601e-07, 5.000000005139782e-07, 5.000000005139782e-07, 4.999999987376214e-07, 5.000000005139782e-07, 4.169999989755979e-07, 6.660000000380251e-07, 6.250000001983835e-07, 0.05980620799999947], "constrain": [0.0012760420000001993, 0.0012510420000000355, 0.0016904590000001996, 0.00018595799999987506, 0.0013060419999999517, 0.00019508299999992929, 0.0016884999999997596, 0.0002625830000000384, 0.00022733300000021828, 0.00024254200000006776, 0.00021570899999989734, 0.0002312500000001272, 0.00013320800000027333, 0.00018550000000061573, 0.00011483399999967503, 0.0002228340000005602, 0.00022391699999957382, 0.00021795800000035115, 0.0002184159999991664, 0.00014812499999905526, 0.00016729200000042965, 0.00024162499999924592, 0.00019041699999888806, 0.00019499999999972317, 0.00032487500000044633, 0.0002245419999997722, 0.00021845800000086513, 0.001437875000000588, 0.0013853340000000713, 0.0013147500000005863], "find_bindings_prolog": [0.05005137500000001, 0.005627124999999955, 0.20837949999999994, 0.20074404200000018, 0.04297387499999994, 0.005319083999999918, 0.004322957999999932, 0.004326625000000028, 0.007497625000000063, 0.007448791999999926, 0.03384829200000006, 0.2090664160000002, 0.9901272079999996, 0.043015250000001615, 0.004814832999999297, 0.0047678340000008035, 0.004501082999999184, 0.0076721249999991414, 0.06366458299999955, 0.24046700000000065, 0.006008749999999452, 4.353653791999999, 0.1339277919999997], "inconsistent thingy": [5.249999999179522e-06]}, "final_exec_time": 14.02095425, "stages": [], "best_programs": [], "solution": {"code": "magic_value(A):- head(A,c7),magic(c7).\nmagic_value(A):- tail(A,B),magic_value(B).", "is_solution": true, "conf_matrix": [1000, 0, 1000, 0], "total_exec_time": 14.020952167, "durations": [{"operation": "Test", "called": 30, "total": 6.886142207999997, "mean": 0.22953807359999992, "maximum": 4.3543931659999995, "__type__": "DurationSummary"}, {"operation": "Find_Bindings_Prolog", "called": 23, "total": 6.632225958999999, "mean": 0.2883576503913043, "maximum": 4.353653791999999, "__type__": "DurationSummary"}, {"operation": "Combine", "called": 29, "total": 5.5648057930000006, "mean": 0.1918898549310345, "maximum": 5.419657790999999, "__type__": "DurationSummary"}, {"operation": "Constrain", "called": 29, "total": 0.0146227529999996, "mean": 0.0005042328620689517, "maximum": 0.0016904590000001996, "__type__": "DurationSummary"}, {"operation": "Generate", "called": 30, "total": 0.012436584000002249, "mean": 0.00041455280000007497, "maximum": 0.0008067920000005557, "__type__": "DurationSummary"}, {"operation": "Inconsistent Thingy", "called": 1, "total": 5.249999999179522e-06, "mean": 5.249999999179522e-06, "maximum": 5.249999999179522e-06, "__type__": "DurationSummary"}], "__type__": "ProgramStats"}, "is_solution": true, "stats_file": "./results/list_example/magicpopper_types/1000/8/stats.json", "end": true, "__type__": "Stats"}