{"log_best_programs": true, "num_literals": 0, "total_programs": 24, "total_rules": 0, "total_ground_rules": 0, "durations": {"generate": [0.00042116599999997284, 0.00032041600000004555, 0.0003434580000000187, 0.0003098340000000088, 0.00036599999999997745, 0.000281874999999987, 0.0002744170000000268, 0.00036074999999996527, 0.0002739169999999569, 0.0002785829999999989, 0.0002679580000000126, 0.0002865830000000069, 0.00027195799999996106, 0.0003818750000000315, 0.00038445799999997643, 0.00028366699999998746, 0.0002970830000000313, 0.0003677920000000334, 0.00025487499999998775, 0.0003330419999999501, 0.0004079169999999799, 0.00026208299999996854, 0.0006145419999999957, 0.0005111670000000346, 0.0001315000000000066], "test": [0.020844792, 0.005347040999999997, 0.0006062080000000525, 0.002053958999999994, 0.002210334000000036, 0.002334416000000006, 0.000578834000000028, 0.0005988749999999987, 0.0005889170000000221, 0.0005433329999999792, 0.0005367910000000364, 0.0005357919999999794, 0.0006038329999999981, 0.0005372080000000112, 0.0007247080000000183, 0.00272, 0.0027953329999999554, 0.00042208399999998925, 0.00031162499999998206, 0.0003590419999999761, 0.00031274999999997277, 0.00034208400000002026, 0.011654834000000003, 0.00861495799999995], "combine": [6.66999999954232e-07, 0.0030288749999999864, 4.1699999997479864e-07, 4.999999999588667e-07, 5.000000000143778e-07, 4.999999999588667e-07, 3.749999999969056e-07, 4.1600000000308057e-07, 3.3300000001901253e-07, 3.749999999969056e-07, 3.3300000001901253e-07, 3.329999999635014e-07, 3.329999999635014e-07, 3.329999999635014e-07, 3.7500000005241674e-07, 4.589999999526917e-07, 4.580000000364848e-07, 3.749999999969056e-07, 3.7500000005241674e-07, 3.3300000001901253e-07, 3.3300000001901253e-07, 4.5799999998097363e-07, 6.249999999763389e-07, 0.0025835000000000163], "constrain": [0.0011227080000000278, 0.0009523750000000053, 0.0010195410000000127, 0.0001211249999999997, 0.0009788330000000123, 0.0001334999999999531, 0.0011200839999999657, 0.00020599999999998397, 0.00017254199999999775, 0.0001739590000000013, 0.00017137500000002914, 0.00017258399999997565, 0.00017412499999996944, 0.00017420800000000902, 0.0001979590000000253, 0.00011291699999999016, 7.791699999998292e-05, 0.00015066699999999322, 0.00014879199999995318, 0.00014900000000001024, 0.00018458399999998765, 0.00019495799999996732, 0.0012157919999999933, 0.00014012499999999095], "find_bindings_prolog": [0.0042850839999999946, 0.000424208000000037, 0.0012105000000000032, 0.001041041999999992, 0.001251749999999996, 0.0003909999999999747, 0.0004117920000000219, 0.0004061670000000128, 0.00036191600000001767, 0.0003563340000000137, 0.00035966700000000795, 0.00042716599999997884, 0.00035795799999999156, 0.00040008400000002275, 0.0013258750000000319, 0.0013417090000000242, 0.01013879099999998, 0.006376124999999955]}, "final_exec_time": 0.13767558300000002, "stages": [], "best_programs": [], "solution": {"code": "magic_value(A):- head(A,c7),magic(c7).\nmagic_value(A):- tail(A,B),magic_value(B).", "is_solution": true, "conf_matrix": [10, 0, 10, 0], "total_exec_time": 0.137674167, "durations": [{"operation": "Test", "called": 24, "total": 0.066177751, "mean": 0.002757406291666667, "maximum": 0.020844792, "__type__": "DurationSummary"}, {"operation": "Find_Bindings_Prolog", "called": 18, "total": 0.030867168000000056, "mean": 0.0017148426666666698, "maximum": 0.01013879099999998, "__type__": "DurationSummary"}, {"operation": "Constrain", "called": 23, "total": 0.009125544999999846, "mean": 0.0003967628260869498, "maximum": 0.0012157919999999933, "__type__": "DurationSummary"}, {"operation": "Generate", "called": 24, "total": 0.008155415999999915, "mean": 0.0003398089999999965, "maximum": 0.0006145419999999957, "__type__": "DurationSummary"}, {"operation": "Combine", "called": 23, "total": 0.0030380809999998593, "mean": 0.00013209047826086344, "maximum": 0.0030288749999999864, "__type__": "DurationSummary"}], "__type__": "ProgramStats"}, "is_solution": true, "stats_file": "./results/list_example/magicpopper_types/10/6/stats.json", "end": true, "__type__": "Stats"}