{"log_best_programs": true, "num_literals": 0, "total_programs": 12, "total_rules": 0, "total_ground_rules": 0, "durations": {"generate": [0.0004888750000002773, 0.0003660840000012655, 0.0004431249999985454, 0.00042783299999982205, 0.000545958000000013, 0.00040508300000041686, 0.00039450000000051944, 0.00044016700000071296, 0.00038408300000014606, 0.0003879999999991668, 0.00046937499999977206, 0.00045370800000021916], "test": [0.10586487499999997, 0.11200537500000074, 0.0451627909999992, 0.3386615830000004, 0.332552583, 0.1098885420000002, 0.04400837499999888, 0.035758875000000856, 0.03466799999999992, 0.07007450000000048, 0.06982679099999878, 1.7667800839999988], "combine": [7.07999999960407e-07, 0.10728020900000068, 4.999999987376214e-07, 0.18507312500000062, 8.749999995671942e-07, 0.19067595799999992, 5.829999984996448e-07, 5.420000004363601e-07, 5.000000005139782e-07, 5.000000005139782e-07, 5.419999986600033e-07], "constrain": [0.0012748750000000086, 0.0013697920000002028, 0.0017237500000000239, 0.00020033299999866472, 0.0015396250000012657, 0.00020925000000104887, 0.0017455840000000222, 0.0002939590000003989, 0.0002460000000006346, 0.0002550420000009268, 0.0002591670000011703], "find_bindings_prolog": [0.1112809170000002, 0.04467054100000034, 0.3379763340000004, 0.33177404200000105, 0.10913020899999992, 0.04349333300000069, 0.035245583000000025, 0.034168625000001285, 0.06958050000000071, 0.0693181660000004, 1.7616907920000013]}, "final_exec_time": 16.451155875, "stages": [], "best_programs": [], "solution": {"code": "magic_value(A):- head(A,eb),last(A,eb),magic(eb).\nmagic_value(A):- head(A,c),last(A,c),magic(c).\nmagic_value(A):- head(A,bl),last(A,bl),magic(bl).\nmagic_value(A):- last(A,ax),head(A,ax),magic(ax).\nmagic_value(A):- head(A,by),last(A,by),magic(by).\nmagic_value(A):- head(A,cq),last(A,cq),magic(cq).\nmagic_value(A):- head(A,bb),last(A,bb),magic(bb).\nmagic_value(A):- last(A,u),head(A,u),magic(u).\nmagic_value(A):- last(A,bn),head(A,bn),magic(bn).\nmagic_value(A):- head(A,fg),last(A,fg),magic(fg).\nmagic_value(A):- head(A,fj),last(A,fj),magic(fj).\nmagic_value(A):- last(A,cv),head(A,cv),magic(cv).\nmagic_value(A):- last(A,ej),head(A,ej),magic(ej).\nmagic_value(A):- head(A,fq),last(A,fq),magic(fq).\nmagic_value(A):- last(A,c7),magic(c7).\nmagic_value(A):- head(A,eo),last(A,eo),magic(eo).\nmagic_value(A):- last(A,bz),head(A,bz),magic(bz).\nmagic_value(A):- head(A,c7),magic(c7).\nmagic_value(A):- head(A,bg),last(A,bg),magic(bg).\nmagic_value(A):- head(A,ak),last(A,ak),magic(ak).\nmagic_value(A):- head(A,dd),last(A,dd),magic(dd).\nmagic_value(A):- last(A,fk),head(A,fk),magic(fk).\nmagic_value(A):- head(A,ck),last(A,ck),magic(ck).\nmagic_value(A):- head(A,cx),last(A,cx),magic(cx).\nmagic_value(A):- last(A,fm),head(A,fm),magic(fm).\nmagic_value(A):- head(A,gc),last(A,gc),magic(gc).\nmagic_value(A):- head(A,fa),last(A,fa),magic(fa).\nmagic_value(A):- head(A,k),last(A,k),magic(k).\nmagic_value(A):- head(A,dl),last(A,dl),magic(dl).\nmagic_value(A):- last(A,et),head(A,et),magic(et).\nmagic_value(A):- last(A,ft),head(A,ft),magic(ft).\nmagic_value(A):- last(A,em),head(A,em),magic(em).\nmagic_value(A):- head(A,gk),last(A,gk),magic(gk).\nmagic_value(A):- last(A,bp),head(A,bp),magic(bp).\nmagic_value(A):- last(A,gl),head(A,gl),magic(gl).\nmagic_value(A):- head(A,ce),last(A,ce),magic(ce).\nmagic_value(A):- head(A,ag),last(A,ag),magic(ag).\nmagic_value(A):- last(A,ec),head(A,ec),magic(ec).\nmagic_value(A):- last(A,dc),head(A,dc),magic(dc).\nmagic_value(A):- tail(A,C),head(C,c7),magic(c7).", "is_solution": true, "conf_matrix": [0, 0, 0, 0], "total_exec_time": 16.4511305, "durations": [{"operation": "Test", "called": 12, "total": 3.065252373999998, "mean": 0.2554376978333332, "maximum": 1.7667800839999988, "__type__": "DurationSummary"}, {"operation": "Find_Bindings_Prolog", "called": 11, "total": 2.9483290420000063, "mean": 0.2680299129090915, "maximum": 1.7616907920000013, "__type__": "DurationSummary"}, {"operation": "Combine", "called": 11, "total": 0.4830340419999981, "mean": 0.04391218563636346, "maximum": 0.19067595799999992, "__type__": "DurationSummary"}, {"operation": "Constrain", "called": 11, "total": 0.009117377000004367, "mean": 0.0008288524545458516, "maximum": 0.0017455840000000222, "__type__": "DurationSummary"}, {"operation": "Generate", "called": 12, "total": 0.005206791000000877, "mean": 0.00043389925000007307, "maximum": 0.000545958000000013, "__type__": "DurationSummary"}], "__type__": "ProgramStats"}, "is_solution": true, "stats_file": "./results/list_example/magicpopper_types/8000/6/stats.json", "end": false, "__type__": "Stats"}