{"log_best_programs": true, "num_literals": 0, "total_programs": 83, "total_rules": 0, "total_ground_rules": 0, "durations": {"generate": [0.0002926249999999908, 0.00014191599999996418, 0.00017575000000003005, 0.0003769579999999828, 0.00010841600000000007, 0.0006862919999999773, 0.00021204200000002338, 0.0001942919999999848, 0.0005618749999999895, 0.00047754199999999747, 0.00035083299999999484, 0.0002034999999999676, 0.00024116600000001487, 0.0005384589999999356, 0.00018583400000005135, 0.000260333000000057, 0.0001998329999999271, 0.000189541999999987, 0.00019320800000000027, 0.0007233749999999706, 0.00015291600000000294, 0.00017320799999998027, 0.00015708300000005782, 0.00048145799999999017, 0.00047958300000006115, 0.00016433299999996098, 0.00016537500000002314, 0.00017224999999998492, 0.00016745900000003644, 0.00030766699999995595, 0.00020375000000005805, 0.0001791250000000577, 0.0002355419999999775, 0.0001854999999999496, 0.0002350410000000469, 0.0001803750000000104, 0.00020283300000001336, 0.00016662500000008684, 0.00018216700000006636, 0.0023647499999999155, 0.00022491700000004666, 0.00021445799999997295, 0.00017316600000005788, 0.0002897499999999775, 0.000577875000000061, 0.00047795799999994504, 0.00017408299999999155, 0.00015695800000004034, 0.00017645799999999046, 0.0001691670000000256, 0.0001526249999999063, 0.00014500000000006175, 0.00018491700000000666, 0.0001639589999999913, 0.0001474999999999671, 0.00014775000000000205, 0.0001907500000000173, 0.00020366699999996296, 0.00017850000000008137, 0.00016125000000000167, 0.00019324999999992265, 0.00017575000000003005, 0.00017862499999998782, 0.00016525000000000567, 0.00016483300000003087, 0.00015341600000007283, 0.00035645800000005945, 0.00016691599999996143, 0.00017116600000000037, 0.00018116699999992658, 0.0002450840000000065, 0.0001811670000000376, 0.0007385420000000087, 0.00017445799999993294, 0.000885374999999966, 0.00016845799999998246, 0.00019379199999991492, 0.00016566699999998047, 0.00026816699999998583, 0.0001755839999999509, 0.00036474999999991375, 0.00021891699999998515, 0.00020774999999995103, 0.0030104590000000764], "find_bindings_prolog": [0.013540667000000006, 0.009996000000000005, 0.004182375000000016, 0.004576208999999998, 0.010684250000000006, 0.0018501670000000137, 0.0030618749999999917, 0.010625207999999997, 0.01100283299999999, 0.0043621249999999945, 0.0028671249999999704, 0.0013267909999999938, 0.003207542000000063, 0.0032067919999999583, 0.0032294999999999963, 0.0020629590000000864, 0.004483666000000053, 0.004847458000000082, 0.004839874999999938, 0.004776416999999977, 0.004611457999999957, 0.00059633300000006, 0.0006306249999999958, 0.011988749999999992, 0.012197875000000025, 0.005351458000000031, 0.005263916999999951, 0.01183704200000002, 0.011101374999999969, 0.004677458000000079, 0.00462295800000001, 0.001698040999999928, 0.01070525, 0.010137957999999947, 0.011062708000000088, 0.010951582999999987, 0.0006066659999999224, 0.0006022500000000264, 0.004819707999999978, 0.005130000000000079, 0.0007579170000000524, 0.0006457500000000005, 0.0007505420000000207, 0.0006950420000000346, 0.0006296660000000287, 0.005119458999999993, 0.00508558300000006, 0.0006963330000000489, 0.0007534589999999008, 0.0006342089999999967, 0.0007628330000000183, 0.0007442079999999685, 0.0006441249999999954, 0.000637957999999994, 0.0006895829999999936, 0.000687166999999933, 0.0006688750000000132, 0.0006414999999999615, 0.00069208300000001, 0.0007257909999999201, 0.0007476250000000295, 0.0007647499999999807, 0.0006407920000000011, 0.0007744170000000272, 0.0007084169999999057, 0.0006864999999999233, 0.001240165999999987, 0.0012675420000000104], "test": [0.014176833999999972, 0.00033770800000004764, 0.011215040999999981, 0.0004322500000000229, 0.00044729199999998803, 0.004751292000000018, 0.00536279199999995, 0.012129042000000034, 0.0023496669999999997, 0.003717459000000034, 0.012038165999999961, 0.012516458000000008, 0.00524866700000004, 0.003521457999999922, 0.0018170840000000243, 0.0041343750000000234, 0.004129875000000061, 0.0041439999999999255, 0.0027967500000000145, 0.00037566700000002395, 0.0004517080000000506, 0.0003858330000000576, 0.0004502090000000347, 0.005187209000000026, 0.0055474170000000544, 0.005527834000000009, 0.005512750000000066, 0.0053031669999999975, 0.0008144160000000955, 0.0010097920000000649, 0.013742166, 0.013998833000000044, 0.0063112499999999905, 0.00621174999999996, 0.013596417000000027, 0.012869499999999978, 0.005581958999999914, 0.00550033399999994, 0.0021955420000000503, 0.012428333999999985, 0.011758332999999954, 0.012817834000000028, 0.01271462499999998, 0.0008279170000000668, 0.0008144999999999403, 0.004223874999999988, 0.005621333000000006, 0.003105124999999931, 0.005929749999999956, 0.0009923339999999836, 0.0005116250000000155, 0.0006799160000000581, 0.0008846659999999229, 0.0009845410000000054, 0.001277957999999968, 0.0007101669999999283, 0.0009342079999999919, 0.0008643749999999173, 0.005914790999999919, 0.005935749999999906, 0.0009522089999999261, 0.001005624999999899, 0.0008682920000000482, 0.0009981249999999608, 0.0018839579999999634, 0.00041766700000001045, 0.0009916249999999405, 0.0008795830000000171, 0.0008710419999999885, 0.0009442090000000292, 0.0009412500000000046, 0.0009233330000000262, 0.0008769170000000326, 0.0009252079999999552, 0.000980792000000008, 0.000982540999999948, 0.0009979169999999593, 0.0008806249999999682, 0.0010087079999999693, 0.0009449169999999896, 0.0009198750000000144, 0.0014820830000000784, 0.0015008330000000347], "combine": [0.0025077079999999974, 5.000000000143778e-07, 0.002204499999999998, 5.829999999984459e-07, 4.170000000303098e-07, 5.409999999650417e-07, 5.419999999922709e-07, 5.419999999922709e-07, 5.000000000143778e-07, 5.000000000143778e-07, 4.999999999588667e-07, 4.999999999588667e-07, 4.999999999588667e-07, 4.999999999588667e-07, 4.1699999997479864e-07, 4.580000000364848e-07, 4.579999999254625e-07, 4.999999999588667e-07, 4.5900000000820285e-07, 5.419999999922709e-07, 4.999999999588667e-07, 5.00000000069889e-07, 4.1600000000308057e-07, 4.999999999588667e-07, 5.840000000256751e-07, 5.419999999922709e-07, 5.419999999922709e-07, 5.419999999922709e-07, 4.580000000364848e-07, 4.579999999254625e-07, 5.00000000069889e-07, 5.419999999922709e-07, 5.419999999922709e-07, 5.840000000256751e-07, 5.419999999922709e-07, 5.00000000069889e-07, 4.580000000364848e-07, 5.00000000069889e-07, 0.0028822090000000244, 5.419999999922709e-07, 5.409999999095305e-07, 4.999999999588667e-07, 5.419999999922709e-07, 4.1699999997479864e-07, 4.580000000364848e-07, 5.410000000205528e-07, 5.410000000205528e-07, 4.1699999997479864e-07, 5.419999999922709e-07, 5.00000000069889e-07, 4.999999999588667e-07, 4.580000000364848e-07, 4.1699999997479864e-07, 4.580000000364848e-07, 4.580000000364848e-07, 4.580000000364848e-07, 4.580000000364848e-07, 4.580000000364848e-07, 5.419999999922709e-07, 5.83000000053957e-07, 4.580000000364848e-07, 5.00000000069889e-07, 4.580000000364848e-07, 4.1700000008582094e-07, 4.1699999997479864e-07, 5.00000000069889e-07, 4.1699999997479864e-07, 4.1699999997479864e-07, 4.1600000000308057e-07, 4.579999999254625e-07, 4.1600000000308057e-07, 4.1699999997479864e-07, 4.1600000000308057e-07, 4.580000000364848e-07, 4.579999999254625e-07, 4.1699999997479864e-07, 4.5900000000820285e-07, 4.999999999588667e-07, 4.580000000364848e-07, 4.580000000364848e-07, 5.00000000069889e-07, 4.580000000364848e-07, 4.5900000000820285e-07],