{"log_best_programs": true, "num_literals": 0, "total_programs": 26, "total_rules": 0, "total_ground_rules": 0, "durations": {"generate": [0.0002863750000000054, 0.00024279199999999168, 0.00020133300000002574, 0.00019583300000003412, 0.0003289579999999903, 0.0002398750000000005, 0.00022491700000004666, 0.0002139170000000079, 0.00019983400000000984, 0.000183541999999981, 0.00018058300000001193, 0.00020933300000003374, 0.00022925000000001416, 0.00020866699999999572, 0.00021483299999996985, 0.00021008300000002755, 0.00019529200000001357, 0.0002074579999999937, 0.0002035000000000231, 0.00017612500000002695, 0.00017800000000001148, 0.00029233299999997797, 0.0002003750000000304, 0.0001746660000000455, 0.00017579200000000794, 0.00042679200000000916, 0.0002469579999999638], "find_bindings_prolog": [0.010823417000000002, 0.0006273330000000077, 0.00031408399999999226, 0.0002883330000000295, 0.00042154099999996975, 0.0003430420000000156, 0.00032812500000001243, 0.0003289579999999903, 0.0003186669999999947, 0.000323749999999956, 0.00031883299999996284, 0.0005108750000000217, 0.00032650000000000734, 0.0010899169999999958], "test": [0.011348083000000009, 0.0010938749999999664, 0.0004723340000000187, 0.00044275000000004727, 0.013676083999999977, 0.000615166999999972, 0.0005226669999999767, 0.000502208000000004, 0.00028529199999999255, 0.0002663750000000409, 0.0002713329999999847, 0.0002814999999999901, 0.0005080409999999591, 0.0004893340000000079, 0.0004934580000000022, 0.0004886660000000265, 0.0009708749999999822, 0.0004983749999999953, 0.00026979200000004644, 0.0002634999999999721, 0.0002658750000000265, 0.00029720799999999326, 0.0002709160000000099, 0.0002685409999999555, 0.0002730000000000232, 0.0024153749999999974], "combine": [0.002380416999999968, 5.829999999984459e-07, 3.749999999969056e-07, 4.1699999997479864e-07, 5.829999999984459e-07, 4.1699999997479864e-07, 3.749999999969056e-07, 3.3300000001901253e-07, 3.7500000005241674e-07, 3.3300000001901253e-07, 3.7500000005241674e-07, 3.329999999635014e-07, 3.3300000001901253e-07, 3.749999999969056e-07, 4.1699999997479864e-07, 3.749999999969056e-07, 4.170000000303098e-07, 3.329999999635014e-07, 3.329999999635014e-07, 3.339999999907306e-07, 4.170000000303098e-07, 3.749999999969056e-07, 3.749999999969056e-07, 4.1699999997479864e-07, 3.749999999969056e-07, 0.0022457089999999846], "constrain": [0.0007318330000000151, 0.0008463329999999769, 0.00017591700000002541, 0.00017174999999997054, 0.00015375000000000805, 0.0010100000000000109, 0.00019774999999999654, 0.00019658399999999965, 0.00017141600000003532, 0.0001690409999999809, 0.00016937499999997163, 0.00013862500000000333, 0.0001623330000000145, 0.0001631669999999641, 0.0001619580000000176, 0.00016174999999996054, 0.000163541999999961, 0.0001654580000000072, 0.00013908300000003981, 0.00013854099999999203, 0.00013662500000000133, 0.00013945800000003672, 0.00013866699999998122, 0.00013862500000000333, 0.0001387079999999874, 0.0010321670000000283]}, "final_exec_time": 0.09049162499999996, "stages": [], "best_programs": [], "solution": {"code": "multiple(A):- div2(A,B),multiple(B).\nmultiple(1):- magic(1).", "is_solution": true, "conf_matrix": [5, 0, 10, 0], "total_exec_time": 0.09049012499999998, "durations": [{"operation": "Test", "called": 26, "total": 0.03755062399999998, "mean": 0.0014442547692307683, "maximum": 0.013676083999999977, "__type__": "DurationSummary"}, {"operation": "Find_Bindings_Prolog", "called": 14, "total": 0.016363374999999958, "mean": 0.001168812499999997, "maximum": 0.010823417000000002, "__type__": "DurationSummary"}, {"operation": "Constrain", "called": 25, "total": 0.006080288999999961, "mean": 0.00024321155999999843, "maximum": 0.0010100000000000109, "__type__": "DurationSummary"}, {"operation": "Generate", "called": 26, "total": 0.005800458000000286, "mean": 0.00022309453846154945, "maximum": 0.00042679200000000916, "__type__": "DurationSummary"}, {"operation": "Combine", "called": 25, "total": 0.002389791999999946, "mean": 9.559167999999785e-05, "maximum": 0.002380416999999968, "__type__": "DurationSummary"}], "__type__": "ProgramStats"}, "is_solution": true, "stats_file": "./results/multiple/magicpopper_types/7/stats.json", "end": true, "__type__": "Stats"}