{"log_best_programs": true, "num_literals": 0, "total_programs": 8, "total_rules": 0, "total_ground_rules": 0, "durations": {"generate": [0.0003765409999998415, 0.0006199999999998429, 0.0014944160000001094, 0.0011131669999999705, 0.0017358749999998313, 0.0007963749999997383, 0.0009940419999998618, 0.0023383750000003367, 0.0009539170000003594], "find_bindings_prolog": [0.033185124999999926, 0.033085083000000015, 0.13569016600000006, 0.146148583, 0.15715366699999977, 0.1482642919999999], "test": [0.04031600000000002, 0.04494687499999994, 0.019136041999999964, 0.13600766600000003, 0.14649066600000005, 0.019400624999999838, 0.15766120799999994, 0.14860645799999972], "combine": [0.10174829200000013, 0.005791665999999918, 6.249999999763389e-07, 7.500000001048335e-07, 7.499999998827889e-07, 5.829999998319124e-07, 5.409999999095305e-07, 4.999999996257998e-07], "constrain": [0.0017685000000000617, 0.002341290999999801, 0.00042929199999997003, 0.0030336659999998794, 0.005396750000000061, 0.0005290829999999858, 0.005469541000000078, 0.0016859999999998543]}, "final_exec_time": 2.1233982499999997, "stages": [], "best_programs": [], "solution": {"code": "magic_value(A):- head(A,el),magic(el).\nmagic_value(A):- head(A,bp),magic(bp).\nmagic_value(A):- head(A,dw),magic(dw).\nmagic_value(A):- head(A,nu),magic(nu).\nmagic_value(A):- head(A,jk),magic(jk).\nmagic_value(A):- head(A,mn),magic(mn).\nmagic_value(A):- head(A,d),magic(d).\nmagic_value(A):- head(A,fk),magic(fk).\nmagic_value(A):- head(A,ls),magic(ls).\nmagic_value(A):- head(A,rv),magic(rv).\nmagic_value(A):- head(A,hz),magic(hz).\nmagic_value(A):- head(A,jw),magic(jw).\nmagic_value(A):- head(A,ac),magic(ac).\nmagic_value(A):- head(A,ku),magic(ku).\nmagic_value(A):- head(A,jx),magic(jx).\nmagic_value(A):- head(A,cv),magic(cv).\nmagic_value(A):- head(A,mi),magic(mi).\nmagic_value(A):- head(A,sg),magic(sg).\nmagic_value(A):- head(A,oq),magic(oq).\nmagic_value(A):- head(A,pu),magic(pu).\nmagic_value(A):- head(A,l),magic(l).\nmagic_value(A):- head(A,oh),magic(oh).\nmagic_value(A):- head(A,aa),magic(aa).\nmagic_value(A):- head(A,cb),magic(cb).\nmagic_value(A):- head(A,ja),magic(ja).\nmagic_value(A):- head(A,mj),magic(mj).\nmagic_value(A):- head(A,ox),magic(ox).\nmagic_value(A):- head(A,qx),magic(qx).\nmagic_value(A):- head(A,on),magic(on).\nmagic_value(A):- head(A,io),magic(io).\nmagic_value(A):- head(A,eh),magic(eh).\nmagic_value(A):- head(A,rs),magic(rs).\nmagic_value(A):- head(A,dp),magic(dp).\nmagic_value(A):- head(A,kx),magic(kx).\nmagic_value(A):- head(A,or),magic(or).\nmagic_value(A):- head(A,ks),magic(ks).\nmagic_value(A):- head(A,ma),magic(ma).\nmagic_value(A):- head(A,gz),magic(gz).\nmagic_value(A):- head(A,fw),magic(fw).\nmagic_value(A):- head(A,od),magic(od).\nmagic_value(A):- head(A,qz),magic(qz).\nmagic_value(A):- head(A,nr),magic(nr).\nmagic_value(A):- head(A,no),magic(no).\nmagic_value(A):- head(A,ch),magic(ch).\nmagic_value(A):- head(A,dh),magic(dh).\nmagic_value(A):- head(A,kg),magic(kg).\nmagic_value(A):- head(A,co),magic(co).\nmagic_value(A):- head(A,ln),magic(ln).\nmagic_value(A):- head(A,rr),magic(rr).\nmagic_value(A):- head(A,mv),magic(mv).\nmagic_value(A):- head(A,ra),magic(ra).\nmagic_value(A):- head(A,ri),magic(ri).\nmagic_value(A):- head(A,eb),magic(eb).\nmagic_value(A):- head(A,j),magic(j).\nmagic_value(A):- head(A,nm),magic(nm).\nmagic_value(A):- head(A,oz),magic(oz).\nmagic_value(A):- head(A,oe),magic(oe).\nmagic_value(A):- head(A,az),magic(az).\nmagic_value(A):- head(A,fs),magic(fs).\nmagic_value(A):- head(A,fm),magic(fm).\nmagic_value(A):- head(A,mx),magic(mx).\nmagic_value(A):- head(A,in),magic(in).\nmagic_value(A):- head(A,di),magic(di).\nmagic_value(A):- head(A,c),magic(c).\nmagic_value(A):- head(A,me),magic(me).\nmagic_value(A):- head(A,by),magic(by).\nmagic_value(A):- head(A,pq),magic(pq).\nmagic_value(A):- head(A,fo),magic(fo).\nmagic_value(A):- head(A,gn),magic(gn).\nmagic_value(A):- head(A,rz),magic(rz).\nmagic_value(A):- head(A,bq),magic(bq).\nmagic_value(A):- head(A,nx),magic(nx).\nmagic_value(A):- head(A,f),magic(f).\nmagic_value(A):- head(A,ck),magic(ck).\nmagic_value(A):- head(A,gv),magic(gv).\nmagic_value(A):- head(A,fv),magic(fv).\nmagic_value(A):- head(A,sb),magic(sb).\nmagic_value(A):- head(A,qn),magic(qn).\nmagic_value(A):- head(A,id),magic(id).\nmagic_value(A):- head(A,bd),magic(bd).", "is_solution": true, "conf_matrix": [200, 0, 200, 0], "total_exec_time": 2.1233952919999997, "durations": [{"operation": "Test", "called": 1, "total": 0.04031600000000002, "mean": 0.04031600000000002, "maximum": 0.04031600000000002, "__type__": "DurationSummary"}, {"operation": "Find_Bindings_Prolog", "called": 1, "total": 0.033185124999999926, "mean": 0.033185124999999926, "maximum": 0.033185124999999926, "__type__": "DurationSummary"}, {"operation": "Generate", "called": 1, "total": 0.0003765409999998415, "mean": 0.0003765409999998415, "maximum": 0.0003765409999998415, "__type__": "DurationSummary"}], "__type__": "ProgramStats"}, "is_solution": true, "stats_file": "./results/list_magicvalues_multipleclauses/magicpopper/80/6/stats.json", "end": true, "__type__": "Stats"}