{"log_best_programs": true, "num_literals": 0, "total_programs": 8, "total_rules": 0, "total_ground_rules": 0, "durations": {"generate": [0.0003867500000001023, 0.0005458329999998845, 0.0014399999999998858, 0.0014767500000001377, 0.001517624999999967, 0.0006253339999999774, 0.00045433299999997345, 0.0007836249999999545, 0.0012726669999998386], "find_bindings_prolog": [0.019497874999999887, 0.03511850000000005, 0.13537320799999986, 0.144526583, 0.14974666700000028, 0.1464189170000001], "test": [0.02166662500000016, 0.048180209000000085, 0.01826166600000012, 0.13566945799999997, 0.1448502920000001, 0.017749707999999975, 0.15027520800000005, 0.1467575000000001], "combine": [0.010548832999999869, 0.00426562499999994, 5.00000000069889e-07, 7.07999999960407e-07, 6.660000000380251e-07, 5.00000000069889e-07, 5.419999999922709e-07, 4.999999996257998e-07], "constrain": [0.0015880000000001449, 0.0022098329999999944, 0.0003944999999998533, 0.0029867080000001156, 0.00511104200000001, 0.0005253329999999057, 0.00183466699999979, 0.005092458000000022]}, "final_exec_time": 2.002410375, "stages": [], "best_programs": [], "solution": {"code": "magic_value(A):- head(A,mm),magic(mm).\nmagic_value(A):- head(A,ax),magic(ax).\nmagic_value(A):- head(A,jf),magic(jf).\nmagic_value(A):- head(A,dl),magic(dl).\nmagic_value(A):- head(A,hu),magic(hu).\nmagic_value(A):- head(A,px),magic(px).\nmagic_value(A):- head(A,jh),magic(jh).\nmagic_value(A):- head(A,kr),magic(kr).\nmagic_value(A):- head(A,od),magic(od).\nmagic_value(A):- head(A,gw),magic(gw).\nmagic_value(A):- head(A,lh),magic(lh).\nmagic_value(A):- head(A,im),magic(im).\nmagic_value(A):- head(A,db),magic(db).\nmagic_value(A):- head(A,ij),magic(ij).\nmagic_value(A):- head(A,oq),magic(oq).\nmagic_value(A):- head(A,ev),magic(ev).\nmagic_value(A):- head(A,el),magic(el).\nmagic_value(A):- head(A,hp),magic(hp).\nmagic_value(A):- head(A,ke),magic(ke).\nmagic_value(A):- head(A,kx),magic(kx).", "is_solution": true, "conf_matrix": [200, 0, 200, 0], "total_exec_time": 2.002407375, "durations": [{"operation": "Test", "called": 1, "total": 0.02166662500000016, "mean": 0.02166662500000016, "maximum": 0.02166662500000016, "__type__": "DurationSummary"}, {"operation": "Find_Bindings_Prolog", "called": 1, "total": 0.019497874999999887, "mean": 0.019497874999999887, "maximum": 0.019497874999999887, "__type__": "DurationSummary"}, {"operation": "Generate", "called": 1, "total": 0.0003867500000001023, "mean": 0.0003867500000001023, "maximum": 0.0003867500000001023, "__type__": "DurationSummary"}], "__type__": "ProgramStats"}, "is_solution": true, "stats_file": "./results/list_magicvalues_multipleclauses/magicpopper/20/1/stats.json", "end": true, "__type__": "Stats"}