{"log_best_programs": true, "num_literals": 0, "total_programs": 2, "total_rules": 0, "total_ground_rules": 0, "durations": {"generate": [0.0003093750000000006, 0.0019750419999999824, 0.00015829200000005983], "find_bindings_prolog": [0.017854665999999964, 0.7239721659999999], "bind": [6.670000000097431e-07, 0.13082925000000012], "test": [0.01810974999999998, 0.8557095], "combine": [5.840000000256751e-07, 0.045594082999999896], "constrain": [0.0031368339999999773, 0.004320667]}, "final_exec_time": 1.051871709, "stages": [], "best_programs": [], "solution": null, "is_solution": false, "stats_file": "./results/list_magicvaluesameclause/magicpopper/9/6/stats.json", "end": true, "__type__": "Stats"}