{"log_best_programs": true, "num_literals": 0, "total_programs": 49, "total_rules": 0, "total_ground_rules": 0, "durations": {"generate": [0.00046804200000000185, 0.00047916700000000256, 0.0007591250000000271, 0.000374207999999987, 0.0003274580000000027, 0.0003596659999999807, 0.0005609580000000003, 0.0003889579999999948, 0.0004257079999999691, 0.0006119159999999901, 0.0005861670000000263, 0.0009632500000000266, 0.00034637500000000987, 0.0003335419999999645, 0.00039754100000000125, 0.0012983329999999849, 0.0003826250000000253, 0.0005742920000000318, 0.0003426249999999853, 0.00035887500000003625, 0.0004365829999999904, 0.0004380410000000001, 0.00041399999999996995, 0.00042079099999997593, 0.0007102920000000013, 0.0007641250000000044, 0.0003535419999999845, 0.0004055000000000031, 0.00034091699999999614, 0.00032524999999999915, 0.0004983330000000175, 0.0003602500000000064, 0.0003618340000000053, 0.000747957999999993, 0.0003354170000000045, 0.0010139590000000087, 0.0003371250000000492, 0.0004677079999999556, 0.000494541000000015, 0.0003273329999999852, 0.00043487500000000123, 0.0011727500000000002, 0.00032837499999999187, 0.0003138340000000128, 0.0004209580000000268, 0.00034391599999999967, 0.00030799999999997496, 0.0003341659999999136, 0.0010646670000000746], "find_bindings_prolog": [0.012624540999999989, 0.00040566699999999845, 0.0003611669999999956, 0.002145041000000014, 0.0009911659999999878, 0.0003193750000000106, 0.00037208300000002303, 0.002224416000000007, 0.00042487499999999123, 0.0004720409999999786, 0.00042116700000000007, 0.00036399999999997545, 0.0003585829999999679, 0.0003907080000000174, 0.0004642919999999773, 0.0009986249999999752, 0.00042208300000001753, 0.00038558300000002266, 0.0009894589999999703, 0.00041316699999999207, 0.0010261660000000505, 0.002179917000000031, 0.00036437500000002787, 0.00033966699999998795, 0.0003331249999999897, 0.00034729100000002733, 0.00035283299999999684, 0.00038870799999995986, 0.002202499999999996, 0.00042724999999999014, 0.0003892910000000138, 0.0003921669999999988, 0.0021122909999999884, 0.0010610000000000341, 0.0003682499999999589, 0.00033854099999997, 0.00039637500000000436, 0.0006497919999999824, 0.00035362500000002406, 0.00033854099999997, 0.0006641669999999933, 0.0003482089999999882, 0.000584083000000013, 0.0007357910000000967, 0.040664708999999966], "test": [0.01381975000000002, 0.0003426249999999853, 0.0007002919999999913, 0.0005220840000000337, 0.00342479200000001, 0.0022689160000000097, 0.000479750000000001, 0.0006586250000000238, 0.003471291999999959, 0.0007507499999999667, 0.0007896669999999939, 0.0007444160000000255, 0.0005507920000000222, 0.0005346250000000108, 0.0007136660000000017, 0.0007831249999999956, 0.0024792909999999946, 0.0007553329999999692, 0.0007008749999999897, 0.002483457999999994, 0.0007372920000000005, 0.0025036250000000093, 0.00034366600000002023, 0.0003614160000000033, 0.00030008300000000654, 0.003354749999999962, 0.0005489170000000376, 0.000513874999999997, 0.0005074999999999941, 0.0005340830000000185, 0.0005264999999999853, 0.0006992089999999784, 0.004042875000000001, 0.0007563749999999758, 0.0007046250000000143, 0.0007085840000000121, 0.0036370829999999854, 0.002531166000000029, 0.0005650839999999935, 0.0005146249999999908, 0.000709750000000009, 0.0013906659999999849, 0.000539542000000004, 0.0005131660000000093, 0.0013805829999999908, 0.0005334580000000422, 0.001058166000000027, 0.001577125000000068, 0.07294783300000007], "combine": [0.01796566599999999, 5.000000000143778e-07, 3.749999999969056e-07, 4.159999999475694e-07, 0.003393582999999978, 0.003376333000000009, 3.329999999635014e-07, 3.749999999969056e-07, 0.003913541999999992, 5.42000000047782e-07, 0.003793833000000024, 3.749999999969056e-07, 3.749999999969056e-07, 3.749999999969056e-07, 3.749999999969056e-07, 3.749999999969056e-07, 0.009152209000000022, 3.749999999969056e-07, 3.749999999969056e-07, 0.00834745800000003, 3.749999999969056e-07, 0.008527000000000007, 4.170000000303098e-07, 3.749999999969056e-07, 3.329999999635014e-07, 0.008975958000000006, 4.170000000303098e-07, 3.749999999969056e-07, 3.749999999969056e-07, 3.339999999907306e-07, 3.749999999969056e-07, 3.749999999969056e-07, 0.006147667000000023, 3.749999999969056e-07, 3.3300000001901253e-07, 4.170000000303098e-07, 0.0055974999999999775, 0.008830125000000022, 3.339999999907306e-07, 3.749999999969056e-07, 3.749999999969056e-07, 0.006939583999999999, 3.749999999969056e-07, 3.749999999969056e-07, 0.009055749999999974, 3.3300000001901253e-07, 0.007290916999999952, 0.008507417000000017], "constrain": [0.0011039999999999939, 0.0001030409999999704, 0.0012544170000000077, 0.00010883299999997487, 0.0003061669999999683, 0.00029487500000002775, 0.00010604100000000116, 0.0002850419999999576, 0.00029366600000002574, 0.0016907909999999693, 0.00025495800000002733, 0.0005989999999999607, 0.00030925000000003866, 0.00023304200000001662, 0.0005922499999999609, 0.0005154589999999959, 0.0005230829999999798, 0.0005883750000000298, 0.0005274579999999807, 0.0005308330000000083, 0.0005062920000000193, 0.00052241599999997, 0.00019866699999998572, 0.00019708399999995851, 9.012499999999646e-05, 0.00023862499999999232, 0.0002287499999999998, 0.00022558300000002918, 0.00022645899999995667, 0.0002262919999999613, 0.00024191600000000868, 0.0005050410000000394, 0.000499166999999967, 0.00048599999999998644, 0.0004897919999999889, 0.0005100419999999883, 0.0005089169999999976, 0.00050741700000001, 0.00023454200000000425, 0.00027591599999998717, 0.0004889579999999838, 0.00029287500000002575, 0.00027645900000000667, 0.00022658399999997414, 0.000301875000000007, 0.00026966600000000174, 0.0002847080000000224, 0.00028929200000005206]}, "final_exec_time": 0.38532412499999996, "stages": [], "best_programs": [], "solution": {"code": "f([22, 13, 38, 35, 48, 19, 89],89):- magic(89),magic([22, 13, 38, 35, 48, 19, 89]).\nf([29, 44],44):- magic([29, 44]),magic(44).\nf([37, 12, 70, 69, 59],59):- magic([37, 12, 70, 69, 59]),magic(59).\nf([49, 19, 76, 2, 68, 79, 4, 98, 65, 40, 35, 98, 7, 7, 17, 15, 68, 9, 63, 27, 94, 62, 51, 56, 10, 2, 41, 72, 51, 3, 26, 26, 6, 83, 47, 21, 1, 51, 59, 56],56):- magic(56),magic([49, 19, 76, 2, 68, 79, 4, 98, 65, 40, 35, 98, 7, 7, 17, 15, 68, 9, 63, 27, 94, 62, 51, 56, 10, 2, 41, 72, 51, 3, 26, 26, 6, 83, 47, 21, 1, 51, 59, 56]).\nf([53, 85, 34, 61, 25, 37, 60, 6, 7, 32, 64, 71, 47, 12, 8, 51, 98, 84, 71, 47, 11, 99, 27, 5, 70, 14, 9, 17, 33, 41, 36, 20, 73, 101, 100, 47, 86, 13, 43, 27, 4, 64, 42, 7],7):- magic([53, 85, 34, 61, 25, 37, 60, 6, 7, 32, 64, 71, 47, 12, 8, 51, 98, 84, 71, 47, 11, 99, 27, 5, 70, 14, 9, 17, 33, 41, 36, 20, 73, 101, 100, 47, 86, 13, 43, 27, 4, 64, 42, 7]),magic(7).\nf([60, 6, 98, 31, 85, 97, 69, 79, 86, 59, 84, 19, 57, 58, 15, 3, 3, 62, 4, 93, 91, 26, 92, 95, 10, 63, 99, 56, 27, 47, 52, 90, 89, 76, 69],69):- magic([60, 6, 98, 31, 85, 97, 69, 79, 86, 59, 84, 19, 57, 58, 15, 3, 3, 62, 4, 93, 91, 26, 92, 95, 10, 63, 99, 56, 27, 47, 52, 90, 89, 76, 69]),magic(69).\nf([61, 35, 101, 29, 89, 70, 48, 26, 51, 48],48):- magic([61, 35, 101, 29, 89, 70, 48, 26, 51, 48]),magic(48).\nf([75, 90, 6, 67, 36, 75, 10, 24, 91, 72, 39, 7, 2, 96, 83, 98, 89, 49, 73, 55, 91, 45, 55, 68, 26, 29, 45, 50, 75, 35, 7, 47, 70, 91, 73],73):- magic(73),magic([75, 90, 6, 67, 36, 75, 10, 24, 91, 72, 39, 7, 2, 96, 83, 98, 89, 49, 73, 55, 91, 45, 55, 68, 26, 29, 45, 50, 75, 35, 7, 47, 70, 91, 73]).\nf([87, 2, 1, 6, 9, 21, 33],33):- magic([87, 2, 1, 6, 9, 21, 33]),magic(33).\nf([96, 95, 53, 100, 31, 66, 39, 36, 56, 18, 19, 9, 52, 86, 40, 19, 93, 10, 80, 16, 9, 54, 5, 48, 38, 12, 80, 94, 100, 100, 54, 42],42):- magic([96, 95, 53, 100, 31, 66, 39, 36, 56, 18, 19, 9, 52, 86, 40, 19, 93, 10, 80, 16, 9, 54, 5, 48, 38, 12, 80, 94, 100, 100, 54, 42]),magic(42).", "is_solution": true, "conf_matrix": [10, 0, 10, 0], "total_exec_time": 0.38529766699999995, "durations": [{"operation": "Test", "called": 49, "total": 0.14201574600000022, "mean": 0.0028982805306122495,