{"log_best_programs": true, "num_literals": 0, "total_programs": 58, "total_rules": 0, "total_ground_rules": 0, "durations": {"generate": [0.00029191700000000265, 0.0005183750000000154, 0.0002174999999999816, 0.00018920799999999627, 0.00019045800000000446, 0.00017962500000001658, 0.00019129099999998234, 0.00019037499999996488, 0.00019595799999999608, 0.0001839580000000396, 0.0003022920000000373, 0.00020558300000000918, 0.00017491699999999666, 0.0004586670000000237, 0.00020320800000001027, 0.00019858299999997442, 0.0002118749999999725, 0.0001907079999999839, 0.00019366600000003675, 0.000201875000000018, 0.00019533399999999146, 0.00018825000000000092, 0.0001874159999999958, 0.0001934160000000018, 0.0001911249999999587, 0.0001950829999999848, 0.0002107080000000039, 0.00019570900000004388, 0.00019579200000002794, 0.00018887499999997726, 0.00019520800000000227, 0.00018729200000000557, 0.00022795800000002808, 0.00020291699999996915, 0.00019529099999998634, 0.00018970800000001065, 0.00020491599999999943, 0.00020570799999997114, 0.00020291699999996915, 0.000191541999999989, 0.00019562500000003258, 0.00020370800000002465, 0.00018974999999998854, 0.00019645899999998218, 0.00019558299999999917, 0.00018624999999999892, 0.00019166700000000647, 0.00018808399999997727, 0.0001922910000000111, 0.00019083299999994585, 0.0001879169999999819, 0.00019370799999995914, 0.0003181660000000086, 0.00024229200000003281, 0.0002361659999999821, 0.00024558299999999367, 0.00023016700000000334, 0.00022483400000000708, 0.0002219169999999604], "find_bindings_prolog": [0.010021084000000013, 0.000817750000000006, 0.0009239169999999963, 0.0008810000000000207, 0.0004765829999999749, 0.0004402920000000088, 0.0011888749999999781], "test": [0.01065270800000001, 0.01435408399999999, 0.00032524999999999915, 0.0002823750000000014, 0.00027887500000001175, 0.0002811250000000487, 0.000269083999999975, 0.00029129199999999855, 0.0002697499999999575, 0.0002807919999999742, 0.00030883300000000835, 0.00027137500000001813, 0.0002639170000000024, 0.0003613330000000192, 0.0003562500000000024, 0.00032775000000001553, 0.0003158749999999655, 0.0003205829999999854, 0.00032441599999999404, 0.00034766699999999595, 0.000311417000000036, 0.0003223750000000414, 0.00031045899999998516, 0.0003134169999999825, 0.0003229160000000064, 0.00040120799999998624, 0.0003614170000000305, 0.0003237919999999894, 0.00030033299999998597, 0.0003117910000000057, 0.00030520800000000126, 0.00030612499999999043, 0.00032841599999999804, 0.00030620800000003, 0.0003042920000000393, 0.00030920800000000526, 0.0003039589999999648, 0.0003062079999999745, 0.000322333000000008, 0.00031375000000000153, 0.00030970899999999135, 0.000314333, 0.0002993749999999906, 0.0003111670000000011, 0.00030766699999995595, 0.00030612499999999043, 0.00031208399999999026, 0.00031483300000001435, 0.0002987080000000364, 0.000307875000000013, 0.0003279170000000109, 0.00031562499999998606, 0.0019091669999999894, 0.002177207999999986, 0.0021701670000000006, 0.0007831660000000018, 0.0007395419999999819, 0.0024972910000000126], "combine": [0.002607708999999986, 5.42000000047782e-07, 4.1600000000308057e-07, 3.3300000001901253e-07, 4.1600000000308057e-07, 3.339999999907306e-07, 3.749999999969056e-07, 3.749999999969056e-07, 3.749999999969056e-07, 3.749999999969056e-07, 3.749999999969056e-07, 3.329999999635014e-07, 3.749999999969056e-07, 5.829999999984459e-07, 3.339999999907306e-07, 3.749999999969056e-07, 3.339999999907306e-07, 3.749999999969056e-07, 4.1600000000308057e-07, 4.170000000303098e-07, 3.7500000005241674e-07, 4.1600000000308057e-07, 3.749999999969056e-07, 3.749999999969056e-07, 3.3300000001901253e-07, 4.999999999588667e-07, 3.339999999907306e-07, 3.329999999635014e-07, 3.749999999969056e-07, 3.3400000004624175e-07, 3.329999999635014e-07, 3.3300000001901253e-07, 3.3400000004624175e-07, 3.3300000001901253e-07, 3.749999999969056e-07, 3.3300000001901253e-07, 3.3300000001901253e-07, 3.749999999969056e-07, 3.749999999969056e-07, 3.749999999969056e-07, 3.749999999969056e-07, 3.749999999969056e-07, 3.3300000001901253e-07, 3.749999999969056e-07, 3.749999999969056e-07, 3.3300000001901253e-07, 3.339999999907306e-07, 3.749999999969056e-07, 3.749999999969056e-07, 3.3300000001901253e-07, 4.5799999998097363e-07, 3.329999999635014e-07, 5.419999999922709e-07, 4.5900000000820285e-07, 4.170000000303098e-07, 3.749999999969056e-07, 3.749999999969056e-07, 0.001977500000000021], "constrain": [0.0007330420000000171, 0.0012210000000000276, 0.00017858299999995442, 0.00017000000000000348, 0.00016725000000000767, 0.00016699999999997273, 0.00013854200000001926, 0.00013524999999997567, 0.0001355419999999885, 0.00013837499999996838, 0.00013779099999999822, 0.00013883299999994936, 0.00013604200000000288, 0.0009312089999999884, 0.00016479199999996919, 0.00016199999999999548, 0.0001959169999999899, 0.00019133300000001574, 0.00016408400000000878, 0.00016099999999996673, 0.0001591250000000377, 0.00016041599999999656, 0.0001619170000000114, 0.000162665999999978, 0.00016216699999999085, 0.0001827919999999872, 0.00016412500000001495, 0.0001614999999999811, 0.0001611670000000176, 0.00016062500000002533, 0.00016004199999997137, 0.00016041599999999656, 0.00015999999999999348, 0.00016008299999997755, 0.00015929199999997756, 0.00015899999999996473, 0.00015983400000002534, 0.00016050000000000786, 0.00016020799999999502, 0.00015916600000004388, 0.0001602919999999508, 0.00015908400000003153, 0.00015983299999999812, 0.00016104200000000013, 0.00016004199999997137, 0.0001603339999999842, 0.00016024999999997291, 0.00016162499999999858, 0.0001592089999999935, 0.00015933299999998374, 0.00016062500000002533, 0.00016099999999996673, 0.0010396669999999664, 0.0002751670000000206, 0.00098170799999997, 0.00024400000000002198, 0.00021058299999998642, 0.00019954099999996977]}, "final_exec_time": 0.11875487500000001, "stages": [], "best_programs": [], "solution": {"code": "multiple(1):- magic(1).\nmultiple(A):- div2(A,B),multiple(B).", "is_solution": true, "conf_matrix": [7, 0, 10, 0], "total_exec_time": 0.11875329199999998, "durations": [{"operation": "Test", "called": 58, "total": 0.05087012499999999, "mean": 0.000877071120689655, "maximum": 0.01435408399999999, "__type__": "DurationSummary"}, {"operation": "Find_Bindings_Prolog", "called": 7, "total": 0.014749500999999998, "mean": 0.002107071571428571, "maximum": 0.010021084000000013, "__type__": "DurationSummary"}, {"operation": "Constrain", "called": 57, "total": 0.013476419999999656, "mean": 0.00023642842105262555, "maximum": 0.0012210000000000276, "__type__": "DurationSummary"}, {"operation": "Generate", "called": 58, "total": 0.012444286999999915, "mean": 0.00021455667241379164, "maximum": 0.0005183750000000154, "__type__": "DurationSummary"}, {"operation": "Combine", "called": 57, "total": 0.002628958000000098, "mean": 4.612207017544031e-05, "maximum": 0.002607708999999986, "__type__": "DurationSummary"}], "__type__": "ProgramStats"}, "is_solution": true, "stats_file": "./results/multiple/magicpopper_args/5/stats.json", "end": true, "__type__": "Stats"}