{"log_best_programs": true, "num_literals": 0, "total_programs": 14, "total_rules": 0, "total_ground_rules": 0, "durations": {"generate": [0.0004246250000000118, 0.00034287500000002025, 0.0003322080000000005, 0.0003461249999999749, 0.0003992909999999683, 0.00030995799999999907, 0.00029608300000000254, 0.00032250000000000334, 0.000287874999999993, 0.00030395799999999307, 0.00028720799999998325, 0.0003759589999999813, 0.0003814159999999678, 0.0004307499999998132, 0.00012416599999998112], "test": [0.023662791999999988, 0.005879166999999963, 0.005333666000000015, 0.0019442500000000362, 0.00047829100000001956, 0.0004405830000000499, 0.0011117920000000003, 0.0012128750000000021, 0.0011423749999999733, 0.0008789169999999791, 0.0004913339999999544, 0.0009827500000000322, 0.901971792, 0.011752208000000097], "combine": [7.089999999876362e-07, 5.410000000205528e-07, 0.00841216699999997, 0.00650862499999999, 6.670000000097431e-07, 4.5900000000820285e-07, 4.1699999997479864e-07, 4.1600000000308057e-07, 4.5900000000820285e-07, 4.5900000000820285e-07, 4.580000000364848e-07, 5.410000000205528e-07, 5.829999998319124e-07, 0.005571333000000012], "constrain": [0.001328415999999999, 0.0020057500000000283, 0.00012258399999998115, 0.00012250000000002537, 0.0001494579999999912, 0.0001271250000000057, 0.00010445900000000119, 0.0001320840000000323, 0.00010266700000000073, 0.00011750000000004812, 0.00010104199999999564, 0.002050667000000006, 0.0016438749999998503, 0.00011366600000006777], "find_bindings_prolog": [0.0056198330000000185, 0.004358083000000013, 0.0011605000000000087, 0.0009780830000000185, 0.0006584170000000222, 0.900236958, 0.0111867080000001], "inconsistent thingy": [4.125000000021473e-06]}, "final_exec_time": 1.155182583, "stages": [], "best_programs": [], "solution": {"code": "magic_value(A):- head(A,c7),magic(c7).\nmagic_value(A):- tail(A,B),magic_value(B).", "is_solution": true, "conf_matrix": [10, 0, 10, 0], "total_exec_time": 1.155180541, "durations": [{"operation": "Test", "called": 14, "total": 0.9572827920000001, "mean": 0.0683773422857143, "maximum": 0.901971792, "__type__": "DurationSummary"}, {"operation": "Find_Bindings_Prolog", "called": 7, "total": 0.9241985820000003, "mean": 0.1320283688571429, "maximum": 0.900236958, "__type__": "DurationSummary"}, {"operation": "Combine", "called": 13, "total": 0.01492650099999987, "mean": 0.0011481923846153746, "maximum": 0.00841216699999997, "__type__": "DurationSummary"}, {"operation": "Constrain", "called": 13, "total": 0.008108126999999965, "mean": 0.0006237020769230742, "maximum": 0.002050667000000006, "__type__": "DurationSummary"}, {"operation": "Generate", "called": 14, "total": 0.004840830999999712, "mean": 0.0003457736428571223, "maximum": 0.0004307499999998132, "__type__": "DurationSummary"}, {"operation": "Inconsistent Thingy", "called": 1, "total": 4.125000000021473e-06, "mean": 4.125000000021473e-06, "maximum": 4.125000000021473e-06, "__type__": "DurationSummary"}], "__type__": "ProgramStats"}, "is_solution": true, "stats_file": "./results/list_constant/magicpopper_types/100/9/stats.json", "end": true, "__type__": "Stats"}