{"log_best_programs": true, "num_literals": 0, "total_programs": 8, "total_rules": 0, "total_ground_rules": 0, "durations": {"generate": [0.0003562079999999135, 0.0006528340000000465, 0.0014792079999998986, 0.0012168329999999727, 0.0019366670000000585, 0.0009632909999999217, 0.0009112920000000635, 0.001470666999999981, 0.0002582499999999044], "find_bindings_prolog": [0.0199221249999999, 0.03470300000000015, 0.136710208, 0.1440134580000001, 0.16242125000000018, 0.13868116699999966], "test": [0.022071707999999912, 0.047940875000000105, 0.01923054199999985, 0.1370285, 0.14435479100000004, 0.16292766699999994, 0.13900637500000013, 0.01995287499999998], "combine": [0.010795791999999915, 0.0044366659999999225, 5.83000000053957e-07, 6.669999998987208e-07, 6.249999999763389e-07, 5.00000000069889e-07, 4.580000001475071e-07, 5.410000003536197e-07], "constrain": [0.0014777919999999778, 0.002351500000000062, 0.0004233750000000036, 0.003080874999999983, 0.005156667000000059, 0.005345708000000116, 0.0016697500000000254, 0.0005265420000002408]}, "final_exec_time": 2.021156209, "stages": [], "best_programs": [], "solution": {"code": "magic_value(A):- head(A,ax),magic(ax).\nmagic_value(A):- head(A,mm),magic(mm).\nmagic_value(A):- head(A,el),magic(el).\nmagic_value(A):- head(A,lh),magic(lh).\nmagic_value(A):- head(A,od),magic(od).\nmagic_value(A):- head(A,gw),magic(gw).\nmagic_value(A):- head(A,oq),magic(oq).\nmagic_value(A):- head(A,db),magic(db).\nmagic_value(A):- head(A,ev),magic(ev).\nmagic_value(A):- head(A,jf),magic(jf).\nmagic_value(A):- head(A,im),magic(im).\nmagic_value(A):- head(A,dl),magic(dl).\nmagic_value(A):- head(A,ij),magic(ij).\nmagic_value(A):- head(A,kx),magic(kx).\nmagic_value(A):- head(A,kr),magic(kr).\nmagic_value(A):- head(A,hu),magic(hu).\nmagic_value(A):- head(A,ke),magic(ke).\nmagic_value(A):- head(A,px),magic(px).\nmagic_value(A):- head(A,hp),magic(hp).\nmagic_value(A):- head(A,jh),magic(jh).", "is_solution": true, "conf_matrix": [200, 0, 200, 0], "total_exec_time": 2.021153834, "durations": [{"operation": "Test", "called": 1, "total": 0.022071707999999912, "mean": 0.022071707999999912, "maximum": 0.022071707999999912, "__type__": "DurationSummary"}, {"operation": "Find_Bindings_Prolog", "called": 1, "total": 0.0199221249999999, "mean": 0.0199221249999999, "maximum": 0.0199221249999999, "__type__": "DurationSummary"}, {"operation": "Generate", "called": 1, "total": 0.0003562079999999135, "mean": 0.0003562079999999135, "maximum": 0.0003562079999999135, "__type__": "DurationSummary"}], "__type__": "ProgramStats"}, "is_solution": true, "stats_file": "./results/list_magicvalues_multipleclauses/magicpopper/20/4/stats.json", "end": true, "__type__": "Stats"}