{"log_best_programs": true, "num_literals": 0, "total_programs": 38, "total_rules": 0, "total_ground_rules": 0, "durations": {"generate": [0.0003143750000000334, 0.0002611250000000287, 0.00047316599999996933, 0.0005153750000000401, 0.00025329200000001606, 0.0008167920000000106, 0.00019733399999999346, 0.00018775000000004205, 0.0005454169999999925, 0.00019654199999996624, 0.00028641699999998327, 0.00018416700000001285, 0.002176832999999989, 0.00011749999999999261, 0.00012149999999999661, 0.00010958299999996868, 0.00012654200000000726, 0.00012504200000001964, 0.0009530409999999878, 0.0002206669999999522, 0.00035016700000001233, 0.0002663339999999792, 0.00016029200000000632, 0.0005141250000000319, 0.0008881660000000235, 0.003161542000000017, 0.00038887499999995523, 0.00015729100000000384, 0.00015204200000001888, 0.001838708999999994, 0.000186666000000002, 0.00040566699999999845, 0.0017414170000000229, 0.0001717909999999767, 0.00027329199999998055, 0.0002350830000000248, 0.0009664589999999751, 0.0001863750000000164, 0.09021429200000003], "find_bindings_prolog": [0.012233875000000005, 0.0004995420000000195, 0.0005127910000000124, 0.0008726669999999936, 0.0008312919999999835, 0.0008572500000000316, 0.0005906669999999892, 0.001013250000000021, 0.0006116250000000045, 0.00043008299999997, 0.0005222920000000353, 0.0004129169999999571, 0.0004219169999999939, 0.0003822920000000063, 0.00034483299999998884, 0.00041162500000002655, 0.000419417000000033, 0.00044762499999995153, 0.0005481250000000104, 0.0005147910000000144, 0.0005183750000000154, 0.00048587499999996897, 0.00039404100000001163, 0.00034391599999999967, 0.0008745829999999843, 0.000979167000000003, 0.0008705420000000297, 0.0008526669999999736, 0.0008753329999999782, 0.0008447500000000052, 0.0007865830000000074, 0.000858291000000011, 0.0008071250000000196, 0.0008052909999999858, 0.0007511249999999636, 0.000769958000000015, 0.0007577079999999681], "test": [0.013392125000000032, 0.0003654579999999852, 0.0007316660000000197, 0.0006575409999999837, 0.0016865000000000352, 0.0015532910000000122, 0.0015812499999999785, 0.000976291000000018, 0.0021078330000000034, 0.0008085829999999739, 0.0006994580000000417, 0.000915374999999996, 0.0005689580000000083, 0.0006732079999999807, 0.0005255830000000516, 0.0004883749999999853, 0.0006577910000000187, 0.0006665829999999984, 0.0007212500000000066, 0.001069916000000004, 0.0009220420000000118, 0.0008896660000000112, 0.0008409999999999807, 0.0005505419999999872, 0.0004977909999999697, 0.0019102920000000356, 0.00232899999999997, 0.001890999999999976, 0.0018793339999999548, 0.0019050000000000455, 0.0018592500000000345, 0.0017046249999999596, 0.0016936669999999543, 0.0015917500000000029, 0.001588209000000007, 0.001448916999999994, 0.001549250000000002, 0.0015289160000000468], "combine": [0.004346374999999958, 4.5900000000820285e-07, 0.0015969579999999817, 3.749999999969056e-07, 4.1600000000308057e-07, 6.249999999763389e-07, 5.000000000143778e-07, 0.0017342499999999927, 5.000000000143778e-07, 6.250000000318501e-07, 4.580000000364848e-07, 4.170000000303098e-07, 4.589999999526917e-07, 4.1699999997479864e-07, 4.1699999997479864e-07, 4.1699999997479864e-07, 3.749999999969056e-07, 3.3300000001901253e-07, 4.1699999997479864e-07, 4.1699999997479864e-07, 4.1600000000308057e-07, 4.170000000303098e-07, 4.1600000000308057e-07, 4.170000000303098e-07, 4.5900000000820285e-07, 4.1600000000308057e-07, 4.580000000364848e-07, 4.1699999997479864e-07, 4.170000000303098e-07, 4.1699999997479864e-07, 4.170000000303098e-07, 4.580000000364848e-07, 4.5799999998097363e-07, 4.1600000000308057e-07, 4.1600000000308057e-07, 4.1699999997479864e-07, 3.749999999969056e-07, 4.5900000000820285e-07], "constrain": [0.0010364170000000117, 0.0009061249999999799, 0.0012719999999999954, 0.00010262499999996733, 0.002611499999999989, 0.00023654200000000625, 0.00021770799999998314, 0.00032691699999998214, 0.004539584000000041, 0.0007981249999999829, 0.0008927499999999977, 0.0010162089999999901, 0.00028012500000001994, 0.00031058400000000264, 0.00026962499999999556, 0.00026975000000001303, 0.00030858400000000064, 0.0003095839999999739, 0.0008940420000000393, 0.0031497919999999846, 0.0035187499999999594, 0.0004668749999999777, 0.0006078330000000021, 0.000278665999999983, 0.0002715410000000418, 0.0006982919999999893, 0.0003351249999999917, 0.0005307909999999749, 0.0005173750000000421, 0.0005256670000000074, 0.0003341249999999629, 0.0005260830000000105, 0.0004786669999999882, 0.00046437500000001686, 0.0004590839999999985, 0.00046312500000000867, 0.00017370800000005016, 0.00016829200000001432]}, "final_exec_time": 0.2619603340000001, "stages": [], "best_programs": [], "solution": {"code": "next_control(A,black):- true_control(A,white).\nnext_control(A,white):- true_control(A,black).", "is_solution": true, "conf_matrix": [13, 0, 13, 0], "total_exec_time": 0.261957, "durations": [{"operation": "Test", "called": 8, "total": 0.020944122000000065, "mean": 0.002618015250000008, "maximum": 0.013392125000000032, "__type__": "DurationSummary"}, {"operation": "Find_Bindings_Prolog", "called": 7, "total": 0.016398084000000035, "mean": 0.0023425834285714336, "maximum": 0.012233875000000005, "__type__": "DurationSummary"}, {"operation": "Constrain", "called": 7, "total": 0.0063829169999999325, "mean": 0.000911845285714276, "maximum": 0.002611499999999989, "__type__": "DurationSummary"}, {"operation": "Combine", "called": 7, "total": 0.0059457079999999385, "mean": 0.0008493868571428484, "maximum": 0.004346374999999958, "__type__": "DurationSummary"}, {"operation": "Generate", "called": 8, "total": 0.0030192090000001337, "mean": 0.0003774011250000167, "maximum": 0.0008167920000000106, "__type__": "DurationSummary"}], "__type__": "ProgramStats"}, "is_solution": true, "stats_file": "./results/iggp-gt-centipede-next/magicpopper_all/8/stats.json", "end": true, "__type__": "Stats"}