{"log_best_programs": true, "num_literals": 0, "total_programs": 2, "total_rules": 0, "total_ground_rules": 0, "durations": {"generate": [0.0003062500000000634, 0.001593791000000011, 0.0010683749999955694], "find_bindings_prolog": [0.05964949999999991, 55.714755583], "bind": [5.840000000256751e-07, 0.23710445799999746], "test": [0.05988554099999999, 55.953517625], "combine": [4.999999999588667e-07, 0.04662649999999502], "constrain": [0.004134166999999911, 0.005115375000002587]}, "final_exec_time": 56.229470375, "stages": [], "best_programs": [], "solution": null, "is_solution": false, "stats_file": "./results/list_magicvaluesameclause/magicpopper/16/stats.json", "end": true, "__type__": "Stats"}