{"log_best_programs": true, "num_literals": 0, "total_programs": 8, "total_rules": 0, "total_ground_rules": 0, "durations": {"generate": [0.00038258400000001913, 0.0005764169999999957, 0.0014623329999998713, 0.0011546669999999981, 0.0015089169999999985, 0.0011283340000001196, 0.0008992920000001625, 0.0005656250000001251, 0.0013496660000003047], "find_bindings_prolog": [0.0330109999999999, 0.033450083000000186, 0.13865183300000017, 0.16491454099999991, 0.1422965839999999, 0.1414973749999997], "test": [0.040318540999999986, 0.047204625, 0.01900483399999997, 0.13896870799999994, 0.16542199999999996, 0.1426361250000001, 0.14184437500000024, 0.017647250000000003], "combine": [0.09600083299999995, 0.011060958999999926, 5.419999999922709e-07, 6.660000000380251e-07, 7.07999999960407e-07, 5.00000000069889e-07, 5.409999999095305e-07, 5.829999998319124e-07], "constrain": [0.001751000000000058, 0.0025599580000001954, 0.000415084000000121, 0.002998833000000145, 0.005334416999999814, 0.005163333000000048, 0.0016583749999998787, 0.0018735419999997838]}, "final_exec_time": 2.136157417, "stages": [], "best_programs": [], "solution": {"code": "magic_value(A):- head(A,l),magic(l).\nmagic_value(A):- head(A,ox),magic(ox).\nmagic_value(A):- head(A,nu),magic(nu).\nmagic_value(A):- head(A,kx),magic(kx).\nmagic_value(A):- head(A,c),magic(c).\nmagic_value(A):- head(A,io),magic(io).\nmagic_value(A):- head(A,ln),magic(ln).\nmagic_value(A):- head(A,nm),magic(nm).\nmagic_value(A):- head(A,on),magic(on).\nmagic_value(A):- head(A,bp),magic(bp).\nmagic_value(A):- head(A,j),magic(j).\nmagic_value(A):- head(A,ac),magic(ac).\nmagic_value(A):- head(A,sg),magic(sg).\nmagic_value(A):- head(A,fv),magic(fv).\nmagic_value(A):- head(A,co),magic(co).\nmagic_value(A):- head(A,gv),magic(gv).\nmagic_value(A):- head(A,or),magic(or).\nmagic_value(A):- head(A,rr),magic(rr).\nmagic_value(A):- head(A,f),magic(f).\nmagic_value(A):- head(A,aa),magic(aa).\nmagic_value(A):- head(A,fs),magic(fs).\nmagic_value(A):- head(A,by),magic(by).\nmagic_value(A):- head(A,oq),magic(oq).\nmagic_value(A):- head(A,sb),magic(sb).\nmagic_value(A):- head(A,id),magic(id).\nmagic_value(A):- head(A,ma),magic(ma).\nmagic_value(A):- head(A,fm),magic(fm).\nmagic_value(A):- head(A,fk),magic(fk).\nmagic_value(A):- head(A,mv),magic(mv).\nmagic_value(A):- head(A,dw),magic(dw).\nmagic_value(A):- head(A,oz),magic(oz).\nmagic_value(A):- head(A,gn),magic(gn).\nmagic_value(A):- head(A,qz),magic(qz).\nmagic_value(A):- head(A,hz),magic(hz).\nmagic_value(A):- head(A,nx),magic(nx).\nmagic_value(A):- head(A,bq),magic(bq).\nmagic_value(A):- head(A,qn),magic(qn).\nmagic_value(A):- head(A,di),magic(di).\nmagic_value(A):- head(A,oh),magic(oh).\nmagic_value(A):- head(A,dp),magic(dp).\nmagic_value(A):- head(A,el),magic(el).\nmagic_value(A):- head(A,ck),magic(ck).\nmagic_value(A):- head(A,nr),magic(nr).\nmagic_value(A):- tail(A,B),head(B,ky),magic(ky).\nmagic_value(A):- head(A,ra),magic(ra).\nmagic_value(A):- head(A,fw),magic(fw).\nmagic_value(A):- head(A,rv),magic(rv).\nmagic_value(A):- head(A,pq),magic(pq).\nmagic_value(A):- head(A,eh),magic(eh).\nmagic_value(A):- head(A,cb),magic(cb).\nmagic_value(A):- head(A,mx),magic(mx).\nmagic_value(A):- head(A,mn),magic(mn).\nmagic_value(A):- head(A,mj),magic(mj).\nmagic_value(A):- head(A,cv),magic(cv).\nmagic_value(A):- head(A,pu),magic(pu).\nmagic_value(A):- head(A,ja),magic(ja).\nmagic_value(A):- head(A,d),magic(d).\nmagic_value(A):- head(A,bd),magic(bd).\nmagic_value(A):- head(A,no),magic(no).\nmagic_value(A):- head(A,jk),magic(jk).\nmagic_value(A):- head(A,gz),magic(gz).\nmagic_value(A):- head(A,rz),magic(rz).\nmagic_value(A):- head(A,kg),magic(kg).\nmagic_value(A):- head(A,ls),magic(ls).\nmagic_value(A):- head(A,od),magic(od).\nmagic_value(A):- head(A,jx),magic(jx).\nmagic_value(A):- head(A,oe),magic(oe).\nmagic_value(A):- tail(A,B),head(B,gh),magic(gh).\nmagic_value(A):- head(A,eb),magic(eb).\nmagic_value(A):- head(A,in),magic(in).\nmagic_value(A):- head(A,me),magic(me).\nmagic_value(A):- head(A,ks),magic(ks).\nmagic_value(A):- head(A,dh),magic(dh).\nmagic_value(A):- head(A,fo),magic(fo).\nmagic_value(A):- head(A,mi),magic(mi).\nmagic_value(A):- head(A,jw),magic(jw).\nmagic_value(A):- head(A,ku),magic(ku).", "is_solution": true, "conf_matrix": [200, 0, 200, 0], "total_exec_time": 2.136154792, "durations": [{"operation": "Combine", "called": 1, "total": 0.09600083299999995, "mean": 0.09600083299999995, "maximum": 0.09600083299999995, "__type__": "DurationSummary"}, {"operation": "Test", "called": 2, "total": 0.08752316599999999, "mean": 0.04376158299999999, "maximum": 0.047204625, "__type__": "DurationSummary"}, {"operation": "Find_Bindings_Prolog", "called": 2, "total": 0.06646108300000009, "mean": 0.033230541500000044, "maximum": 0.033450083000000186, "__type__": "DurationSummary"}, {"operation": "Constrain", "called": 1, "total": 0.001751000000000058, "mean": 0.001751000000000058, "maximum": 0.001751000000000058, "__type__": "DurationSummary"}, {"operation": "Generate", "called": 2, "total": 0.0009590010000000149, "mean": 0.00047950050000000743, "maximum": 0.0005764169999999957, "__type__": "DurationSummary"}], "__type__": "ProgramStats"}, "is_solution": true, "stats_file": "./results/list_magicvalues_multipleclauses/magicpopper/80/1/stats.json", "end": true, "__type__": "Stats"}