{"log_best_programs": true, "num_literals": 0, "total_programs": 12, "total_rules": 0, "total_ground_rules": 0, "durations": {"generate": [0.0005005000000002369, 0.0003699170000004415, 0.0004087500000000688, 0.0004130419999999191, 0.0004939999999997724, 0.00037100000000123146, 0.0003759169999995038, 0.0004087909999999084, 0.0003760839999991106, 0.0004018330000015169, 0.0005090420000009033, 0.0004831249999988074], "test": [0.073080708, 0.07485925000000027, 0.025928999999999647, 0.25893770900000046, 0.25415870900000126, 0.07063533300000024, 0.02577391600000034, 0.019844792000000666, 0.020087166999999795, 0.039066667000000166, 0.04031145799999969, 0.584530333], "combine": [6.66999999232587e-07, 0.06744674999999933, 4.999999996257998e-07, 0.11063312499999967, 8.329999996448123e-07, 0.11617704100000026, 4.589999988979798e-07, 5.420000004363601e-07, 5.000000005139782e-07, 5.410000003536197e-07, 6.250000001983835e-07], "constrain": [0.0013071250000002976, 0.0012838339999996506, 0.00161808399999952, 0.00018366599999986022, 0.0014391660000008244, 0.00021829199999956472, 0.0016973339999992731, 0.0002935419999996469, 0.00024945800000075735, 0.0002700410000002762, 0.0002792080000002528], "find_bindings_prolog": [0.07423500000000072, 0.02552941600000036, 0.25832483300000053, 0.2535354579999991, 0.06997808300000052, 0.025380874999999747, 0.019438290999998387, 0.019679500000000516, 0.03861604099999916, 0.039773459000000955, 0.581360042]}, "final_exec_time": 9.439612709, "stages": [], "best_programs": [], "solution": {"code": "magic_value(A):- head(A,f),last(A,f),magic(f).\nmagic_value(A):- head(A,z),last(A,z),magic(z).\nmagic_value(A):- last(A,c7),magic(c7).\nmagic_value(A):- head(A,ac),last(A,ac),magic(ac).\nmagic_value(A):- last(A,cy),head(A,cy),magic(cy).\nmagic_value(A):- head(A,c),last(A,c),magic(c).\nmagic_value(A):- head(A,eh),last(A,eh),magic(eh).\nmagic_value(A):- last(A,ep),head(A,ep),magic(ep).\nmagic_value(A):- last(A,as),head(A,as),magic(as).\nmagic_value(A):- last(A,af),head(A,af),magic(af).\nmagic_value(A):- last(A,dy),head(A,dy),magic(dy).\nmagic_value(A):- head(A,ar),last(A,ar),magic(ar).\nmagic_value(A):- last(A,bn),head(A,bn),magic(bn).\nmagic_value(A):- head(A,eu),last(A,eu),magic(eu).\nmagic_value(A):- head(A,an),last(A,an),magic(an).\nmagic_value(A):- last(A,cq),head(A,cq),magic(cq).\nmagic_value(A):- head(A,dw),last(A,dw),magic(dw).\nmagic_value(A):- head(A,c7),magic(c7).\nmagic_value(A):- last(A,r),head(A,r),magic(r).\nmagic_value(A):- last(A,j),head(A,j),magic(j).\nmagic_value(A):- head(A,ei),last(A,ei),magic(ei).\nmagic_value(A):- head(A,eg),last(A,eg),magic(eg).\nmagic_value(A):- tail(A,C),head(C,c7),magic(c7).\nmagic_value(A):- last(A,h),head(A,h),magic(h).\nmagic_value(A):- head(A,am),last(A,am),magic(am).\nmagic_value(A):- head(A,ch),last(A,ch),magic(ch).\nmagic_value(A):- last(A,co),head(A,co),magic(co).", "is_solution": true, "conf_matrix": [0, 0, 0, 0], "total_exec_time": 9.439586084, "durations": [{"operation": "Test", "called": 12, "total": 1.4872150420000025, "mean": 0.12393458683333354, "maximum": 0.584530333, "__type__": "DurationSummary"}, {"operation": "Find_Bindings_Prolog", "called": 11, "total": 1.405850998, "mean": 0.12780463618181817, "maximum": 0.581360042, "__type__": "DurationSummary"}, {"operation": "Combine", "called": 11, "total": 0.29426158299999816, "mean": 0.026751052999999834, "maximum": 0.11617704100000026, "__type__": "DurationSummary"}, {"operation": "Constrain", "called": 11, "total": 0.008839749999999924, "mean": 0.0008036136363636294, "maximum": 0.0016973339999992731, "__type__": "DurationSummary"}, {"operation": "Generate", "called": 12, "total": 0.0051120010000014204, "mean": 0.0004260000833334517, "maximum": 0.0005090420000009033, "__type__": "DurationSummary"}], "__type__": "ProgramStats"}, "is_solution": true, "stats_file": "./results/list_example/magicpopper_types/5000/6/stats.json", "end": false, "__type__": "Stats"}