{"log_best_programs": true, "num_literals": 0, "total_programs": 1, "total_rules": 0, "total_ground_rules": 0, "durations": {"generate": [0.001852750000000014, 0.005206000000001154], "find_bindings_prolog": [94.902749708], "test": [96.45206287500001], "combine": [0.005321624999993446], "constrain": [0.004521250000010468]}, "final_exec_time": 96.541372, "stages": [], "best_programs": [], "solution": {"code": "sumk(A):- my_member(A,B),my_member(A,C),add(B,C,295685200623),magic(295685200623).", "is_solution": true, "conf_matrix": [10, 0, 10, 0], "total_exec_time": 96.541370083, "durations": [{"operation": "Test", "called": 1, "total": 96.45206287500001, "mean": 96.45206287500001, "maximum": 96.45206287500001, "__type__": "DurationSummary"}, {"operation": "Find_Bindings_Prolog", "called": 1, "total": 94.902749708, "mean": 94.902749708, "maximum": 94.902749708, "__type__": "DurationSummary"}, {"operation": "Generate", "called": 1, "total": 0.001852750000000014, "mean": 0.001852750000000014, "maximum": 0.001852750000000014, "__type__": "DurationSummary"}], "__type__": "ProgramStats"}, "is_solution": true, "stats_file": "./results/sumk/magicpopper_args/5/stats.json", "end": true, "__type__": "Stats"}