{"log_best_programs": true, "num_literals": 0, "total_programs": 31, "total_rules": 0, "total_ground_rules": 0, "durations": {"generate": [0.0003795839999999884, 0.00029241600000001755, 0.0002186659999999785, 0.0003513749999999871, 0.000229542000000027, 0.0002586669999999902, 0.001109875000000038, 0.0021383750000000257, 0.0009586659999999969, 0.00011687500000001627, 0.00010970800000004166, 0.000364207999999977, 0.00020195800000000208, 0.00023262499999998631, 0.0002970409999999979, 0.00016050000000000786, 0.0005539999999999989, 0.00020166599999998924, 0.0033882089999999754, 0.0003173750000000086, 0.0004910419999999971, 0.00020129200000001957, 0.0012978339999999977, 0.0002218749999999825, 0.00019004100000002966, 0.0015610830000000187, 0.00019162500000002858, 0.0004093750000000451, 0.00019049999999998235, 0.0006486250000000138, 0.0002422919999999773, 0.08548687500000002], "find_bindings_prolog": [0.01090454099999999, 0.0005964999999999998, 0.0009685829999999673, 0.0005034159999999788, 0.0008812909999999508, 0.000462958999999985, 0.0004269580000000328, 0.00040833299999998296, 0.0003770000000000162, 0.0003429160000000264, 0.00037733400000000694, 0.00044133400000001544, 0.0005827499999999652, 0.0004797910000000072, 0.0004827090000000256, 0.00038495900000001804, 0.0003203750000000394, 0.0008824170000000242, 0.0008407500000000012, 0.0008622090000000027, 0.0008617089999999883, 0.0008549589999999885, 0.0008691249999999706, 0.0011133340000000214, 0.0007587079999999968, 0.0008073749999999991, 0.0008182079999999869, 0.0007955829999999886, 0.000759500000000024, 0.0007697500000000135], "test": [0.011819124999999986, 0.0003095000000000181, 0.001023457999999977, 0.0016678330000000074, 0.0007197499999999635, 0.0016885410000000434, 0.0006281670000000128, 0.0006895419999999874, 0.0005646249999999853, 0.000525957999999993, 0.0004896670000000269, 0.0006345000000000378, 0.0008357079999999906, 0.0011125420000000497, 0.0008391249999999961, 0.0008350420000000081, 0.0005300839999999862, 0.00046637500000001886, 0.0019072910000000332, 0.0018649579999999721, 0.0019159579999999954, 0.0018901669999999982, 0.0018806670000000025, 0.0018782499999999702, 0.0020322910000000194, 0.0014592499999999675, 0.0015952080000000146, 0.00160349999999998, 0.0015789590000000464, 0.0015308329999999537, 0.0015404579999999668], "combine": [0.0027317500000000328, 4.5799999998097363e-07, 0.0020187919999999915, 5.419999999922709e-07, 0.0008590829999999827, 4.5900000000820285e-07, 4.5900000000820285e-07, 4.1600000000308057e-07, 4.5799999998097363e-07, 4.1699999997479864e-07, 4.170000000303098e-07, 3.7500000005241674e-07, 4.1699999997479864e-07, 4.170000000303098e-07, 4.580000000364848e-07, 4.5799999998097363e-07, 4.1699999997479864e-07, 3.749999999969056e-07, 4.999999999588667e-07, 4.5799999998097363e-07, 4.580000000364848e-07, 4.5900000000820285e-07, 3.749999999969056e-07, 4.1699999997479864e-07, 4.159999999475694e-07, 4.1699999997479864e-07, 3.749999999969056e-07, 4.1600000000308057e-07, 4.1699999997479864e-07, 4.1699999997479864e-07, 4.5799999998097363e-07], "constrain": [0.0014882910000000305, 0.001438916999999984, 0.00034245900000001717, 0.0013835420000000154, 0.00040637499999995885, 0.0042321249999999755, 0.0007830830000000177, 0.0009080839999999757, 0.0002811249999999932, 0.000276208, 0.00027529200000003806, 0.0009099579999999885, 0.005590874999999995, 0.0006265409999999805, 0.0004612909999999748, 0.0005207499999999587, 0.00027316599999999136, 0.0002649579999999818, 0.0006884170000000522, 0.0003282920000000078, 0.0005202079999999665, 0.0005223750000000194, 0.00032720800000002326, 0.0005209999999999937, 0.0005215839999999639, 0.0005821659999999951, 0.00047279199999999966, 0.0004681249999999859, 0.00046479100000001994, 0.00017658300000000793, 0.00017079100000000347]}, "final_exec_time": 0.23460116599999997, "stages": [], "best_programs": [], "solution": {"code": "next_control(A,white):- true_control(A,black).\nnext_control(A,black):- true_control(A,white).", "is_solution": true, "conf_matrix": [13, 0, 13, 0], "total_exec_time": 0.234598125, "durations": [{"operation": "Test", "called": 3, "total": 0.013152082999999981, "mean": 0.004384027666666661, "maximum": 0.011819124999999986, "__type__": "DurationSummary"}, {"operation": "Find_Bindings_Prolog", "called": 2, "total": 0.01150104099999999, "mean": 0.005750520499999995, "maximum": 0.01090454099999999, "__type__": "DurationSummary"}, {"operation": "Constrain", "called": 2, "total": 0.0029272080000000145, "mean": 0.0014636040000000072, "maximum": 0.0014882910000000305, "__type__": "DurationSummary"}, {"operation": "Combine", "called": 2, "total": 0.0027322080000000137, "mean": 0.0013661040000000069, "maximum": 0.0027317500000000328, "__type__": "DurationSummary"}, {"operation": "Generate", "called": 3, "total": 0.0008906659999999844, "mean": 0.00029688866666666147, "maximum": 0.0003795839999999884, "__type__": "DurationSummary"}], "__type__": "ProgramStats"}, "is_solution": true, "stats_file": "./results/iggp-gt-centipede-next/magicpopper_types/7/stats.json", "end": true, "__type__": "Stats"}