{"log_best_programs": true, "num_literals": 0, "total_programs": 2, "total_rules": 0, "total_ground_rules": 0, "durations": {"generate": [0.0003270419999999996, 0.0015515839999999947, 0.00023920899999985146], "find_bindings_prolog": [0.025916166000000018, 1.066669125], "bind": [5.840000000256751e-07, 0.09582216700000012], "test": [0.026177124999999968, 1.163385], "combine": [5.839999999701639e-07, 0.021044583999999977], "constrain": [0.003430541999999981, 0.0061777910000000436]}, "final_exec_time": 1.347713583, "stages": [], "best_programs": [], "solution": null, "is_solution": false, "stats_file": "./results/list_magicvaluesameclause/magicpopper/11/5/stats.json", "end": true, "__type__": "Stats"}