{"log_best_programs": true, "num_literals": 0, "total_programs": 21, "total_rules": 0, "total_ground_rules": 0, "durations": {"generate": [0.00041058400000004713, 0.00032370899999994984, 0.00034845899999996766, 0.0003070410000000079, 0.00037316599999998035, 0.0002787499999999943, 0.0002799589999999963, 0.0003362920000000158, 0.00027250000000000885, 0.0002765829999999969, 0.00026933399999995444, 0.00031333399999999845, 0.00029966600000003174, 0.0004378749999999765, 0.00037116699999995006, 0.0002487499999999643, 0.00041291700000001264, 0.0002466250000000003, 0.00037329199999996954, 0.0006009169999999786, 0.00046645899999997464, 0.00016054100000001403], "test": [0.023644333000000017, 0.006074540999999989, 0.0006392080000000022, 0.002085042000000037, 0.0022427919999999935, 0.002366959000000002, 0.000590207999999981, 0.0005660840000000222, 0.0005484999999999518, 0.0005429169999999761, 0.0005429590000000095, 0.000574333000000038, 0.0005775000000000086, 0.0007256250000000075, 0.00042129200000001754, 0.0003114589999999584, 0.00032124999999999515, 0.0003694590000000164, 0.00044354099999999175, 0.012598708999999986, 0.010037166000000042], "combine": [5.829999999984459e-07, 0.0029545000000000265, 3.749999999969056e-07, 0.0016045000000000087, 5.829999999984459e-07, 4.5799999998097363e-07, 3.749999999969056e-07, 3.749999999969056e-07, 3.3400000004624175e-07, 3.749999999969056e-07, 3.749999999969056e-07, 3.3400000004624175e-07, 3.749999999969056e-07, 3.749999999969056e-07, 4.1699999997479864e-07, 4.1699999997479864e-07, 3.3300000001901253e-07, 4.5900000000820285e-07, 4.1600000000308057e-07, 6.250000000318501e-07, 0.0025475420000000137], "constrain": [0.0011294589999999993, 0.0009727079999999888, 0.0010277919999999718, 0.00018566700000000047, 0.0010495409999999872, 0.0002115839999999869, 0.0011252080000000442, 0.00020783399999996233, 0.00017383300000001212, 0.0001743339999999982, 0.00017341700000000904, 0.00017379200000000594, 0.00017341700000000904, 0.00020291700000002466, 0.00015020900000001225, 0.00014808300000002106, 0.0001874579999999737, 0.00019583400000000584, 0.00015366699999996847, 0.0013979999999999548, 0.0009630830000000312], "find_bindings_prolog": [0.005092374999999982, 0.00045404199999998784, 0.0012507499999999672, 0.0010736670000000004, 0.001300916999999957, 0.0004045829999999584, 0.0003790410000000244, 0.0003689579999999748, 0.00036479200000000267, 0.0003642500000000104, 0.00039633299999997096, 0.00040079100000001144, 0.0004050420000000221, 0.011026625000000012, 0.007210832999999972]}, "final_exec_time": 0.14044345799999997, "stages": [], "best_programs": [], "solution": {"code": "magic_value(A):- tail(A,B),magic_value(B).\nmagic_value(A):- head(A,c7),magic(c7).", "is_solution": true, "conf_matrix": [10, 0, 10, 0], "total_exec_time": 0.140441708, "durations": [{"operation": "Test", "called": 21, "total": 0.06622387700000004, "mean": 0.0031535179523809543, "maximum": 0.023644333000000017, "__type__": "DurationSummary"}, {"operation": "Find_Bindings_Prolog", "called": 15, "total": 0.030492998999999854, "mean": 0.00203286659999999, "maximum": 0.011026625000000012, "__type__": "DurationSummary"}, {"operation": "Constrain", "called": 20, "total": 0.009214753999999936, "mean": 0.0004607376999999968, "maximum": 0.0013979999999999548, "__type__": "DurationSummary"}, {"operation": "Generate", "called": 21, "total": 0.007247378999999776, "mean": 0.0003451132857142751, "maximum": 0.0006009169999999786, "__type__": "DurationSummary"}, {"operation": "Combine", "called": 20, "total": 0.004566584000000096, "mean": 0.00022832920000000477, "maximum": 0.0029545000000000265, "__type__": "DurationSummary"}], "__type__": "ProgramStats"}, "is_solution": true, "stats_file": "./results/list_example/magicpopper_types/10/1/stats.json", "end": true, "__type__": "Stats"}