{"log_best_programs": true, "num_literals": 0, "total_programs": 8, "total_rules": 0, "total_ground_rules": 0, "durations": {"generate": [0.0003546249999999418, 0.0005906250000000668, 0.0013747500000000912, 0.001141041999999981, 0.0016264169999999911, 0.0009091660000000168, 0.0007471250000001817, 0.0011874579999999746, 0.000591499999999634], "find_bindings_prolog": [0.01698845800000015, 0.03192020800000006, 0.12281316600000003, 0.128978708, 0.1391883330000001, 0.13303166600000016], "test": [0.018260332999999962, 0.043831707999999914, 0.01771629099999994, 0.12311820799999995, 0.016018458999999874, 0.12929645899999986, 0.13976841600000012, 0.13335008300000006], "combine": [0.00683266700000007, 0.004293957999999876, 5.419999999922709e-07, 6.249999999763389e-07, 6.669999998987208e-07, 4.5900000000820285e-07, 4.999999998478444e-07, 4.580000001475071e-07], "constrain": [0.0016690829999999046, 0.002278583999999917, 0.000395417000000009, 0.002920459000000042, 0.001715166999999962, 0.005129750000000044, 0.001655666, 0.0015099169999999162]}, "final_exec_time": 1.847239667, "stages": [], "best_programs": [], "solution": {"code": "magic_value(A):- head(A,is),magic(is).\nmagic_value(A):- head(A,pn),magic(pn).\nmagic_value(A):- head(A,sf),magic(sf).\nmagic_value(A):- head(A,pb),magic(pb).\nmagic_value(A):- head(A,b),magic(b).\nmagic_value(A):- head(A,pu),magic(pu).\nmagic_value(A):- head(A,ot),magic(ot).\nmagic_value(A):- head(A,lk),magic(lk).\nmagic_value(A):- head(A,gr),magic(gr).\nmagic_value(A):- head(A,oq),magic(oq).", "is_solution": true, "conf_matrix": [200, 0, 200, 0], "total_exec_time": 1.8472372499999998, "durations": [{"operation": "Test", "called": 1, "total": 0.018260332999999962, "mean": 0.018260332999999962, "maximum": 0.018260332999999962, "__type__": "DurationSummary"}, {"operation": "Find_Bindings_Prolog", "called": 1, "total": 0.01698845800000015, "mean": 0.01698845800000015, "maximum": 0.01698845800000015, "__type__": "DurationSummary"}, {"operation": "Generate", "called": 1, "total": 0.0003546249999999418, "mean": 0.0003546249999999418, "maximum": 0.0003546249999999418, "__type__": "DurationSummary"}], "__type__": "ProgramStats"}, "is_solution": true, "stats_file": "./results/list_magicvalues_multipleclauses/magicpopper/10/4/stats.json", "end": true, "__type__": "Stats"}