{"log_best_programs": true, "num_literals": 0, "total_programs": 2, "total_rules": 0, "total_ground_rules": 0, "durations": {"generate": [0.0003121669999999743, 0.0020172089999999643, 0.0007670419999998845], "find_bindings_prolog": [0.028833707999999958, 1.0912457089999998], "bind": [5.410000000205528e-07, 0.09775987499999994], "test": [0.029111333000000017, 1.1898732079999998], "combine": [5.840000000256751e-07, 0.024644082999999872], "constrain": [0.003264333000000008, 0.005398292000000193]}, "final_exec_time": 1.377463291, "stages": [], "best_programs": [], "solution": null, "is_solution": false, "stats_file": "./results/list_magicvaluesameclause/magicpopper/10/8/stats.json", "end": true, "__type__": "Stats"}