{"log_best_programs": true, "num_literals": 0, "total_programs": 37, "total_rules": 0, "total_ground_rules": 0, "durations": {"generate": [0.00029395799999998307, 0.00013291699999995465, 0.0001555410000000368, 0.0003526670000000287, 0.00010070800000017144, 0.0006014169999999375, 0.0003390830000000733, 0.00040162499999985, 0.00038291700000003814, 0.000502207999999893, 0.0002529579999999143, 0.0003925830000000019, 0.00023462500000004383, 0.0005360409999999316, 0.00021295899999995704, 0.0002238329999999511, 0.00020866700000010674, 0.0005921250000000544, 0.00017404199999981884, 0.00018466700000008274, 0.00020820800000009854, 0.0004064169999997702, 0.0003795000000001991, 0.0004264579999997409, 0.00017925000000040825, 0.0002299169999995243, 0.00020154100000002728, 0.0002664169999997412, 0.0007007909999998674, 0.00026025000000018395, 0.00026658300000015345, 0.0003083329999995499, 0.00022366699999931683, 0.00037262499999979326, 0.0002488329999996708, 0.00025570800000007665, 0.00022691699999999315, 0.005188208999999944], "find_bindings_prolog": [0.05398533400000005, 0.07664079200000007, 0.06416741699999995, 0.08147066599999997, 0.03321645800000006, 0.04473945900000009, 0.07884304100000006, 0.08041845800000003, 0.03565970899999993, 0.04040325, 0.04286820899999988, 0.04277091700000013, 0.03389575000000011, 0.04279349999999993, 0.0018799579999999594, 0.00499216699999927, 0.08764270799999974, 0.08756362499999959, 0.08901749999999975, 0.09299625000000056, 0.0023987089999994993, 0.0022942079999994647, 0.11553045800000028, 0.08943795899999962, 0.09286658399999936, 0.11066070799999927, 0.07958575000000057, 0.09118575000000018, 0.11010358300000078, 0.10977454200000025], "test": [0.0550089170000001, 0.0006556250000000485, 0.07777087500000013, 0.0019048339999998554, 0.004555333000000106, 0.06528025000000004, 0.0828166669999999, 0.03410800000000003, 0.04571774999999989, 0.08018733300000003, 0.08183541700000019, 0.036457750000000066, 0.04136795799999993, 0.044166999999999845, 0.04402287500000002, 0.034997500000000015, 0.044041333000000016, 0.6876391250000002, 0.00160316699999985, 1.8718672499999998, 0.0010224169999997201, 0.002074666999999586, 0.005178250000000162, 0.08931562500000023, 0.08919095799999965, 0.09056970900000039, 0.09473458300000015, 0.0026335419999998777, 0.002702583999999675, 0.11744175000000023, 0.09106270900000002, 0.09448875000000001, 0.11250279199999991, 0.0811416669999998, 0.0927125000000002, 0.11190187500000004, 0.1115623750000001], "combine": [0.005847708000000118, 3.7499999994139444e-07, 0.0026017499999999583, 5.419999999922709e-07, 0.0018317919999999432, 5.00000000069889e-07, 5.419999999922709e-07, 4.579999999254625e-07, 4.580000001475071e-07, 4.1700000008582094e-07, 5.419999999922709e-07, 4.580000001475071e-07, 4.1700000008582094e-07, 4.1700000008582094e-07, 4.1700000008582094e-07, 3.7499999994139444e-07, 4.1700000008582094e-07, 4.5799999970341787e-07, 4.160000002251252e-07, 4.1699999986377634e-07, 3.3300000001901253e-07, 2.92000000179371e-07, 4.1599999978103597e-07, 5.420000004363601e-07, 4.999999996257998e-07, 5.000000005139782e-07, 5.84000000358742e-07, 4.999999996257998e-07, 4.999999996257998e-07, 5.420000004363601e-07, 5.830000002760016e-07, 5.829999993878232e-07, 5.84000000358742e-07, 5.830000002760016e-07, 5.410000003536197e-07, 6.250000001983835e-07, 4.999999996257998e-07], "constrain": [0.0017480420000000052, 0.0015656669999999373, 0.0011632079999999156, 0.0012321669999999507, 0.00024108299999991978, 0.002392125000000078, 0.0008548749999999217, 0.0018340420000000357, 0.0003462499999999924, 0.0009107079999999268, 0.0009102920000001458, 0.00023641699999998878, 0.00023245800000015748, 0.0002758330000001141, 0.0002493329999999627, 0.0003713329999999182, 0.00037433299999989345, 0.0006765830000001749, 0.0006352499999997541, 0.0006420829999997935, 0.0006080829999994819, 0.0004854160000000718, 0.0005525830000001619, 0.00248158399999987, 0.0009220829999998514, 0.0009343330000000094, 0.0010725420000001762, 0.0006290829999997527, 0.0007090830000002768, 0.0011552090000002124, 0.0011544160000003245, 0.0011744159999995674, 0.001060874999999406, 0.0011579160000003696, 0.0011464580000000169, 0.0010708749999999156, 0.0010674160000005983]}, "final_exec_time": 5.286825417, "stages": [], "best_programs": [], "solution": {"code": "next_value(A,5):- does(A,player,pressButton),magic(pressButton),magic(5),magic(player).\nnext_value(A,B):- my_succ(B,C),my_true_value(A,C).", "is_solution": true, "conf_matrix": [10, 0, 9999, 0], "total_exec_time": 5.286822375, "durations": [{"operation": "Test", "called": 5, "total": 0.13989558400000024, "mean": 0.027979116800000047, "maximum": 0.07777087500000013, "__type__": "DurationSummary"}, {"operation": "Find_Bindings_Prolog", "called": 2, "total": 0.13062612600000012, "mean": 0.06531306300000006, "maximum": 0.07664079200000007, "__type__": "DurationSummary"}, {"operation": "Combine", "called": 4, "total": 0.00845037500000001, "mean": 0.0021125937500000025, "maximum": 0.005847708000000118, "__type__": "DurationSummary"}, {"operation": "Constrain", "called": 4, "total": 0.005709083999999809, "mean": 0.0014272709999999522, "maximum": 0.0017480420000000052, "__type__": "DurationSummary"}, {"operation": "Generate", "called": 5, "total": 0.0010357910000001747, "mean": 0.00020715820000003494, "maximum": 0.0003526670000000287, "__type__": "DurationSummary"}], "__type__": "ProgramStats"}, "is_solution": true, "stats_file": "./results/md/magicpopper_types/6000/3/stats.json", "end": true, "__type__": "Stats"}