{"log_best_programs": true, "num_literals": 0, "total_programs": 76, "total_rules": 0, "total_ground_rules": 0, "durations": {"generate": [0.0003260000000000485, 0.00015141700000009806, 0.00017554099999994577, 0.0004558329999999611, 0.00011754200000013704, 0.0006939590000001328, 0.0002402079999999085, 0.0002479580000001036, 0.0006865830000000184, 0.0005466250000001338, 0.0004893329999999807, 0.00032925000000005866, 0.00032120799999990624, 0.0006866660000000024, 0.0002743750000000489, 0.0003862919999999548, 0.0002689160000000079, 0.0002507080000000439, 0.0002471250000000147, 0.0008265830000000474, 0.0001609999999998557, 0.0002700830000001986, 0.000229542000000027, 0.0006155410000001638, 0.0005656670000000474, 0.0002650410000000214, 0.00024237500000001688, 0.00026137500000000813, 0.0002504170000001693, 0.00038566599999967366, 0.00022400000000022402, 0.00027241600000005306, 0.00020024999999979087, 0.0002442910000000076, 0.0002919590000001193, 0.00023579200000023448, 0.0002260000000000595, 0.00022583400000009135, 0.00025595799999988955, 0.0022755409999999365, 0.00029166699999993995, 0.00025904200000015365, 0.00020095800000019537, 0.0003570410000000024, 0.0005907079999998288, 0.0004201249999997714, 0.00017950000000022115, 0.00017629100000027265, 0.0002038749999995204, 0.00018591699999959133, 0.00023379200000039901, 0.00017070799999974184, 0.00022912499999971914, 0.0002950000000003783, 0.0003438749999995494, 0.0002528329999993417, 0.00023079199999997968, 0.00022887499999946215, 0.0002729170000002057, 0.0002153749999997956, 0.00014870800000021944, 0.0001921669999997988, 0.00018970899999981583, 0.0002675419999995654, 0.0002993749999999906, 0.0007562499999993477, 0.00029391599999950557, 0.0010361249999997213, 0.00024475000000023783, 0.0002600839999997717, 0.00023349999999933146, 0.00015308299999983177, 0.0002207499999995477, 0.0003154170000003731, 0.0001937080000002922, 0.0003185830000003165, 0.0023580420000000046], "find_bindings_prolog": [0.038682915999999956, 0.09052112499999998, 0.075287667, 0.080514333, 0.09857508300000006, 0.01678724999999992, 0.025778540999999988, 0.09629345799999989, 0.1005752499999999, 0.07154279099999994, 0.02535279200000007, 0.014913667000000075, 0.027380124999999866, 0.027038625000000094, 0.026547332999999895, 0.01634020799999991, 0.07691208299999985, 0.0024537920000002877, 0.08232216700000006, 0.08136054199999965, 0.08186554099999999, 0.07719529199999986, 0.10360237499999991, 0.0966481250000002, 0.0022571660000001437, 0.08635162499999982, 0.07714316599999993, 0.101009334, 0.0990401249999997, 0.07964349999999998, 0.07725112500000009, 0.01501654100000005, 0.0927385420000002, 0.09651750000000003, 0.09103116599999961, 0.10009537499999999, 0.0021833749999999874, 0.002081375000000385, 0.0030356249999998752, 0.003794167000000126, 0.08414612500000018, 0.003263791999999377, 0.004334416999999924, 0.00422787499999977, 0.003824792000000521, 0.0020359169999997206, 0.0019655419999997648, 0.0031014589999998066, 0.002060415999999954, 0.0023065419999994674, 0.0031419590000005826, 0.0032933330000002314, 0.003354917000000235, 0.0038666249999996793, 0.00399204200000014, 0.002021791000000661, 0.0019062500000002203, 0.0036531670000004013, 0.0029062500000005542, 0.012903375000000494, 0.011681874999999842], "test": [0.03937529200000012, 0.00046091700000006064, 0.09185033400000009, 0.0016138340000000362, 0.0018807499999999866, 0.07630220900000007, 0.08184474999999991, 0.10015495800000007, 0.017380124999999857, 0.026526542000000042, 0.09786991699999992, 0.10215658299999997, 0.07261729199999989, 0.02612116700000011, 0.015500666000000107, 0.02850237499999997, 0.02806354199999994, 0.027531417000000058, 0.017100582999999947, 0.0006217910000001492, 0.21358716700000002, 0.0020137920000000697, 0.033692874999999844, 0.0786532499999999, 0.0026997500000001118, 0.08353479099999994, 0.08258687500000006, 0.08314479199999969, 0.07833387499999978, 0.10529625000000031, 0.09842929099999997, 0.0026536249999997708, 0.08787104199999973, 0.07889166600000008, 0.10280708300000008, 0.10068024999999992, 0.08115912500000011, 0.07867620800000008, 0.015636041999999684, 0.09450995800000017, 0.09834649999999989, 0.09264558299999992, 0.1018254999999999, 0.002411915999999792, 0.0022968340000000254, 0.003271166000000214, 0.004029624999999815, 0.4096137089999998, 0.002189624999999751, 0.08551116699999994, 0.0035157080000001173, 0.7860748329999998, 0.3157697500000003, 0.004602417000000081, 0.00448258399999979, 0.004106000000000165, 0.0022806669999999585, 0.0022645839999997364, 0.19072087500000023, 0.0010512919999996484, 0.0008460000000001244, 0.002196374999999584, 0.0033189580000003716, 0.002302415999999141, 0.002545333999999677, 0.003411041999999753, 0.003566250000000437, 0.0036143749999997254, 0.004107208999999834, 0.004240165999999768, 0.002285624999999847, 0.002112583000000612, 0.0038785410000006237, 0.003127082999999864, 0.013123625000000416, 0.011894875000000305], "combine": [0.0048674170000000405, 4.579999999254625e-07, 0.004630333000000153, 6.250000001983835e-07, 4.580000001475071e-07, 6.249999999763389e-07, 6.249999999763389e-07, 6.249999999763389e-07, 4.579999999254625e-07, 5.419999999922709e-07, 6.249999999763389e-07, 6.669999998987208e-07, 6.670000001207654e-07, 5.83000000053957e-07, 6.249999999763389e-07, 5.83000000053957e-07, 5.419999999922709e-07, 5.419999999922709e-07, 5.00000000069889e-07, 5.840000001366974e-07, 6.250000001983835e-07, 4.999999996257998e-07, 4.999999996257998e-07, 7.499999998827889e-07, 4.999999996257998e-07, 7.07999999960407e-07, 7.090000000431473e-07, 7.07999999960407e-07, 6.250000001983835e-07, 6.250000001983835e-07, 7.07999999960407e-07, 4.580000001475071e-07, 6.250000001983835e-07, 7.499999998827889e-07, 6.249999997542943e-07, 5.00000000069889e-07, 7.499999998827889e-07, 5.839999999146528e-07, 0.002377834000000245, 7.07999999960407e-07, 6.250000001983835e-07, 5.419999999922709e-07, 5.839999999146528e-07, 4.580000001475071e-07, 3.7499999994139444e-07, 5.419999999922709e-07, 4.580000001475071e-07, 4.580000005915963e-07, 4.1599999978103597e-07, 5.829999993878232e-07, 4.5799999970341787e-07, 5.829999993878232e-07, 4.580000005915963e-07, 4.999999996257998e-07, 4.580000005915963e-07, 4.580000005915963e-07, 3.7499999994139444e-07, 4.1599999978103597e-07, 4.1700000075195476e-07, 4.580000005915963e-07, 3.7499999994139444e-07, 3.7499999994139444e-07, 3.7499999994139444e-07, 3.7499999994139444e-07, 4.1699999986377634e-07, 3.7499999994139444e-07, 3.7499999994139444e-07, 3.7499999994139444e-07, 4.1699999986377634e-07, 4.580000005915963e-07, 3.7500000082957285e-07, 4.1599999978103597e-07, 3.7500000082957285e-07, 3.7499999994139444e-07, 3.7499999994139444e-07, 3.7499999994139444e-07],