{"log_best_programs": true, "num_literals": 0, "total_programs": 29, "total_rules": 0, "total_ground_rules": 0, "durations": {"generate": [0.00043150000000036215, 0.0003590419999999206, 0.0004209579999998603, 0.00037762499999960397, 0.00047404200000000785, 0.00034041699999987074, 0.0003525419999999002, 0.00044170899999995683, 0.0003481669999998438, 0.005049457999999785, 0.00034670799999991786, 0.00048266600000035353, 0.00041845799999862265, 0.0004750000000015575, 0.0003763749999947663, 0.0006271250000011719, 0.0003662499999990132, 0.0003452919999986648, 0.0003816670000063027, 0.00037512499999792226, 0.0004084999999989236, 0.0005133330000006708, 0.0004553330000049982, 0.0003902910000022075, 0.0004994589999967047, 0.00047991699999982984, 0.00031691599999561504, 0.0008386659999999324, 0.00044079099999549953, 0.00023145800000179406], "test": [0.03918700000000008, 0.05502291700000006, 0.01109062500000002, 0.223559458, 0.05221587499999991, 0.2302039579999997, 0.011991000000000085, 0.009076708999999905, 0.009467083000000098, 0.016918125000000117, 0.017346916000000157, 18.447899916999997, 0.23828966700000365, 0.05425825000000373, 0.10488366599999921, 0.05594624999999809, 0.009617250000005129, 0.016942291999995973, 0.009916791000001979, 0.010133791000001224, 0.23047191699999559, 0.013820957999996608, 0.03447199999999384, 0.021702334000003987, 0.017603582999996092, 0.015615541000002509, 0.01574012500000066, 4.891534667000002, 0.2976340409999949], "combine": [7.07999999960407e-07, 0.025283625000000143, 4.580000001475071e-07, 0.04551224999999981, 0.04743237499999964, 7.07999999960407e-07, 5.829999998319124e-07, 5.00000000069889e-07, 5.419999999922709e-07, 5.409999999095305e-07, 5.00000000069889e-07, 18.070789333000004, 6.670000018971223e-07, 5.420000022127169e-07, 6.249999984220267e-07, 6.249999984220267e-07, 5.409999985772629e-07, 4.5800000236795313e-07, 4.999999987376214e-07, 5.420000022127169e-07, 6.659999982616682e-07, 4.999999987376214e-07, 7.079999946313364e-07, 4.999999987376214e-07, 5.419999951072896e-07, 4.999999987376214e-07, 5.419999951072896e-07, 7.079999946313364e-07, 0.12968104100000488], "constrain": [0.0012955830000001, 0.0012452919999996759, 0.0014321250000000063, 0.0001914590000002825, 0.0014277089999996662, 0.00019116600000002038, 0.0018774170000002144, 0.0002744159999998885, 0.0002338339999998773, 0.0002252499999997326, 0.0002382910000000571, 0.00022445900000178653, 0.00012816600000320477, 0.00011508299999718474, 0.0002565830000023084, 0.00015629199999978027, 0.0002307500000000573, 0.0002294169999998985, 0.00024150000000133787, 0.00024633299999976543, 0.0001700840000040671, 0.0002795830000010824, 0.00021458300000176678, 0.00019583299999936798, 0.0003429579999973953, 0.0002585419999974192, 0.0002497079999983498, 0.0015046249999954853, 0.00016345899999947733], "find_bindings_prolog": [0.05456087499999995, 0.010809749999999951, 0.22313325000000006, 0.05172729200000026, 0.229692542, 0.011691332999999915, 0.008755417000000154, 0.00916775000000003, 0.016579209000000095, 0.01705274999999995, 18.180616958, 0.2372135839999956, 0.053574499999996306, 0.10346629200000024, 0.05526212499999872, 0.009336207999993462, 0.016649415999999917, 0.009611041999995962, 0.009821624999993617, 0.22977075000000013, 0.013333916000000556, 4.8909342080000044, 0.2965418749999955]}, "final_exec_time": 46.518292208, "stages": [], "best_programs": [], "solution": {"code": "magic_value(A):- tail(A,B),magic_value(B).\nmagic_value(A):- head(A,c7),magic(c7).", "is_solution": true, "conf_matrix": [2000, 0, 2000, 0], "total_exec_time": 46.518290125, "durations": [{"operation": "Test", "called": 29, "total": 25.162562705999992, "mean": 0.8676745760689653, "maximum": 18.447899916999997, "__type__": "DurationSummary"}, {"operation": "Find_Bindings_Prolog", "called": 23, "total": 24.739302666999976, "mean": 1.0756218550869554, "maximum": 18.180616958, "__type__": "DurationSummary"}, {"operation": "Combine", "called": 28, "total": 18.18903128899998, "mean": 0.6496082603214279, "maximum": 18.070789333000004, "__type__": "DurationSummary"}, {"operation": "Generate", "called": 29, "total": 0.017133331999991785, "mean": 0.0005908045517238546, "maximum": 0.005049457999999785, "__type__": "DurationSummary"}, {"operation": "Constrain", "called": 28, "total": 0.013677040999999779, "mean": 0.0004884657499999921, "maximum": 0.0018774170000002144, "__type__": "DurationSummary"}], "__type__": "ProgramStats"}, "is_solution": true, "stats_file": "./results/list_example/magicpopper_types/2000/8/stats.json", "end": true, "__type__": "Stats"}