{"log_best_programs": true, "num_literals": 0, "total_programs": 8, "total_rules": 0, "total_ground_rules": 0, "durations": {"generate": [0.00037187499999991047, 0.0006361669999999098, 0.0011568329999998017, 0.0015567499999999956, 0.0014739159999999085, 0.0006077909999999687, 0.000749292000000068, 0.0015521249999999043, 0.0007487500000000757], "find_bindings_prolog": [0.02569220799999994, 0.03504104200000002, 0.14142091700000003, 0.15056570800000002, 0.17275133300000034, 0.150012625], "test": [0.029224166000000107, 0.04680437500000001, 0.019409042000000154, 0.1417190829999999, 0.01888895800000001, 0.15088933300000007, 0.17332120900000003, 0.15035829199999995], "combine": [0.02656737499999995, 0.0047022079999998745, 5.00000000069889e-07, 6.670000001207654e-07, 5.839999999146528e-07, 5.419999999922709e-07, 5.409999999095305e-07, 4.999999996257998e-07], "constrain": [0.001791249999999911, 0.002339915999999942, 0.00040691700000006215, 0.003058917000000161, 0.001778666999999956, 0.00521295799999999, 0.005390875000000239, 0.001707915999999976]}, "final_exec_time": 2.0865619580000003, "stages": [], "best_programs": [], "solution": {"code": "magic_value(A):- head(A,rv),magic(rv).\nmagic_value(A):- head(A,ae),magic(ae).\nmagic_value(A):- head(A,al),magic(al).\nmagic_value(A):- head(A,ql),magic(ql).\nmagic_value(A):- head(A,hn),magic(hn).\nmagic_value(A):- head(A,pv),magic(pv).\nmagic_value(A):- head(A,kd),magic(kd).\nmagic_value(A):- head(A,dt),magic(dt).\nmagic_value(A):- head(A,kv),magic(kv).\nmagic_value(A):- head(A,gz),magic(gz).\nmagic_value(A):- head(A,kw),magic(kw).\nmagic_value(A):- head(A,es),magic(es).\nmagic_value(A):- head(A,hb),magic(hb).\nmagic_value(A):- head(A,ah),magic(ah).\nmagic_value(A):- head(A,du),magic(du).\nmagic_value(A):- head(A,jm),magic(jm).\nmagic_value(A):- head(A,np),magic(np).\nmagic_value(A):- head(A,cw),magic(cw).\nmagic_value(A):- head(A,bq),magic(bq).\nmagic_value(A):- head(A,mp),magic(mp).\nmagic_value(A):- head(A,lu),magic(lu).\nmagic_value(A):- head(A,ka),magic(ka).\nmagic_value(A):- head(A,mq),magic(mq).\nmagic_value(A):- head(A,an),magic(an).\nmagic_value(A):- head(A,ag),magic(ag).\nmagic_value(A):- head(A,mw),magic(mw).\nmagic_value(A):- head(A,hl),magic(hl).\nmagic_value(A):- head(A,mz),magic(mz).\nmagic_value(A):- head(A,qm),magic(qm).\nmagic_value(A):- head(A,c),magic(c).\nmagic_value(A):- head(A,nd),magic(nd).\nmagic_value(A):- head(A,er),magic(er).\nmagic_value(A):- head(A,df),magic(df).\nmagic_value(A):- head(A,ew),magic(ew).\nmagic_value(A):- head(A,qy),magic(qy).\nmagic_value(A):- head(A,jf),magic(jf).\nmagic_value(A):- head(A,jt),magic(jt).\nmagic_value(A):- head(A,rq),magic(rq).\nmagic_value(A):- head(A,da),magic(da).\nmagic_value(A):- head(A,jh),magic(jh).", "is_solution": true, "conf_matrix": [200, 0, 200, 0], "total_exec_time": 2.086558708, "durations": [{"operation": "Test", "called": 1, "total": 0.029224166000000107, "mean": 0.029224166000000107, "maximum": 0.029224166000000107, "__type__": "DurationSummary"}, {"operation": "Find_Bindings_Prolog", "called": 1, "total": 0.02569220799999994, "mean": 0.02569220799999994, "maximum": 0.02569220799999994, "__type__": "DurationSummary"}, {"operation": "Generate", "called": 1, "total": 0.00037187499999991047, "mean": 0.00037187499999991047, "maximum": 0.00037187499999991047, "__type__": "DurationSummary"}], "__type__": "ProgramStats"}, "is_solution": true, "stats_file": "./results/list_magicvalues_multipleclauses/magicpopper/40/7/stats.json", "end": true, "__type__": "Stats"}