{"log_best_programs": true, "num_literals": 0, "total_programs": 22, "total_rules": 0, "total_ground_rules": 0, "durations": {"generate": [0.0003921249999999654, 0.0003198340000000188, 0.0003494580000000247, 0.00030933300000002273, 0.0004269159999999994, 0.000283417000000008, 0.0002795420000000215, 0.0003909159999999634, 0.00029687499999997424, 0.00028804199999998836, 0.0002718750000000325, 0.0003341659999999691, 0.00027575000000001904, 0.00044008300000003553, 0.0003742499999999649, 0.00025020900000000124, 0.00036433299999999447, 0.00024812499999998794, 0.00035204199999999686, 0.00066395800000002, 0.00047929200000002004, 0.0003795000000000326, 0.00016050000000000786], "test": [0.02081358299999997, 0.005430957999999986, 0.000645624999999983, 0.00220608299999997, 0.0021997080000000224, 0.0024998749999999847, 0.0006040829999999775, 0.0006605000000000083, 0.0005900409999999856, 0.0005589579999999983, 0.000597750000000008, 0.0005810409999999488, 0.0005747919999999906, 0.0007405840000000441, 0.00039962500000001455, 0.0003085829999999734, 0.00030650000000004285, 0.00044316599999999484, 0.0004119169999999839, 0.0005025419999999947, 0.012055624999999959, 0.009886458000000042], "combine": [6.249999999763389e-07, 0.003049458000000005, 4.1600000000308057e-07, 5.410000000205528e-07, 5.000000000143778e-07, 4.1600000000308057e-07, 3.749999999969056e-07, 3.749999999969056e-07, 3.749999999969056e-07, 3.749999999969056e-07, 3.3300000001901253e-07, 3.749999999969056e-07, 3.7500000005241674e-07, 3.749999999969056e-07, 3.749999999969056e-07, 3.749999999969056e-07, 4.170000000303098e-07, 4.5799999998097363e-07, 4.1699999997479864e-07, 4.999999999588667e-07, 5.000000000143778e-07, 0.002938416999999971], "constrain": [0.0011346660000000064, 0.0009725829999999713, 0.0010363330000000004, 0.00019404199999994987, 0.0010093750000000346, 0.00021766700000003247, 0.0012161250000000123, 0.00023512499999994718, 0.0001794579999999657, 0.000175874999999992, 0.0001747079999999679, 0.00017612500000002695, 0.00017383300000001212, 0.00021062500000001982, 0.00014904200000004364, 0.00014862500000001333, 0.0001887079999999819, 0.0001907500000000173, 0.00015225000000002042, 0.0019002499999999922, 0.00025287499999998575, 0.0012406249999999952], "find_bindings_prolog": [0.004366917000000026, 0.00046237499999995935, 0.0012922499999999948, 0.001025374999999995, 0.0013254169999999954, 0.0004156659999999812, 0.0004533330000000002, 0.0003994579999999637, 0.0003752909999999998, 0.00041670799999998787, 0.00040054200000000373, 0.0003946249999999818, 0.00041358299999999515, 0.010335125, 0.006909042000000032], "inconsistent thingy": [2.6670000000117433e-06]}, "final_exec_time": 0.13821224999999998, "stages": [], "best_programs": [], "solution": {"code": "magic_value(A):- head(A,c7),magic(c7).\nmagic_value(A):- tail(A,B),magic_value(B).", "is_solution": true, "conf_matrix": [10, 0, 10, 0], "total_exec_time": 0.13820966699999998, "durations": [{"operation": "Test", "called": 22, "total": 0.06301799699999988, "mean": 0.0028644544090909037, "maximum": 0.02081358299999997, "__type__": "DurationSummary"}, {"operation": "Find_Bindings_Prolog", "called": 15, "total": 0.028985706999999916, "mean": 0.001932380466666661, "maximum": 0.010335125, "__type__": "DurationSummary"}, {"operation": "Constrain", "called": 21, "total": 0.010089039999999994, "mean": 0.0004804304761904759, "maximum": 0.0019002499999999922, "__type__": "DurationSummary"}, {"operation": "Generate", "called": 22, "total": 0.007770041000000061, "mean": 0.00035318368181818456, "maximum": 0.00066395800000002, "__type__": "DurationSummary"}, {"operation": "Combine", "called": 21, "total": 0.0030579560000000283, "mean": 0.00014561695238095372, "maximum": 0.003049458000000005, "__type__": "DurationSummary"}, {"operation": "Inconsistent Thingy", "called": 1, "total": 2.6670000000117433e-06, "mean": 2.6670000000117433e-06, "maximum": 2.6670000000117433e-06, "__type__": "DurationSummary"}], "__type__": "ProgramStats"}, "is_solution": true, "stats_file": "./results/list_example/magicpopper_types/10/4/stats.json", "end": true, "__type__": "Stats"}