{"log_best_programs": true, "num_literals": 0, "total_programs": 160, "total_rules": 0, "total_ground_rules": 0, "durations": {"generate": [0.0004310000000000147, 0.0002670410000000234, 0.0002862920000000213, 0.00047674999999997025, 0.00026012499999999994, 0.00045275000000000176, 0.0011896670000000054, 0.0003478749999999975, 0.00048266599999996496, 0.00020100000000000673, 0.000602207999999993, 0.0004946249999999708, 0.00030400000000002647, 0.00022887500000001726, 0.00041716599999996884, 0.0002941660000000401, 0.00024220899999999324, 0.00020891699999997515, 0.0002803339999999932, 0.0002325829999999529, 0.0003042500000000059, 0.0002006249999999543, 0.0009140420000000038, 0.00022195799999996657, 0.000259209000000038, 0.00022279199999997168, 0.0005996249999999925, 0.00021050000000000235, 0.0007925840000000406, 0.00028524999999995915, 0.0007845830000000054, 0.0007296250000000115, 0.00020924999999999416, 0.00018933300000001374, 0.00018379200000001594, 0.0001855000000000051, 0.0004361249999999539, 0.00021758300000002118, 0.00022954099999999977, 0.000201875000000018, 0.00019670900000001712, 0.000254207999999978, 0.00020616600000000762, 0.00018129099999997234, 0.0002727500000000438, 0.00023254100000003053, 0.00019416600000010664, 0.00022100000000002673, 0.00019366700000000847, 0.00026804099999999664, 0.0003962910000000486, 0.0007404589999999711, 0.00030579200000002693, 0.00033245800000003545, 0.00032608300000003254, 0.0002659170000000044, 0.00037195800000000556, 0.00020474999999997578, 0.0010410409999999093, 0.0002474579999999227, 0.0002499169999999884, 0.0002579590000000298, 0.00031204200000001237, 0.00023087500000007477, 0.000237542000000035, 0.00026366699999991194, 0.00040312499999994866, 0.00025008300000006756, 0.00023412499999997394, 0.00023566699999999496, 0.00022287499999995575, 0.0002399589999999563, 0.00023887500000008277, 0.00023683299999999186, 0.0002274999999999361, 0.00023891700000000515, 0.00025812499999999794, 0.0002583329999999995, 0.00023333299999994672, 0.002252791999999948, 0.00024541700000002553, 0.00022487499999990224, 0.0002174999999999816, 0.0002235419999999655, 0.00043833299999995745, 0.00022316600000005238, 0.000217874999999923, 0.00023249999999996884, 0.0002038329999999311, 0.00035491700000001014, 0.0002942920000000848, 0.00031841700000001527, 0.0014319579999999554, 0.00026287499999999575, 0.0002647080000000024, 0.0002290830000000188, 0.0002900840000000793, 0.0002715410000000418, 0.0002674999999999761, 0.0002449999999999397, 0.00023854199999995274, 0.00026324999999993715, 0.0002938330000000766, 0.00031779200000003893, 0.00032441699999996576, 0.0008533339999999834, 0.0002750000000000252, 0.0002569159999999959, 0.00026799999999993496, 0.0002509579999999678, 0.0003086669999999847, 0.00038433299999995896, 0.00023225000000004492, 0.00027079100000004797, 0.0005827090000000146, 0.00031366700000001746, 0.00018333299999995223, 0.00021599999999999397, 0.00018666700000002923, 0.0002722499999999739, 0.00016916600000005388, 0.00021804100000000215, 0.00019612499999999145, 0.00090749999999995, 0.00028649999999996734, 0.00034929200000000105, 0.0001874579999999737, 0.000325542000000012, 0.0001820420000000489, 0.00031124999999998515, 0.00018245900000002369, 0.00020474999999997578, 0.00019462500000000382, 0.0003621249999999909, 0.00020204199999995787, 0.0012725420000000431, 0.00020387500000007552, 0.0003189999999999582, 0.00022279199999997168, 0.00020362500000004058, 0.0003045409999999915, 0.0002014999999999656, 0.00024325000000002817, 0.00021508400000003203, 0.00019066700000003323, 0.0004318749999999705, 0.00019533299999996423, 0.00023516599999995336, 0.00022720899999995048, 0.00026483300000001986, 0.00041041699999999626, 0.0002235839999999989, 0.00021970800000004065, 0.00022737500000002964, 0.00031920800000007077, 0.0005625000000000213, 0.0006497919999999269, 0.0003587090000000126, 0.0031122909999999893, 0.000536083000000076, 0.004610917000000048], "find_bindings_prolog": [0.014526124999999945, 0.0010135000000000005, 0.0007723340000000412, 0.0009446250000000322, 0.0009302919999999992, 0.0006325409999999865, 0.0009575840000000113, 0.0017525420000000236, 0.0006032909999999503, 0.0008366669999999576, 0.0009258750000000204, 0.000643417000000035, 0.000806540999999994, 0.0010597920000000038, 0.0005326659999999594, 0.0011344169999999987, 0.001035582999999951, 0.0010207919999999926, 0.0006107499999999932, 0.0009421669999999938, 0.0007939170000000328, 0.0006770839999999945, 0.0008109580000000283, 0.0005986660000000255, 0.0005980829999999715, 0.0006482500000000169, 0.0005741249999999809, 0.0005604170000000352, 0.0005560410000000071, 0.0010155829999999866, 0.0009552500000000186, 0.0005851669999999976, 0.0005772500000000291, 0.0005693750000000386, 0.0005992910000000018, 0.0006132080000000317, 0.0006084169999999167, 0.0005622090000000357, 0.0008756670000000799, 0.0008840420000000293, 0.0006234999999999991, 0.0006089169999999866, 0.0007442500000000019, 0.0006418329999999806, 0.0005224999999999813, 0.0006060409999999461, 0.0005808749999999252, 0.0009645830000000188, 0.0010051669999999735, 0.0007909999999999862, 0.000891500000000045, 0.0006637080000000406, 0.0010204169999999957, 0.0010890839999999624, 0.0008904170000000322, 0.0006501249999999459, 0.001024792000000052, 0.0010055409999999432, 0.000993124999999928, 0.0008727080000000553, 0.0009600840000000277, 0.0009373750000000181, 0.0010019999999999474, 0.0006731669999999745, 0.0008972499999999606, 0.0014071660000000152, 0.0006966250000000063, 0.0009798340000000128, 0.000875750000000064, 0.0010096670000000474, 0.00101279200000004, 0.0009860419999999648, 0.0007388750000000277, 0.000677542000000031, 0.0006479999999999819, 0.0006494169999999855, 0.0006900420000000018, 0.0010279579999999955, 0.0010472080000000217, 0.0009238750000000184, 0.0010232089999999694, 0.0011017500000000124, 0.0007532080000000052, 0.0011329999999999396, 0.0007309580000000038, 0.0010879580000000555, 0.0010457090000000058, 0.0009662499999999463, 0.0007462089999999977, 0.0009485420000000522, 0.0010240839999999807, 0.0008232500000000531, 0.001065624999999959, 0.0010863750000000838, 0.0007804999999999618, 0.0007931249999999501, 0.0011988749999999326, 0.0012527500000000247, 0.0008006660000000609, 0.000704083000000022, 0.0006946249999999488, 0.0010288749999999292, 0.0011965409999999954, 0.001090208000000037, 0.000975750000000053, 0.001153375000000012, 0.0007306670000000182, 0.0011854999999999505, 0.0005907499999999732, 0.0005562500000000359, 0.000559416999999951, 0.0005334169999999805, 0.0005495829999999646, 0.0005308330000000083, 0.0005353750000000046, 0.0005338340000000663, 0.00057787499999995, 0.0005707910000000149, 0.0005630420000000136, 0.0005310000000000592, 0.0005579159999999916, 0.0005903749999999208, 0.0005904999999999383, 0.000604083000000033, 0.000587749999999998, 0.0006225829999999544, 0.0005760000000000209, 0.0005587910000000029, 0.0005466250000000228, 0.0005561670000000518, 0.0009766670000000977, 0.000615749999999915, 0.0009092500000000836, 0.0009667920000000496, 0.0006762919999999673, 0.001080791999999997, 0.0009363749999999893, 0.0009921670000000438, 0.0006890000000000507, 0.000653624999999991, 0.0006913750000000496, 0.0010320000000000329, 0.0010326250000000092, 0.0012314589999999903, 0.0012231249999999916],