{"log_best_programs": true, "num_literals": 0, "total_programs": 19, "total_rules": 0, "total_ground_rules": 0, "durations": {"generate": [0.0010300420000000088, 0.0007188750000000077, 0.0015654999999999974, 0.0015252909999999842, 0.0007505830000000824, 0.012086125000000059, 0.0007962089999999922, 0.0010308749999999867, 0.0008343330000000204, 0.0008681249999999974, 0.0013168340000000445, 0.0009168329999998948, 0.0007560420000000123, 0.0008043749999999683, 0.0023838750000000353, 0.026984166000000087, 0.0012820829999999894, 0.000781041999999954, 0.0008004589999999201, 0.9002591249999999], "find_bindings_prolog": [0.021858249999999968, 0.002065125000000001, 0.001982249999999963, 0.0019657499999999883, 0.0008868749999999537, 0.0008887919999999161, 0.0009124169999999987, 0.0008806249999999682, 0.0008567079999999283, 0.0007708750000000597, 0.0007449579999999623, 0.0007688329999999688, 0.0007665000000000033, 0.002082166999999968, 0.0020670409999999917, 0.0021029580000000436, 0.001025708000000014], "test": [0.023721250000000027, 0.0006190419999999586, 0.003633750000000102, 0.003530167000000084, 0.003592541999999921, 0.0012435840000000198, 0.0014598749999999994, 0.0014807500000000307, 0.0014466659999999854, 0.0014159169999999888, 0.0010999580000000675, 0.0010700000000000154, 0.00108904200000004, 0.0010901250000000529, 0.0006361670000000208, 0.004011291999999944, 0.004101583999999936, 0.004013124999999951, 0.0015582089999999216], "combine": [0.005341708000000001, 5.83000000053957e-07, 1.0000000000287557e-06, 7.920000000272154e-07, 8.329999999778792e-07, 8.749999999002611e-07, 5.829999999429347e-07, 5.419999999922709e-07, 5.83000000053957e-07, 5.419999999922709e-07, 6.249999999763389e-07, 5.829999999429347e-07, 6.249999999763389e-07, 5.839999999146528e-07, 5.00000000069889e-07, 6.660000000380251e-07, 6.670000000097431e-07, 6.670000000097431e-07, 0.0033046660000000116], "constrain": [0.002481208000000068, 0.0032562499999999606, 0.0006179590000000568, 0.0006013340000000644, 0.0005840420000000623, 0.003121541000000061, 0.0030639999999999556, 0.001008958999999976, 0.0010253340000000444, 0.001017542000000038, 0.000742541000000041, 0.0007333340000000854, 0.0007435419999999304, 0.0008096659999999867, 0.00044004200000002935, 0.0031504159999999892, 0.0010821670000000783, 0.0010459590000000407, 0.0006956670000000109]}, "final_exec_time": 1.146769, "stages": [], "best_programs": [], "solution": {"code": "f(A,B):- square(A,C),magic(3.142),mult(C,3.142,B).", "is_solution": true, "conf_matrix": [10, 0, 10, 0], "total_exec_time": 1.1467650409999999, "durations": [{"operation": "Test", "called": 19, "total": 0.060813045000000066, "mean": 0.0032006865789473717, "maximum": 0.023721250000000027, "__type__": "DurationSummary"}, {"operation": "Generate", "called": 19, "total": 0.05723166700000004, "mean": 0.003012193000000002, "maximum": 0.026984166000000087, "__type__": "DurationSummary"}, {"operation": "Find_Bindings_Prolog", "called": 17, "total": 0.0426258319999997, "mean": 0.002507401882352923, "maximum": 0.021858249999999968, "__type__": "DurationSummary"}, {"operation": "Constrain", "called": 18, "total": 0.025525836000000468, "mean": 0.001418102000000026, "maximum": 0.0032562499999999606, "__type__": "DurationSummary"}, {"operation": "Combine", "called": 18, "total": 0.005352957999999908, "mean": 0.0002973865555555504, "maximum": 0.005341708000000001, "__type__": "DurationSummary"}], "__type__": "ProgramStats"}, "is_solution": true, "stats_file": "./results/pi/magicpopper_types/7/stats.json", "end": true, "__type__": "Stats"}