{"log_best_programs": true, "num_literals": 0, "total_programs": 2, "total_rules": 0, "total_ground_rules": 0, "durations": {"generate": [0.00035929200000001105, 0.0015613339999999698, 0.0006419170000000474], "find_bindings_prolog": [0.02441354200000001, 1.0607312919999998], "bind": [5.829999999984459e-07, 0.07955029199999997], "test": [0.02467179199999997, 1.1411467919999998], "combine": [5.840000000256751e-07, 0.01883166699999994], "constrain": [0.003179125000000005, 0.00423091699999989]}, "final_exec_time": 1.333796916, "stages": [], "best_programs": [], "solution": null, "is_solution": false, "stats_file": "./results/list_magicvaluesameclause/magicpopper/11/4/stats.json", "end": true, "__type__": "Stats"}