{"log_best_programs": true, "num_literals": 0, "total_programs": 8, "total_rules": 0, "total_ground_rules": 0, "durations": {"generate": [0.0003995840000001749, 0.0004910000000000192, 0.0014430420000000055, 0.001663332999999989, 0.0017079580000001204, 0.0012126659999998068, 0.0008036670000000079, 0.0012799590000001082, 0.0005069580000003349], "find_bindings_prolog": [0.03542208399999991, 0.03254262500000005, 0.1382412500000001, 0.1659568330000003, 0.14443333299999983, 0.14516949999999973], "test": [0.043313833000000024, 0.045137874999999994, 0.018814083999999953, 0.13855474999999995, 0.16645737500000002, 0.14477529099999975, 0.017866166999999766, 0.14551479199999973], "combine": [0.10510866600000002, 0.0061894579999999255, 6.249999999763389e-07, 6.670000001207654e-07, 6.669999996766762e-07, 5.00000000069889e-07, 5.830000002760016e-07, 5.829999998319124e-07], "constrain": [0.0016474159999999571, 0.0023434580000001315, 0.00042570800000008013, 0.0030601669999998915, 0.00550704099999999, 0.00517087500000013, 0.0005329169999996886, 0.0018576669999998963]}, "final_exec_time": 2.164086, "stages": [], "best_programs": [], "solution": {"code": "magic_value(A):- head(A,l),magic(l).\nmagic_value(A):- head(A,km),magic(km).\nmagic_value(A):- head(A,pc),magic(pc).\nmagic_value(A):- head(A,fa),magic(fa).\nmagic_value(A):- head(A,mm),magic(mm).\nmagic_value(A):- head(A,of),magic(of).\nmagic_value(A):- head(A,at),magic(at).\nmagic_value(A):- head(A,es),magic(es).\nmagic_value(A):- head(A,nq),magic(nq).\nmagic_value(A):- head(A,cy),magic(cy).\nmagic_value(A):- head(A,qn),magic(qn).\nmagic_value(A):- head(A,bj),magic(bj).\nmagic_value(A):- head(A,le),magic(le).\nmagic_value(A):- head(A,mu),magic(mu).\nmagic_value(A):- head(A,gs),magic(gs).\nmagic_value(A):- head(A,gd),magic(gd).\nmagic_value(A):- head(A,qa),magic(qa).\nmagic_value(A):- head(A,ff),magic(ff).\nmagic_value(A):- head(A,hc),magic(hc).\nmagic_value(A):- head(A,nc),magic(nc).\nmagic_value(A):- head(A,hd),magic(hd).\nmagic_value(A):- head(A,ru),magic(ru).\nmagic_value(A):- head(A,hn),magic(hn).\nmagic_value(A):- head(A,oq),magic(oq).\nmagic_value(A):- head(A,gw),magic(gw).\nmagic_value(A):- head(A,cm),magic(cm).\nmagic_value(A):- head(A,gn),magic(gn).\nmagic_value(A):- head(A,rp),magic(rp).\nmagic_value(A):- head(A,hm),magic(hm).\nmagic_value(A):- head(A,gf),magic(gf).\nmagic_value(A):- head(A,fh),magic(fh).\nmagic_value(A):- head(A,hy),magic(hy).\nmagic_value(A):- head(A,ko),magic(ko).\nmagic_value(A):- head(A,gg),magic(gg).\nmagic_value(A):- head(A,ek),magic(ek).\nmagic_value(A):- head(A,rt),magic(rt).\nmagic_value(A):- head(A,m),magic(m).\nmagic_value(A):- head(A,pq),magic(pq).\nmagic_value(A):- head(A,cv),magic(cv).\nmagic_value(A):- head(A,ps),magic(ps).\nmagic_value(A):- head(A,ay),magic(ay).\nmagic_value(A):- head(A,lj),magic(lj).\nmagic_value(A):- head(A,nv),magic(nv).\nmagic_value(A):- head(A,hx),magic(hx).\nmagic_value(A):- head(A,qv),magic(qv).\nmagic_value(A):- head(A,be),magic(be).\nmagic_value(A):- head(A,hr),magic(hr).\nmagic_value(A):- head(A,n),magic(n).\nmagic_value(A):- head(A,db),magic(db).\nmagic_value(A):- head(A,an),magic(an).\nmagic_value(A):- head(A,ri),magic(ri).\nmagic_value(A):- head(A,ce),magic(ce).\nmagic_value(A):- head(A,kx),magic(kx).\nmagic_value(A):- head(A,mv),magic(mv).\nmagic_value(A):- head(A,nx),magic(nx).\nmagic_value(A):- head(A,mk),magic(mk).\nmagic_value(A):- head(A,rw),magic(rw).\nmagic_value(A):- head(A,pf),magic(pf).\nmagic_value(A):- head(A,ar),magic(ar).\nmagic_value(A):- head(A,on),magic(on).\nmagic_value(A):- head(A,jo),magic(jo).\nmagic_value(A):- head(A,ae),magic(ae).\nmagic_value(A):- head(A,j),magic(j).\nmagic_value(A):- head(A,ii),magic(ii).\nmagic_value(A):- head(A,ln),magic(ln).\nmagic_value(A):- head(A,gj),magic(gj).\nmagic_value(A):- head(A,sh),magic(sh).\nmagic_value(A):- head(A,dz),magic(dz).\nmagic_value(A):- head(A,oz),magic(oz).\nmagic_value(A):- head(A,cb),magic(cb).\nmagic_value(A):- head(A,pu),magic(pu).\nmagic_value(A):- head(A,ch),magic(ch).\nmagic_value(A):- head(A,rs),magic(rs).\nmagic_value(A):- head(A,kk),magic(kk).\nmagic_value(A):- head(A,bi),magic(bi).\nmagic_value(A):- head(A,gm),magic(gm).\nmagic_value(A):- head(A,qe),magic(qe).\nmagic_value(A):- head(A,du),magic(du).\nmagic_value(A):- head(A,ds),magic(ds).\nmagic_value(A):- head(A,cz),magic(cz).\nmagic_value(A):- head(A,oj),magic(oj).\nmagic_value(A):- head(A,u),magic(u).\nmagic_value(A):- head(A,fw),magic(fw).\nmagic_value(A):- head(A,pk),magic(pk).\nmagic_value(A):- head(A,mq),magic(mq).\nmagic_value(A):- head(A,cu),magic(cu).\nmagic_value(A):- head(A,lo),magic(lo).\nmagic_value(A):- head(A,qc),magic(qc).\nmagic_value(A):- head(A,dk),magic(dk).\nmagic_value(A):- head(A,kg),magic(kg).", "is_solution": true, "conf_matrix": [200, 0, 200, 0], "total_exec_time": 2.164082833, "durations": [{"operation": "Test", "called": 1, "total": 0.043313833000000024, "mean": 0.043313833000000024, "maximum": 0.043313833000000024, "__type__": "DurationSummary"}, {"operation": "Find_Bindings_Prolog", "called": 1, "total": 0.03542208399999991, "mean": 0.03542208399999991, "maximum": 0.03542208399999991, "__type__": "DurationSummary"}, {"operation": "Generate", "called": 1, "total": 0.0003995840000001749, "mean": 0.0003995840000001749, "maximum": 0.0003995840000001749, "__type__": "DurationSummary"}], "__type__": "ProgramStats"}, "is_solution": true, "stats_file": "./results/list_magicvalues_multipleclauses/magicpopper/90/2/stats.json", "end": true, "__type__": "Stats"}