{"log_best_programs": true, "num_literals": 0, "total_programs": 8, "total_rules": 0, "total_ground_rules": 0, "durations": {"generate": [0.0003894159999999758, 0.0005963749999999823, 0.001165375000000024, 0.0015572500000000655, 0.0013893330000001036, 0.0006612079999999132, 0.0010026249999999237, 0.0006847919999999341, 0.001815333000000141], "find_bindings_prolog": [0.021812541999999935, 0.035060917000000025, 0.13453645799999991, 0.15990724999999983, 0.146736792, 0.14568241599999965], "test": [0.0243897500000001, 0.048400458999999785, 0.01836716599999999, 0.134836167, 0.02047124999999994, 0.16037983300000014, 0.14706095799999974, 0.14600058299999974], "combine": [0.014311916000000036, 0.0044742079999999795, 5.00000000069889e-07, 6.249999999763389e-07, 6.249999999763389e-07, 5.409999999095305e-07, 4.5799999970341787e-07, 5.00000000069889e-07], "constrain": [0.0017912089999998493, 0.002344374999999843, 0.00038650000000006735, 0.0032415830000001034, 0.001765958000000012, 0.005117958999999894, 0.004804791000000197, 0.0016639580000004095]}, "final_exec_time": 2.01568075, "stages": [], "best_programs": [], "solution": {"code": "magic_value(A):- head(A,dj),magic(dj).\nmagic_value(A):- head(A,dc),magic(dc).\nmagic_value(A):- head(A,rc),magic(rc).\nmagic_value(A):- head(A,ej),magic(ej).\nmagic_value(A):- head(A,lz),magic(lz).\nmagic_value(A):- head(A,ha),magic(ha).\nmagic_value(A):- head(A,bu),magic(bu).\nmagic_value(A):- head(A,nc),magic(nc).\nmagic_value(A):- head(A,nn),magic(nn).\nmagic_value(A):- head(A,ns),magic(ns).\nmagic_value(A):- head(A,ad),magic(ad).\nmagic_value(A):- head(A,ps),magic(ps).\nmagic_value(A):- head(A,ey),magic(ey).\nmagic_value(A):- head(A,ku),magic(ku).\nmagic_value(A):- head(A,ih),magic(ih).\nmagic_value(A):- head(A,no),magic(no).\nmagic_value(A):- head(A,fw),magic(fw).\nmagic_value(A):- head(A,bo),magic(bo).\nmagic_value(A):- head(A,hp),magic(hp).\nmagic_value(A):- head(A,df),magic(df).\nmagic_value(A):- head(A,bf),magic(bf).\nmagic_value(A):- head(A,qh),magic(qh).\nmagic_value(A):- head(A,jx),magic(jx).\nmagic_value(A):- head(A,cl),magic(cl).\nmagic_value(A):- head(A,l),magic(l).", "is_solution": true, "conf_matrix": [200, 0, 200, 0], "total_exec_time": 2.015677958, "durations": [{"operation": "Test", "called": 1, "total": 0.0243897500000001, "mean": 0.0243897500000001, "maximum": 0.0243897500000001, "__type__": "DurationSummary"}, {"operation": "Find_Bindings_Prolog", "called": 1, "total": 0.021812541999999935, "mean": 0.021812541999999935, "maximum": 0.021812541999999935, "__type__": "DurationSummary"}, {"operation": "Generate", "called": 1, "total": 0.0003894159999999758, "mean": 0.0003894159999999758, "maximum": 0.0003894159999999758, "__type__": "DurationSummary"}], "__type__": "ProgramStats"}, "is_solution": true, "stats_file": "./results/list_magicvalues_multipleclauses/magicpopper/25/4/stats.json", "end": true, "__type__": "Stats"}