{"log_best_programs": true, "num_literals": 0, "total_programs": 205, "total_rules": 0, "total_ground_rules": 0, "durations": {"generate": [1.324695791, 0.0012720000000001619, 0.0017778750000001509, 0.0019201250000002723, 0.028451749999999887, 0.0018997910000000395, 0.0034343749999998785, 0.0012298330000000135, 0.0011716669999999318, 0.0010573329999998826, 0.0018528330000000537, 0.1385351250000002, 0.0007801250000003535, 0.0007180829999997584, 0.00866066700000001, 0.0006289160000001459, 0.0008404589999999601, 2.254733709, 0.0011721249999991912, 0.0014326249999996321, 0.0010448330000008, 0.0023707919999997884, 0.0013557500000001, 0.0020595420000004694, 0.000889958000000135, 0.004394834000000181, 0.0012936670000005535, 0.0034549579999998414, 0.0010371250000007493, 0.0013700830000002995, 0.0008161250000000564, 0.0008348749999997906, 0.0009189159999998253, 0.0011781250000000298, 0.000803334000000433, 0.001258125000000554, 0.001243500000000175, 0.002674583000000119, 0.000801041999999974, 0.00334674999999951, 0.0008891669999995244, 0.0006905829999999114, 0.04679520899999989, 0.005452584000000371, 0.07440587500000007, 0.0008815829999999636, 0.0009813330000003617, 0.0010007910000000564, 0.003184708000000036, 0.0007993749999997135, 0.003882334000000043, 0.0022771669999999133, 0.0017693749999994068, 0.002399791999999401, 0.0024365829999997146, 0.0018908749999999586, 0.01470700000000047, 0.0008030000000003312, 0.0007831249999998846, 0.0007236250000000055, 0.012404040999999921, 0.0008056250000008092, 0.0008431250000002777, 0.0008342089999997526, 0.06807991700000038, 0.0007162080000000515, 0.0009296660000002177, 0.0006971250000002982, 0.03759554200000004, 0.0007352499999999651, 0.00315525000000072, 0.0007075419999988952, 5.027324415999999, 0.0008106659999995713, 0.0008176659999996616, 0.0011664170000003082, 0.0007464999999999833, 0.001040874999999275, 0.0027204170000008077, 0.001102749999999375, 0.0008494999999992814, 0.0010960840000002747, 0.000857707999999846, 0.0011079580000004086, 0.0013633749999986122, 0.0010235000000005101, 0.0008120420000015116, 0.0007044159999995969, 0.0010550000000009163, 0.0011345839999989948, 0.0011807499999996196, 0.001254749999999305, 0.0008875409999991035, 0.0010486659999990877, 0.0013476669999992197, 0.0011153749999994744, 0.001223417000000282, 0.0009655829999992704, 0.0011530000000004037, 0.001111958999999274, 0.001221958000000356, 0.0009772909999998802, 0.0011078749999988702, 0.0010956249999996004, 0.0012080839999999426, 0.0013152079999994015, 0.001295167000000319, 0.0013057500000002165, 0.0014312909999993906, 0.0014338330000001065, 0.0021813330000011177, 0.005437542000001017, 0.002006291000000715, 0.0012783339999984378, 0.0014330830000002237, 0.0022601669999993135, 0.0013215829999992934, 0.002343082999999524, 0.001613542000001189, 0.0024881669999992084, 0.0019646669999993094, 0.0010903330000004985, 0.0013289169999985972, 0.0013423329999966427, 0.001971917000002321, 0.0010379159999978071, 0.0015096670000005474, 0.0015168340000002445, 0.0012786670000011213, 0.001525540999999464, 0.003508124999999751, 0.001961375000000487, 0.0009880829999993068, 0.0016222500000004914, 0.003194332999999716, 0.002539500000001027, 0.0010501670000024887, 0.0012237089999977968, 0.002931917000001505, 0.0011204169999992075, 0.0013145830000027559, 0.001124707999998975, 0.0012244169999995336, 0.0024076250000000243, 0.0010781249999993747, 0.0012466250000002788, 0.001920333000001051, 0.001245999999998304, 0.001190749999999241, 0.0014489580000009994, 0.001361416000001725, 0.0029393750000004104, 0.0023466659999975548, 0.002936709000000093, 0.0014655419999982655, 0.0012332079999985979, 0.0030185419999995133, 0.006070042000001052, 0.0027661659999971278, 0.0054350420000019994, 0.0014247080000018286, 0.0016709590000019148, 0.0010022919999990165, 0.0029451670000000263, 0.0010289169999992964, 0.0035233750000003283, 0.0009011249999986148, 0.0009067500000021766, 0.0035877089999978296, 0.0010892499999997085, 0.0017882080000006795, 0.0010858330000012018, 0.0013391670000011402, 0.0009137919999986366, 0.0017968750000001421, 0.0009452500000008968, 0.0030459169999978997, 0.0009025000000022487, 0.0008055829999982222, 0.007069541999999984, 0.001167291000001569, 0.0014907919999984642, 0.0009290829999990535, 0.0009296250000012662, 0.011703541999999345, 0.002105749999998352, 0.009458999999999662, 0.009036208000001267, 0.0007925829999990697, 0.0010497499999999604, 0.010449707999999447, 0.0009649170000010088, 0.0011104579999994257, 0.0010425000000005014, 0.003395541999999807, 0.0036317500000002667, 0.013397999999998689, 0.0013648340000003145, 0.002112374999999389, 0.004517832999997751, 0.0019914169999992737, 0.0011257499999999254, 0.003433082999997339, 0.0010812499999985903, 0.0013090000000026691],