{"log_best_programs": true, "num_literals": 0, "total_programs": 15, "total_rules": 0, "total_ground_rules": 0, "durations": {"generate": [0.027316290999999993, 0.007754250000000074, 0.0035488329999999735, 0.003424958000000089, 0.0016006249999998001, 0.623377917, 0.0010042500000000398, 0.0011182499999999873, 0.001078208000000025, 0.005697125000000192, 0.0011085410000002405, 0.0013849999999999696, 0.020803166999999956, 0.0007710410000001389, 0.01195975000000038, 4.027877], "find_bindings_prolog": [0.013718250000000043, 0.0007558749999999614, 0.0008108749999999887, 0.0007709160000000104, 0.0006390000000000562, 0.0008827920000000766, 0.0008147499999999752, 0.0008214169999998244, 0.0008414580000000171, 0.0008964169999998717, 0.0007386670000002482, 0.0009015830000000946, 0.0015123749999998992, 0.0017037499999998929, 0.0012910829999999152], "test": [0.01470895800000005, 0.001199167000000001, 0.001523000000000052, 0.0014542089999999286, 0.0010430409999999668, 0.0013788330000001903, 0.0015495420000000149, 0.001921207999999952, 0.0015854590000001778, 0.0016908329999996141, 0.0017380000000000173, 0.0019230839999999638, 0.0030347919999997863, 0.004192957999999969, 0.0025335000000001884], "combine": [6.670000000097431e-07, 5.410000000205528e-07, 5.83000000053957e-07, 5.410000000205528e-07, 4.999999998478444e-07, 6.660000000380251e-07, 4.999999998478444e-07, 4.999999998478444e-07, 5.840000001366974e-07, 5.410000003536197e-07, 4.999999996257998e-07, 5.00000000069889e-07, 0.002986749999999816, 0.002873458000000273, 0.0029268749999999955], "constrain": [0.19251799999999997, 0.07654108399999993, 0.02394200000000002, 0.02417129200000001, 0.021327499999999944, 0.09006904100000002, 0.0922262920000001, 0.10133766599999983, 0.09550687499999988, 0.03147062499999986, 0.03523512499999981, 0.2072881670000002, 0.04851441699999981, 0.05152812500000037, 0.04597891700000023]}, "final_exec_time": 6.299921625, "stages": [], "best_programs": [], "solution": {"code": "f(A):- cell(A,C,E,r),cell(A,B,E,k),distance(B,C,1),magic(r),magic(1),magic(k).", "is_solution": true, "conf_matrix": [10, 0, 10, 0], "total_exec_time": 6.299915583, "durations": [{"operation": "Constrain", "called": 14, "total": 1.0916762089999996, "mean": 0.07797687207142855, "maximum": 0.2072881670000002, "__type__": "DurationSummary"}, {"operation": "Generate", "called": 15, "total": 0.7119482060000009, "mean": 0.04746321373333339, "maximum": 0.623377917, "__type__": "DurationSummary"}, {"operation": "Test", "called": 15, "total": 0.04147658399999987, "mean": 0.0027651055999999914, "maximum": 0.01470895800000005, "__type__": "DurationSummary"}, {"operation": "Find_Bindings_Prolog", "called": 15, "total": 0.027099207999999875, "mean": 0.0018066138666666582, "maximum": 0.013718250000000043, "__type__": "DurationSummary"}, {"operation": "Combine", "called": 14, "total": 0.005866830999999961, "mean": 0.00041905935714285435, "maximum": 0.002986749999999816, "__type__": "DurationSummary"}], "__type__": "ProgramStats"}, "is_solution": true, "stats_file": "./results/krk/magicpopper_args/6/stats.json", "end": true, "__type__": "Stats"}