{"log_best_programs": true, "num_literals": 0, "total_programs": 65, "total_rules": 0, "total_ground_rules": 0, "durations": {"generate": [0.00037083300000001485, 0.00025724999999998666, 0.00023895899999998305, 0.00026887500000000175, 0.0007635419999999504, 0.0003270419999999996, 0.00032970900000001135, 0.0001942919999999848, 0.00019099999999999673, 0.0009420840000000097, 0.00031120800000000726, 0.0004518749999999905, 0.0005665000000000253, 0.00018208299999999955, 0.0004784580000000149, 0.0005554160000000308, 0.0007120419999999683, 0.00018012499999997544, 0.00022804199999998387, 0.00030179200000002293, 0.00019416699999996734, 0.0001554579999999972, 0.0002649160000000039, 0.00022099999999997122, 0.00020433300000000099, 0.00017029200000001632, 0.0005577500000000235, 0.00019866699999998572, 0.00015612500000000695, 0.00028091699999999165, 0.0007587090000000241, 0.0001979169999999919, 0.00021729100000000834, 0.00034441600000001404, 0.0006907500000000177, 0.00018841600000002456, 0.00020133399999999746, 0.0009696670000000074, 0.00021229099999997558, 0.0005108750000000217, 0.00023137499999997813, 0.00022395800000002408, 0.00022720799999997876, 0.0014026249999999907, 0.0005271249999999617, 0.00016241699999997028, 0.00022533399999991044, 0.00015141600000001532, 0.0001891250000000122, 0.0003491670000000946, 0.00027529100000001083, 0.0003894169999999475, 0.000245874999999951, 0.0002769999999999717, 0.00015958299999996317, 0.00019795900000008082, 0.00014791599999997018, 0.000345875000000051, 0.00015750000000003261, 0.00021537500000001764, 0.00022575000000002454, 0.00025233299999993797, 0.00017354200000008202, 0.0003389580000000558, 0.00017945900000004844, 0.005711958000000017], "find_bindings_prolog": [0.011093999999999993, 0.0011308749999999756, 0.0012359579999999815, 0.0005969579999999808, 0.0006727919999999776, 0.0006674999999999875, 0.0006110000000000282, 0.0005351249999999697, 0.0005437910000000157, 0.0005290829999999858, 0.0004841250000000019, 0.000466207999999968, 0.0026165419999999995, 0.0022311250000000005, 0.002804209000000002, 0.003382832999999974, 0.0005370410000000159, 0.0004609999999999892, 0.0004517909999999792, 0.0005424580000000234, 0.00054633300000001, 0.0004887500000000378, 0.00045312499999999867, 0.0005102499999999899, 0.0005514589999999764, 0.0005527499999999907, 0.0005112919999999965, 0.0005361249999999984, 0.0004987499999999923, 0.00046912500000001467, 0.0005156250000000195, 0.0005390000000000117, 0.0005041669999999998, 0.00046758399999996536, 0.0013122919999999927, 0.0015103750000000082, 0.0012965000000000337, 0.0028652089999999797, 0.003254374999999976, 0.008247124999999966, 0.008350583000000023, 0.009144374999999982, 0.010852709000000071, 0.013532749999999982, 0.0006622089999999137, 0.0005364170000000668, 0.0005002499999999799, 0.0005013749999999151, 0.0005270410000000059, 0.0005862499999998994, 0.0005843749999999703, 0.0005287500000000778, 0.0005460419999999688, 0.0005693340000000324, 0.0005255840000000234, 0.0005348330000000123, 0.0004995419999999084, 0.0004987919999999146, 0.0004942919999999518, 0.0005593750000000286, 0.0005429999999999602, 0.0005248340000000296, 0.0005352079999999537, 0.0005512079999999697, 0.0004947499999999883], "test": [0.011529791000000011, 0.0019540410000000175, 0.0023504999999999776, 0.0011872090000000224, 0.001365499999999964, 0.0013567500000000177, 0.0012748330000000307, 0.0011989170000000215, 0.0012008750000000457, 0.0008460840000000247, 0.0007827919999999766, 0.0007622079999999865, 0.005265291999999977, 0.003854750000000018, 0.005991791999999996, 0.007426790999999988, 0.0008597080000000146, 0.0007529159999999924, 0.0006340839999999792, 0.0009019169999999743, 0.0010864579999999568, 0.0008173329999999757, 0.0006412920000000155, 0.0008377499999999705, 0.001091125000000026, 0.0009075829999999896, 0.0008485420000000077, 0.001045750000000012, 0.0008309999999999707, 0.0006583749999999888, 0.0008465409999999784, 0.0010482919999999507, 0.0008335420000000204, 0.0007910839999999975, 0.0026470410000000166, 0.0032415410000000144, 0.0022736669999999792, 0.006447749999999974, 0.007375041999999998, 0.01773541700000003, 0.019677166999999995, 0.021865208999999997, 0.024927332999999996, 0.03281400000000001, 0.001021957999999934, 0.0007488330000000598, 0.000871417000000041, 0.000711832999999995, 0.0007557910000000057, 0.0009805419999999732, 0.0009775839999999203, 0.0007532089999999769, 0.0007703329999999564, 0.0009672920000000085, 0.0007508749999999287, 0.0009275839999999258, 0.0007039580000000045, 0.0007117080000000886, 0.0007013750000000041, 0.0009635419999999284, 0.0009360840000000037, 0.000749209000000084, 0.000759832999999932, 0.0009513749999999765, 0.0007193749999999666], "combine": [5.840000000256751e-07, 0.00328445799999999, 0.0012213330000000466, 4.580000000364848e-07, 5.000000000143778e-07, 4.5900000000820285e-07, 4.1600000000308057e-07, 3.749999999969056e-07, 3.749999999969056e-07, 4.170000000303098e-07, 4.5799999998097363e-07, 3.749999999969056e-07, 5.000000000143778e-07, 5.000000000143778e-07, 4.999999999588667e-07, 5.839999999701639e-07, 4.159999999475694e-07, 3.749999999969056e-07, 3.749999999969056e-07, 4.5799999998097363e-07, 3.749999999969056e-07, 3.749999999969056e-07, 4.170000000303098e-07, 4.170000000303098e-07, 3.749999999969056e-07, 4.5799999998097363e-07, 3.749999999969056e-07, 3.749999999969056e-07, 4.1699999997479864e-07, 3.749999999969056e-07, 3.749999999969056e-07, 4.159999999475694e-07, 3.3300000001901253e-07, 3.749999999969056e-07, 4.5799999998097363e-07, 4.589999999526917e-07, 4.580000000364848e-07, 5.419999999922709e-07, 5.000000000143778e-07, 5.000000000143778e-07, 5.829999999984459e-07, 5.419999999922709e-07, 6.249999999763389e-07, 0.003171249999999959, 4.999999999588667e-07, 4.1699999997479864e-07, 3.7500000005241674e-07, 4.1700000008582094e-07, 4.579999999254625e-07, 4.580000000364848e-07, 4.1699999997479864e-07, 4.1699999997479864e-07, 4.1600000000308057e-07, 4.1600000000308057e-07, 4.1699999997479864e-07, 4.580000000364848e-07, 4.1700000008582094e-07, 3.7499999994139444e-07, 4.580000000364848e-07, 3.7500000005241674e-07, 4.1600000000308057e-07, 3.7500000005241674e-07, 3.7500000005241674e-07, 4.1699999997479864e-07, 4.1700000008582094e-07], "constrain": [0.0018807080000000087, 0.00039279100000000344, 0.00022758300000003118, 0.0021180000000000088, 0.002539249999999993, 0.0007600000000000384, 0.0006898340000000003, 0.0004370839999999765, 0.00043287499999999923, 0.000550082999999979, 0.0005386669999999927, 0.0002913330000000047, 0.0003494589999999964, 0.0006105829999999979, 0.0003755839999999844, 0.00024533300000001423, 0.000527208999999973, 0.0005505410000000155, 0.0002642500000000214, 0.0006395829999999991, 0.0006609590000000165, 0.000584834000000034, 0.0005152500000000226, 0.0006349999999999967, 0.000709750000000009, 0.0006358340000000018, 0.0005906250000000113, 0.0006605000000000083, 0.0005931249999999721, 0.0005248749999999802, 0.0005930000000000102, 0.0006683330000000209, 0.0005893750000000031, 0.000587292000000017, 0.00036200000000002897, 0.00044241699999997275, 0.0006808750000000252, 0.0004099169999999819, 0.0004509160000000234, 0.00029887500000003175, 0.00031204099999998514, 0.0002909999999999857, 0.0003250000000000197, 0.00018737499999998963, 0.0006023750000000438, 0.0005928340000000976, 0.0006632079999999707, 0.0006373330000000177, 0.0006399580000000515, 0.00071362499999994, 0.0007081249999999484, 0.00063054100000004, 0.0006355000000000111, 0.0004555000000000531, 0.0004067920000000447, 0.0006608339999999435, 0.0005873750000000566, 0.0005909579999999748, 0.0007207919999999701, 0.0007104580000000249, 0.00045495900000003253, 0.0006384579999999529, 0.0004087080000000354, 0.0004571659999998978, 0.00038133400000006645]}, "final_exec_time": 0.35265325000000003, "stages": [], "best_programs": [],