{"log_best_programs": true, "num_literals": 0, "total_programs": 29, "total_rules": 0, "total_ground_rules": 0, "durations": {"generate": [0.0005915420000000005, 0.0001628340000000006, 0.00035566700000000395, 0.0004896670000000269, 0.0005467920000000182, 0.0005213750000000461, 0.00028087499999995824, 0.00017762499999995907, 0.0010184589999999716, 0.00034362500000001406, 0.0001610829999999508, 0.0001891250000000122, 0.0001790409999999909, 0.00021229099999997558, 0.00017216700000000085, 0.00018029200000002632, 0.00020204199999995787, 0.0001687920000000287, 0.00017424999999998692, 0.00016745900000003644, 0.00021241700000002028, 0.0001444170000000078, 0.00017220800000000702, 0.00022433400000004822, 0.0002130410000000249, 0.00017166699999998647, 0.00018337499999998563, 0.0006515839999999828, 0.0005389590000000055, 0.003542500000000004], "find_bindings_prolog": [0.01159787499999998, 0.0012087909999999868, 0.0005085830000000069, 0.0004202079999999775, 0.00046120799999999074, 0.003657208000000023, 0.0005083750000000054, 0.00044804200000003735, 0.013213833000000008, 0.0005906660000000175, 0.0005015420000000215, 0.0004967499999999903, 0.0005331670000000011, 0.0005073329999999987, 0.0005100829999999945, 0.00048520800000001474, 0.0004902499999999699, 0.0004935839999999914, 0.0004898329999999951, 0.0004915420000000115, 0.00048474999999997825, 0.00047916600000003085, 0.00047704100000001137, 0.0005117499999999775, 0.0006164160000000085, 0.0005325420000000247, 0.0004838340000000163, 0.000516833999999966, 0.0006891250000000126], "test": [0.012539499999999981, 0.002319541000000036, 0.000816541000000004, 0.0005958750000000235, 0.0007630000000000137, 0.007738250000000002, 0.000721417000000002, 0.0006432080000000062, 0.032477458000000015, 0.0009221249999999959, 0.000713832999999997, 0.0007035830000000076, 0.0007562079999999805, 0.0008838330000000005, 0.0008797500000000125, 0.0008551250000000121, 0.0008602500000000068, 0.00085595799999999, 0.000853084000000004, 0.00085516699999999, 0.0006910420000000306, 0.0006824590000000241, 0.0006839999999999624, 0.000717957999999963, 0.0009114170000000255, 0.0007527090000000181, 0.0006959169999999903, 0.0007281660000000301, 0.0009215420000000529], "combine": [0.0031797080000000033, 0.0011250839999999984, 5.409999999650417e-07, 3.3300000001901253e-07, 3.749999999969056e-07, 5.409999999650417e-07, 4.5799999998097363e-07, 3.339999999907306e-07, 0.00267999999999996, 5.000000000143778e-07, 3.749999999969056e-07, 3.339999999907306e-07, 3.749999999969056e-07, 3.749999999969056e-07, 3.749999999969056e-07, 3.749999999969056e-07, 4.170000000303098e-07, 2.919999999573264e-07, 3.329999999635014e-07, 3.749999999969056e-07, 3.3300000001901253e-07, 3.3300000001901253e-07, 3.329999999635014e-07, 3.749999999969056e-07, 3.749999999969056e-07, 3.339999999907306e-07, 3.749999999969056e-07, 3.339999999907306e-07, 3.749999999969056e-07], "constrain": [0.0017044999999999977, 0.0002134999999999776, 0.0002869580000000038, 0.00035529200000000705, 0.0021436249999999824, 0.0002639580000000086, 0.0005337499999999995, 0.0005287090000000161, 0.0016207920000000375, 0.0006239170000000294, 0.0006077079999999846, 0.0006384170000000022, 0.000603541999999957, 0.0006780410000000181, 0.0004393329999999862, 0.00042529200000002154, 0.0006549160000000054, 0.0006590419999999986, 0.0006532920000000275, 0.0006523750000000383, 0.0003750840000000255, 0.0005802080000000265, 0.0005804169999999997, 0.0005865829999999739, 0.00039879199999998116, 0.0005933750000000071, 0.0005831669999999956, 0.0005884999999999918, 0.0003998339999999878]}, "final_exec_time": 0.164473542, "stages": [], "best_programs": [], "solution": {"code": "goal(A,robot,0):- not_my_true(A,p),magic(robot),magic(0),magic(p).\ngoal(A,robot,0):- not_my_true(A,r),magic(r),magic(robot),magic(0).\ngoal(A,robot,100):- my_true(A,q),my_true(A,7),my_true(A,p),magic(q),magic(7),magic(robot),magic(p),magic(100).\ngoal(A,robot,0):- not_my_true(A,q),magic(0),magic(robot),magic(q).", "is_solution": true, "conf_matrix": [22, 0, 22, 0], "total_exec_time": 0.164469709, "durations": [{"operation": "Test", "called": 9, "total": 0.05861479000000008, "mean": 0.006512754444444453, "maximum": 0.032477458000000015, "__type__": "DurationSummary"}, {"operation": "Find_Bindings_Prolog", "called": 9, "total": 0.032024123000000015, "mean": 0.0035582358888888907, "maximum": 0.013213833000000008, "__type__": "DurationSummary"}, {"operation": "Constrain", "called": 8, "total": 0.006030291999999993, "mean": 0.0007537864999999991, "maximum": 0.0021436249999999824, "__type__": "DurationSummary"}, {"operation": "Combine", "called": 8, "total": 0.0043073739999999194, "mean": 0.0005384217499999899, "maximum": 0.0031797080000000033, "__type__": "DurationSummary"}, {"operation": "Generate", "called": 9, "total": 0.004144835999999985, "mean": 0.00046053733333333165, "maximum": 0.0010184589999999716, "__type__": "DurationSummary"}], "__type__": "ProgramStats"}, "is_solution": true, "stats_file": "./results/iggp-buttons-goal/magicpopper_args/3/stats.json", "end": true, "__type__": "Stats"}