{"log_best_programs": true, "num_literals": 0, "total_programs": 8, "total_rules": 0, "total_ground_rules": 0, "durations": {"generate": [0.00039779199999978587, 0.0005258329999999756, 0.0014615839999998492, 0.0010869159999999933, 0.0021660829999998743, 0.0008151659999999783, 0.0009503749999999478, 0.001511832999999907, 0.00039962500000001455], "find_bindings_prolog": [0.033353707999999926, 0.0344057499999999, 0.13742929100000012, 0.15162162499999998, 0.1674992500000001, 0.15063695899999985], "test": [0.0400260830000001, 0.04619783300000013, 0.02003870899999982, 0.137758791, 0.02132983300000002, 0.15195879199999984, 0.1680068750000001, 0.15098316700000014], "combine": [0.09910187500000012, 0.00969895799999998, 5.419999999922709e-07, 7.07999999960407e-07, 6.670000001207654e-07, 5.419999999922709e-07, 5.419999999922709e-07, 6.249999997542943e-07], "constrain": [0.0019147079999999317, 0.002399833000000129, 0.0004213330000000237, 0.0033696249999999317, 0.0019089580000000161, 0.005238666000000336, 0.0018648340000000374, 0.0019141249999998777]}, "final_exec_time": 2.167503208, "stages": [], "best_programs": [], "solution": {"code": "magic_value(A):- head(A,gt),magic(gt).\nmagic_value(A):- head(A,hr),magic(hr).\nmagic_value(A):- head(A,lv),magic(lv).\nmagic_value(A):- head(A,bi),magic(bi).\nmagic_value(A):- head(A,ct),magic(ct).\nmagic_value(A):- head(A,jq),magic(jq).\nmagic_value(A):- head(A,ad),magic(ad).\nmagic_value(A):- head(A,c),magic(c).\nmagic_value(A):- head(A,hl),magic(hl).\nmagic_value(A):- head(A,jp),magic(jp).\nmagic_value(A):- head(A,du),magic(du).\nmagic_value(A):- head(A,jn),magic(jn).\nmagic_value(A):- head(A,pw),magic(pw).\nmagic_value(A):- head(A,an),magic(an).\nmagic_value(A):- head(A,df),magic(df).\nmagic_value(A):- head(A,h),magic(h).\nmagic_value(A):- head(A,ac),magic(ac).\nmagic_value(A):- head(A,pm),magic(pm).\nmagic_value(A):- head(A,go),magic(go).\nmagic_value(A):- head(A,ht),magic(ht).\nmagic_value(A):- head(A,sh),magic(sh).\nmagic_value(A):- head(A,ay),magic(ay).\nmagic_value(A):- head(A,qd),magic(qd).\nmagic_value(A):- head(A,dd),magic(dd).\nmagic_value(A):- head(A,gg),magic(gg).\nmagic_value(A):- head(A,qh),magic(qh).\nmagic_value(A):- head(A,cc),magic(cc).\nmagic_value(A):- head(A,lp),magic(lp).\nmagic_value(A):- head(A,gn),magic(gn).\nmagic_value(A):- head(A,dy),magic(dy).\nmagic_value(A):- head(A,bx),magic(bx).\nmagic_value(A):- head(A,oa),magic(oa).\nmagic_value(A):- head(A,gw),magic(gw).\nmagic_value(A):- head(A,ih),magic(ih).\nmagic_value(A):- head(A,dj),magic(dj).\nmagic_value(A):- head(A,t),magic(t).\nmagic_value(A):- head(A,av),magic(av).\nmagic_value(A):- head(A,bc),magic(bc).\nmagic_value(A):- head(A,hd),magic(hd).\nmagic_value(A):- head(A,jc),magic(jc).\nmagic_value(A):- head(A,nw),magic(nw).\nmagic_value(A):- head(A,r),magic(r).\nmagic_value(A):- head(A,bh),magic(bh).\nmagic_value(A):- head(A,ny),magic(ny).\nmagic_value(A):- head(A,me),magic(me).\nmagic_value(A):- head(A,hv),magic(hv).\nmagic_value(A):- head(A,bs),magic(bs).\nmagic_value(A):- head(A,jb),magic(jb).\nmagic_value(A):- head(A,ak),magic(ak).\nmagic_value(A):- head(A,ex),magic(ex).\nmagic_value(A):- head(A,pu),magic(pu).\nmagic_value(A):- head(A,sa),magic(sa).\nmagic_value(A):- head(A,hq),magic(hq).\nmagic_value(A):- head(A,qv),magic(qv).\nmagic_value(A):- head(A,rr),magic(rr).\nmagic_value(A):- head(A,oo),magic(oo).\nmagic_value(A):- head(A,es),magic(es).\nmagic_value(A):- head(A,re),magic(re).\nmagic_value(A):- head(A,ni),magic(ni).\nmagic_value(A):- head(A,pt),magic(pt).\nmagic_value(A):- head(A,lz),magic(lz).\nmagic_value(A):- tail(A,B),head(B,dh),magic(dh).\nmagic_value(A):- head(A,ia),magic(ia).\nmagic_value(A):- head(A,ib),magic(ib).\nmagic_value(A):- head(A,he),magic(he).\nmagic_value(A):- head(A,sg),magic(sg).\nmagic_value(A):- head(A,qf),magic(qf).\nmagic_value(A):- head(A,rn),magic(rn).\nmagic_value(A):- head(A,ju),magic(ju).\nmagic_value(A):- head(A,kn),magic(kn).\nmagic_value(A):- head(A,pa),magic(pa).\nmagic_value(A):- head(A,cp),magic(cp).\nmagic_value(A):- head(A,jl),magic(jl).\nmagic_value(A):- head(A,mb),magic(mb).", "is_solution": true, "conf_matrix": [200, 0, 200, 0], "total_exec_time": 2.167500042, "durations": [{"operation": "Combine", "called": 1, "total": 0.09910187500000012, "mean": 0.09910187500000012, "maximum": 0.09910187500000012, "__type__": "DurationSummary"}, {"operation": "Test", "called": 2, "total": 0.08622391600000023, "mean": 0.04311195800000012, "maximum": 0.04619783300000013, "__type__": "DurationSummary"}, {"operation": "Find_Bindings_Prolog", "called": 2, "total": 0.06775945799999983, "mean": 0.033879728999999914, "maximum": 0.0344057499999999, "__type__": "DurationSummary"}, {"operation": "Constrain", "called": 1, "total": 0.0019147079999999317, "mean": 0.0019147079999999317, "maximum": 0.0019147079999999317, "__type__": "DurationSummary"}, {"operation": "Generate", "called": 2, "total": 0.0009236249999997614, "mean": 0.0004618124999998807, "maximum": 0.0005258329999999756, "__type__": "DurationSummary"}], "__type__": "ProgramStats"}, "is_solution": true, "stats_file": "./results/list_magicvalues_multipleclauses/magicpopper/75/0/stats.json", "end": true, "__type__": "Stats"}