{"log_best_programs": true, "num_literals": 0, "total_programs": 2, "total_rules": 0, "total_ground_rules": 0, "durations": {"generate": [0.0003405410000000275, 0.001923457999999989, 0.0005180420000001629], "find_bindings_prolog": [0.0253795, 1.1569169590000001], "bind": [6.670000000097431e-07, 0.09802958299999998], "test": [0.025656834000000017, 1.255839875], "combine": [6.249999999763389e-07, 0.026365082999999956], "constrain": [0.0032711670000000193, 0.004143375000000171]}, "final_exec_time": 1.444346625, "stages": [], "best_programs": [], "solution": null, "is_solution": false, "stats_file": "./results/list_magicvaluesameclause/magicpopper/12/5/stats.json", "end": true, "__type__": "Stats"}