{"log_best_programs": true, "num_literals": 0, "total_programs": 55, "total_rules": 0, "total_ground_rules": 0, "durations": {"generate": [0.00029000000000001247, 0.00042529200000002154, 0.00020745900000002093, 0.0002318330000000146, 0.00018545899999999893, 0.00018212499999997744, 0.00040487500000002674, 0.00018958299999999317, 0.00018270900000000312, 0.00017887500000002277, 0.0001872090000000215, 0.00023300000000003873, 0.00017695800000000483, 0.0003549579999999608, 0.00019720800000000427, 0.00019700000000000273, 0.00019562500000003258, 0.0001939169999999879, 0.00019041599999997105, 0.00018891600000003894, 0.00018849999999998035, 0.0001894159999999978, 0.00018879100000002147, 0.0001947500000000213, 0.0002082919999999988, 0.00019191700000004142, 0.000199541999999997, 0.00021566600000000324, 0.00020729200000002557, 0.00019466699999998172, 0.0001939589999999658, 0.0001919590000000193, 0.00020495799999997732, 0.0002331250000000007, 0.00020166699999996096, 0.00019495799999996732, 0.00019579200000002794, 0.00019445800000000846, 0.00018899999999999473, 0.00018974999999998854, 0.0001931250000000162, 0.00019537499999999763, 0.00018924999999997416, 0.00018920799999999627, 0.00018862499999999782, 0.00018804099999997215, 0.00019012499999998544, 0.00019883399999998108, 0.00018979200000002194, 0.0003367499999999968, 0.0002437909999999932, 0.00023562500000001707, 0.0002431250000000107, 0.00023537499999998213, 0.0002278749999999885, 0.00020258300000003393], "find_bindings_prolog": [0.009942541, 0.0007589159999999984, 0.0007859579999999755, 0.0007536670000000134, 0.0004409999999999692, 0.0004330830000000008, 0.00107983300000003], "test": [0.010522417000000006, 0.013815458000000003, 0.00031254200000002674, 0.00027770799999998763, 0.00026979199999999093, 0.00028891600000002793, 0.0002687920000000177, 0.000271874999999977, 0.0002626249999999608, 0.00026520800000001676, 0.00027050000000000685, 0.00030600000000002847, 0.000264207999999988, 0.0003142079999999825, 0.00036925000000004315, 0.0003102919999999898, 0.0003014169999999705, 0.0003122079999999805, 0.000301417000000026, 0.00030445800000000744, 0.0003059169999999889, 0.00031212499999999643, 0.0003075000000000161, 0.0003070410000000079, 0.0003022920000000373, 0.0003038340000000028, 0.0003287080000000109, 0.00035320799999999375, 0.0003207080000000029, 0.00031445799999996193, 0.0003042910000000121, 0.00031474999999997477, 0.0003127500000000283, 0.00033175000000001953, 0.00031287499999999024, 0.00030841599999997804, 0.0003134580000000442, 0.0003091249999999657, 0.0003177919999999834, 0.00031012499999999443, 0.000305541999999992, 0.00031045800000001345, 0.0002978329999999696, 0.00029766700000000146, 0.0003074580000000382, 0.0002999169999999829, 0.000300208000000024, 0.0003074999999999606, 0.00029762499999996805, 0.0017394579999999715, 0.0017832079999999806, 0.0017331660000000082, 0.000741166999999987, 0.0007302090000000372, 0.00232695799999999], "combine": [0.002569875000000027, 5.419999999922709e-07, 3.3300000001901253e-07, 3.329999999635014e-07, 3.3300000001901253e-07, 2.4999999997943334e-07, 3.749999999969056e-07, 3.749999999969056e-07, 3.749999999969056e-07, 3.3300000001901253e-07, 3.749999999969056e-07, 3.749999999969056e-07, 3.749999999969056e-07, 4.580000000364848e-07, 3.3300000001901253e-07, 3.339999999907306e-07, 3.749999999969056e-07, 3.339999999907306e-07, 3.339999999907306e-07, 3.3300000001901253e-07, 3.749999999969056e-07, 3.339999999907306e-07, 3.329999999635014e-07, 3.749999999969056e-07, 3.749999999969056e-07, 3.339999999907306e-07, 4.170000000303098e-07, 4.1600000000308057e-07, 3.749999999969056e-07, 4.170000000303098e-07, 3.749999999969056e-07, 3.3300000001901253e-07, 3.749999999969056e-07, 3.3300000001901253e-07, 4.1600000000308057e-07, 3.749999999969056e-07, 3.749999999969056e-07, 3.749999999969056e-07, 3.749999999969056e-07, 3.329999999635014e-07, 3.7500000005241674e-07, 3.3400000004624175e-07, 3.749999999969056e-07, 3.3300000001901253e-07, 3.329999999635014e-07, 3.329999999635014e-07, 3.339999999907306e-07, 3.3300000001901253e-07, 2.9200000001283755e-07, 4.580000000364848e-07, 4.170000000303098e-07, 4.5799999998097363e-07, 3.3300000001901253e-07, 3.749999999969056e-07, 0.0018714160000000146], "constrain": [0.0007449999999999957, 0.001051750000000018, 0.0001827500000000093, 0.00017491699999999666, 0.00016958300000002868, 0.0001703339999999942, 0.00014004199999995137, 0.00014070900000001663, 0.0001403750000000259, 0.0001402909999999591, 0.00013908400000001153, 0.00014012500000004646, 0.0001404170000000038, 0.0009583330000000334, 0.00017299999999997873, 0.00016258300000004944, 0.00016241599999999856, 0.0001950829999999848, 0.00016308400000003553, 0.00016258300000004944, 0.00016241699999997028, 0.00016574999999996454, 0.00016204200000002889, 0.00016445799999997845, 0.0001631249999999862, 0.00016337499999996563, 0.00018050000000002786, 0.00016862499999997782, 0.00016541700000000104, 0.0001635420000000165, 0.00016374999999996254, 0.0001623330000000145, 0.00016254100000001603, 0.00016412499999995944, 0.00016424999999997691, 0.00016299999999996873, 0.00016224999999997491, 0.00016412500000001495, 0.00016325000000000367, 0.0001627080000000114, 0.0001634999999999831, 0.00016295800000004634, 0.0001627499999999893, 0.00016254100000001603, 0.00016220799999999702, 0.00016224999999997491, 0.00016520800000002778, 0.000163541999999961, 0.00016208399999995127, 0.0010836670000000104, 0.00026620799999999, 0.0002455839999999654, 0.00024566700000000496, 0.00021412499999995394, 0.0009419580000000205]}, "final_exec_time": 0.11351054199999999, "stages": [], "best_programs": [], "solution": {"code": "multiple(1):- magic(1).\nmultiple(A):- div2(A,B),multiple(B).", "is_solution": true, "conf_matrix": [6, 0, 10, 0], "total_exec_time": 0.113509042, "durations": [{"operation": "Test", "called": 55, "total": 0.04767878799999997, "mean": 0.0008668870545454541, "maximum": 0.013815458000000003, "__type__": "DurationSummary"}, {"operation": "Find_Bindings_Prolog", "called": 7, "total": 0.014194997999999986, "mean": 0.002027856857142855, "maximum": 0.009942541, "__type__": "DurationSummary"}, {"operation": "Constrain", "called": 54, "total": 0.012266333999999879, "mean": 0.0002271543333333311, "maximum": 0.0010836670000000104, "__type__": "DurationSummary"}, {"operation": "Generate", "called": 55, "total": 0.011806792000000066, "mean": 0.00021466894545454666, "maximum": 0.00042529200000002154, "__type__": "DurationSummary"}, {"operation": "Combine", "called": 54, "total": 0.0025892490000001545, "mean": 4.7949055555558415e-05, "maximum": 0.002569875000000027, "__type__": "DurationSummary"}], "__type__": "ProgramStats"}, "is_solution": true, "stats_file": "./results/multiple/magicpopper_args/1/stats.json", "end": true, "__type__": "Stats"}