{"log_best_programs": true, "num_literals": 0, "total_programs": 8, "total_rules": 0, "total_ground_rules": 0, "durations": {"generate": [0.00039520800000003575, 0.0004932499999998896, 0.001305542000000104, 0.001373291999999804, 0.002046167000000043, 0.001107500000000261, 0.0006440409999997065, 0.001469042000000087, 0.0012387090000003376], "find_bindings_prolog": [0.03215137499999998, 0.03614870900000011, 0.146155625, 0.15528145800000015, 0.17479916600000012, 0.14842850000000007], "test": [0.03738791699999999, 0.05021920900000021, 0.019235167000000164, 0.14646879200000007, 0.15562924999999983, 0.17531237499999985, 0.020094499999999904, 0.148772417], "combine": [0.06526245800000008, 0.005336624999999984, 5.839999999146528e-07, 6.669999998987208e-07, 6.250000001983835e-07, 5.419999999922709e-07, 5.419999999922709e-07, 5.829999998319124e-07], "constrain": [0.0017042919999998851, 0.0023439999999999017, 0.00041883300000011836, 0.0030543750000000536, 0.005271165999999994, 0.001841708000000164, 0.0005326670000003197, 0.005166582999999836]}, "final_exec_time": 2.179609, "stages": [], "best_programs": [], "solution": {"code": "magic_value(A):- head(A,ko),magic(ko).\nmagic_value(A):- head(A,eo),magic(eo).\nmagic_value(A):- head(A,pf),magic(pf).\nmagic_value(A):- head(A,hm),magic(hm).\nmagic_value(A):- head(A,c),magic(c).\nmagic_value(A):- head(A,rh),magic(rh).\nmagic_value(A):- head(A,kq),magic(kq).\nmagic_value(A):- head(A,y),magic(y).\nmagic_value(A):- head(A,nz),magic(nz).\nmagic_value(A):- head(A,bd),magic(bd).\nmagic_value(A):- head(A,ca),magic(ca).\nmagic_value(A):- head(A,jk),magic(jk).\nmagic_value(A):- head(A,rg),magic(rg).\nmagic_value(A):- head(A,rz),magic(rz).\nmagic_value(A):- head(A,ma),magic(ma).\nmagic_value(A):- head(A,fs),magic(fs).\nmagic_value(A):- head(A,gz),magic(gz).\nmagic_value(A):- head(A,ht),magic(ht).\nmagic_value(A):- head(A,ny),magic(ny).\nmagic_value(A):- head(A,mw),magic(mw).\nmagic_value(A):- head(A,nm),magic(nm).\nmagic_value(A):- head(A,ps),magic(ps).\nmagic_value(A):- head(A,mv),magic(mv).\nmagic_value(A):- head(A,dz),magic(dz).\nmagic_value(A):- head(A,z),magic(z).\nmagic_value(A):- head(A,ia),magic(ia).\nmagic_value(A):- head(A,bk),magic(bk).\nmagic_value(A):- head(A,jo),magic(jo).\nmagic_value(A):- head(A,ot),magic(ot).\nmagic_value(A):- head(A,fa),magic(fa).\nmagic_value(A):- head(A,gw),magic(gw).\nmagic_value(A):- head(A,as),magic(as).\nmagic_value(A):- head(A,hv),magic(hv).\nmagic_value(A):- head(A,fd),magic(fd).\nmagic_value(A):- head(A,qi),magic(qi).\nmagic_value(A):- head(A,bv),magic(bv).\nmagic_value(A):- head(A,ro),magic(ro).\nmagic_value(A):- head(A,cf),magic(cf).\nmagic_value(A):- head(A,iq),magic(iq).\nmagic_value(A):- head(A,lu),magic(lu).\nmagic_value(A):- head(A,mb),magic(mb).\nmagic_value(A):- head(A,fc),magic(fc).\nmagic_value(A):- head(A,es),magic(es).\nmagic_value(A):- head(A,jl),magic(jl).\nmagic_value(A):- head(A,bc),magic(bc).\nmagic_value(A):- head(A,ka),magic(ka).\nmagic_value(A):- head(A,ao),magic(ao).\nmagic_value(A):- head(A,ky),magic(ky).\nmagic_value(A):- head(A,g),magic(g).\nmagic_value(A):- head(A,pr),magic(pr).\nmagic_value(A):- head(A,fu),magic(fu).\nmagic_value(A):- head(A,ch),magic(ch).\nmagic_value(A):- head(A,nn),magic(nn).\nmagic_value(A):- head(A,pp),magic(pp).\nmagic_value(A):- head(A,pe),magic(pe).", "is_solution": true, "conf_matrix": [200, 0, 200, 0], "total_exec_time": 2.17960625, "durations": [{"operation": "Test", "called": 1, "total": 0.03738791699999999, "mean": 0.03738791699999999, "maximum": 0.03738791699999999, "__type__": "DurationSummary"}, {"operation": "Find_Bindings_Prolog", "called": 1, "total": 0.03215137499999998, "mean": 0.03215137499999998, "maximum": 0.03215137499999998, "__type__": "DurationSummary"}, {"operation": "Generate", "called": 1, "total": 0.00039520800000003575, "mean": 0.00039520800000003575, "maximum": 0.00039520800000003575, "__type__": "DurationSummary"}], "__type__": "ProgramStats"}, "is_solution": true, "stats_file": "./results/list_magicvalues_multipleclauses/magicpopper/55/5/stats.json", "end": true, "__type__": "Stats"}