{"log_best_programs": true, "num_literals": 0, "total_programs": 80, "total_rules": 0, "total_ground_rules": 0, "durations": {"generate": [0.0004285410000000045, 0.0001402079999999195, 0.0001619170000000114, 0.0003642500000000659, 0.00010408399999994877, 0.0006070830000000083, 0.00019166699999995096, 0.0002143750000000999, 0.0005769579999999053, 0.0005228749999999227, 0.0004268749999998267, 0.00022925000000006968, 0.0002882079999999565, 0.0006049580000000443, 0.0002543750000001399, 0.0003133749999999491, 0.0002674579999999427, 0.0002459169999999844, 0.00023595799999998057, 0.0008144580000000179, 0.00015904099999985988, 0.00027124999999994515, 0.00017679199999998119, 0.0005454170000001035, 0.0005076250000000115, 0.0001936250000000861, 0.00020441699999995677, 0.00023879199999976564, 0.00020391599999980414, 0.0003494580000000802, 0.00022258399999985912, 0.00025033300000032455, 0.00017766599999990973, 0.00020429199999982828, 0.0002884590000000742, 0.00023270799999997038, 0.00025350000000035067, 0.00022712499999988367, 0.00024937499999966306, 0.002142833000000177, 0.0002505420000002978, 0.00023591699999991889, 0.00019524999999998016, 0.0008029159999995983, 0.0004438750000002045, 0.00033620800000022655, 0.0001671249999999347, 0.00016341699999999904, 0.00014616699999958627, 0.00016966600000012377, 0.00017937500000009265, 0.00016433299999984996, 0.00016704100000008992, 0.00016295800000021288, 0.00014883300000034794, 0.0001612080000001903, 0.0003435830000002582, 0.00018991700000015044, 0.00015983299999966505, 0.00015745800000033228, 0.0001771249999995561, 0.00016887499999995725, 0.00028566699999998946, 0.00016312500000026375, 0.00015895899999929242, 0.00014470900000063125, 0.00018512499999978616, 0.0001649170000002087, 0.0001880419999995553, 0.0005360420000002364, 0.00017387500000065614, 0.0009003749999996202, 0.0001986250000003409, 0.00016287500000000676, 0.00016058299999954784, 0.00026704099999985687, 0.0002162910000000906, 0.00028320799999992374, 0.0001927919999999972, 0.00020762499999982253, 0.0025211659999992975], "find_bindings_prolog": [0.040279500000000024, 0.07470587499999981, 0.030871708000000053, 0.03423837499999993, 0.08418937499999979, 0.02181195899999988, 0.033060084000000156, 0.08430899999999997, 0.08487429199999985, 0.03242424999999982, 0.030432707999999975, 0.018244625000000125, 0.032327875000000006, 0.034323082999999865, 0.03461645899999999, 0.02527558299999999, 0.03836508400000005, 0.0021702920000001846, 0.03927962500000026, 0.037636957999999776, 0.03707387499999992, 0.03470670899999995, 0.09736129199999999, 0.09522583400000029, 0.0019930829999998956, 0.04084183400000008, 0.042032250000000104, 0.10062445799999997, 0.09766283299999978, 0.046013334000000405, 0.046012582999999996, 0.012532375000000151, 0.0938872909999997, 0.08932979200000002, 0.08917112500000002, 0.08957004199999963, 0.003745499999999957, 0.0019610839999999463, 0.0019894169999998823, 0.0018383750000001697, 0.003493457999999894, 0.0019849999999999035, 0.005164832999999813, 0.0019695419999998798, 0.003695666000000042, 0.002248542000000242, 0.003666667000000068, 0.0036651670000003023, 0.0055154169999998, 0.005143708000000302, 0.003676707999999529, 0.005580332999999271, 0.004344583000000846, 0.004556707999999965, 0.0019716250000003654, 0.0019902089999996875, 0.004158041000000168, 0.005571541000000124, 0.0018981670000002282, 0.005398083999999415, 0.005449749999999476, 0.005452832999999657, 0.01873699999999978, 0.002026666999999982, 0.019738582999999643], "test": [0.04101737500000002, 0.0003606670000000367, 0.075830375, 0.0016855840000000732, 0.0009530830000001878, 0.031408667, 0.034976958999999974, 0.08553362500000006, 0.02228299999999983, 0.03374533299999993, 0.08572804099999987, 0.08634829200000005, 0.033011042000000046, 0.031112666999999927, 0.01875179199999999, 0.03325787499999988, 0.0352444999999999, 0.03557958300000008, 0.026030583999999912, 0.0004779169999999944, 0.7849418339999998, 0.0015277499999997168, 0.00041841600000003254, 0.03910920800000017, 0.002392083000000156, 0.039992915999999656, 0.03830883399999996, 0.03774979200000006, 0.03537520800000005, 0.09904750000000018, 0.09692316699999992, 0.0023581249999997667, 0.04172137499999984, 0.043003208999999654, 0.10245000000000015, 0.09945237499999982, 0.04700658400000002, 0.047031915999999896, 0.013074834000000202, 0.09566883400000004, 0.0910336669999996, 0.09076545799999991, 0.09123987499999986, 0.003963541999999709, 0.0021648329999996996, 0.002213958000000016, 0.0006001660000003461, 0.0020467079999999527, 0.003699166000000087, 0.0013424579999998798, 0.002207250000000105, 0.005382749999999881, 0.002175166000000228, 0.003912791000000304, 0.0014161669999999127, 0.5120274999999999, 0.0025189580000004597, 0.003892375000000392, 0.003887291999999931, 0.005736917000000119, 0.001007582999999812, 0.7405985419999999, 0.005390665999999378, 0.0039034579999999153, 0.00580120800000028, 0.0005449999999997956, 0.004568958000000123, 0.0005627909999992298, 0.004780666999999461, 0.00217229200000002, 0.0022112920000001424, 0.004369582999999899, 0.005796375000000076, 0.0021060000000003853, 0.005618292000000302, 0.005675415999999878, 0.005677416000000157, 0.018964957999999754, 0.0022525839999998354, 0.019961417000000203], "combine": [0.004572875000000032, 4.1699999986377634e-07, 0.003202665999999965, 5.00000000069889e-07, 3.7500000016343904e-07, 4.999999998478444e-07, 5.00000000069889e-07, 4.1700000008582094e-07, 4.1700000008582094e-07, 4.999999998478444e-07, 5.00000000069889e-07, 5.83000000053957e-07, 4.580000001475071e-07, 4.999999998478444e-07, 4.5900000000820285e-07, 4.5900000000820285e-07, 5.409999999095305e-07, 5.00000000069889e-07, 4.580000001475071e-07, 5.409999999095305e-07, 5.419999999922709e-07, 5.419999999922709e-07, 4.580000001475071e-07, 5.419999999922709e-07, 4.5799999970341787e-07, 5.829999998319124e-07, 5.00000000069889e-07, 5.409999999095305e-07, 5.00000000069889e-07, 5.00000000069889e-07, 5.00000000069889e-07, 3.7499999994139444e-07, 5.00000000069889e-07, 5.829999998319124e-07, 5.830000002760016e-07, 5.419999999922709e-07, 5.829999998319124e-07, 5.84000000358742e-07, 0.003306041000000093, 6.669999996766762e-07, 4.999999996257998e-07, 5.00000000069889e-07, 4.5900000023024745e-07, 4.580000001475071e-07, 4.1700000030786555e-07, 4.999999996257998e-07, 4.1699999986377634e-07, 3.7499999994139444e-07, 3.7499999994139444e-07, 4.160000002251252e-07, 4.5900000023024745e-07, 3.7499999994139444e-07, 4.1599999978103597e-07, 4.5899999978615824e-07, 4.1599999978103597e-07, 5.830000002760016e-07, 4.5899999978615824e-07, 4.999999996257998e-07, 4.1599999978103597e-07, 3.7499999994139444e-07, 4.1699999986377634e-07, 4.999999996257998e-07, 4.1699999986377634e-07, 4.1699999986377634e-07, 4.5799999970341787e-07, 4.5799999970341787e-07, 4.5799999970341787e-07, 4.1700000075195476e-07, 4.1699999986377634e-07, 4.1699999986377634e-07, 3.7499999994139444e-07, 4.1599999978103597e-07, 4.580000005915963e-07, 4.1599999978103597e-07, 4.1699999986377634e-07, 4.5799999970341787e-07, 4.160000006692144e-07, 4.5899999978615824e-07, 4.160000006692144e-07, 3.7499999994139444e-07],