{"log_best_programs": true, "num_literals": 0, "total_programs": 22, "total_rules": 0, "total_ground_rules": 0, "durations": {"generate": [0.0003087920000000022, 0.00018925000000002967, 0.00037154099999997525, 0.00020116599999997486, 0.00024370899999998086, 0.0007348749999999682, 0.00022258299999999842, 0.00021008299999997204, 0.00016908399999998602, 0.0001827080000000314, 0.00018008299999999755, 0.00017941700000001504, 0.00015562499999999257, 0.0001667499999999933, 0.00019362499999997507, 0.0001603330000000125, 0.00017125000000001167, 0.00017741600000004132, 0.00028370899999996535, 0.0002050829999999948, 0.00023604100000002015, 0.0002414579999999722, 0.0016327499999999606], "find_bindings_prolog": [0.011789582999999992, 0.0056050420000000045, 0.009925166999999957, 0.002009250000000018, 0.0011879170000000383, 0.001912999999999998, 0.004372625000000019, 0.001469457999999979, 0.001361250000000036, 0.0013301669999999932, 0.002982375000000037, 0.0030700830000000012, 0.000911749999999989, 0.0013047500000000212, 0.0011324589999999746, 0.000595750000000006, 0.001199875000000017, 0.0023017499999999913, 0.002399916000000002, 0.0012940419999999953, 0.0005269589999999935, 0.0005013329999999927], "test": [0.012940500000000021, 0.007994290999999987, 0.013597375000000023, 0.0028639999999999777, 0.0019369160000000107, 0.002931459000000025, 0.00795879100000002, 0.0021653329999999915, 0.00203262500000001, 0.0022331250000000025, 0.005513250000000025, 0.0056505839999999585, 0.0012567500000000287, 0.0019817500000000043, 0.0019407080000000132, 0.0011008750000000012, 0.0020054580000000155, 0.004485165999999985, 0.004734917000000005, 0.0023599579999999953, 0.0008544580000000024, 0.0008294580000000051], "combine": [0.0035020409999999558, 0.005126084000000031, 0.005610416999999979, 0.0067155409999999915, 4.5900000000820285e-07, 5.419999999922709e-07, 4.5900000000820285e-07, 4.5900000000820285e-07, 5.000000000143778e-07, 3.749999999969056e-07, 4.5900000000820285e-07, 4.5900000000820285e-07, 4.1699999997479864e-07, 4.5799999998097363e-07, 4.170000000303098e-07, 3.749999999969056e-07, 4.170000000303098e-07, 4.999999999588667e-07, 4.1600000000308057e-07, 4.1600000000308057e-07, 3.339999999907306e-07, 3.3300000001901253e-07], "constrain": [0.0015172089999999638, 0.0017020420000000147, 0.0016369999999999996, 0.00023529199999999806, 0.0015497500000000164, 0.00038925000000000765, 0.0004281250000000014, 0.0004550830000000228, 0.0003570829999999803, 0.00039274999999999727, 0.00039408400000001675, 0.00039320799999997824, 0.002000041000000008, 0.00035562499999997055, 0.00035208300000000303, 0.000657542000000011, 0.00035245799999999994, 0.0010932920000000235, 0.001053499999999985, 0.00024412500000003945, 0.0005711250000000057, 0.0005704999999999738]}, "final_exec_time": 0.1890525, "stages": [], "best_programs": [], "solution": {"code": "goal(A,you,100):- my_true_step(A,5),magic(you),magic(5),magic(100).\ngoal(A,you,0):- my_true_cell(A,F,onecoin),my_true_cell(A,F,onecoin),magic(onecoin),magic(onecoin),magic(you),magic(0).", "is_solution": true, "conf_matrix": [62, 0, 62, 0], "total_exec_time": 0.189050041, "durations": [{"operation": "Test", "called": 4, "total": 0.03739616600000001, "mean": 0.009349041500000002, "maximum": 0.013597375000000023, "__type__": "DurationSummary"}, {"operation": "Find_Bindings_Prolog", "called": 4, "total": 0.029329041999999972, "mean": 0.007332260499999993, "maximum": 0.011789582999999992, "__type__": "DurationSummary"}, {"operation": "Combine", "called": 3, "total": 0.014238541999999965, "mean": 0.004746180666666655, "maximum": 0.005610416999999979, "__type__": "DurationSummary"}, {"operation": "Constrain", "called": 3, "total": 0.004856250999999978, "mean": 0.001618750333333326, "maximum": 0.0017020420000000147, "__type__": "DurationSummary"}, {"operation": "Generate", "called": 4, "total": 0.001070748999999982, "mean": 0.0002676872499999955, "maximum": 0.00037154099999997525, "__type__": "DurationSummary"}], "__type__": "ProgramStats"}, "is_solution": true, "stats_file": "./results/iggp-coins-goal/magicpopper_args/3/stats.json", "end": true, "__type__": "Stats"}