{"log_best_programs": true, "num_literals": 0, "total_programs": 25, "total_rules": 0, "total_ground_rules": 0, "durations": {"generate": [0.0004170000000000007, 0.0003066250000000048, 0.00038612500000001493, 0.00030641600000003155, 0.0003621669999999688, 0.00027250000000000885, 0.0002710419999999991, 0.00035004199999999486, 0.0002681660000000141, 0.00027329100000000883, 0.000259083999999965, 0.00027133300000004024, 0.0002595420000000015, 0.00040329199999999954, 0.00037474999999997927, 0.0002785409999999655, 0.0002922499999999939, 0.0003322499999999784, 0.00025374999999999703, 0.0003394999999999926, 0.00024233299999998348, 0.00038241699999996825, 0.0005554590000000359, 0.0005191250000000092, 0.000373209000000041, 0.00012204199999998888], "test": [0.02191137500000001, 0.006901916000000008, 0.0006997089999999928, 0.002123458999999994, 0.00209562499999999, 0.0023183330000000058, 0.0005808749999999807, 0.0005992499999999956, 0.0005820420000000048, 0.0005434159999999633, 0.0005397080000000276, 0.0005408329999999628, 0.0005371249999999717, 0.0005645829999999519, 0.0007155419999999579, 0.002713000000000021, 0.0028446659999999957, 0.0005199589999999588, 0.00033245799999997994, 0.00033925000000001315, 0.0003134169999999825, 0.00036283300000000684, 0.011448458999999966, 0.0005389169999999721, 0.009941708999999965], "combine": [6.670000000097431e-07, 0.003461415999999995, 5.000000000143778e-07, 6.250000000318501e-07, 6.249999999763389e-07, 5.000000000143778e-07, 3.749999999969056e-07, 3.749999999969056e-07, 3.749999999969056e-07, 3.749999999969056e-07, 4.170000000303098e-07, 4.1699999997479864e-07, 3.749999999969056e-07, 4.1699999997479864e-07, 4.1699999997479864e-07, 4.5799999998097363e-07, 5.839999999701639e-07, 4.1600000000308057e-07, 4.1699999997479864e-07, 4.1699999997479864e-07, 4.1699999997479864e-07, 4.1600000000308057e-07, 6.250000000318501e-07, 4.5799999998097363e-07, 0.007247665999999986], "constrain": [0.0010969580000000367, 0.0010962090000000146, 0.0011079170000000138, 0.00013299999999999423, 0.0010260000000000269, 0.00013404099999997365, 0.0011086249999999742, 0.00020854199999997824, 0.00017258300000000393, 0.00017133399999996746, 0.0001695420000000225, 0.00016974999999996854, 0.000169541999999967, 0.00017224999999998492, 0.0001978749999999585, 0.0001107080000000149, 9.495799999997834e-05, 0.00015341600000001732, 0.00014983299999998811, 0.00018812500000003896, 0.00017666700000001923, 0.0001467079999999954, 0.001185166999999987, 0.0009831669999999515, 0.00013662500000000133], "find_bindings_prolog": [0.005749375000000001, 0.0004984170000000288, 0.0012823750000000023, 0.0010190829999999762, 0.001245041999999974, 0.0003942920000000183, 0.0004101669999999613, 0.00039891699999999863, 0.00036362499999997855, 0.0003582919999999823, 0.00036162499999997655, 0.00036199999999997345, 0.00038287499999994923, 0.0003907080000000174, 0.0013130419999999865, 0.0013265829999999923, 0.009915416999999982, 0.007003124999999999], "inconsistent thingy": [3.5409999999957975e-06]}, "final_exec_time": 0.15107820800000002, "stages": [], "best_programs": [], "solution": {"code": "magic_value(A):- tail(A,B),magic_value(B).\nmagic_value(A):- head(A,c7),magic(c7).", "is_solution": true, "conf_matrix": [10, 0, 10, 0], "total_exec_time": 0.15107670799999998, "durations": [{"operation": "Test", "called": 25, "total": 0.07060845899999968, "mean": 0.0028243383599999873, "maximum": 0.02191137500000001, "__type__": "DurationSummary"}, {"operation": "Find_Bindings_Prolog", "called": 18, "total": 0.0327749599999998, "mean": 0.0018208311111110999, "maximum": 0.009915416999999982, "__type__": "DurationSummary"}, {"operation": "Constrain", "called": 24, "total": 0.010322916999999876, "mean": 0.0004301215416666615, "maximum": 0.001185166999999987, "__type__": "DurationSummary"}, {"operation": "Generate", "called": 25, "total": 0.008350208999999997, "mean": 0.00033400835999999987, "maximum": 0.0005554590000000359, "__type__": "DurationSummary"}, {"operation": "Combine", "called": 24, "total": 0.0034720839999998754, "mean": 0.00014467016666666147, "maximum": 0.003461415999999995, "__type__": "DurationSummary"}, {"operation": "Inconsistent Thingy", "called": 1, "total": 3.5409999999957975e-06, "mean": 3.5409999999957975e-06, "maximum": 3.5409999999957975e-06, "__type__": "DurationSummary"}], "__type__": "ProgramStats"}, "is_solution": true, "stats_file": "./results/list_example/magicpopper_types/10/8/stats.json", "end": true, "__type__": "Stats"}