{"log_best_programs": true, "num_literals": 0, "total_programs": 76, "total_rules": 0, "total_ground_rules": 0, "durations": {"generate": [0.00033858400000003064, 0.00015283300000001887, 0.00016991700000001941, 0.00038199999999999346, 0.00011258299999994392, 0.0006642919999999553, 0.000164000000000053, 0.00020991700000005942, 0.0006042499999999729, 0.00047116599999996733, 0.0003585419999999617, 0.00018174999999998054, 0.00021745900000003093, 0.00038408300000003504, 0.00017987500000005152, 0.000543749999999954, 0.00019199999999996997, 0.00016487500000006428, 0.0001588340000000521, 0.00038391599999998416, 0.00012920800000004729, 0.0002367089999999461, 0.0001364590000000332, 0.00043450000000000433, 0.00022208399999990025, 0.0002758330000000031, 0.00014658300000003344, 0.00014579100000000622, 0.00016545900000008995, 0.0003593750000000506, 0.00017391700000002341, 0.00024166699999994545, 0.0001662919999999568, 0.0001650839999999265, 0.0006044170000000237, 0.00018529099999997634, 0.0002434580000000297, 0.00019158299999999517, 0.00020654199999992073, 0.0004253750000000611, 0.00035016700000001233, 0.0004902920000000588, 0.00020008300000007306, 0.0002155000000000351, 0.00020241700000001028, 0.002172625000000039, 0.00017208300000004506, 0.00017841699999998628, 0.0001674999999999871, 0.00014933400000005648, 0.00018083300000004687, 0.00018700000000004824, 0.00021141600000007532, 0.00017320899999995198, 0.00018704200000008164, 0.00017687499999996525, 0.00017175000000002605, 0.0001747500000000013, 0.0001802079999999595, 0.0001795419999999215, 0.00020295800000003084, 0.00016170900000000987, 0.0001719169999999659, 0.0005161250000000894, 0.0001864170000001053, 0.0001547920000000147, 0.00023820800000007303, 0.0001803750000000104, 0.0001802499999998819, 0.00017070900000004663, 0.0003472919999998325, 0.0008878749999998714, 0.0001927919999999972, 0.00020870900000002912, 0.00018316600000001237, 0.0001839580000000396, 0.003260458000000188], "find_bindings_prolog": [0.01782529100000002, 0.01987033399999999, 0.00617070800000008, 0.006506750000000006, 0.020296250000000016, 0.0032919579999999282, 0.005266916999999927, 0.019796915999999998, 0.019660082999999995, 0.005910625000000058, 0.005117499999999997, 0.001553124999999933, 0.005483624999999992, 0.0031850419999999158, 0.0048012920000000125, 0.004933583000000019, 0.006319417000000049, 0.0006313749999999896, 0.005888832999999982, 0.0056097080000000465, 0.00568225, 0.005638249999999956, 0.019624542000000078, 0.01873283399999992, 0.0008314159999999182, 0.006279749999999917, 0.006714625000000085, 0.02134233299999999, 0.02100566599999998, 0.0028767499999999835, 0.006939791999999945, 0.006864957999999977, 0.0009227080000000498, 0.0007159170000000659, 0.021072124999999997, 0.021153250000000012, 0.02123474999999997, 0.021919541000000042, 0.0011170840000001014, 0.007052166999999998, 0.007514875000000032, 0.0010637919999999523, 0.0010682079999999594, 0.001053042000000004, 0.0010442920000000022, 0.0010102500000001013, 0.0007923750000000673, 0.0009765840000000026, 0.000859749999999937, 0.0010382500000000183, 0.000947832999999898, 0.0009469159999999643, 0.0008749580000000368, 0.0010006670000000106, 0.0009270839999999669, 0.0009626250000001058, 0.0015042499999999848, 0.0012852500000000155, 0.001829708000000041, 0.0007983750000000178, 0.0017760419999999222], "test": [0.018561332999999958, 0.00044483400000000506, 0.021079332999999978, 0.0004455840000000544, 0.0004512919999999365, 0.0066469999999999585, 0.007218208000000059, 0.021820583000000005, 0.003801499999999902, 0.005915042000000037, 0.021211208000000092, 0.02107608400000005, 0.006370082999999971, 0.005752375000000032, 0.0020719169999999787, 0.006357292000000014, 0.003918083000000072, 0.00556854200000001, 0.005705665999999998, 0.00046070799999997636, 0.0013301250000000708, 0.00034441600000001404, 0.00044562500000000504, 0.0068246249999999176, 0.0008116249999999825, 0.006381791999999997, 0.0060906669999999385, 0.006175125000000059, 0.0061204590000000225, 0.02111112500000001, 0.020397, 0.001188333000000097, 0.007002291000000049, 0.007459707999999954, 0.022990124999999972, 0.022651707999999937, 0.0033782919999999494, 0.007694124999999996, 0.007657208999999998, 0.0011331669999999905, 0.0009151250000000166, 0.02279945799999994, 0.02290270899999991, 0.023014290999999965, 0.023748207999999993, 0.00136945799999999, 0.000493292000000034, 0.007723291999999993, 0.008173666999999996, 0.0005312079999999497, 0.0012989159999999833, 0.002117375000000088, 0.0013058750000000119, 0.0012850829999999647, 0.0012978329999999705, 0.0012627920000000126, 0.0004827909999999269, 0.0010272080000000017, 0.0012095420000000079, 0.0011090830000000107, 0.0012909580000000087, 0.0037310839999999956, 0.004946958000000001, 0.0011885000000000367, 0.0011805000000000287, 0.0027477499999999377, 0.0011338749999998399, 0.005320583000000045, 0.001233875000000051, 0.0011581659999999605, 0.0011929170000000155, 0.001772875000000118, 0.0015394580000001046, 0.0020617499999999733, 0.001029042000000091, 0.0020096670000000483], "combine": [0.0028344160000000063, 4.999999999588667e-07, 0.0022021660000000054, 5.839999999146528e-07, 4.1600000000308057e-07, 5.419999999922709e-07, 5.419999999922709e-07, 5.829999999429347e-07, 4.1700000008582094e-07, 4.5900000000820285e-07, 5.419999999922709e-07, 4.999999999588667e-07, 4.5900000000820285e-07, 4.579999999254625e-07, 4.999999999588667e-07, 5.00000000069889e-07, 3.7500000005241674e-07, 3.7500000005241674e-07, 4.1699999997479864e-07, 4.580000000364848e-07, 4.1600000000308057e-07, 3.7500000005241674e-07, 4.1699999997479864e-07, 4.5900000000820285e-07, 3.7500000005241674e-07, 4.580000000364848e-07, 4.1600000000308057e-07, 4.5899999989718054e-07, 4.580000000364848e-07, 4.580000000364848e-07, 5.00000000069889e-07, 3.7500000005241674e-07, 4.999999999588667e-07, 5.00000000069889e-07, 5.419999999922709e-07, 4.999999999588667e-07, 0.0019625420000000116, 6.249999999763389e-07, 5.410000000205528e-07, 4.1699999997479864e-07, 3.7499999994139444e-07, 6.249999999763389e-07, 6.250000000873612e-07, 5.829999999429347e-07, 5.419999999922709e-07, 5.83000000053957e-07, 4.580000000364848e-07, 5.00000000069889e-07, 5.83000000053957e-07, 4.5900000000820285e-07, 4.999999999588667e-07, 4.1600000000308057e-07, 4.1600000000308057e-07, 4.580000000364848e-07, 4.580000000364848e-07, 4.5900000000820285e-07, 4.1600000000308057e-07, 4.1600000000308057e-07, 4.579999999254625e-07, 4.580000000364848e-07, 4.999999999588667e-07, 5.410000000205528e-07, 4.1600000000308057e-07, 4.5900000000820285e-07, 4.1600000000308057e-07, 4.5900000000820285e-07, 4.580000001475071e-07, 4.5900000000820285e-07, 4.580000001475071e-07, 4.1699999986377634e-07, 4.580000001475071e-07, 4.1700000008582094e-07, 4.1600000000308057e-07, 4.1700000008582094e-07, 4.1700000008582094e-07, 4.1600000000308057e-07],