{"log_best_programs": true, "num_literals": 0, "total_programs": 22, "total_rules": 0, "total_ground_rules": 0, "durations": {"generate": [0.0003039589999999648, 0.00018916600000001838, 0.0003786669999999992, 0.0002038329999999866, 0.00024016699999995783, 0.0007079580000000085, 0.00018412500000003496, 0.00019320800000000027, 0.00017737500000003514, 0.00018579100000004622, 0.00018537499999998763, 0.00018204100000002166, 0.00016808299999998555, 0.00017066700000001322, 0.00019208300000000955, 0.00016225000000003043, 0.00017058300000000193, 0.00018016700000000885, 0.00024145899999999942, 0.00019599999999997397, 0.00023208299999999404, 0.0002375000000000016, 0.0016386250000000047], "find_bindings_prolog": [0.011501832999999961, 0.0051694999999999935, 0.009194042000000013, 0.0018791249999999815, 0.0011711660000000013, 0.0017664170000000201, 0.003995499999999985, 0.0012263750000000018, 0.001219291999999983, 0.0012722499999999748, 0.002904332999999981, 0.0028354170000000067, 0.0008980000000000099, 0.0012744579999999783, 0.001111250000000008, 0.0005742910000000045, 0.0012325420000000031, 0.0021175840000000057, 0.0023287080000000127, 0.0011904999999999832, 0.0005072500000000146, 0.0005271660000000233], "test": [0.012640458000000021, 0.007567500000000005, 0.012873791000000023, 0.0027262089999999795, 0.0019095829999999925, 0.002753667000000015, 0.007558750000000003, 0.0019277919999999837, 0.00191687500000004, 0.0021786249999999896, 0.005443750000000025, 0.0054411670000000245, 0.0012476659999999806, 0.0019589170000000045, 0.0019228749999999906, 0.0010784590000000316, 0.0020389999999999575, 0.00426862499999997, 0.004664292000000014, 0.00226216600000001, 0.0008339589999999952, 0.0008537910000000482], "combine": [0.003699542, 0.004971500000000018, 0.005735792000000017, 0.006633166999999995, 4.580000000364848e-07, 5.409999999650417e-07, 4.5799999998097363e-07, 4.5900000000820285e-07, 4.1600000000308057e-07, 4.5900000000820285e-07, 3.749999999969056e-07, 4.5799999998097363e-07, 3.3300000001901253e-07, 4.5900000000820285e-07, 4.5799999998097363e-07, 4.1600000000308057e-07, 4.170000000303098e-07, 5.000000000143778e-07, 5.000000000143778e-07, 4.1600000000308057e-07, 3.3400000004624175e-07, 3.749999999969056e-07], "constrain": [0.0014989999999999726, 0.001809375000000002, 0.0016566249999999672, 0.00023320899999995648, 0.0014382079999999964, 0.0003621249999999909, 0.0004066669999999717, 0.0004618750000000005, 0.00035879100000002495, 0.0003907089999999891, 0.00039433299999996896, 0.0005395830000000101, 0.002023416999999972, 0.00035649999999998183, 0.00035208300000000303, 0.000658415999999995, 0.00035287499999997474, 0.0010580419999999813, 0.001049416999999997, 0.0002451250000000127, 0.0005774580000000307, 0.0005678749999999955]}, "final_exec_time": 0.18621379200000002, "stages": [], "best_programs": [], "solution": {"code": "goal(A,you,0):- my_true_cell(A,F,onecoin),my_true_cell(A,F,onecoin),magic(0),magic(you),magic(onecoin),magic(onecoin).\ngoal(A,you,100):- my_true_step(A,5),magic(you),magic(5),magic(100).", "is_solution": true, "conf_matrix": [62, 0, 62, 0], "total_exec_time": 0.186211459, "durations": [{"operation": "Test", "called": 4, "total": 0.03580795800000003, "mean": 0.008951989500000007, "maximum": 0.012873791000000023, "__type__": "DurationSummary"}, {"operation": "Find_Bindings_Prolog", "called": 4, "total": 0.02774449999999995, "mean": 0.0069361249999999874, "maximum": 0.011501832999999961, "__type__": "DurationSummary"}, {"operation": "Combine", "called": 3, "total": 0.014406834000000035, "mean": 0.004802278000000011, "maximum": 0.005735792000000017, "__type__": "DurationSummary"}, {"operation": "Constrain", "called": 3, "total": 0.004964999999999942, "mean": 0.0016549999999999805, "maximum": 0.001809375000000002, "__type__": "DurationSummary"}, {"operation": "Generate", "called": 4, "total": 0.001075624999999969, "mean": 0.00026890624999999224, "maximum": 0.0003786669999999992, "__type__": "DurationSummary"}], "__type__": "ProgramStats"}, "is_solution": true, "stats_file": "./results/iggp-coins-goal/magicpopper_args/4/stats.json", "end": true, "__type__": "Stats"}