{"log_best_programs": true, "num_literals": 0, "total_programs": 81, "total_rules": 0, "total_ground_rules": 0, "durations": {"generate": [0.00030316600000002136, 0.00013233300000004, 0.00016829200000001432, 0.0003892909999999583, 0.00010845900000000519, 0.0006008749999999452, 0.0001776250000000701, 0.00020895799999998133, 0.0006530409999999653, 0.0005065419999999987, 0.0003786669999999992, 0.00023716599999989985, 0.0002926669999999687, 0.0005770419999999721, 0.0002002079999999795, 0.000287083999999993, 0.00021620799999999551, 0.00019295800000007635, 0.00020608399999999527, 0.0007927499999998977, 0.00016925000000000967, 0.00029400000000001647, 0.0001622919999999528, 0.0004965000000000108, 0.000432666000000026, 0.00018895900000004406, 0.00017999999999995797, 0.00016808400000001278, 0.00017725000000001767, 0.0003334170000000025, 0.00020583399999996033, 0.0002507080000000439, 0.00019966700000006998, 0.00019237499999991137, 0.000240333000000037, 0.0002026659999999625, 0.00022595799999991506, 0.0002754580000000617, 0.00025533300000002424, 0.0024093330000000135, 0.00027050000000006236, 0.00022741699999995202, 0.00019862500000000782, 0.0003817919999999919, 0.000595499999999971, 0.00038837499999999636, 0.00015858299999993442, 0.00017187500000004352, 0.0001564170000000198, 0.00021729200000009108, 0.00019062500000011084, 0.00018179100000015325, 0.00019987499999984948, 0.0001587089999999236, 0.00019812500000004896, 0.00023750000000011262, 0.0001631669999999641, 0.00015887499999989174, 0.00019762499999997907, 0.00017750000000016364, 0.00015795800000018012, 0.00014875000000014182, 0.00025612499999994043, 0.00018174999999986952, 0.00040429099999994556, 0.00017933399999980892, 0.0001872500000001942, 0.0001950419999998676, 0.00028120799999986623, 0.0001982499999999554, 0.0006451250000001352, 0.00017520799999992676, 0.0012223330000000754, 0.0002070830000000523, 0.00023579200000001244, 0.00020324999999998816, 0.00020629200000010783, 0.00034041600000001004, 0.0002993749999999906, 0.00020279099999997996, 0.00019220800000008254, 0.0025478750000000883], "find_bindings_prolog": [0.015589624999999996, 0.016942208000000014, 0.007037749999999954, 0.007397499999999946, 0.01813341700000004, 0.0028935829999999774, 0.004952457999999993, 0.018708624999999923, 0.01900466700000003, 0.007821666999999977, 0.005101250000000057, 0.002232874999999912, 0.005386707999999962, 0.005093333000000033, 0.0053555000000000685, 0.003210667000000056, 0.008359167000000056, 0.0007142919999999497, 0.00854391599999993, 0.008531166000000034, 0.007991999999999999, 0.008078375000000082, 0.02063741600000002, 0.020008417, 0.000861957999999996, 0.008326415999999948, 0.009078833000000008, 0.02159554100000005, 0.020064791999999998, 0.009193250000000042, 0.009410833999999979, 0.003603582999999966, 0.019335957999999986, 0.02024366700000002, 0.01964187500000003, 0.019708084000000015, 0.000855750000000044, 0.0009470839999999869, 0.0007963329999999269, 0.0010341670000000303, 0.0008931660000000008, 0.0009823330000000574, 0.009230625000000048, 0.0009480000000001709, 0.009038708000000062, 0.00905495799999989, 0.0008046250000000033, 0.0011428329999998432, 0.0010261659999999395, 0.0008575829999999396, 0.0010264159999999745, 0.0007845830000001719, 0.0011392910000000978, 0.000949292000000046, 0.0012215419999999089, 0.0010285000000000988, 0.0008837499999998499, 0.0012657919999998768, 0.0012557079999999665, 0.0011485419999999191, 0.0011663749999999418, 0.0012268330000000383, 0.0017160000000000508, 0.0014847500000001457, 0.002320542000000092, 0.0022827910000000617], "test": [0.016251457999999996, 0.00033837500000000187, 0.01816008300000005, 0.0004003340000000577, 0.0004035420000000345, 0.007617749999999979, 0.008218417000000033, 0.01969279200000007, 0.0033998329999999077, 0.005645792000000038, 0.02022487499999992, 0.02052766699999997, 0.00842183299999999, 0.005832166999999999, 0.0027879170000000286, 0.006392832999999931, 0.006084665999999905, 0.006282499999999969, 0.004004624999999984, 0.0005049999999999777, 0.00041716699999994056, 0.0007628330000000183, 0.0004429999999999712, 0.009039999999999937, 0.0009202910000000175, 0.009240709000000069, 0.009221833000000013, 0.008678167000000014, 0.00881179199999993, 0.022414166999999985, 0.021944749999999957, 0.001276416000000058, 0.009310374999999982, 0.010097707999999983, 0.023382082999999998, 0.02184883400000004, 0.010208541000000015, 0.010392917000000002, 0.004193374999999944, 0.021187999999999985, 0.02216841699999994, 0.021566708000000046, 0.02150591599999996, 0.0010987500000000372, 0.00117762499999996, 0.001035416999999983, 0.00043358399999993136, 0.0012728749999999511, 0.012402125000000042, 0.001155500000000087, 0.001235500000000167, 0.010097582999999855, 0.0004712499999999231, 0.0016602920000001742, 0.0011861249999998158, 0.009837541999999866, 0.0008274579999998366, 0.00048637499999992784, 0.009879624999999947, 0.0010403749999998713, 0.0010220420000000008, 0.0013643749999998622, 0.0014015409999998951, 0.0012810830000000717, 0.0011129579999999972, 0.0012784580000000378, 0.0010457500000000675, 0.0013926669999999586, 0.0012303329999998613, 0.001472874999999929, 0.0013027500000000192, 0.001163166999999854, 0.0015675419999998663, 0.0015387920000000666, 0.0014075410000000677, 0.0014401670000001587, 0.001528541999999966, 0.0019719999999998628, 0.0017506250000001167, 0.0025817919999999717, 0.0025172090000000757], "combine": [0.0026723339999999984, 3.749999999969056e-07, 0.0022670410000000807, 5.00000000069889e-07, 4.5900000000820285e-07, 6.660000000380251e-07, 5.419999999922709e-07, 6.250000000873612e-07, 4.1700000008582094e-07, 4.999999999588667e-07, 5.829999999429347e-07, 6.249999999763389e-07, 5.410000000205528e-07, 5.00000000069889e-07, 4.1699999997479864e-07, 5.419999999922709e-07, 4.5900000000820285e-07, 5.839999999146528e-07, 4.580000000364848e-07, 5.83000000053957e-07, 5.410000000205528e-07, 4.999999999588667e-07, 4.999999999588667e-07, 4.999999999588667e-07, 4.580000000364848e-07, 5.829999999429347e-07, 5.829999999429347e-07, 4.999999999588667e-07, 5.829999999429347e-07, 5.419999999922709e-07, 6.249999999763389e-07, 4.1700000008582094e-07, 6.249999999763389e-07, 5.829999999429347e-07, 6.249999999763389e-07, 6.249999999763389e-07, 6.249999999763389e-07, 5.829999999429347e-07, 0.002511166999999981, 7.07999999960407e-07, 6.670000000097431e-07, 5.410000000205528e-07, 5.83000000053957e-07, 4.579999999254625e-07, 4.579999999254625e-07, 5.419999999922709e-07, 4.580000000364848e-07, 4.5900000000820285e-07, 5.00000000069889e-07, 4.5900000000820285e-07, 4.5900000000820285e-07, 6.249999999763389e-07, 4.580000001475071e-07, 5.00000000069889e-07, 3.7499999994139444e-07, 5.839999999146528e-07, 5.419999999922709e-07, 5.00000000069889e-07, 5.419999999922709e-07, 4.1700000008582094e-07, 4.579999999254625e-07, 4.1700000008582094e-07, 4.579999999254625e-07, 4.579999999254625e-07, 4.580000001475071e-07, 4.5900000000820285e-07, 4.1700000008582094e-07, 3.7499999994139444e-07, 4.579999999254625e-07, 4.5900000000820285e-07, 4.5900000000820285e-07, 4.1699999986377634e-07, 4.580000001475071e-07, 4.580000001475071e-07, 4.5900000000820285e-07, 4.1700000008582094e-07, 4.579999999254625e-07, 5.419999999922709e-07, 4.5900000000820285e-07, 4.1700000008582094e-07, 4.579999999254625e-07],