{"log_best_programs": true, "num_literals": 0, "total_programs": 8, "total_rules": 0, "total_ground_rules": 0, "durations": {"generate": [0.0003974170000000665, 0.000576082999999894, 0.0013952080000001477, 0.0010456670000000834, 0.0016341660000001035, 0.0006007919999999611, 0.0009350420000000526, 0.0017336670000003274, 0.0011867500000000142], "find_bindings_prolog": [0.02264062499999997, 0.03419254199999999, 0.14156024999999994, 0.14726354199999991, 0.16659808300000023, 0.14372045800000022], "test": [0.025552083000000003, 0.04680120799999998, 0.018863416000000077, 0.14187274999999988, 0.14760700000000004, 0.017997334000000142, 0.16717495799999993, 0.14407250000000005], "combine": [0.015818707999999848, 0.0045097920000001235, 5.409999999095305e-07, 6.660000000380251e-07, 7.07999999960407e-07, 5.829999998319124e-07, 5.410000003536197e-07, 5.419999999922709e-07], "constrain": [0.0018006250000000001, 0.0022245830000000577, 0.0004010830000000798, 0.0030311249999999124, 0.005212540999999904, 0.0019016249999999069, 0.001884083000000203, 0.0017085000000003348]}, "final_exec_time": 2.071656042, "stages": [], "best_programs": [], "solution": {"code": "magic_value(A):- head(A,ny),magic(ny).\nmagic_value(A):- head(A,gf),magic(gf).\nmagic_value(A):- head(A,cd),magic(cd).\nmagic_value(A):- head(A,dw),magic(dw).\nmagic_value(A):- head(A,de),magic(de).\nmagic_value(A):- head(A,lp),magic(lp).\nmagic_value(A):- head(A,kd),magic(kd).\nmagic_value(A):- head(A,kr),magic(kr).\nmagic_value(A):- head(A,qt),magic(qt).\nmagic_value(A):- head(A,fy),magic(fy).\nmagic_value(A):- head(A,cx),magic(cx).\nmagic_value(A):- head(A,qo),magic(qo).\nmagic_value(A):- head(A,hi),magic(hi).\nmagic_value(A):- head(A,dc),magic(dc).\nmagic_value(A):- head(A,ja),magic(ja).\nmagic_value(A):- head(A,pl),magic(pl).\nmagic_value(A):- head(A,ga),magic(ga).\nmagic_value(A):- head(A,cf),magic(cf).\nmagic_value(A):- head(A,ic),magic(ic).\nmagic_value(A):- head(A,f),magic(f).\nmagic_value(A):- head(A,hq),magic(hq).\nmagic_value(A):- head(A,mp),magic(mp).\nmagic_value(A):- head(A,aw),magic(aw).\nmagic_value(A):- head(A,lf),magic(lf).\nmagic_value(A):- head(A,fh),magic(fh).\nmagic_value(A):- head(A,iv),magic(iv).\nmagic_value(A):- head(A,ib),magic(ib).\nmagic_value(A):- head(A,gy),magic(gy).\nmagic_value(A):- head(A,lt),magic(lt).\nmagic_value(A):- head(A,nj),magic(nj).", "is_solution": true, "conf_matrix": [200, 0, 200, 0], "total_exec_time": 2.0716535, "durations": [{"operation": "Test", "called": 1, "total": 0.025552083000000003, "mean": 0.025552083000000003, "maximum": 0.025552083000000003, "__type__": "DurationSummary"}, {"operation": "Find_Bindings_Prolog", "called": 1, "total": 0.02264062499999997, "mean": 0.02264062499999997, "maximum": 0.02264062499999997, "__type__": "DurationSummary"}, {"operation": "Generate", "called": 1, "total": 0.0003974170000000665, "mean": 0.0003974170000000665, "maximum": 0.0003974170000000665, "__type__": "DurationSummary"}], "__type__": "ProgramStats"}, "is_solution": true, "stats_file": "./results/list_magicvalues_multipleclauses/magicpopper/30/5/stats.json", "end": true, "__type__": "Stats"}