{"log_best_programs": true, "num_literals": 0, "total_programs": 22, "total_rules": 0, "total_ground_rules": 0, "durations": {"generate": [0.00029800000000002047, 0.00019037499999996488, 0.0004903330000000095, 0.0002721660000000181, 0.00027216699999998983, 0.0006015839999999884, 0.0002222920000000128, 0.00019858400000000165, 0.0001939590000000213, 0.00018025000000004843, 0.00017583300000001412, 0.00019083300000000136, 0.00017962500000001658, 0.0001710829999999608, 0.00020320800000001027, 0.0001987920000000032, 0.0001855000000000051, 0.00021637499999999088, 0.00021020799999998951, 0.00019895899999999855, 0.00024724999999997666, 0.00015420800000004453, 0.0018923339999999955], "find_bindings_prolog": [0.011476666999999996, 0.005417792000000032, 0.0012230000000000296, 0.009756582999999985, 0.0019461249999999652, 0.001343625000000015, 0.0043436669999999955, 0.0021158749999999893, 0.0008984169999999847, 0.0013802920000000052, 0.0014104580000000033, 0.0007040829999999665, 0.0011867500000000142, 0.0012984999999999802, 0.0033340829999999877, 0.003139084000000014, 0.0013042090000000006, 0.0014803330000000003, 0.002363041999999982, 0.0022035839999999807, 0.0005406669999999947, 0.0005107089999999981], "test": [0.012612375000000009, 0.007809041999999988, 0.0019879589999999836, 0.013700041999999968, 0.0027957499999999857, 0.0024407499999999915, 0.00796029199999998, 0.003176791000000012, 0.001261457999999993, 0.0021139170000000207, 0.002132207999999969, 0.0012547500000000267, 0.0020593329999999965, 0.0021785000000000276, 0.006088833000000016, 0.005846750000000012, 0.0020387920000000115, 0.00250866700000002, 0.004665958000000026, 0.004441040999999979, 0.0008824580000000304, 0.0008397920000000059], "combine": [0.003569166999999984, 0.0052189589999999675, 0.004915041999999981, 0.006471958, 0.007300250000000008, 5.409999999650417e-07, 4.5799999998097363e-07, 4.5799999998097363e-07, 4.170000000303098e-07, 4.5799999998097363e-07, 4.580000000364848e-07, 3.749999999969056e-07, 4.5799999998097363e-07, 4.170000000303098e-07, 4.5799999998097363e-07, 4.580000000364848e-07, 4.999999999588667e-07, 5.000000000143778e-07, 5.000000000143778e-07, 4.999999999588667e-07, 4.1600000000308057e-07, 4.1699999997479864e-07], "constrain": [0.0015030830000000162, 0.0017682909999999774, 0.0003466249999999893, 0.0016975840000000297, 0.00023124999999996065, 0.001429583000000012, 0.0004122500000000029, 0.00038287499999994923, 0.002228583999999978, 0.00038124999999999964, 0.00037879199999996116, 0.0007072909999999988, 0.00037837499999998636, 0.00037512499999997617, 0.00042679100000003745, 0.00041841700000000426, 0.0003845829999999939, 0.0004337080000000326, 0.0010548329999999773, 0.0010414170000000444, 0.0005650409999999884, 0.0005635000000000501]}, "final_exec_time": 0.19719425, "stages": [], "best_programs": [], "solution": {"code": "goal(A,you,0):- my_true_cell(A,E,onecoin),my_true_cell(A,E,onecoin),magic(onecoin),magic(0),magic(you),magic(onecoin).\ngoal(A,you,100):- my_true_step(A,5),magic(you),magic(100),magic(5).", "is_solution": true, "conf_matrix": [62, 0, 62, 0], "total_exec_time": 0.19719174999999997, "durations": [{"operation": "Test", "called": 5, "total": 0.038905167999999934, "mean": 0.007781033599999987, "maximum": 0.013700041999999968, "__type__": "DurationSummary"}, {"operation": "Find_Bindings_Prolog", "called": 5, "total": 0.02982016700000001, "mean": 0.0059640334000000015, "maximum": 0.011476666999999996, "__type__": "DurationSummary"}, {"operation": "Combine", "called": 4, "total": 0.020175125999999932, "mean": 0.005043781499999983, "maximum": 0.006471958, "__type__": "DurationSummary"}, {"operation": "Constrain", "called": 4, "total": 0.005315583000000013, "mean": 0.0013288957500000032, "maximum": 0.0017682909999999774, "__type__": "DurationSummary"}, {"operation": "Generate", "called": 5, "total": 0.0015230410000000028, "mean": 0.00030460820000000055, "maximum": 0.0004903330000000095, "__type__": "DurationSummary"}], "__type__": "ProgramStats"}, "is_solution": true, "stats_file": "./results/iggp-coins-goal/magicpopper_args/9/stats.json", "end": true, "__type__": "Stats"}