{"log_best_programs": true, "num_literals": 0, "total_programs": 34, "total_rules": 0, "total_ground_rules": 0, "durations": {"generate": [0.00030808399999998626, 0.00014004100000003517, 0.0005345419999999712, 0.0001634999999999831, 0.00015466699999999722, 0.0001650830000000103, 0.00021295799999998533, 0.00015437499999998439, 0.0006570000000000187, 0.00040283400000001857, 0.0002702909999999781, 0.00013620800000002653, 0.0001339160000000117, 0.00018004100000001966, 0.00018424999999999692, 0.00012137500000003465, 0.000274207999999998, 0.0009580409999999651, 0.0001674580000000092, 0.00014495900000000006, 0.0001307080000000349, 0.00013741700000002854, 0.00012829200000002983, 0.00013825000000000642, 0.00012704199999996613, 0.00014345800000004072, 0.00012975000000003956, 0.0001647499999999913, 0.00015387500000002552, 0.00015575000000001005, 0.00014520800000000778, 0.0007551250000000231, 0.00015783400000002334, 0.0002834160000000363, 0.001302791999999997], "find_bindings_prolog": [0.011726750000000008, 0.0007158750000000325, 0.0007504999999999873, 0.0004810840000000205, 0.0006962090000000032, 0.0004349579999999853, 0.0005688750000000242, 0.00044287500000000923, 0.0004190000000000027, 0.0004473329999999942, 0.0004521670000000033, 0.0004422500000000329, 0.0004504579999999869, 0.00042874999999997776, 0.00043166699999996894, 0.00042720899999998396, 0.0004995830000000256, 0.0004354169999999935, 0.0004664580000000029], "test": [0.012455500000000008, 0.000319208999999987, 0.0013546249999999982, 0.0016070829999999536, 0.0009320839999999997, 0.0015103330000000303, 0.0003178749999999675, 0.0004037919999999584, 0.0006185419999999997, 0.0010387920000000106, 0.0006390419999999786, 0.0003766669999999972, 0.00046741699999997, 0.0006182920000000203, 0.00032770800000003764, 0.0003382080000000065, 0.0007841250000000244, 0.0006662920000000128, 0.0006512080000000142, 0.0003873749999999676, 0.00037691699999997663, 0.00038320899999999547, 0.0003934580000000132, 0.000380541000000012, 0.00037512499999997617, 0.0003614580000000367, 0.00037554099999997925, 0.0006674170000000035, 0.0006330410000000009, 0.0006366669999999797, 0.0006301249999999814, 0.0007097499999999535, 0.0006427499999999697, 0.0006724999999999648], "combine": [0.002364540999999998, 4.5799999998097363e-07, 5.829999999984459e-07, 4.5799999998097363e-07, 3.3300000001901253e-07, 4.1699999997479864e-07, 3.749999999969056e-07, 4.5799999998097363e-07, 4.170000000303098e-07, 0.0018520419999999982, 3.749999999969056e-07, 4.1699999997479864e-07, 4.1699999997479864e-07, 4.1699999997479864e-07, 3.749999999969056e-07, 4.1699999997479864e-07, 3.339999999907306e-07, 4.5900000000820285e-07, 4.1699999997479864e-07, 4.1699999997479864e-07, 3.749999999969056e-07, 4.170000000303098e-07, 3.749999999969056e-07, 3.749999999969056e-07, 3.749999999969056e-07, 3.329999999635014e-07, 3.749999999969056e-07, 3.749999999969056e-07, 3.749999999969056e-07, 3.3300000001901253e-07, 3.749999999969056e-07, 3.749999999969056e-07, 3.339999999907306e-07, 3.749999999969056e-07], "constrain": [0.0019707910000000273, 0.001466666999999977, 0.001455374999999981, 0.0002447919999999937, 0.0015756659999999756, 0.00023041700000003829, 0.0019132910000000392, 0.00035241699999999376, 0.00026491700000003116, 0.0006032499999999996, 0.0006689999999999752, 0.00221729100000001, 0.0006645419999999902, 0.0005258329999999756, 0.0006642499999999774, 0.0006623330000000149, 0.0005843329999999924, 0.0005802919999999823, 0.0005820409999999776, 0.0007544590000000406, 0.000747166999999993, 0.000793041999999966, 0.0007492500000000346, 0.0007437919999999654, 0.0007467919999999961, 0.000746833999999974, 0.0007476250000000295, 0.0005760409999999716, 0.0005727920000000442, 0.0005764169999999957, 0.0005717080000000041, 0.00037799999999998946, 0.0005761670000000163, 0.00037045899999998966]}, "final_exec_time": 0.123202166, "stages": [], "best_programs": [], "solution": {"code": "next_value(A,5):- does(A,player,pressButton),magic(pressButton),magic(player),magic(5).\nnext_value(A,B):- does(A,player,noop),my_true_value(A,C),my_succ(B,C),magic(noop),magic(player).", "is_solution": true, "conf_matrix": [8, 0, 46, 0], "total_exec_time": 0.123199583, "durations": [{"operation": "Test", "called": 10, "total": 0.020557834999999913, "mean": 0.0020557834999999913, "maximum": 0.012455500000000008, "__type__": "DurationSummary"}, {"operation": "Find_Bindings_Prolog", "called": 7, "total": 0.015374251000000061, "mean": 0.00219632157142858, "maximum": 0.011726750000000008, "__type__": "DurationSummary"}, {"operation": "Constrain", "called": 9, "total": 0.009474333000000057, "mean": 0.001052703666666673, "maximum": 0.0019707910000000273, "__type__": "DurationSummary"}, {"operation": "Generate", "called": 10, "total": 0.0028930839999999902, "mean": 0.000289308399999999, "maximum": 0.0006570000000000187, "__type__": "DurationSummary"}, {"operation": "Combine", "called": 9, "total": 0.00236803999999996, "mean": 0.0002631155555555511, "maximum": 0.002364540999999998, "__type__": "DurationSummary"}], "__type__": "ProgramStats"}, "is_solution": true, "stats_file": "./results/iggp-minimaldecay/magicpopper_args/6/stats.json", "end": true, "__type__": "Stats"}