{"log_best_programs": true, "num_literals": 0, "total_programs": 2, "total_rules": 0, "total_ground_rules": 0, "durations": {"generate": [0.00033562500000000606, 0.0012672919999999754, 0.0011990410000000118], "find_bindings_prolog": [0.025657708, 1.13129825], "bind": [5.419999999922709e-07, 0.14419770799999987], "test": [0.025919292000000038, 1.2764226669999998], "combine": [5.409999999650417e-07, 0.04160612499999994], "constrain": [0.00322633299999997, 0.0053271669999999105]}, "final_exec_time": 1.4788439999999998, "stages": [], "best_programs": [], "solution": null, "is_solution": false, "stats_file": "./results/list_magicvaluesameclause/magicpopper/13/4/stats.json", "end": true, "__type__": "Stats"}