{"log_best_programs": true, "num_literals": 0, "total_programs": 34, "total_rules": 0, "total_ground_rules": 0, "durations": {"generate": [0.00031570899999999735, 0.0001408339999999786, 0.0005275000000000141, 0.0001611249999999842, 0.00015254100000000603, 0.00016516599999999437, 0.00022441699999997677, 0.00015641699999996428, 0.0007433339999999844, 0.0004753329999999667, 0.00028975000000003304, 0.00013412499999998495, 0.00013195799999998759, 0.00018091700000000266, 0.00017916600000000837, 0.00011733299999999725, 0.00027375000000001704, 0.0009567919999999841, 0.00017462500000003933, 0.00014599999999997948, 0.0001304169999999938, 0.0001347499999999613, 0.00012820800000001853, 0.00013404200000000088, 0.00012545800000002272, 0.00013612499999998695, 0.00012608400000002629, 0.00015850000000000586, 0.0001487499999999753, 0.00015320799999996026, 0.0001451250000000237, 0.0007557499999999995, 0.0001571670000000136, 0.0002631249999999752, 0.001230916999999998], "find_bindings_prolog": [0.011622624999999998, 0.0006757079999999971, 0.000707832999999991, 0.000503874999999987, 0.0006892499999999746, 0.00045450000000002433, 0.0005768749999999767, 0.0004956669999999774, 0.000409875000000004, 0.0004415000000000391, 0.0004554999999999976, 0.00045470799999997036, 0.00044304099999997737, 0.00042516700000000407, 0.0004354579999999997, 0.000426540999999947, 0.000495292000000036, 0.0004312910000000003, 0.000473416999999976], "test": [0.012341667, 0.00030358299999999616, 0.0013137500000000024, 0.0015731250000000085, 0.000967624999999972, 0.0015180830000000034, 0.0003162079999999845, 0.0003354589999999824, 0.0006630420000000026, 0.0010609580000000007, 0.0006935829999999976, 0.0003849580000000463, 0.000359749999999992, 0.0006101669999999948, 0.0003442499999999904, 0.0003465410000000335, 0.0007809169999999921, 0.0006690420000000086, 0.0006647499999999917, 0.0003943339999999962, 0.0003614590000000084, 0.0003977910000000362, 0.000402208000000015, 0.00037766700000002595, 0.00038758300000002466, 0.0003626250000000053, 0.00037083299999995933, 0.0006572080000000202, 0.0006326670000000312, 0.0006413749999999996, 0.0006322090000000502, 0.0007091250000000326, 0.000637624999999975, 0.0006797080000000011], "combine": [0.0019488750000000166, 3.7500000005241674e-07, 5.419999999922709e-07, 5.000000000143778e-07, 3.749999999969056e-07, 4.1699999997479864e-07, 3.3300000001901253e-07, 3.749999999969056e-07, 4.5799999998097363e-07, 0.002059166000000001, 4.1600000000308057e-07, 4.580000000364848e-07, 4.1699999997479864e-07, 4.1600000000308057e-07, 3.3300000001901253e-07, 3.749999999969056e-07, 4.1699999997479864e-07, 4.580000000364848e-07, 3.749999999969056e-07, 3.749999999969056e-07, 3.749999999969056e-07, 3.3300000001901253e-07, 3.7500000005241674e-07, 3.3300000001901253e-07, 3.3300000001901253e-07, 4.1600000000308057e-07, 3.749999999969056e-07, 3.749999999969056e-07, 3.3300000001901253e-07, 4.5900000000820285e-07, 3.749999999969056e-07, 3.749999999969056e-07, 3.749999999969056e-07, 3.3300000001901253e-07], "constrain": [0.001823375000000016, 0.001383416999999998, 0.0013964170000000387, 0.0002447919999999937, 0.0015670830000000247, 0.0002427080000000359, 0.0019372500000000015, 0.00034774999999998, 0.0002786670000000102, 0.0006023330000000104, 0.0006705830000000024, 0.002224916999999993, 0.0006604999999999528, 0.0005186669999999727, 0.0006573750000000156, 0.0006585420000000397, 0.0005872080000000057, 0.000581292000000011, 0.0005811250000000157, 0.000755958000000001, 0.0007385830000000149, 0.0007975000000000065, 0.0007401250000000359, 0.0007438329999999715, 0.0007392499999999691, 0.0007465829999999674, 0.0007456670000000054, 0.0005709170000000041, 0.0005710420000000216, 0.0005784169999999977, 0.0005774170000000245, 0.0003738329999999901, 0.0005743329999999824, 0.0003695839999999784]}, "final_exec_time": 0.11730333300000001, "stages": [], "best_programs": [], "solution": {"code": "next_value(A,B):- does(A,player,noop),my_succ(B,C),my_true_value(A,C),magic(player),magic(noop).\nnext_value(A,5):- does(A,player,pressButton),magic(5),magic(player),magic(pressButton).", "is_solution": true, "conf_matrix": [8, 0, 46, 0], "total_exec_time": 0.11730079199999999, "durations": [{"operation": "Test", "called": 10, "total": 0.020393499999999953, "mean": 0.0020393499999999953, "maximum": 0.012341667, "__type__": "DurationSummary"}, {"operation": "Find_Bindings_Prolog", "called": 7, "total": 0.015230665999999948, "mean": 0.0021758094285714213, "maximum": 0.011622624999999998, "__type__": "DurationSummary"}, {"operation": "Constrain", "called": 9, "total": 0.009221459000000098, "mean": 0.0010246065555555666, "maximum": 0.0019372500000000015, "__type__": "DurationSummary"}, {"operation": "Generate", "called": 10, "total": 0.0030623759999998668, "mean": 0.00030623759999998665, "maximum": 0.0007433339999999844, "__type__": "DurationSummary"}, {"operation": "Combine", "called": 9, "total": 0.0019522500000000442, "mean": 0.00021691666666667157, "maximum": 0.0019488750000000166, "__type__": "DurationSummary"}], "__type__": "ProgramStats"}, "is_solution": true, "stats_file": "./results/iggp-minimaldecay/magicpopper_args/4/stats.json", "end": true, "__type__": "Stats"}