{"log_best_programs": true, "num_literals": 0, "total_programs": 12, "total_rules": 0, "total_ground_rules": 0, "durations": {"generate": [0.0004904169999999652, 0.0004061659999994305, 0.00044208399999945414, 0.00041208400000058987, 0.0005407920000006783, 0.0003729159999998899, 0.00040941700000018955, 0.00046083299999999383, 0.0004247080000006065, 0.0005475839999995458, 0.00038916699999980153, 0.0004763340000000227], "test": [0.0774149590000004, 0.08256933300000036, 0.02658779200000083, 0.2678689159999994, 0.08056075000000007, 0.27085325000000005, 0.026664124999999927, 0.021788041999998953, 0.020790374999998917, 0.042336000000000595, 0.04221937500000017, 0.525872875000001], "combine": [7.919999998051708e-07, 0.07352958299999912, 5.410000003536197e-07, 0.12247849999999971, 0.1261247920000006, 7.090000000431473e-07, 5.84000000358742e-07, 5.830000002760016e-07, 5.829999984996448e-07, 5.84000000358742e-07, 5.000000005139782e-07], "constrain": [0.0013438749999998834, 0.0013754590000001343, 0.0016161249999999683, 0.00021129100000116807, 0.001464000000000354, 0.00023041599999906737, 0.001781958000000472, 0.0003232919999991424, 0.00029500000000126647, 0.00025350000000123885, 0.0002521250000011577], "find_bindings_prolog": [0.08188445799999933, 0.026170458000001062, 0.267240417, 0.07989058400000104, 0.27018508299999944, 0.026242207999999323, 0.021354749999998646, 0.020333582999999322, 0.04190279100000005, 0.041783792000000375, 0.5232840000000003]}, "final_exec_time": 10.077891209, "stages": [], "best_programs": [], "solution": {"code": "magic_value(A):- last(A,bz),head(A,bz),magic(bz).\nmagic_value(A):- head(A,aw),last(A,aw),magic(aw).\nmagic_value(A):- last(A,ce),head(A,ce),magic(ce).\nmagic_value(A):- last(A,ge),head(A,ge),magic(ge).\nmagic_value(A):- head(A,ai),last(A,ai),magic(ai).\nmagic_value(A):- last(A,fc),head(A,fc),magic(fc).\nmagic_value(A):- last(A,dq),head(A,dq),magic(dq).\nmagic_value(A):- head(A,c7),magic(c7).\nmagic_value(A):- head(A,dw),last(A,dw),magic(dw).\nmagic_value(A):- last(A,eg),head(A,eg),magic(eg).\nmagic_value(A):- last(A,c7),magic(c7).\nmagic_value(A):- head(A,ao),last(A,ao),magic(ao).\nmagic_value(A):- last(A,fr),head(A,fr),magic(fr).\nmagic_value(A):- last(A,de),head(A,de),magic(de).\nmagic_value(A):- last(A,da),head(A,da),magic(da).\nmagic_value(A):- last(A,el),head(A,el),magic(el).\nmagic_value(A):- last(A,dm),head(A,dm),magic(dm).\nmagic_value(A):- head(A,dv),last(A,dv),magic(dv).\nmagic_value(A):- head(A,gp),last(A,gp),magic(gp).\nmagic_value(A):- tail(A,B),head(B,c7),magic(c7).", "is_solution": true, "conf_matrix": [0, 0, 0, 0], "total_exec_time": 10.07786525, "durations": [{"operation": "Test", "called": 12, "total": 1.4855257920000007, "mean": 0.12379381600000006, "maximum": 0.525872875000001, "__type__": "DurationSummary"}, {"operation": "Find_Bindings_Prolog", "called": 11, "total": 1.400272123999999, "mean": 0.12729746581818172, "maximum": 0.5232840000000003, "__type__": "DurationSummary"}, {"operation": "Combine", "called": 11, "total": 0.32213775099999964, "mean": 0.029285250090909057, "maximum": 0.1261247920000006, "__type__": "DurationSummary"}, {"operation": "Constrain", "called": 11, "total": 0.009147041000003853, "mean": 0.000831549181818532, "maximum": 0.001781958000000472, "__type__": "DurationSummary"}, {"operation": "Generate", "called": 12, "total": 0.005372502000000168, "mean": 0.000447708500000014, "maximum": 0.0005475839999995458, "__type__": "DurationSummary"}], "__type__": "ProgramStats"}, "is_solution": true, "stats_file": "./results/list_example/magicpopper_types/5000/9/stats.json", "end": false, "__type__": "Stats"}