{"log_best_programs": true, "num_literals": 0, "total_programs": 79, "total_rules": 0, "total_ground_rules": 0, "durations": {"generate": [0.00029762500000002357, 0.00012970800000000615, 0.00015654100000001003, 0.00033245900000000717, 9.741699999998854e-05, 0.0006072500000000036, 0.0001947079999999879, 0.00017279199999997719, 0.0005510000000000237, 0.00042087499999998723, 0.0003207920000000142, 0.00023012500000002545, 0.0004192909999999883, 0.0004478749999999865, 0.000343209000000011, 0.0005394580000000482, 0.00023800000000001598, 0.00018345899999999693, 0.00020287499999999126, 0.0005332080000000072, 0.00018833400000001221, 0.00041204200000000135, 0.00019533300000001974, 0.0004673749999999921, 0.00031079099999997695, 0.00033562500000006157, 0.0002043750000000344, 0.00036070799999998737, 0.00036841699999989874, 0.0006457500000000005, 0.00032041599999999004, 0.00025137500000005364, 0.0001882910000000626, 0.0002095840000000404, 0.0006505420000000317, 0.0002026660000000735, 0.00025724999999998666, 0.00019966599999998724, 0.00022466700000001172, 0.0004989169999999321, 0.00040966700000000245, 0.0005597080000000476, 0.00023541699999996002, 0.0002463330000000985, 0.000209875000000026, 0.0023737500000000633, 0.0002532080000000603, 0.00024120900000002, 0.00019337499999994012, 0.0002114159999999643, 0.00017250000000001986, 0.00018133300000000574, 0.00014954099999997528, 0.00019025000000005843, 0.000185875000000002, 0.00031874999999992326, 0.00017320799999998027, 0.0003177909999999562, 0.0001674999999999871, 0.00015166699999991096, 0.0001583750000000439, 0.00017779200000000994, 0.0001528340000001016, 0.00015333399999994946, 0.00015541699999999103, 0.0001579160000000357, 0.00014404199999995537, 0.00018262499999999182, 0.0002986670000000302, 0.00017783399999993232, 0.00015270899999997312, 0.0002139589999999858, 0.00015479099999993196, 0.00016420800000005453, 0.0005877920000000314, 0.00014704200000004164, 0.00020691699999997315, 0.00014704100000006992, 0.0002191249999999867, 0.0031134999999999913], "find_bindings_prolog": [0.01269975000000001, 0.00989495800000001, 0.003925791000000012, 0.004121833000000019, 0.010009040999999996, 0.0014353330000000386, 0.002495333000000044, 0.009388457999999988, 0.01006250000000003, 0.004194040999999982, 0.0030767909999999676, 0.0015708329999999937, 0.002909457999999976, 0.001611833000000007, 0.002804250000000008, 0.002612333999999994, 0.004892375000000004, 0.0005759170000000369, 0.005077833999999948, 0.004558375000000003, 0.004429000000000016, 0.004055250000000066, 0.01207416700000008, 0.011489042000000005, 0.000631750000000042, 0.005116708000000081, 0.005411791999999971, 0.011473041000000017, 0.010997499999999993, 0.001660875000000006, 0.00494520800000009, 0.005224457999999932, 0.0007109170000000331, 0.0007116670000000269, 0.01113849999999994, 0.010745167000000055, 0.010710416999999972, 0.009455416999999966, 0.0009685000000000388, 0.004736167000000013, 0.0006519170000000019, 0.0006401249999999914, 0.0005870000000000042, 0.0006991249999999116, 0.0006700840000000152, 0.0005645420000000012, 0.0006170410000000404, 0.0005865419999999677, 0.0006391250000000737, 0.000688083000000006, 0.000707416999999988, 0.0007220829999999845, 0.0006652089999999999, 0.0007149590000000705, 0.0006950000000000012, 0.0005545829999999974, 0.0006193749999999776, 0.0006838339999999388, 0.0006047909999999934, 0.0006052500000000016, 0.000540333000000004, 0.0005823750000000238, 0.0014627080000000348, 0.0016800409999999655], "test": [0.013344957999999962, 0.0004141249999999874, 0.011087791000000013, 0.000382207999999995, 0.00037512499999997617, 0.004448542, 0.004830792000000028, 0.011407708000000016, 0.0018905000000000172, 0.0030766249999999995, 0.011005250000000022, 0.011566542000000013, 0.005023332999999963, 0.0038202919999999474, 0.0020437919999999887, 0.0037735830000000248, 0.0022937499999999833, 0.003813958000000006, 0.0034332919999999767, 0.0005870840000000155, 0.0009496669999999874, 0.0007077909999999576, 0.0005047089999999921, 0.0056198330000000185, 0.0007722500000000299, 0.005755665999999993, 0.005333916999999966, 0.005104832999999975, 0.004753042000000041, 0.013755541999999954, 0.013149500000000036, 0.0009758340000000087, 0.006004499999999968, 0.00628287499999991, 0.013138416999999958, 0.013072707999999933, 0.0021623749999999387, 0.005827625000000003, 0.006130124999999986, 0.00093670899999998, 0.0009262920000000507, 0.012885833999999985, 0.012370041999999914, 0.01228908399999995, 0.011034957999999984, 0.0012581249999999988, 0.0004262919999999948, 0.005496166999999996, 0.0006647079999999583, 0.0008964580000000444, 0.0008628749999999297, 0.0007913330000000052, 0.0022132499999999444, 0.0009304169999999612, 0.0005151250000000607, 0.0009199169999999368, 0.0007767909999999434, 0.0008251250000000931, 0.0005236659999999782, 0.000358208000000082, 0.0007952500000000251, 0.0008443339999999466, 0.0009051669999999845, 0.0009261670000000333, 0.0009405000000000108, 0.0008837090000000103, 0.0005090830000000768, 0.0009394160000000262, 0.001656165999999959, 0.0009231250000000246, 0.0007571659999999758, 0.0008206250000000193, 0.0008861660000000215, 0.0008230830000000022, 0.0008270000000000222, 0.0007387920000000436, 0.0007987499999999592, 0.0016671660000000532, 0.0019009999999999305], "combine": [0.0031492080000000144, 4.1699999997479864e-07, 0.0020000000000000018, 6.249999999763389e-07, 3.7500000005241674e-07, 5.000000000143778e-07, 4.580000000364848e-07, 5.000000000143778e-07, 3.749999999969056e-07, 4.1699999997479864e-07, 6.659999999825139e-07, 5.000000000143778e-07, 5.000000000143778e-07, 5.829999999984459e-07, 4.1699999997479864e-07, 4.5900000000820285e-07, 4.5799999998097363e-07, 4.999999999588667e-07, 4.1699999997479864e-07, 5.419999999922709e-07, 4.5900000000820285e-07, 1.332999999992257e-06, 4.5799999998097363e-07, 5.42000000047782e-07, 4.1600000000308057e-07, 5.419999999922709e-07, 4.999999999588667e-07, 5.419999999922709e-07, 5.00000000069889e-07, 4.999999999588667e-07, 5.00000000069889e-07, 4.1600000000308057e-07, 5.419999999922709e-07, 4.999999999588667e-07, 5.83000000053957e-07, 6.659999999270028e-07, 0.002072708000000034, 5.419999999922709e-07, 5.829999999429347e-07, 5.410000000205528e-07, 4.1600000000308057e-07, 7.499999999938112e-07, 5.410000000205528e-07, 5.409999999095305e-07, 4.5900000000820285e-07, 5.839999999146528e-07, 4.1700000008582094e-07, 1.0830000000128237e-06, 4.579999999254625e-07, 4.1699999997479864e-07, 4.580000000364848e-07, 4.1700000008582094e-07, 3.7499999994139444e-07, 4.1700000008582094e-07, 3.7500000005241674e-07, 4.1699999997479864e-07, 3.7499999994139444e-07, 3.7499999994139444e-07, 4.1600000000308057e-07, 3.3300000001901253e-07, 3.7499999994139444e-07, 4.580000000364848e-07, 4.1699999997479864e-07, 4.1600000000308057e-07, 4.579999999254625e-07, 4.5900000000820285e-07, 3.7499999994139444e-07, 3.7499999994139444e-07, 4.1699999997479864e-07, 3.7499999994139444e-07, 3.7500000005241674e-07, 4.1600000000308057e-07, 4.1699999997479864e-07, 4.1600000000308057e-07, 4.580000000364848e-07, 3.7499999994139444e-07, 4.1700000008582094e-07, 4.1699999997479864e-07, 4.1699999997479864e-07],