{"log_best_programs": true, "num_literals": 0, "total_programs": 65, "total_rules": 0, "total_ground_rules": 0, "durations": {"generate": [0.0005139999999999589, 0.0006063749999999923, 0.0005838329999999781, 0.0015994160000000202, 0.0012946249999999937, 0.0006574579999999997, 0.0016056249999999994, 0.0007265830000000029, 0.0003911670000000256, 0.00031529199999996704, 0.00032562499999999606, 0.00032854099999996, 0.0020448750000000016, 0.0003602500000000064, 0.000816290999999969, 0.0007147920000000196, 0.0029030840000000002, 0.007358207999999977, 0.0010294579999999831, 0.001345708000000001, 0.0006307500000000132, 0.0004927920000000197, 0.0004121249999999854, 0.00040729200000000354, 0.0003961659999999756, 0.00047112499999996116, 0.0003773750000000131, 0.0003755420000000065, 0.0014850829999999982, 0.0004090420000000261, 0.0005122499999999919, 0.00034487500000002225, 0.001047832999999998, 0.00043879199999996565, 0.0004881250000000059, 0.0003467920000000402, 0.0004626249999999943, 0.0003474170000000165, 0.0004169159999999894, 0.0003535000000000066, 0.0004150419999999766, 0.00034854099999998, 0.0003403339999999977, 0.000331542000000018, 0.0006876249999999695, 0.00044320799999997273, 0.0005426669999999967, 0.006307624999999983, 0.0006237080000000006, 0.0010943750000000363, 0.000878165999999958, 0.0005357919999999794, 0.0016887500000000166, 0.003030749999999971, 0.00037645800000002394, 0.00034437500000000787, 0.00032754100000004227, 0.00054554200000001, 0.0003367499999999968, 0.0003333749999999691, 0.00032837499999999187, 0.00032616699999998833, 0.00032995800000001907, 0.00032762499999999806, 0.008215958999999995], "test": [0.02131000000000005, 0.00043199999999998795, 0.00043070800000000187, 0.00047716700000000056, 0.00041762500000003255, 0.00043287499999999923, 0.000386207999999999, 0.0003974159999999838, 0.0003582500000000044, 0.00046883400000002906, 0.00042804200000001735, 0.0003953749999999756, 0.0003769160000000049, 0.00035845800000000594, 0.00040208399999996924, 0.0004458330000000066, 0.00041474999999996376, 0.0006168750000000167, 0.0007044170000000127, 0.0006716249999999535, 0.0006463749999999768, 0.000543958000000011, 0.0005351250000000252, 0.00046120800000004625, 0.0005325829999999754, 0.0005109580000000058, 0.00044725000000001014, 0.0004693330000000162, 0.0006370829999999827, 0.0004849589999999515, 0.00041487500000003674, 0.0005823750000000238, 0.0004585420000000062, 0.00044725000000001014, 0.0004478340000000358, 0.0004221670000000288, 0.0004193330000000217, 0.00043279099999998794, 0.0004468749999999577, 0.0004605830000000144, 0.0004773750000000021, 0.0004569999999999852, 0.00040920799999999424, 0.00046508299999997726, 0.00047549999999996206, 0.0004202079999999775, 0.0004779170000000499, 0.0004987499999999923, 0.000469749999999991, 0.0004629999999999912, 0.00042324999999998614, 0.0004642920000000328, 0.0004385410000000145, 0.00043845800000003043, 0.00042041600000003454, 0.0004117080000000106, 0.00040362500000001855, 0.00040254200000000573, 0.00039212500000002093, 0.0004184999999999883, 0.00041962500000003455, 0.00042724999999999014, 0.0003971249999999982, 0.00044120800000002625, 0.0006090830000000103], "combine": [0.0024655000000000094, 5.419999999922709e-07, 0.001987084000000028, 5.410000000205528e-07, 5.000000000143778e-07, 3.749999999969056e-07, 4.1699999997479864e-07, 4.1699999997479864e-07, 3.339999999907306e-07, 4.999999999588667e-07, 4.999999999588667e-07, 4.1600000000308057e-07, 3.749999999969056e-07, 3.749999999969056e-07, 0.0023231249999999815, 3.749999999969056e-07, 4.170000000303098e-07, 5.829999999984459e-07, 3.749999999969056e-07, 4.1600000000308057e-07, 4.1600000000308057e-07, 4.5799999998097363e-07, 4.1699999997479864e-07, 3.749999999969056e-07, 4.170000000303098e-07, 3.749999999969056e-07, 4.1600000000308057e-07, 4.170000000303098e-07, 3.749999999969056e-07, 3.749999999969056e-07, 4.5900000000820285e-07, 4.1600000000308057e-07, 4.5799999998097363e-07, 3.3300000001901253e-07, 3.749999999969056e-07, 3.749999999969056e-07, 3.749999999969056e-07, 4.1600000000308057e-07, 3.329999999635014e-07, 4.170000000303098e-07, 3.749999999969056e-07, 3.749999999969056e-07, 3.749999999969056e-07, 4.1699999997479864e-07, 4.1699999997479864e-07, 3.749999999969056e-07, 4.5900000000820285e-07, 3.749999999969056e-07, 3.339999999907306e-07, 4.1699999997479864e-07, 3.7500000005241674e-07, 3.7500000005241674e-07, 3.749999999969056e-07, 3.329999999635014e-07, 4.170000000303098e-07, 3.749999999969056e-07, 3.329999999635014e-07, 4.170000000303098e-07, 4.170000000303098e-07, 3.749999999969056e-07, 3.749999999969056e-07, 4.1600000000308057e-07, 3.749999999969056e-07, 3.749999999969056e-07], "constrain": [0.0011010410000000248, 0.00014775000000000205, 0.0012386670000000266, 0.0016597090000000092, 0.0003147079999999969, 0.0017040000000000388, 0.0003053749999999966, 0.00030162499999997205, 0.00029283299999999235, 0.00030487499999998224, 0.0003027079999999849, 0.00029412500000003394, 0.00030641700000000327, 0.0002925830000000129, 0.0005809170000000141, 0.0005654170000000125, 0.00025816699999997583, 0.0006103749999999963, 0.0023219170000000067, 0.0005772079999999957, 0.0005752499999999716, 0.0005810410000000044, 0.0005581250000000204, 0.0006409159999999914, 0.0005444160000000475, 0.0005276659999999822, 0.0005271670000000506, 0.0005339169999999949, 0.0005511670000000191, 0.0005658330000000156, 0.0005412920000000265, 0.0005735829999999886, 0.0005337920000000329, 0.0005566670000000107, 0.0005275000000000141, 0.0005220830000000065, 0.0005281249999999904, 0.000521957999999989, 0.0005177920000000169, 0.0006148329999999813, 0.0005414579999999947, 0.0005203330000000395, 0.0005194589999999999, 0.0005275000000000141, 0.0005288330000000063, 0.0005242500000000039, 0.0005346250000000108, 0.0005382910000000241, 0.0031348339999999753, 0.0005255000000000121, 0.0005227500000000163, 0.0005239170000000404, 0.0005300409999999811, 0.0005251660000000213, 0.0005322919999999898, 0.0005245420000000167, 0.0005184579999999994, 0.0005155829999999861, 0.0005193330000000107, 0.0005177909999999897, 0.0005228340000000276, 0.0005165839999999866, 0.0005196659999999742, 0.0005207499999999587]}, "final_exec_time": 0.222066792, "stages": [], "best_programs": [], "solution": {"code": "f(A,B):- head(A,B).\nf(A,B):- tail(A,C),f(C,B).", "is_solution": true, "conf_matrix": [10, 0, 10, 0], "total_exec_time": 0.22206529200000003, "durations": [{"operation": "Generate", "called": 65, "total": 0.06479787299999978, "mean": 0.0009968903538461506, "maximum": 0.008215958999999995, "__type__": "DurationSummary"}, {"operation": "Test", "called": 65, "total": 0.050848454000000265, "mean": 0.0007822839076923118, "maximum": 0.02131000000000005, "__type__": "DurationSummary"}, {"operation": "Constrain", "called": 64, "total": 0.03972833000000031, "mean": 0.0006207551562500049, "maximum": 0.0031348339999999753, "__type__": "DurationSummary"}, {"operation": "Combine", "called": 64, "total": 0.0068004169999999475, "mean": 0.00010625651562499918, "maximum": 0.0024655000000000094, "__type__": "DurationSummary"}], "__type__": "ProgramStats"}, "is_solution": true, "stats_file": "./results/member/popper/0/stats.json", "end": true, "__type__": "Stats"}