{"log_best_programs": true, "num_literals": 0, "total_programs": 8, "total_rules": 0, "total_ground_rules": 0, "durations": {"generate": [0.00038724999999995013, 0.0005025830000000564, 0.0016935419999999368, 0.0010323749999998633, 0.0018791249999998705, 0.0006909589999999355, 0.0010238750000000074, 0.0005913749999999496, 0.0004712919999998455], "find_bindings_prolog": [0.026620958000000083, 0.03255462499999995, 0.1397106669999999, 0.14683491700000006, 0.1658145000000002, 0.14620612499999996], "test": [0.031265125000000005, 0.04527541700000004, 0.01923341699999992, 0.140031625, 0.14719862499999992, 0.16632779200000014, 0.14655374999999982, 0.018805042000000327], "combine": [0.039392375000000035, 0.005313000000000123, 5.419999999922709e-07, 7.089999998211027e-07, 6.249999999763389e-07, 5.839999999146528e-07, 5.409999999095305e-07, 5.00000000069889e-07], "constrain": [0.0017465419999997955, 0.002382499999999954, 0.0004241669999998088, 0.0032689589999999047, 0.005185417000000081, 0.005513332999999676, 0.0017524580000003454, 0.0019257499999998373]}, "final_exec_time": 2.0851689999999996, "stages": [], "best_programs": [], "solution": {"code": "magic_value(A):- head(A,no),magic(no).\nmagic_value(A):- head(A,w),magic(w).\nmagic_value(A):- head(A,gv),magic(gv).\nmagic_value(A):- head(A,rz),magic(rz).\nmagic_value(A):- head(A,rd),magic(rd).\nmagic_value(A):- head(A,os),magic(os).\nmagic_value(A):- head(A,hg),magic(hg).\nmagic_value(A):- head(A,b),magic(b).\nmagic_value(A):- head(A,qe),magic(qe).\nmagic_value(A):- head(A,hd),magic(hd).\nmagic_value(A):- head(A,gl),magic(gl).\nmagic_value(A):- head(A,fm),magic(fm).\nmagic_value(A):- head(A,bg),magic(bg).\nmagic_value(A):- head(A,io),magic(io).\nmagic_value(A):- head(A,re),magic(re).\nmagic_value(A):- head(A,bb),magic(bb).\nmagic_value(A):- head(A,gg),magic(gg).\nmagic_value(A):- head(A,cw),magic(cw).\nmagic_value(A):- head(A,ho),magic(ho).\nmagic_value(A):- head(A,pe),magic(pe).\nmagic_value(A):- head(A,ig),magic(ig).\nmagic_value(A):- head(A,kz),magic(kz).\nmagic_value(A):- head(A,af),magic(af).\nmagic_value(A):- head(A,rv),magic(rv).\nmagic_value(A):- head(A,qn),magic(qn).\nmagic_value(A):- head(A,bw),magic(bw).\nmagic_value(A):- head(A,c),magic(c).\nmagic_value(A):- head(A,ee),magic(ee).\nmagic_value(A):- head(A,en),magic(en).\nmagic_value(A):- head(A,my),magic(my).\nmagic_value(A):- head(A,go),magic(go).\nmagic_value(A):- head(A,am),magic(am).\nmagic_value(A):- head(A,oh),magic(oh).\nmagic_value(A):- head(A,gj),magic(gj).\nmagic_value(A):- head(A,jj),magic(jj).\nmagic_value(A):- head(A,pp),magic(pp).\nmagic_value(A):- head(A,e),magic(e).\nmagic_value(A):- head(A,bt),magic(bt).\nmagic_value(A):- head(A,fv),magic(fv).\nmagic_value(A):- head(A,nb),magic(nb).\nmagic_value(A):- head(A,mc),magic(mc).\nmagic_value(A):- head(A,jy),magic(jy).\nmagic_value(A):- head(A,t),magic(t).\nmagic_value(A):- head(A,kf),magic(kf).\nmagic_value(A):- head(A,by),magic(by).\nmagic_value(A):- head(A,hc),magic(hc).\nmagic_value(A):- head(A,fw),magic(fw).\nmagic_value(A):- head(A,lh),magic(lh).\nmagic_value(A):- head(A,ao),magic(ao).\nmagic_value(A):- head(A,se),magic(se).", "is_solution": true, "conf_matrix": [200, 0, 200, 0], "total_exec_time": 2.085166792, "durations": [{"operation": "Test", "called": 1, "total": 0.031265125000000005, "mean": 0.031265125000000005, "maximum": 0.031265125000000005, "__type__": "DurationSummary"}, {"operation": "Find_Bindings_Prolog", "called": 1, "total": 0.026620958000000083, "mean": 0.026620958000000083, "maximum": 0.026620958000000083, "__type__": "DurationSummary"}, {"operation": "Generate", "called": 1, "total": 0.00038724999999995013, "mean": 0.00038724999999995013, "maximum": 0.00038724999999995013, "__type__": "DurationSummary"}], "__type__": "ProgramStats"}, "is_solution": true, "stats_file": "./results/list_magicvalues_multipleclauses/magicpopper/50/8/stats.json", "end": true, "__type__": "Stats"}