{"log_best_programs": true, "num_literals": 0, "total_programs": 8, "total_rules": 0, "total_ground_rules": 0, "durations": {"generate": [0.0003922499999999829, 0.0005348750000000457, 0.0013169169999998065, 0.0010803749999999113, 0.001793375000000097, 0.0009425419999999907, 0.0010587499999998862, 0.0005861669999998043, 0.0010486250000001363], "find_bindings_prolog": [0.023846583000000088, 0.032160666000000004, 0.13374366700000007, 0.14169408299999997, 0.15563895799999994, 0.1427375839999998], "test": [0.027248332999999958, 0.044780709000000085, 0.01880329199999986, 0.13405329200000016, 0.14203354199999985, 0.1561547499999998, 0.14307804100000032, 0.016537957999999797], "combine": [0.02501620800000004, 0.004788458000000162, 5.00000000069889e-07, 6.669999998987208e-07, 6.660000000380251e-07, 5.00000000069889e-07, 6.249999997542943e-07, 5.419999999922709e-07], "constrain": [0.0015595419999998583, 0.002228624999999873, 0.000407749999999929, 0.003071958999999902, 0.005122832999999938, 0.0053835000000002076, 0.0016240410000003536, 0.0005266670000003693]}, "final_exec_time": 1.940679708, "stages": [], "best_programs": [], "solution": {"code": "magic_value(A):- head(A,br),magic(br).\nmagic_value(A):- head(A,kt),magic(kt).\nmagic_value(A):- head(A,ew),magic(ew).\nmagic_value(A):- head(A,df),magic(df).\nmagic_value(A):- head(A,op),magic(op).\nmagic_value(A):- head(A,lf),magic(lf).\nmagic_value(A):- head(A,av),magic(av).\nmagic_value(A):- head(A,ks),magic(ks).\nmagic_value(A):- head(A,s),magic(s).\nmagic_value(A):- head(A,gb),magic(gb).\nmagic_value(A):- head(A,mv),magic(mv).\nmagic_value(A):- head(A,p),magic(p).\nmagic_value(A):- head(A,ae),magic(ae).\nmagic_value(A):- head(A,gh),magic(gh).\nmagic_value(A):- head(A,bq),magic(bq).\nmagic_value(A):- head(A,ra),magic(ra).\nmagic_value(A):- head(A,rg),magic(rg).\nmagic_value(A):- head(A,cc),magic(cc).\nmagic_value(A):- head(A,ni),magic(ni).\nmagic_value(A):- head(A,ab),magic(ab).\nmagic_value(A):- head(A,mw),magic(mw).\nmagic_value(A):- head(A,ps),magic(ps).\nmagic_value(A):- head(A,bz),magic(bz).\nmagic_value(A):- head(A,y),magic(y).\nmagic_value(A):- head(A,gf),magic(gf).\nmagic_value(A):- head(A,rd),magic(rd).\nmagic_value(A):- head(A,lz),magic(lz).\nmagic_value(A):- head(A,km),magic(km).\nmagic_value(A):- head(A,kc),magic(kc).\nmagic_value(A):- head(A,io),magic(io).\nmagic_value(A):- head(A,mq),magic(mq).\nmagic_value(A):- head(A,iy),magic(iy).\nmagic_value(A):- head(A,hq),magic(hq).\nmagic_value(A):- head(A,qb),magic(qb).\nmagic_value(A):- head(A,rj),magic(rj).", "is_solution": true, "conf_matrix": [200, 0, 200, 0], "total_exec_time": 1.940677625, "durations": [{"operation": "Test", "called": 1, "total": 0.027248332999999958, "mean": 0.027248332999999958, "maximum": 0.027248332999999958, "__type__": "DurationSummary"}, {"operation": "Find_Bindings_Prolog", "called": 1, "total": 0.023846583000000088, "mean": 0.023846583000000088, "maximum": 0.023846583000000088, "__type__": "DurationSummary"}, {"operation": "Generate", "called": 1, "total": 0.0003922499999999829, "mean": 0.0003922499999999829, "maximum": 0.0003922499999999829, "__type__": "DurationSummary"}], "__type__": "ProgramStats"}, "is_solution": true, "stats_file": "./results/list_magicvalues_multipleclauses/magicpopper/35/4/stats.json", "end": true, "__type__": "Stats"}