{"log_best_programs": true, "num_literals": 0, "total_programs": 2, "total_rules": 0, "total_ground_rules": 0, "durations": {"generate": [0.0003191250000000312, 0.0016132500000000105, 0.0006869170000001201], "find_bindings_prolog": [0.024433083999999994, 1.10915725], "bind": [5.42000000047782e-07, 0.10073004099999983], "test": [0.024688292, 1.210753], "combine": [5.419999999922709e-07, 0.02861654200000019], "constrain": [0.0031131249999999944, 0.004663542000000076]}, "final_exec_time": 1.396594291, "stages": [], "best_programs": [], "solution": null, "is_solution": false, "stats_file": "./results/list_magicvaluesameclause/magicpopper/12/3/stats.json", "end": true, "__type__": "Stats"}