{"log_best_programs": true, "num_literals": 0, "total_programs": 1, "total_rules": 0, "total_ground_rules": 0, "durations": {"generate": [0.001949000000000034, 0.005165500000003931], "find_bindings_prolog": [100.472733916], "test": [102.035141125], "combine": [0.005127999999999133], "constrain": [0.004656584000002795]}, "final_exec_time": 102.12785416599999, "stages": [], "best_programs": [], "solution": {"code": "sumk(A):- my_member(A,B),my_member(A,C),add(B,C,295685200623),magic(295685200623).", "is_solution": true, "conf_matrix": [10, 0, 10, 0], "total_exec_time": 102.12785237499999, "durations": [{"operation": "Test", "called": 1, "total": 102.035141125, "mean": 102.035141125, "maximum": 102.035141125, "__type__": "DurationSummary"}, {"operation": "Find_Bindings_Prolog", "called": 1, "total": 100.472733916, "mean": 100.472733916, "maximum": 100.472733916, "__type__": "DurationSummary"}, {"operation": "Generate", "called": 1, "total": 0.001949000000000034, "mean": 0.001949000000000034, "maximum": 0.001949000000000034, "__type__": "DurationSummary"}], "__type__": "ProgramStats"}, "is_solution": true, "stats_file": "./results/sumk/magicpopper_args/9/stats.json", "end": true, "__type__": "Stats"}