{"log_best_programs": true, "num_literals": 0, "total_programs": 12, "total_rules": 0, "total_ground_rules": 0, "durations": {"generate": [0.00043908299999984024, 0.0003989579999998938, 0.00040649999999953224, 0.00041562499999958646, 0.0005248339999992524, 0.00036866599999996197, 0.0003724580000001865, 0.00044504099999986835, 0.00038670899999981856, 0.00039633400000038677, 0.0004725829999996378, 0.0004141249999998209], "test": [0.0574839159999998, 0.08072462499999933, 0.02162479200000078, 0.2716457089999995, 0.2689659579999999, 0.06616087499999956, 0.020726500000000314, 0.017200667000000003, 0.0167968329999999, 0.03420549999999967, 0.032737541999999564, 0.40182545900000033], "combine": [6.670000001207654e-07, 0.0495115420000003, 5.000000005139782e-07, 0.07709383300000017, 7.919999998051708e-07, 0.07998595799999997, 5.000000005139782e-07, 5.420000004363601e-07, 4.5799999970341787e-07, 5.84000000358742e-07, 4.5799999970341787e-07], "constrain": [0.0013606670000001486, 0.0013513339999997598, 0.0016209170000003326, 0.00019299999999944362, 0.0014551250000005567, 0.00020395800000017061, 0.0017556249999994833, 0.00029408300000000054, 0.000246458000000338, 0.00026783299999966204, 0.00023279200000025924], "find_bindings_prolog": [0.08016479199999971, 0.02128450000000015, 0.27110149999999944, 0.26836979199999966, 0.06559354199999934, 0.020376040999999567, 0.016822708000000297, 0.016423999999999772, 0.033832916999999796, 0.03235637499999999, 0.39956033400000024]}, "final_exec_time": 7.498820833, "stages": [], "best_programs": [], "solution": {"code": "magic_value(A):- last(A,cw),head(A,cw),magic(cw).\nmagic_value(A):- last(A,fc),head(A,fc),magic(fc).\nmagic_value(A):- last(A,ev),head(A,ev),magic(ev).\nmagic_value(A):- last(A,bk),head(A,bk),magic(bk).\nmagic_value(A):- last(A,c7),magic(c7).\nmagic_value(A):- head(A,dg),last(A,dg),magic(dg).\nmagic_value(A):- head(A,gp),last(A,gp),magic(gp).\nmagic_value(A):- head(A,dy),last(A,dy),magic(dy).\nmagic_value(A):- last(A,aa),head(A,aa),magic(aa).\nmagic_value(A):- tail(A,C),head(C,c7),magic(c7).\nmagic_value(A):- last(A,eg),head(A,eg),magic(eg).\nmagic_value(A):- last(A,ar),head(A,ar),magic(ar).\nmagic_value(A):- head(A,c7),magic(c7).\nmagic_value(A):- head(A,ax),last(A,ax),magic(ax).\nmagic_value(A):- last(A,q),head(A,q),magic(q).\nmagic_value(A):- last(A,bv),head(A,bv),magic(bv).\nmagic_value(A):- last(A,dw),head(A,dw),magic(dw).\nmagic_value(A):- last(A,bh),head(A,bh),magic(bh).\nmagic_value(A):- head(A,fz),last(A,fz),magic(fz).", "is_solution": true, "conf_matrix": [0, 0, 0, 0], "total_exec_time": 7.498793875, "durations": [{"operation": "Test", "called": 12, "total": 1.2900983759999987, "mean": 0.10750819799999989, "maximum": 0.40182545900000033, "__type__": "DurationSummary"}, {"operation": "Find_Bindings_Prolog", "called": 11, "total": 1.225886500999998, "mean": 0.11144422736363618, "maximum": 0.39956033400000024, "__type__": "DurationSummary"}, {"operation": "Combine", "called": 11, "total": 0.2065958340000016, "mean": 0.0187814394545456, "maximum": 0.07998595799999997, "__type__": "DurationSummary"}, {"operation": "Constrain", "called": 11, "total": 0.008981792000000155, "mean": 0.0008165265454545596, "maximum": 0.0017556249999994833, "__type__": "DurationSummary"}, {"operation": "Generate", "called": 12, "total": 0.005040915999997786, "mean": 0.0004200763333331488, "maximum": 0.0005248339999992524, "__type__": "DurationSummary"}], "__type__": "ProgramStats"}, "is_solution": true, "stats_file": "./results/list_example/magicpopper_types/4000/8/stats.json", "end": false, "__type__": "Stats"}