{"log_best_programs": true, "num_literals": 0, "total_programs": 34, "total_rules": 0, "total_ground_rules": 0, "durations": {"generate": [0.00029420899999998973, 0.00024366700000000296, 0.0009022499999999933, 0.00025445800000001295, 0.00022941700000000953, 0.0002469999999999972, 0.0005365410000000015, 0.00028566699999998946, 0.0011015839999999888, 0.0005209170000000096, 0.0002782909999999861, 0.00013379099999999422, 0.00012574999999998004, 0.00017029200000001632, 0.00017654100000003004, 0.00011629199999996231, 0.00027120800000002276, 0.000957750000000035, 0.00016633299999996298, 0.00014208300000001506, 0.00012762499999996457, 0.00013345900000000244, 0.00012570900000002938, 0.00013379099999999422, 0.00012599999999995948, 0.0001370409999999489, 0.00012566699999999598, 0.00016133400000001297, 0.000154000000000043, 0.00014629199999999232, 0.0001394579999999812, 0.0007455420000000434, 0.00015616699999998485, 0.0002767920000000257, 0.001312415999999983], "find_bindings_prolog": [0.014889125000000003, 0.0010814580000000351, 0.0014814590000000183, 0.001016083000000001, 0.0014844579999999663, 0.0008359589999999972, 0.000657958000000014, 0.0005074580000000162, 0.0003985830000000079, 0.0004386250000000258, 0.0004497919999999489, 0.00045154199999997147, 0.00044395800000002206, 0.0004382499999999734, 0.00041633299999999096, 0.0004312910000000003, 0.000490207999999992, 0.0004338329999999946, 0.00045991699999997637], "test": [0.01587570899999996, 0.000595499999999971, 0.002170375000000002, 0.002904707999999978, 0.0016920830000000109, 0.0031567920000000194, 0.00046408399999997574, 0.0005362079999999825, 0.0013000839999999791, 0.0011615420000000154, 0.000706708999999972, 0.00038120899999999347, 0.00033995800000002907, 0.0005927079999999973, 0.0003327499999999928, 0.0003346670000000107, 0.0007755419999999624, 0.0006650409999999773, 0.0006607080000000098, 0.0004069999999999907, 0.00037516599999998235, 0.0003850409999999749, 0.0004184999999999883, 0.0003834170000000525, 0.00038199999999999346, 0.00037841700000001977, 0.00036324999999998164, 0.0006574999999999775, 0.0006462079999999815, 0.0006157499999999705, 0.0006321670000000168, 0.0007014170000000375, 0.0006411670000000536, 0.0006646250000000298], "combine": [0.004158290999999981, 6.249999999763389e-07, 8.340000000051084e-07, 4.580000000364848e-07, 4.5799999998097363e-07, 5.000000000143778e-07, 2.583000000000446e-06, 5.000000000143778e-07, 4.170000000303098e-07, 0.0021304999999999796, 3.749999999969056e-07, 4.1699999997479864e-07, 3.749999999969056e-07, 4.170000000303098e-07, 3.749999999969056e-07, 4.170000000303098e-07, 3.749999999969056e-07, 4.1699999997479864e-07, 3.749999999969056e-07, 4.1600000000308057e-07, 4.170000000303098e-07, 4.159999999475694e-07, 4.1699999997479864e-07, 4.1600000000308057e-07, 3.749999999969056e-07, 3.3300000001901253e-07, 3.749999999969056e-07, 3.749999999969056e-07, 2.9200000001283755e-07, 3.749999999969056e-07, 3.749999999969056e-07, 3.3300000001901253e-07, 3.3300000001901253e-07, 3.749999999969056e-07], "constrain": [0.0036316249999999717, 0.003042584000000015, 0.0030446659999999737, 0.00037124999999998964, 0.0027642920000000015, 0.000504208000000006, 0.0035600000000000076, 0.000743957999999989, 0.00040045900000001966, 0.0005945829999999819, 0.0006603340000000402, 0.002170832999999983, 0.0006477920000000359, 0.0005125830000000109, 0.0006473329999999722, 0.000647624999999985, 0.0005747500000000128, 0.0005783750000000198, 0.0005674589999999924, 0.0007401249999999804, 0.0007295419999999719, 0.0007849580000000023, 0.000729083999999991, 0.0007323340000000012, 0.0007386249999999928, 0.0007273749999999746, 0.000736208000000016, 0.0005668329999999888, 0.0005465419999999832, 0.0005457920000000449, 0.0005601250000000224, 0.0003727500000000328, 0.0005659159999999996, 0.0003661669999999728]}, "final_exec_time": 0.139271125, "stages": [], "best_programs": [], "solution": {"code": "next_value(A,B):- my_true_value(A,C),my_succ(B,C),does(A,player,noop),magic(player),magic(noop).\nnext_value(A,5):- does(A,player,pressButton),magic(5),magic(pressButton),magic(player).", "is_solution": true, "conf_matrix": [8, 0, 46, 0], "total_exec_time": 0.139269125, "durations": [{"operation": "Test", "called": 10, "total": 0.029857084999999894, "mean": 0.0029857084999999894, "maximum": 0.01587570899999996, "__type__": "DurationSummary"}, {"operation": "Find_Bindings_Prolog", "called": 7, "total": 0.021446500000000035, "mean": 0.0030637857142857194, "maximum": 0.014889125000000003, "__type__": "DurationSummary"}, {"operation": "Constrain", "called": 9, "total": 0.018063041999999974, "mean": 0.002007004666666664, "maximum": 0.0036316249999999717, "__type__": "DurationSummary"}, {"operation": "Generate", "called": 10, "total": 0.004615709999999995, "mean": 0.0004615709999999995, "maximum": 0.0011015839999999888, "__type__": "DurationSummary"}, {"operation": "Combine", "called": 9, "total": 0.004164666000000039, "mean": 0.000462740666666671, "maximum": 0.004158290999999981, "__type__": "DurationSummary"}], "__type__": "ProgramStats"}, "is_solution": true, "stats_file": "./results/iggp-minimaldecay/magicpopper_args/2/stats.json", "end": true, "__type__": "Stats"}