{"log_best_programs": true, "num_literals": 0, "total_programs": 8, "total_rules": 0, "total_ground_rules": 0, "durations": {"generate": [0.00040254100000014503, 0.000695083999999957, 0.0011932089999999729, 0.0018327499999999386, 0.002033666999999628, 0.0007295830000000336, 0.0008247909999998804, 0.0017275419999998043, 0.0006605420000003193], "find_bindings_prolog": [0.038947875000000076, 0.036537208000000154, 0.1440089579999999, 0.1589155419999999, 0.17202037500000023, 0.1557055420000002], "test": [0.04833766600000011, 0.049580124999999864, 0.02135050000000005, 0.14432370799999994, 0.02220570799999999, 0.1592844170000003, 0.17257108399999987, 0.15607979200000033], "combine": [0.12331220799999998, 0.006350915999999929, 6.249999999763389e-07, 6.670000001207654e-07, 8.750000000112834e-07, 5.419999999922709e-07, 5.409999999095305e-07, 4.580000001475071e-07], "constrain": [0.001847833000000021, 0.002339582999999923, 0.00046591699999987135, 0.003266999999999909, 0.0005772909999999243, 0.005491667000000255, 0.005702292000000053, 0.0017006670000001556]}, "final_exec_time": 2.262833209, "stages": [], "best_programs": [], "solution": {"code": "magic_value(A):- head(A,ru),magic(ru).\nmagic_value(A):- head(A,el),magic(el).\nmagic_value(A):- head(A,cd),magic(cd).\nmagic_value(A):- head(A,rp),magic(rp).\nmagic_value(A):- head(A,nu),magic(nu).\nmagic_value(A):- head(A,mb),magic(mb).\nmagic_value(A):- head(A,ip),magic(ip).\nmagic_value(A):- head(A,fz),magic(fz).\nmagic_value(A):- head(A,ox),magic(ox).\nmagic_value(A):- head(A,ey),magic(ey).\nmagic_value(A):- head(A,d),magic(d).\nmagic_value(A):- head(A,nr),magic(nr).\nmagic_value(A):- head(A,lh),magic(lh).\nmagic_value(A):- head(A,qy),magic(qy).\nmagic_value(A):- head(A,pl),magic(pl).\nmagic_value(A):- head(A,pc),magic(pc).\nmagic_value(A):- head(A,fn),magic(fn).\nmagic_value(A):- head(A,cs),magic(cs).\nmagic_value(A):- head(A,qi),magic(qi).\nmagic_value(A):- head(A,dh),magic(dh).\nmagic_value(A):- head(A,fb),magic(fb).\nmagic_value(A):- head(A,qr),magic(qr).\nmagic_value(A):- head(A,bc),magic(bc).\nmagic_value(A):- head(A,jx),magic(jx).\nmagic_value(A):- head(A,ai),magic(ai).\nmagic_value(A):- head(A,dv),magic(dv).\nmagic_value(A):- head(A,gv),magic(gv).\nmagic_value(A):- head(A,ht),magic(ht).\nmagic_value(A):- head(A,qc),magic(qc).\nmagic_value(A):- head(A,dr),magic(dr).\nmagic_value(A):- head(A,x),magic(x).\nmagic_value(A):- head(A,ml),magic(ml).\nmagic_value(A):- head(A,ct),magic(ct).\nmagic_value(A):- head(A,oa),magic(oa).\nmagic_value(A):- head(A,bb),magic(bb).\nmagic_value(A):- head(A,qt),magic(qt).\nmagic_value(A):- head(A,cf),magic(cf).\nmagic_value(A):- head(A,en),magic(en).\nmagic_value(A):- head(A,rx),magic(rx).\nmagic_value(A):- head(A,ex),magic(ex).\nmagic_value(A):- head(A,iy),magic(iy).\nmagic_value(A):- head(A,gt),magic(gt).\nmagic_value(A):- head(A,bt),magic(bt).\nmagic_value(A):- head(A,fr),magic(fr).\nmagic_value(A):- head(A,rn),magic(rn).\nmagic_value(A):- head(A,cj),magic(cj).\nmagic_value(A):- head(A,ms),magic(ms).\nmagic_value(A):- head(A,or),magic(or).\nmagic_value(A):- head(A,fv),magic(fv).\nmagic_value(A):- head(A,jt),magic(jt).\nmagic_value(A):- head(A,gf),magic(gf).\nmagic_value(A):- head(A,cb),magic(cb).\nmagic_value(A):- head(A,in),magic(in).\nmagic_value(A):- head(A,oy),magic(oy).\nmagic_value(A):- head(A,ov),magic(ov).\nmagic_value(A):- head(A,pv),magic(pv).\nmagic_value(A):- head(A,gl),magic(gl).\nmagic_value(A):- head(A,ab),magic(ab).\nmagic_value(A):- head(A,hk),magic(hk).\nmagic_value(A):- head(A,ag),magic(ag).\nmagic_value(A):- head(A,ld),magic(ld).\nmagic_value(A):- head(A,cw),magic(cw).\nmagic_value(A):- head(A,kq),magic(kq).\nmagic_value(A):- head(A,gi),magic(gi).\nmagic_value(A):- head(A,hs),magic(hs).\nmagic_value(A):- head(A,cu),magic(cu).\nmagic_value(A):- head(A,at),magic(at).\nmagic_value(A):- head(A,hc),magic(hc).\nmagic_value(A):- head(A,ou),magic(ou).\nmagic_value(A):- head(A,qg),magic(qg).\nmagic_value(A):- head(A,bx),magic(bx).\nmagic_value(A):- head(A,qu),magic(qu).\nmagic_value(A):- head(A,px),magic(px).\nmagic_value(A):- head(A,aj),magic(aj).\nmagic_value(A):- head(A,ec),magic(ec).\nmagic_value(A):- head(A,jb),magic(jb).\nmagic_value(A):- head(A,au),magic(au).\nmagic_value(A):- head(A,mq),magic(mq).\nmagic_value(A):- head(A,ax),magic(ax).\nmagic_value(A):- head(A,ig),magic(ig).\nmagic_value(A):- head(A,rl),magic(rl).\nmagic_value(A):- head(A,lf),magic(lf).\nmagic_value(A):- head(A,jk),magic(jk).\nmagic_value(A):- head(A,qk),magic(qk).\nmagic_value(A):- head(A,io),magic(io).\nmagic_value(A):- head(A,bd),magic(bd).\nmagic_value(A):- head(A,eb),magic(eb).\nmagic_value(A):- head(A,ba),magic(ba).\nmagic_value(A):- head(A,fw),magic(fw).\nmagic_value(A):- head(A,ga),magic(ga).\nmagic_value(A):- head(A,jh),magic(jh).\nmagic_value(A):- head(A,ao),magic(ao).\nmagic_value(A):- head(A,bn),magic(bn).\nmagic_value(A):- head(A,ki),magic(ki).\nmagic_value(A):- head(A,kb),magic(kb).\nmagic_value(A):- head(A,qb),magic(qb).\nmagic_value(A):- head(A,y),magic(y).\nmagic_value(A):- head(A,bf),magic(bf).\nmagic_value(A):- head(A,db),magic(db).\nmagic_value(A):- head(A,og),magic(og).", "is_solution": true, "conf_matrix": [200, 0, 200, 0], "total_exec_time": 2.2628302500000004, "durations": [{"operation": "Test", "called": 1, "total": 0.04833766600000011, "mean": 0.04833766600000011, "maximum": 0.04833766600000011, "__type__": "DurationSummary"}, {"operation": "Find_Bindings_Prolog", "called": 1, "total": 0.038947875000000076, "mean": 0.038947875000000076, "maximum": 0.038947875000000076, "__type__": "DurationSummary"}, {"operation": "Generate", "called": 1, "total": 0.00040254100000014503, "mean": 0.00040254100000014503, "maximum": 0.00040254100000014503, "__type__": "DurationSummary"}], "__type__": "ProgramStats"}, "is_solution": true, "stats_file": "./results/list_magicvalues_multipleclauses/magicpopper/100/2/stats.json", "end": true, "__type__": "Stats"}