{"log_best_programs": true, "num_literals": 0, "total_programs": 22, "total_rules": 0, "total_ground_rules": 0, "durations": {"generate": [0.000303875000000009, 0.00020316600000003238, 0.000363749999999996, 0.00019620900000000274, 0.00023283299999998786, 0.0007273749999999746, 0.00019495899999999455, 0.00018895900000004406, 0.00016533299999998974, 0.0001871249999999547, 0.00018066699999996771, 0.00017620800000001102, 0.00015012500000000095, 0.0001651670000000216, 0.00019091699999995715, 0.00016045799999997445, 0.00017020899999997674, 0.00017479100000000747, 0.00024212499999998194, 0.00019216700000002085, 0.00023570800000000114, 0.0002371670000000381, 0.001657583000000018], "find_bindings_prolog": [0.011529292000000024, 0.005272166999999994, 0.009791083000000034, 0.0019383749999999922, 0.0011313330000000121, 0.0017657090000000042, 0.004486833999999995, 0.0013439160000000006, 0.0012660419999999672, 0.0013735830000000115, 0.0029890000000000194, 0.00296620799999997, 0.0007892090000000129, 0.001249791, 0.0011688340000000075, 0.0006409580000000248, 0.0011718339999999827, 0.002135416000000001, 0.0023407910000000087, 0.0011874169999999684, 0.0005280420000000063, 0.0005234580000000322], "test": [0.012658208000000004, 0.007639457999999988, 0.013426208999999967, 0.002781707999999994, 0.0018714999999999704, 0.002759249999999991, 0.008071041000000001, 0.002041957999999955, 0.0019321250000000068, 0.002262708000000002, 0.005496124999999963, 0.005516124999999983, 0.0011271250000000066, 0.0019215830000000045, 0.0019736250000000344, 0.0011401249999999918, 0.001974792000000003, 0.00426725, 0.004642084000000046, 0.002241749999999987, 0.000851166999999986, 0.0008473339999999774], "combine": [0.00372562500000001, 0.004980374999999981, 0.005845499999999948, 0.006685291999999954, 5.419999999922709e-07, 5.829999999984459e-07, 4.5799999998097363e-07, 4.5900000000820285e-07, 5.000000000143778e-07, 4.999999999588667e-07, 4.5799999998097363e-07, 5.000000000143778e-07, 4.1699999997479864e-07, 4.170000000303098e-07, 4.589999999526917e-07, 3.749999999969056e-07, 4.5799999998097363e-07, 5.419999999922709e-07, 5.000000000143778e-07, 4.1699999997479864e-07, 3.749999999969056e-07, 3.329999999635014e-07], "constrain": [0.0014921669999999887, 0.0016733750000000325, 0.0016447499999999726, 0.00023050000000002235, 0.001437291999999979, 0.00038716699999996607, 0.0004049580000000108, 0.00045562500000001505, 0.00035329200000000505, 0.00038883400000000456, 0.0003938339999999818, 0.0003882910000000406, 0.0020557079999999894, 0.0003569999999999962, 0.0003502919999999743, 0.0006650000000000267, 0.0003495419999999805, 0.0010472080000000217, 0.0010410000000000141, 0.0002422919999999773, 0.000568540999999978, 0.0005735000000000046]}, "final_exec_time": 0.186633375, "stages": [], "best_programs": [], "solution": {"code": "goal(A,you,100):- my_true_step(A,5),magic(5),magic(100),magic(you).\ngoal(A,you,0):- my_true_cell(A,F,onecoin),my_true_cell(A,F,onecoin),magic(onecoin),magic(onecoin),magic(you),magic(0).", "is_solution": true, "conf_matrix": [62, 0, 62, 0], "total_exec_time": 0.18663083400000002, "durations": [{"operation": "Test", "called": 4, "total": 0.03650558299999995, "mean": 0.009126395749999988, "maximum": 0.013426208999999967, "__type__": "DurationSummary"}, {"operation": "Find_Bindings_Prolog", "called": 4, "total": 0.028530917000000044, "mean": 0.007132729250000011, "maximum": 0.011529292000000024, "__type__": "DurationSummary"}, {"operation": "Combine", "called": 3, "total": 0.01455149999999994, "mean": 0.00485049999999998, "maximum": 0.005845499999999948, "__type__": "DurationSummary"}, {"operation": "Constrain", "called": 3, "total": 0.004810291999999994, "mean": 0.0016034306666666647, "maximum": 0.0016733750000000325, "__type__": "DurationSummary"}, {"operation": "Generate", "called": 4, "total": 0.0010670000000000401, "mean": 0.00026675000000001003, "maximum": 0.000363749999999996, "__type__": "DurationSummary"}], "__type__": "ProgramStats"}, "is_solution": true, "stats_file": "./results/iggp-coins-goal/magicpopper_args/6/stats.json", "end": true, "__type__": "Stats"}