{"log_best_programs": true, "num_literals": 0, "total_programs": 2, "total_rules": 0, "total_ground_rules": 0, "durations": {"generate": [0.001976792000000005, 0.0012860420000000428], "find_bindings_prolog": [0.024096000000000006, 0.0013884170000000307], "bind": [0.031218250000000003, 0.003248709000000072], "test": [0.056003374999999966, 0.004998665999999985], "combine": [0.022655541999999973], "constrain": [0.0018280829999999249]}, "final_exec_time": 0.21216674999999996, "stages": [], "best_programs": [], "solution": {"code": "f([4, 5, 8, 8, 12, 13, 13, 15, 19, 22, 23, 28, 29, 31, 36, 39, 41, 48, 49, 53, 53, 60, 62, 63, 63, 63, 66, 68, 74, 75, 77, 78, 80, 81, 85, 85, 88, 89, 93, 94, 96, 98, 98, 100, 100]):- magic([4, 5, 8, 8, 12, 13, 13, 15, 19, 22, 23, 28, 29, 31, 36, 39, 41, 48, 49, 53, 53, 60, 62, 63, 63, 63, 66, 68, 74, 75, 77, 78, 80, 81, 85, 85, 88, 89, 93, 94, 96, 98, 98, 100, 100]).\nf([5, 9, 19, 25, 44, 50, 56, 60, 60, 77, 85, 90]):- magic([5, 9, 19, 25, 44, 50, 56, 60, 60, 77, 85, 90]).\nf([5, 12, 14, 17, 21, 22, 22, 23, 23, 27, 27, 28, 32, 40, 41, 42, 46, 49, 52, 58, 60, 60, 60, 61, 61, 62, 63, 63, 68, 71, 72, 72, 74, 77, 78, 78, 79, 81, 82, 83, 85, 85, 87, 88, 90, 92, 100, 101]):- magic([5, 12, 14, 17, 21, 22, 22, 23, 23, 27, 27, 28, 32, 40, 41, 42, 46, 49, 52, 58, 60, 60, 60, 61, 61, 62, 63, 63, 68, 71, 72, 72, 74, 77, 78, 78, 79, 81, 82, 83, 85, 85, 87, 88, 90, 92, 100, 101]).\nf([8, 11, 11, 15, 18, 18, 19, 19, 20, 27, 33, 35, 36, 41, 42, 43, 44, 52, 63, 68, 76, 81, 82, 85, 90, 92, 94, 94, 101]):- magic([8, 11, 11, 15, 18, 18, 19, 19, 20, 27, 33, 35, 36, 41, 42, 43, 44, 52, 63, 68, 76, 81, 82, 85, 90, 92, 94, 94, 101]).\nf([45, 65, 71, 101]):- magic([45, 65, 71, 101]).\nf(A):- head(A,1),magic(1).\nf(A):- head(A,3),magic(3).", "is_solution": true, "conf_matrix": [10, 0, 10, 0], "total_exec_time": 0.21213474999999993, "durations": [{"operation": "Test", "called": 2, "total": 0.06100204099999995, "mean": 0.030501020499999976, "maximum": 0.056003374999999966, "__type__": "DurationSummary"}, {"operation": "Bind", "called": 2, "total": 0.034466959000000075, "mean": 0.017233479500000037, "maximum": 0.031218250000000003, "__type__": "DurationSummary"}, {"operation": "Find_Bindings_Prolog", "called": 2, "total": 0.025484417000000037, "mean": 0.012742208500000018, "maximum": 0.024096000000000006, "__type__": "DurationSummary"}, {"operation": "Combine", "called": 1, "total": 0.022655541999999973, "mean": 0.022655541999999973, "maximum": 0.022655541999999973, "__type__": "DurationSummary"}, {"operation": "Generate", "called": 2, "total": 0.0032628340000000478, "mean": 0.0016314170000000239, "maximum": 0.001976792000000005, "__type__": "DurationSummary"}, {"operation": "Constrain", "called": 1, "total": 0.0018280829999999249, "mean": 0.0018280829999999249, "maximum": 0.0018280829999999249, "__type__": "DurationSummary"}], "__type__": "ProgramStats"}, "is_solution": true, "stats_file": "./results/sorted/magicpopper/5/stats.json", "end": false, "__type__": "Stats"}