{"log_best_programs": true, "num_literals": 0, "total_programs": 1, "total_rules": 0, "total_ground_rules": 0, "durations": {"generate": [0.0017803750000000007, 0.005227333999997086], "find_bindings_prolog": [105.793190291], "test": [107.359183042], "combine": [0.004241290999999592], "constrain": [0.004705458999993084]}, "final_exec_time": 107.446036084, "stages": [], "best_programs": [], "solution": {"code": "sumk(A):- my_member(A,B),my_member(A,C),add(B,C,295685200623),magic(295685200623).", "is_solution": true, "conf_matrix": [10, 0, 10, 0], "total_exec_time": 107.446034084, "durations": [{"operation": "Test", "called": 1, "total": 107.359183042, "mean": 107.359183042, "maximum": 107.359183042, "__type__": "DurationSummary"}, {"operation": "Find_Bindings_Prolog", "called": 1, "total": 105.793190291, "mean": 105.793190291, "maximum": 105.793190291, "__type__": "DurationSummary"}, {"operation": "Generate", "called": 1, "total": 0.0017803750000000007, "mean": 0.0017803750000000007, "maximum": 0.0017803750000000007, "__type__": "DurationSummary"}], "__type__": "ProgramStats"}, "is_solution": true, "stats_file": "./results/sumk/magicpopper_args/0/stats.json", "end": true, "__type__": "Stats"}