{"log_best_programs": true, "num_literals": 0, "total_programs": 150, "total_rules": 0, "total_ground_rules": 0, "durations": {"generate": [0.0006215829999999811, 0.00014070900000001663, 0.00016620800000000102, 0.00033604199999998086, 0.0001339169999999834, 0.0007794580000000106, 0.0006300409999999701, 0.00041562499999997504, 0.000323875000000029, 0.00025583400000001033, 0.00048758299999995813, 0.00018762500000002458, 0.00021816600000001962, 0.0001430409999999549, 0.00019374999999999254, 0.0001631669999999641, 0.00016141600000002532, 0.00016762500000000458, 0.00026779199999998893, 0.0005087089999999961, 0.0001923330000000445, 0.00023400000000001198, 0.00031395800000000307, 0.00016624999999997891, 0.00016524999999995016, 0.00016849999999996035, 0.0007247910000000024, 0.00020162500000003858, 0.00014358300000000268, 0.00027737500000002413, 0.0001427500000000248, 0.00018370900000003187, 0.0001571249999999802, 0.00012662499999999133, 0.0001683330000000205, 0.000490207999999992, 0.00014891599999999894, 0.00022887499999996175, 0.00017816700000000685, 0.00019600000000002948, 0.0005702920000000278, 0.00015604099999999566, 0.00014466699999998722, 0.0001503330000000025, 0.0003189580000000358, 0.00015029199999999632, 0.00016533400000001697, 0.00016991700000001941, 0.00016887500000001276, 0.00021541699999999553, 0.0001691249999999922, 0.0002827919999999762, 0.00013887500000003827, 0.00015187500000002352, 0.00018733300000001174, 0.00019941699999997953, 0.00015820799999999302, 0.0001699589999999973, 0.0001590830000000043, 0.00016225000000003043, 0.00017733300000000174, 0.0001595839999999904, 0.00017062500000003533, 0.000157874999999974, 0.00016904200000000813, 0.00016929100000001585, 0.00015687500000000076, 0.0013201669999999832, 0.00017354099999999928, 0.0001831669999999841, 0.00016158300000002068, 0.00015358300000001268, 0.00017758299999992566, 0.000172000000000061, 0.0001815840000000124, 0.00017995799999992457, 0.0001842919999999193, 0.0001847080000000334, 0.00019929200000001757, 0.0001542919999999448, 0.00018245800000005197, 0.00016695799999999483, 0.00017208300000004506, 0.00018012499999997544, 0.00017608299999993804, 0.00048074999999991874, 0.00016341699999999904, 0.00017124999999995616, 0.00015041599999998656, 0.0001635420000000165, 0.0002106669999999422, 0.00015733299999998174, 0.00034562500000001606, 0.00017529099999991082, 0.00018204099999996615, 0.00018283299999999336, 0.0001767500000000588, 0.00024229099999995007, 0.00016950000000004461, 0.00017054199999999575, 0.0013715420000000034, 0.00019691599999993592, 0.00012425000000004793, 0.00013920800000000177, 0.00012299999999998423, 0.00017624999999998892, 0.00012204199999998888, 0.00030112499999990217, 0.0001307080000000349, 0.00037162499999998655, 0.0001579160000000357, 0.00014404199999995537, 0.00024112499999995318, 0.00014729200000007658, 0.0002262499999999834, 0.00039995800000003356, 0.0002407500000000118, 0.00017579199999995243, 0.00013491600000004045, 0.0001954579999999817, 0.00013391599999990067, 0.00015970899999995236, 0.00013837499999991287, 0.00025412499999999394, 0.00013279199999993718, 0.0002014999999999656, 0.00013758400000007942, 0.00014687499999999076, 0.0002522910000000156, 0.00013183400000005285, 0.0003309580000000478, 0.00013829200000003983, 0.00043454200000003773, 0.00015570899999994836, 0.00015891599999995343, 0.0001551670000000671, 0.00014758299999995117, 0.00013737499999999514, 0.00014304100000006592, 0.0001371669999999936, 0.00022766599999990422, 0.00013570900000003938, 0.0007101670000000393, 0.00016595799999996608, 0.00016662499999997582, 0.00016458299999999593, 0.0013469579999999537, 0.00017966700000004998, 0.00019020899999999674, 0.0001768340000000146, 0.0038098749999999626], "find_bindings_prolog": [0.016383333, 0.0008323749999999963, 0.0007611659999999798, 0.0006946250000000043, 0.0008963330000000269, 0.0010750829999999767, 0.0007240829999999865, 0.0008388749999999612, 0.0011268339999999655, 0.0007460409999999751, 0.00068395800000004, 0.0007036249999999855, 0.0007050409999999618, 0.0006657919999999984, 0.0008052080000000017, 0.0006103339999999902, 0.0004749159999999919, 0.0006221250000000289, 0.0005804999999999838, 0.0006212079999999842, 0.000462958999999985, 0.0006147080000000194, 0.0006164169999999802, 0.0005564579999999819, 0.0004542089999999832, 0.0004177499999999945, 0.00040166699999999445, 0.000373750000000006, 0.000679291999999998, 0.0006803340000000047, 0.0006952090000000299, 0.0006349579999999633, 0.00038887500000001074, 0.0005377500000000035, 0.0005513750000000206, 0.0006333329999999582, 0.000655749999999955, 0.0007013339999999979, 0.000771875000000033, 0.0007881249999999729, 0.0007080409999999926, 0.000768208000000048, 0.0007926659999999974, 0.0007007080000000498, 0.0006805830000000124, 0.0005325829999999754, 0.0006349999999999967, 0.0006788329999999898, 0.0006618340000000278, 0.0006855829999999896, 0.0005708329999999928, 0.0006979169999999923, 0.0006995830000000036, 0.0007033330000000282, 0.0006969159999999919, 0.0007084579999999674, 0.0006059170000000114, 0.0007004580000000149, 0.0007122499999999699, 0.0007125830000000444, 0.0005863749999999723, 0.0005719170000000329, 0.0007937500000000375, 0.0006933339999999344, 0.0007963750000000713, 0.000838208000000007, 0.0006834579999999146, 0.0007506250000000048, 0.0008387499999999992, 0.000735750000000035, 0.0007483750000000233, 0.0006929580000000213, 0.0006656669999999254, 0.0007036249999999855, 0.0006871250000000106, 0.000735750000000035, 0.000626208000000017, 0.0007326250000000423, 0.0008437909999999826, 0.0007146249999999688, 0.0008207919999999591, 0.0006452500000000416, 0.0006569170000000346, 0.0008127079999999953, 0.0006593329999999842, 0.0007159580000000165, 0.0007021670000000313, 0.0005766249999999973, 0.0006767090000000531, 0.0008101670000000283, 0.0007194160000000283, 0.0008508749999999177, 0.00073208300000005, 0.0008524170000000497, 0.0004272090000000395, 0.0004201670000000268, 0.00042020900000006023, 0.00041966700000006796, 0.0004267089999999696, 0.00045675000000000576, 0.0004943749999999358, 0.0004574999999999996, 0.0004186250000000058, 0.0004244999999999388, 0.0004110410000000009, 0.00040799999999996395, 0.0004140830000000095, 0.0004262499999999614, 0.00042074999999996976, 0.0004064999999999763, 0.00041679199999999916, 0.0004173749999999421, 0.0004088329999999418, 0.0006639589999999362, 0.00044199999999994244, 0.0006622089999999137, 0.0004434580000000077, 0.0004033749999999836, 0.00040724999999997014, 0.0004149169999999591, 0.00040841700000004977, 0.0004196659999999852, 0.0004038330000000201, 0.0004035000000000011, 0.0004069159999999794, 0.0004226670000000432, 0.00041008400000008827, 0.0006884169999999967, 0.0006971250000000762, 0.0006749579999999478, 0.0007085830000000959, 0.0007029170000000251, 0.0007325000000000248, 0.0006967079999999903, 0.0007316670000000469],