{"log_best_programs": true, "num_literals": 0, "total_programs": 141, "total_rules": 0, "total_ground_rules": 0, "durations": {"generate": [0.00034250000000002334, 0.0001674999999999871, 0.0002374159999999903, 0.00032270799999994937, 0.00010983300000000362, 0.00036958300000000666, 0.0007597919999999814, 0.00020395800000000408, 0.00032854199999998723, 0.00017208400000001678, 0.0004564579999999929, 0.00017262500000003733, 0.00017445799999998846, 0.00025804100000004215, 0.00020737500000000963, 0.00027137500000001813, 0.00017045900000001168, 0.00015808299999997555, 0.0001583330000000105, 0.00015433400000003372, 0.0007724590000000031, 0.00019862500000000782, 0.0002451250000000127, 0.00024366700000000296, 0.0001819169999999759, 0.000175874999999992, 0.0010093340000000284, 0.00022966699999998896, 0.0001615420000000145, 0.00023441600000001506, 0.0001455000000000206, 0.00022500000000003073, 0.00013545900000000444, 0.00021216600000001362, 0.00023070799999996838, 0.0007414579999999726, 0.0004504579999999869, 0.00016725000000000767, 0.00022533399999996595, 0.00016929199999998756, 0.0004940410000000006, 0.00016991700000001941, 0.00018916600000001838, 0.00018845900000002969, 0.00019437499999996888, 0.0001927500000000193, 0.000233542000000031, 0.00016920799999997627, 0.0002334999999999976, 0.0001891250000000122, 0.00018270900000005863, 0.00018704200000008164, 0.00018641599999991154, 0.0001870830000000323, 0.00025095899999993954, 0.0006006670000000547, 0.0001791669999999801, 0.00035408400000003226, 0.0001619160000000397, 0.0004869579999999818, 0.00019058400000004916, 0.00023687499999991424, 0.0003936660000000147, 0.0002574169999999265, 0.00018150000000005662, 0.0001871250000000657, 0.0001961659999999421, 0.0008794579999999996, 0.0001899169999999284, 0.00032995800000001907, 0.00018845800000000246, 0.0001831669999999841, 0.00018908300000008982, 0.0001999590000000273, 0.00018254200000000775, 0.00018699999999993722, 0.00019033400000001421, 0.00018983300000008363, 0.00019524999999998016, 0.00018483299999993985, 0.0014432920000000404, 0.0002147920000000747, 0.00021058400000006916, 0.0001989579999999158, 0.00019979199999997643, 0.00020412499999999945, 0.00020591700000005542, 0.00026524999999999466, 0.00048266599999990945, 0.000200666000000016, 0.0002007920000000052, 0.0002039580000000596, 0.00046841699999999875, 0.00020362499999992956, 0.0002039590000000313, 0.00020941700000010055, 0.00020120899999998, 0.0002111249999999787, 0.0002758750000000365, 0.00020562499999998707, 0.00020466699999999172, 0.00043762499999999704, 0.00027741700000005753, 0.0001467080000000509, 0.00015933300000003925, 0.0001454579999999872, 0.000229874999999935, 0.00014608299999996355, 0.0001686249999999223, 0.00014445799999995845, 0.0006281249999999794, 0.00018479100000001747, 0.0001838749999999445, 0.0001658329999999486, 0.00020854199999997824, 0.00019845799999995695, 0.0001614580000000032, 0.00017666699999996371, 0.00027924999999995315, 0.0004441250000000174, 0.00016575000000007556, 0.00017304200000001213, 0.00016429099999992758, 0.0002651670000000106, 0.000268665999999973, 0.00030600000000002847, 0.00023500000000009624, 0.00022770900000002037, 0.00016458399999996765, 0.00019599999999997397, 0.00016399999999994197, 0.00048124999999998863, 0.0002554580000000417, 0.0003522920000000873, 0.0001959160000000182, 0.0010827909999999719, 0.0002198749999999805, 0.0005169579999999563, 0.00021537500000001764, 0.0016188749999999086, 0.00024354100000001377, 0.003743791999999968], "find_bindings_prolog": [0.011472917000000027, 0.0008722500000000188, 0.0005264170000000012, 0.00052633299999999, 0.0006899579999999905, 0.0005309999999999482, 0.000543542000000008, 0.0007457080000000116, 0.0005601670000000003, 0.0006223750000000083, 0.0005834590000000084, 0.0013290830000000087, 0.0007523339999999656, 0.0007862090000000377, 0.0005142499999999939, 0.0007021249999999979, 0.000671625000000009, 0.0005273749999999966, 0.0006684590000000101, 0.0006950419999999791, 0.0007059999999999844, 0.0006691249999999926, 0.0005199999999999649, 0.0006914579999999781, 0.0005034580000000122, 0.0004761670000000273, 0.0004697080000000131, 0.00045083400000001106, 0.00043087499999999723, 0.0006969580000000253, 0.000779832999999952, 0.00080254099999999, 0.0007172079999999692, 0.0006577079999999791, 0.0006789580000000073, 0.0006773339999999739, 0.0006939999999999724, 0.0007057080000000271, 0.0007969999999999366, 0.0006644170000000837, 0.0006803329999999219, 0.0008279169999999558, 0.0006685829999999449, 0.0006962919999999873, 0.000827750000000016, 0.0006977089999999908, 0.0008070420000000356, 0.000864709000000019, 0.0006538329999999926, 0.0006384589999999246, 0.0006062089999999687, 0.0006182089999999807, 0.0006699169999999643, 0.0007049580000000333, 0.0008454169999999595, 0.0007992500000000291, 0.0006724999999999648, 0.000671832999999955, 0.0007967079999999793, 0.0007930830000000277, 0.0006895829999999936, 0.0006712079999999787, 0.0007079170000000579, 0.0006991250000000226, 0.0008003749999999643, 0.0005423339999999222, 0.00067975000000009, 0.0006635420000000725, 0.0006658330000000046, 0.0006700000000000594, 0.0006936659999999817, 0.0006933749999999961, 0.0006727909999999504, 0.000879832999999941, 0.0008394579999999596, 0.0007204170000000287, 0.0006924170000000007, 0.0008550000000000502, 0.0008673750000000036, 0.0007140420000000258, 0.0007171249999999851, 0.0007254159999999787, 0.0007200410000000046, 0.0006753750000000336, 0.0008206670000000527, 0.0005643749999999503, 0.0007210000000000827, 0.0006918750000000085, 0.0006900840000000352, 0.0006758340000000418, 0.0008294169999999434, 0.0008207909999999874, 0.0007094169999999345, 0.0006815000000000015, 0.0008439999999999559, 0.000513957999999981, 0.0005052080000000903, 0.0005038340000000918, 0.0004966670000000617, 0.0004979170000000144, 0.0005305840000000561, 0.0005027920000000297, 0.00048595799999995304, 0.0005334579999999312, 0.00049083399999994, 0.00048587499999996897, 0.0004912500000000541, 0.000491750000000013, 0.000495750000000017, 0.0004834590000000194, 0.0004953749999999646, 0.0005105000000000803, 0.0004897910000000172, 0.0004826669999999922, 0.0004903749999999318, 0.0004818330000000426, 0.0007691670000000705, 0.0007891249999999461, 0.0008147499999999752, 0.0007693750000000721, 0.0008095839999999743, 0.0008284589999999481, 0.0008283749999999923, 0.0007990409999999448, 0.0008406669999999616, 0.000845292000000053],