{"log_best_programs": true, "num_literals": 0, "total_programs": 141, "total_rules": 0, "total_ground_rules": 0, "durations": {"generate": [0.000378207999999991, 0.0001519170000000014, 0.00017570900000002387, 0.00042199999999997795, 0.0001243750000000099, 0.0006135420000000225, 0.00017299999999997873, 0.0005433749999999571, 0.0002050829999999948, 0.00021120799999996276, 0.0004965830000000504, 0.0001635839999999944, 0.0001431669999999996, 0.00019866699999998572, 0.00018158300000004068, 0.00015208399999999678, 0.00016904200000000813, 0.0002075840000000384, 0.00024649999999998284, 0.000615166999999972, 0.0002514579999999822, 0.00020212499999999745, 0.0003155419999999465, 0.00016041599999999656, 0.00015679199999996118, 0.00016241699999997028, 0.0007216250000000035, 0.00020266699999998972, 0.0001395000000000146, 0.00022891699999999515, 0.0002402499999999974, 0.0001351250000000137, 0.00018366699999999847, 0.0002410409999999974, 0.00013379200000002145, 0.0006497910000000107, 0.0002899169999999729, 0.00015791599999998018, 0.00017191700000002141, 0.00014783299999998611, 0.0006822910000000015, 0.0001819169999999759, 0.0001894579999999757, 0.00015574999999995454, 0.00018212499999997744, 0.00021416600000001562, 0.0004037499999999805, 0.00015929199999997756, 0.0004713749999999961, 0.00020100000000000673, 0.0001790409999999909, 0.0004477079999999911, 0.00018612499999998144, 0.00015487499999999876, 0.00018287499999997125, 0.00017491600000002494, 0.00017299999999997873, 0.00017537500000003314, 0.000175541999999973, 0.00018229200000002832, 0.00022237499999999688, 0.00015750000000003261, 0.00021599999999999397, 0.00017008299999998755, 0.00017162500000000858, 0.00019124999999997616, 0.00018337499999998563, 0.001163417, 0.00018170800000005816, 0.00018316600000001237, 0.00017691699999999866, 0.00032487500000000225, 0.00018633299999992747, 0.0001846249999999383, 0.00018108400000005354, 0.0004834160000000143, 0.00017504199999995862, 0.00017450000000007737, 0.00026033299999994597, 0.00017337500000003114, 0.0011094999999999855, 0.000196000000000085, 0.0002062919999999968, 0.0002002919999999353, 0.0001987079999999919, 0.00021916600000004838, 0.0001999169999999939, 0.00020462500000006933, 0.00020175000000000054, 0.00018579100000004622, 0.00020991700000005942, 0.00022599999999994846, 0.0005836670000000099, 0.00019437499999996888, 0.00020324999999998816, 0.00020537500000006315, 0.00018625000000005443, 0.00019920899999992248, 0.00030029099999995257, 0.00020962499999999107, 0.00020050000000004786, 0.00047600000000003195, 0.00026795799999990155, 0.0001515420000000045, 0.0001679169999999619, 0.0001487500000000308, 0.00019374999999999254, 0.00014745800000004472, 0.00015404200000002088, 0.00015204199999996337, 0.000689625000000027, 0.00018125000000002167, 0.0001802910000000546, 0.00016337500000007665, 0.0002154580000000017, 0.0001820840000000823, 0.00015608400000000078, 0.0002714580000000577, 0.0002731670000000186, 0.0005161670000000118, 0.00016408400000000878, 0.00016937500000002714, 0.00016095800000004434, 0.00022991599999999668, 0.00023174999999997503, 0.00028166699999998546, 0.0001619170000000114, 0.0002262920000000168, 0.00016204200000002889, 0.0002091670000000656, 0.00016174999999996054, 0.0006388330000000053, 0.00021133399999995195, 0.00033437499999999787, 0.000188666000000004, 0.0010949999999999571, 0.0002998749999999495, 0.0003497919999999599, 0.0002137909999999632, 0.0014660420000000007, 0.0002827080000000759, 0.0039692089999999736], "find_bindings_prolog": [0.011886167000000003, 0.0010011249999999916, 0.000693832999999977, 0.0004839170000000004, 0.0006501660000000076, 0.0007537919999999754, 0.0007146670000000022, 0.0008975829999999796, 0.0007251249999999931, 0.0007235839999999993, 0.0007590409999999603, 0.0007372920000000005, 0.000773167000000019, 0.0007481659999999946, 0.0011570409999999698, 0.0006813330000000062, 0.0004817080000000251, 0.0006367919999999971, 0.0006759170000000259, 0.0006118340000000333, 0.0006132500000000096, 0.00048079199999995215, 0.0006125000000000158, 0.0004598749999999985, 0.0008688750000000467, 0.000553208999999999, 0.0004538749999999925, 0.0004206670000000412, 0.0004170000000000007, 0.0007444589999999751, 0.0007943340000000076, 0.0006641249999999599, 0.0008193330000000332, 0.0008950420000000125, 0.0007682079999999925, 0.0008564160000000265, 0.000711416999999992, 0.0008160000000000389, 0.0007133329999999827, 0.0007399590000000122, 0.0008297499999999625, 0.0008908330000000353, 0.000757624999999984, 0.000871167000000006, 0.0007767079999999593, 0.000838541000000026, 0.0007439999999999669, 0.0008846670000000056, 0.0008630000000000027, 0.0007719999999999949, 0.0007679999999999909, 0.0008766660000000259, 0.0008825829999999923, 0.0007745000000000113, 0.0007142920000000608, 0.0007504170000000032, 0.0007494590000000079, 0.0008764589999999961, 0.000868958999999947, 0.0008611250000000181, 0.0007559580000000565, 0.0008765830000000419, 0.0008934160000000357, 0.0007588749999999367, 0.0007940419999999948, 0.0009396249999999995, 0.0008215839999999863, 0.0008106669999999871, 0.0008951659999999473, 0.000743417000000024, 0.000855500000000009, 0.0008782090000000187, 0.0008970829999999097, 0.000980458999999989, 0.0008126250000000113, 0.0008662919999999907, 0.0007820419999999828, 0.0009410829999999537, 0.0007949999999999902, 0.0009402920000000092, 0.0008292500000000036, 0.0007590419999999876, 0.0010276249999999765, 0.0010019159999999916, 0.0009702079999999169, 0.0009190000000000031, 0.0008589999999999431, 0.0009800840000000477, 0.0007732910000000093, 0.0009085410000000405, 0.0008850830000000087, 0.0009184170000000602, 0.0009852909999999993, 0.000979500000000022, 0.001117041999999957, 0.000511416999999903, 0.0004865830000000404, 0.0004902920000000588, 0.00048524999999999263, 0.00044929199999999003, 0.0004639170000000359, 0.00045154199999997147, 0.0005662499999999904, 0.0005287499999999667, 0.0004882499999999679, 0.0004861250000000039, 0.00048795899999998227, 0.0004808329999999028, 0.0004925000000000068, 0.000479750000000001, 0.0004886250000000203, 0.00047979099999995167, 0.00048462499999990527, 0.0004729169999999616, 0.0004834160000000143, 0.0004761660000000001, 0.0009123329999999319, 0.000887084000000038, 0.0009081250000000374, 0.0008956660000000172, 0.0009562499999999918, 0.0009322080000000454, 0.0009303339999999771, 0.0009215419999999419, 0.0009808329999999588, 0.0009642080000000774],