{"log_best_programs": true, "num_literals": 0, "total_programs": 74, "total_rules": 0, "total_ground_rules": 0, "durations": {"generate": [0.0003177079999999721, 0.00014720800000000978, 0.00016016699999998885, 0.0004149169999998481, 0.00012474999999989578, 0.0012758749999999264, 0.00022250000000001435, 0.0002410409999999974, 0.000711832999999995, 0.0005389999999998452, 0.0004489169999999376, 0.0002801250000001865, 0.0003159589999999213, 0.0006163749999998913, 0.00023633299999992197, 0.0003290830000000078, 0.0002597080000001917, 0.00026283300000007337, 0.0002602499999999619, 0.000833875000000095, 0.00016979199999989092, 0.00017695799999994932, 0.00015879200000012972, 0.0005310000000000592, 0.0006566669999998886, 0.00022400000000000198, 0.00023287500000002126, 0.00023762500000001907, 0.00021991600000026423, 0.0003795420000001215, 0.00021029100000014012, 0.000232333000000029, 0.00025695800000002933, 0.0002257499999998025, 0.0002858329999999576, 0.0002563339999999137, 0.00025991700000016493, 0.0002627080000001669, 0.0002638749999999135, 0.0022836250000000113, 0.00024854200000001825, 0.0002797910000000847, 0.00022866700000001572, 0.00035074999999995526, 0.000484959000000007, 0.00044508299999979073, 0.00016329200000031463, 0.00023529100000008185, 0.0002086249999999623, 0.000245624999999805, 0.00018058299999967886, 0.00023383299999935048, 0.00022137499999974608, 0.00033095800000015885, 0.00022083400000028064, 0.0003107499999996932, 0.00022150000000031866, 0.0003005419999997372, 0.00022349999999971004, 0.0003010830000000908, 0.00024729200000006557, 0.00035904099999939376, 0.0002220829999997065, 0.0007986670000006413, 0.0002416250000001341, 0.0011053750000007412, 0.00025583299999976106, 0.00024949999999979156, 0.00022883300000042794, 0.0002762089999999162, 0.0003791670000001801, 0.0003240409999998306, 0.00026591699999922724, 0.00035725000000041973, 0.003438667000000173], "find_bindings_prolog": [0.03511816599999995, 0.08834366700000007, 0.0661091250000001, 0.07023383399999994, 0.09692104199999996, 0.020833957999999875, 0.031359499999999985, 0.09406220799999998, 0.09490200000000004, 0.06237958399999988, 0.028973874999999927, 0.0167205829999999, 0.029680750000000033, 0.029942040999999975, 0.03014095800000005, 0.019483791999999944, 0.06618533299999996, 0.069575041, 0.07013483400000009, 0.07055304199999979, 0.07059979199999988, 0.005966250000000173, 0.0021600409999997794, 0.10350629200000006, 0.100935459, 0.06955800000000023, 0.07402895799999998, 0.0952938750000003, 0.08780324999999989, 0.0614515830000002, 0.06879400000000002, 0.012165041999999904, 0.09812395799999996, 0.0891539589999999, 0.09620779199999996, 0.08678825000000012, 0.0030929170000000283, 0.001731833000000016, 0.002332041999999923, 0.0021757079999993323, 0.0021996669999992946, 0.004184958000000627, 0.0021933330000001305, 0.0031234170000002948, 0.002244457999999838, 0.003498915999999852, 0.0032930829999999744, 0.003552458000000591, 0.0023840840000000085, 0.002103332999999985, 0.0022521669999999716, 0.006482124999999783, 0.004204749999999535, 0.007474708000000163, 0.0020164999999998656, 0.003203000000000067, 0.0031665409999996896, 0.014844082999999841, 0.016493375000000476], "test": [0.035796291000000036, 0.0007122499999999699, 0.0896283750000001, 0.0010433329999999241, 0.002550208000000165, 0.06707004199999989, 0.0715056249999999, 0.09861200000000014, 0.021384625000000046, 0.03210249999999992, 0.09571729100000015, 0.09656804200000013, 0.06329408299999995, 0.029678083999999938, 0.01724391599999997, 0.030710165999999983, 0.03094037499999991, 0.03108687499999996, 0.02028300000000005, 0.0012185000000000112, 0.00108750000000013, 0.0007897500000000335, 0.00098987500000014, 0.06733554100000005, 0.07064354099999992, 0.07127470899999988, 0.07164654200000031, 0.07173095800000029, 0.006196082999999852, 0.002579832999999976, 0.10528983300000005, 0.10283391700000033, 0.07096791700000038, 0.07540479200000005, 0.0969129999999998, 0.08955429199999987, 0.06269187500000006, 0.07018749999999985, 0.012739541999999826, 0.09982737500000027, 0.09093079100000034, 0.09799550000000012, 0.08848433399999989, 0.0033099159999996353, 0.0019223749999999207, 0.0029351250000000384, 0.00748645899999989, 0.21472550000000012, 0.5142150409999999, 0.0005280420000000063, 0.005006708999999887, 0.17238187500000013, 0.7144791660000003, 0.0026046659999998667, 0.0024329999999999075, 0.0024554169999992936, 0.004454667000000079, 0.002464791999999605, 0.0033903330000004672, 0.0025018330000001754, 0.0037655420000000106, 0.003565582999999428, 0.0038049999999998363, 0.002653333999999674, 0.002357625000000141, 0.0025187089999993972, 0.006742541000000379, 0.004468292000000318, 0.00773570800000023, 0.0022625000000005002, 0.0034667079999994854, 0.0034297089999997254, 0.015108124999999362, 0.016767999999999894], "combine": [0.004423082999999939, 4.1600000000308057e-07, 0.004854750000000019, 5.419999999922709e-07, 5.00000000069889e-07, 4.579999999254625e-07, 5.839999999146528e-07, 6.249999999763389e-07, 5.419999999922709e-07, 5.410000001315751e-07, 5.420000002143155e-07, 6.249999999763389e-07, 5.419999999922709e-07, 4.1700000008582094e-07, 4.579999999254625e-07, 5.410000001315751e-07, 5.00000000069889e-07, 4.999999998478444e-07, 4.1699999986377634e-07, 5.419999999922709e-07, 3.7499999994139444e-07, 4.5900000000820285e-07, 4.1700000008582094e-07, 5.419999999922709e-07, 5.419999999922709e-07, 5.419999999922709e-07, 5.00000000069889e-07, 5.409999999095305e-07, 5.00000000069889e-07, 4.580000001475071e-07, 5.84000000358742e-07, 5.829999998319124e-07, 5.409999999095305e-07, 5.00000000069889e-07, 4.999999996257998e-07, 5.829999998319124e-07, 6.249999997542943e-07, 5.419999999922709e-07, 0.0030117910000000414, 6.670000001207654e-07, 5.829999998319124e-07, 5.830000002760016e-07, 5.419999999922709e-07, 5.00000000069889e-07, 4.1699999986377634e-07, 5.419999999922709e-07, 5.419999999922709e-07, 5.00000000069889e-07, 4.999999996257998e-07, 4.5899999978615824e-07, 5.000000005139782e-07, 5.409999994654413e-07, 6.249999993102051e-07, 5.000000005139782e-07, 4.5899999978615824e-07, 4.5799999970341787e-07, 5.000000005139782e-07, 4.5799999970341787e-07, 4.5799999970341787e-07, 4.1699999986377634e-07, 4.5799999970341787e-07, 4.5799999970341787e-07, 4.5799999970341787e-07, 5.000000005139782e-07, 4.1699999986377634e-07, 5.000000005139782e-07, 4.5799999970341787e-07, 4.5900000067433666e-07, 4.1599999978103597e-07, 4.1700000075195476e-07, 5.419999995481817e-07, 4.1699999986377634e-07, 4.999999996257998e-07, 5.000000005139782e-07],