{"log_best_programs": true, "num_literals": 0, "total_programs": 8, "total_rules": 0, "total_ground_rules": 0, "durations": {"generate": [0.00035516699999993406, 0.0005149170000000591, 0.0013048329999998387, 0.000945374999999915, 0.001480959000000004, 0.0006565830000000439, 0.0005432499999999951, 0.0019085830000000747, 0.0009442499999998688], "find_bindings_prolog": [0.015314042000000194, 0.027821875000000107, 0.11413033300000008, 0.1284820419999999, 0.1378688749999999, 0.1245517920000001], "test": [0.016041500000000042, 0.03795083399999988, 0.016426916000000125, 0.11440408299999993, 0.12878299999999987, 0.01692091699999998, 0.1383191669999999, 0.12484962499999996], "combine": [0.006356583999999943, 0.0036778749999999416, 4.5900000000820285e-07, 6.249999999763389e-07, 5.409999999095305e-07, 5.83000000053957e-07, 4.580000001475071e-07, 4.999999998478444e-07], "constrain": [0.0014662920000001467, 0.0021290830000000316, 0.0003622500000000084, 0.002628292000000032, 0.0045769589999999916, 0.0004498330000000106, 0.0015963749999998722, 0.004482459000000105]}, "final_exec_time": 1.7185603329999999, "stages": [], "best_programs": [], "solution": {"code": "magic_value(A):- head(A,jk),magic(jk).\nmagic_value(A):- head(A,qp),magic(qp).\nmagic_value(A):- head(A,ky),magic(ky).\nmagic_value(A):- head(A,qb),magic(qb).\nmagic_value(A):- head(A,kw),magic(kw).", "is_solution": true, "conf_matrix": [200, 0, 200, 0], "total_exec_time": 1.7185572919999998, "durations": [{"operation": "Test", "called": 1, "total": 0.016041500000000042, "mean": 0.016041500000000042, "maximum": 0.016041500000000042, "__type__": "DurationSummary"}, {"operation": "Find_Bindings_Prolog", "called": 1, "total": 0.015314042000000194, "mean": 0.015314042000000194, "maximum": 0.015314042000000194, "__type__": "DurationSummary"}, {"operation": "Generate", "called": 1, "total": 0.00035516699999993406, "mean": 0.00035516699999993406, "maximum": 0.00035516699999993406, "__type__": "DurationSummary"}], "__type__": "ProgramStats"}, "is_solution": true, "stats_file": "./results/list_magicvalues_multipleclauses/magicpopper/5/7/stats.json", "end": true, "__type__": "Stats"}