{"log_best_programs": true, "num_literals": 0, "total_programs": 8, "total_rules": 0, "total_ground_rules": 0, "durations": {"generate": [0.00034787499999988647, 0.0005651670000001996, 0.0010913749999998945, 0.0015682919999999712, 0.0013967910000001194, 0.0005232499999998641, 0.0008687080000000513, 0.0014902500000000263, 0.0006689999999998086], "find_bindings_prolog": [0.017072167000000027, 0.029292042000000018, 0.12394258300000005, 0.13016533299999988, 0.1445816659999999, 0.13178841600000002], "test": [0.018396625000000055, 0.040070083000000034, 0.01669320800000018, 0.12423833300000009, 0.01568312500000002, 0.13048808299999992, 0.14506624999999995, 0.13211437500000023], "combine": [0.00698691699999987, 0.004305417000000089, 5.419999999922709e-07, 6.249999999763389e-07, 7.499999998827889e-07, 4.5900000000820285e-07, 5.419999999922709e-07, 5.00000000069889e-07], "constrain": [0.001480541999999918, 0.002210915999999896, 0.0003981669999999493, 0.0029045000000000876, 0.0017766669999998985, 0.004910082999999954, 0.0017684579999999173, 0.0049052920000001166]}, "final_exec_time": 1.8251994169999999, "stages": [], "best_programs": [], "solution": {"code": "magic_value(A):- head(A,pb),magic(pb).\nmagic_value(A):- head(A,is),magic(is).\nmagic_value(A):- head(A,sf),magic(sf).\nmagic_value(A):- head(A,pu),magic(pu).\nmagic_value(A):- head(A,pn),magic(pn).\nmagic_value(A):- head(A,b),magic(b).\nmagic_value(A):- head(A,ot),magic(ot).\nmagic_value(A):- head(A,gr),magic(gr).\nmagic_value(A):- head(A,oq),magic(oq).\nmagic_value(A):- head(A,lk),magic(lk).", "is_solution": true, "conf_matrix": [200, 0, 200, 0], "total_exec_time": 1.8251967919999998, "durations": [{"operation": "Test", "called": 1, "total": 0.018396625000000055, "mean": 0.018396625000000055, "maximum": 0.018396625000000055, "__type__": "DurationSummary"}, {"operation": "Find_Bindings_Prolog", "called": 1, "total": 0.017072167000000027, "mean": 0.017072167000000027, "maximum": 0.017072167000000027, "__type__": "DurationSummary"}, {"operation": "Generate", "called": 1, "total": 0.00034787499999988647, "mean": 0.00034787499999988647, "maximum": 0.00034787499999988647, "__type__": "DurationSummary"}], "__type__": "ProgramStats"}, "is_solution": true, "stats_file": "./results/list_magicvalues_multipleclauses/magicpopper/10/2/stats.json", "end": true, "__type__": "Stats"}