{"log_best_programs": true, "num_literals": 0, "total_programs": 38, "total_rules": 0, "total_ground_rules": 0, "durations": {"generate": [0.0007141669999999878, 0.00031491699999997014, 0.0005916250000000955, 0.0009468329999999803, 0.000283417000000008, 0.0013187500000000352, 0.00024283300000005337, 0.0003610419999999781, 0.0003522920000000873, 0.00031012500000004994, 0.00016379199999994043, 0.0003442089999999842, 0.004101707999999982, 0.000145874999999962, 0.0001570410000000244, 0.00012029199999996631, 0.00011700000000003374, 0.00011708299999990679, 0.0006940840000000392, 0.0015462499999999713, 0.00040004199999998935, 0.00029412500000003394, 0.00022695800000005484, 0.0020059160000001075, 0.0009767500000000817, 0.005259292000000082, 0.0003909160000000744, 0.0003618329999999226, 0.00018020800000007053, 0.0017599999999999838, 0.00029045799999993793, 0.0007487080000000423, 0.0017535830000000585, 0.00024725000000003217, 0.0002897910000000392, 0.00024249999999992333, 0.0009596660000000812, 0.00013687499999992525, 0.181646584], "find_bindings_prolog": [0.013326457999999985, 0.0009678749999999514, 0.0012842499999999868, 0.0009144159999999735, 0.0015760410000000835, 0.0009017080000000011, 0.0009693339999999884, 0.0010769170000000106, 0.0005525419999999892, 0.0009725830000000268, 0.0005125420000000602, 0.001205458000000048, 0.0005005840000000816, 0.00041604100000003363, 0.0004261669999999773, 0.000388333000000074, 0.0004918339999999688, 0.001657957999999904, 0.0017757080000000425, 0.000757292000000076, 0.0004356660000000012, 0.0005281670000000238, 0.0012791250000000476, 0.001980957999999977, 0.0009872919999999175, 0.001205042000000045, 0.001431750000000065, 0.0009055000000000035, 0.0009433749999999685, 0.0009274160000000142, 0.0008671249999999686, 0.0008165409999999484, 0.0007891249999999461, 0.000813957999999948, 0.0008921670000000548, 0.0007962499999999428, 0.0007792909999999598], "test": [0.014468291999999938, 0.00041749999999995957, 0.001281457999999902, 0.001549124999999929, 0.0017448330000000567, 0.002101624999999996, 0.00158349999999996, 0.0016824999999999202, 0.00218512500000001, 0.000834208000000003, 0.0013842499999999758, 0.0006933330000000737, 0.001393791000000033, 0.0007719999999999949, 0.000565624999999903, 0.000675416999999956, 0.000533292000000074, 0.0008218749999999719, 0.003130083999999922, 0.0036717499999999736, 0.0013378750000000439, 0.0006981669999999163, 0.0008922080000000054, 0.001788208999999985, 0.0031996249999999282, 0.0020563340000000485, 0.0022460420000000036, 0.0023788750000000025, 0.0019461670000000542, 0.0023717079999999724, 0.0019647910000000213, 0.001890916999999992, 0.0015452499999999425, 0.0016257499999999814, 0.0016034590000000293, 0.0017091670000000114, 0.0015880420000000672, 0.0015575829999999735], "combine": [0.0038435829999999838, 5.00000000069889e-07, 0.0034283330000000056, 4.580000000364848e-07, 4.580000000364848e-07, 0.0024249160000000547, 5.419999999922709e-07, 4.5900000000820285e-07, 8.329999999778792e-07, 4.1699999997479864e-07, 5.00000000069889e-07, 3.7500000005241674e-07, 5.829999999429347e-07, 4.580000000364848e-07, 3.7500000005241674e-07, 3.7500000005241674e-07, 3.7499999994139444e-07, 4.1600000000308057e-07, 1.5829999999716904e-06, 1.3329999999367459e-06, 4.999999999588667e-07, 3.7500000005241674e-07, 4.5900000000820285e-07, 1.2500000000637002e-06, 1.5419999999100042e-06, 4.999999999588667e-07, 4.999999999588667e-07, 4.999999999588667e-07, 4.5900000000820285e-07, 6.249999999763389e-07, 4.999999999588667e-07, 4.999999999588667e-07, 4.999999999588667e-07, 4.999999999588667e-07, 4.580000000364848e-07, 4.999999999588667e-07, 4.579999999254625e-07, 4.580000000364848e-07], "constrain": [0.0010347500000000842, 0.0012457920000000788, 0.0014206669999999866, 0.00012791599999995018, 0.0027311250000000564, 0.0003390830000000733, 0.009894041999999992, 0.0002382919999999178, 0.0015507080000000117, 0.0009068749999999737, 0.001093291999999968, 0.0008750419999999925, 0.00030129200000006406, 0.0003130000000000077, 0.0002710830000000053, 0.0003079169999999909, 0.00026808300000003005, 0.0003287080000000664, 0.0016723750000000592, 0.012978041999999967, 0.0006486249999999583, 0.0008922080000000054, 0.001001875000000041, 0.000988082999999973, 0.000921958000000056, 0.0007122080000000475, 0.0005352920000000205, 0.0005538330000000036, 0.0005341249999999409, 0.0003586669999999792, 0.0005321249999999944, 0.0003244170000000768, 0.0004774170000000355, 0.0004704999999999293, 0.00046441699999999475, 0.0004772079999999512, 0.000177874999999994, 0.00017354200000008202]}, "final_exec_time": 0.44178449999999997, "stages": [], "best_programs": [], "solution": {"code": "next_control(A,white):- true_control(A,black).\nnext_control(A,black):- true_control(A,white).", "is_solution": true, "conf_matrix": [13, 0, 13, 0], "total_exec_time": 0.441779958, "durations": [{"operation": "Test", "called": 6, "total": 0.02156283299999978, "mean": 0.0035938054999999636, "maximum": 0.014468291999999938, "__type__": "DurationSummary"}, {"operation": "Find_Bindings_Prolog", "called": 5, "total": 0.01806903999999998, "mean": 0.003613807999999996, "maximum": 0.013326457999999985, "__type__": "DurationSummary"}, {"operation": "Combine", "called": 5, "total": 0.007273332000000132, "mean": 0.0014546664000000264, "maximum": 0.0038435829999999838, "__type__": "DurationSummary"}, {"operation": "Constrain", "called": 5, "total": 0.006560250000000156, "mean": 0.0013120500000000312, "maximum": 0.0027311250000000564, "__type__": "DurationSummary"}, {"operation": "Generate", "called": 6, "total": 0.004169709000000077, "mean": 0.0006949515000000128, "maximum": 0.0013187500000000352, "__type__": "DurationSummary"}], "__type__": "ProgramStats"}, "is_solution": true, "stats_file": "./results/iggp-gt-centipede-next/magicpopper_all/0/stats.json", "end": true, "__type__": "Stats"}