{"log_best_programs": true, "num_literals": 0, "total_programs": 77, "total_rules": 0, "total_ground_rules": 0, "durations": {"generate": [0.00030358299999999616, 0.00015254100000006154, 0.00019962499999992556, 0.0003809159999998979, 0.00011066699999995322, 0.0006721670000000568, 0.00023741700000012855, 0.00022379200000011146, 0.0006466670000000452, 0.00046808399999997974, 0.00037716699999990055, 0.0002513749999999426, 0.00026045800000007446, 0.0005374160000000128, 0.00017633299999997298, 0.00024912499999985016, 0.0001942919999999848, 0.00022908400000010154, 0.00019566599999998324, 0.0007674159999999652, 0.00015154099999992177, 0.0001707079999999639, 0.0001582499999999154, 0.00047916699999994705, 0.0004903339999999812, 0.0001842079999998525, 0.0001839580000000396, 0.000183083999999889, 0.00017504099999987588, 0.000345209000000013, 0.00021970799999992963, 0.00018095800000006435, 0.0002038749999999645, 0.0001771250000000002, 0.00027162500000033063, 0.0001774580000000192, 0.00020587499999979997, 0.00017991699999964084, 0.00019500000000016726, 0.002366041000000152, 0.00021266699999999972, 0.00017679199999998119, 0.00019954199999983047, 0.00030420799999975046, 0.00047708400000034956, 0.0004313339999999499, 0.0001385420000001858, 0.0001789579999997848, 0.00013129199999983854, 0.00016266700000011625, 0.00015716699999979156, 0.00016391599999998618, 0.00014825000000007194, 0.00012975000000015058, 0.00021370799999997914, 0.00024999999999986144, 0.00016837499999988736, 0.00018429200000014134, 0.0002087920000000132, 0.00017962499999990555, 0.0001666250000003089, 0.0001402079999999195, 0.00018124999999979963, 0.00016595800000018812, 0.0002362499999999379, 0.0001447500000000268, 0.0005612080000001463, 0.00015162499999998857, 0.0007532500000002607, 0.0001627079999999559, 0.0002807910000002245, 0.00014695899999983553, 0.0001510829999999963, 0.0001985000000002124, 0.00015641699999990877, 0.0001767500000000588, 0.00016583300000005963, 0.0026977500000002763], "find_bindings_prolog": [0.03907358299999997, 0.08962912499999987, 0.026942374999999963, 0.030400166000000173, 0.09722641700000012, 0.017471915999999865, 0.026815915999999884, 0.0892302089999999, 0.08668349999999991, 0.025377292000000162, 0.024988958000000006, 0.01471204199999998, 0.02651179199999998, 0.02692233300000013, 0.028059000000000056, 0.01821124999999979, 0.028078458999999834, 0.030747083000000064, 0.03134491600000011, 0.032078958000000046, 0.03256658400000001, 0.0019936659999999495, 0.0022065, 0.10366462499999995, 0.1054157499999997, 0.030005041999999982, 0.031415791999999776, 0.09241987500000004, 0.09276324999999996, 0.030731041999999764, 0.02898570900000008, 0.011626666000000174, 0.09043404200000005, 0.08608025000000019, 0.08426783299999974, 0.08335233300000011, 0.0027818749999997117, 0.0024020000000000152, 0.001732542000000059, 0.026880874999999804, 0.002426458000000409, 0.028032708000000017, 0.0017750839999997048, 0.003622666000000052, 0.002050582999999939, 0.0038037499999998836, 0.0020478749999996992, 0.0017695410000002632, 0.0024602909999997813, 0.002425791000000288, 0.0025094999999999423, 0.0017447910000001343, 0.0017103330000001193, 0.0027667920000000734, 0.0030319999999997016, 0.003603792000000272, 0.002502208000000117, 0.003300041999999781, 0.002767250000000221, 0.012277833999999821, 0.01246379200000014, 0.0017814999999998804], "test": [0.03979487500000001, 0.0005087919999999801, 0.09089783299999998, 0.0012138329999999975, 0.0009768339999998155, 0.02754287500000019, 0.031124208000000042, 0.09880345800000012, 0.018013499999999905, 0.02745708399999991, 0.09076008299999994, 0.0881737090000001, 0.02584320799999995, 0.02562191700000005, 0.01516629199999997, 0.027403084000000133, 0.027828874999999975, 0.02898500000000004, 0.018948999999999883, 0.0006576670000000284, 0.017140249999999968, 0.001022207999999969, 0.0005882909999999075, 0.02866533299999996, 0.031326292000000144, 0.03196858299999983, 0.032673916000000025, 0.03314545899999999, 0.002206083999999997, 0.002620457999999992, 0.10557800000000017, 0.10712029199999984, 0.030769999999999964, 0.03220229099999994, 0.0940874169999999, 0.09444287500000037, 0.031539541999999976, 0.029792958999999897, 0.012127250000000256, 0.09218341600000013, 0.08764954199999986, 0.08584604200000001, 0.08485079200000012, 0.002975249999999985, 0.0025919999999999277, 0.0019419160000002655, 0.1170517499999999, 0.02748429200000002, 0.0727835830000001, 0.0026312910000001466, 0.028659084000000057, 0.001979833000000042, 0.0007423750000001839, 0.12327187499999992, 0.0038734579999997187, 0.002288875000000079, 0.004043499999999867, 0.002282040999999957, 0.5187534999999999, 0.20953895900000008, 0.0009927499999999867, 0.0008713750000000076, 0.0019842500000000207, 0.0026602499999999196, 0.0026264579999999427, 0.0027089169999996443, 0.0019520829999999378, 0.001909958000000156, 0.002968457999999785, 0.00323637500000018, 0.003803000000000001, 0.002706416999999739, 0.0034978749999998726, 0.002972374999999694, 0.012484832999999806, 0.012666625000000042, 0.001982999999999624], "combine": [0.004241207999999941, 5.410000000205528e-07, 0.0028742090000000164, 6.249999999763389e-07, 4.1600000000308057e-07, 6.659999998159805e-07, 5.840000001366974e-07, 6.249999999763389e-07, 4.1700000008582094e-07, 4.999999998478444e-07, 5.419999999922709e-07, 5.419999999922709e-07, 5.419999999922709e-07, 4.1699999986377634e-07, 4.1700000008582094e-07, 4.1699999986377634e-07, 4.999999998478444e-07, 4.999999998478444e-07, 4.5900000000820285e-07, 5.419999999922709e-07, 4.1600000000308057e-07, 4.1700000008582094e-07, 3.7499999994139444e-07, 4.999999998478444e-07, 5.419999999922709e-07, 5.839999999146528e-07, 5.00000000069889e-07, 5.00000000069889e-07, 4.1699999986377634e-07, 4.5900000000820285e-07, 6.249999999763389e-07, 5.419999999922709e-07, 5.419999999922709e-07, 5.409999999095305e-07, 5.00000000069889e-07, 5.829999998319124e-07, 5.84000000358742e-07, 5.00000000069889e-07, 0.002846665999999942, 6.249999997542943e-07, 5.419999999922709e-07, 5.419999999922709e-07, 5.00000000069889e-07, 3.7500000038548365e-07, 3.3300000001901253e-07, 5.409999999095305e-07, 3.7499999994139444e-07, 5.00000000069889e-07, 4.1699999986377634e-07, 3.339999996576637e-07, 4.999999996257998e-07, 3.339999996576637e-07, 3.7499999994139444e-07, 4.1699999986377634e-07, 4.1699999986377634e-07, 4.5799999970341787e-07, 4.580000001475071e-07, 4.5900000023024745e-07, 3.7499999994139444e-07, 3.7499999994139444e-07, 4.1700000030786555e-07, 4.1699999986377634e-07, 3.7499999994139444e-07, 3.7500000038548365e-07, 3.339999996576637e-07, 3.7499999994139444e-07, 3.340000001017529e-07, 3.7499999994139444e-07, 3.7499999994139444e-07, 3.3300000001901253e-07, 3.340000001017529e-07, 3.7499999994139444e-07, 3.3300000001901253e-07, 3.7499999994139444e-07, 3.3300000001901253e-07, 3.7499999994139444e-07, 3.340000001017529e-07],