{"log_best_programs": true, "num_literals": 0, "total_programs": 18, "total_rules": 0, "total_ground_rules": 0, "durations": {"generate": [0.0004952500000000026, 0.000589209000000035, 0.0005499999999999949, 0.0015358329999999865, 0.0013005409999999884, 0.0005623329999999704, 0.0008693329999999722, 0.0011211250000000006, 0.0003962499999999869, 0.0003294580000000047, 0.00031158300000000416, 0.00030879100000003046, 0.0033086660000000157, 0.0004029999999999867, 0.0009652079999999952, 0.0008424170000000397, 0.0017653750000000135, 0.0023336670000000392], "test": [0.02119475000000004, 0.00036041700000000176, 0.0003639170000000469, 0.000405875, 0.0003990409999999889, 0.00036200000000002897, 0.00042804200000001735, 0.00042441599999998303, 0.00040050000000002584, 0.0004914999999999781, 0.000359749999999992, 0.00040766700000000045, 0.0003853749999999656, 0.00037858400000001513, 0.000417875000000012, 0.0004179169999999899, 0.0004218749999999605, 0.0006737920000000064], "combine": [6.670000000097431e-07, 5.829999999984459e-07, 4.1600000000308057e-07, 4.5799999998097363e-07, 5.419999999922709e-07, 4.170000000303098e-07, 4.5799999998097363e-07, 4.5900000000820285e-07, 5.42000000047782e-07, 4.5799999998097363e-07, 4.1600000000308057e-07, 4.999999999588667e-07, 4.1600000000308057e-07, 4.1699999997479864e-07, 3.749999999969056e-07, 4.170000000303098e-07, 3.7500000005241674e-07], "constrain": [0.0011785409999999774, 0.00013299999999999423, 0.0012162090000000236, 0.001549624999999999, 0.00030808399999998626, 0.0002967500000000123, 0.003587958000000002, 0.0002967500000000123, 0.00030566600000003774, 0.00029033299999997597, 0.00028529199999999255, 0.00029362499999996405, 0.00030729199999995904, 0.00029412499999997843, 0.0005613340000000244, 0.0005567919999999726, 0.0002522500000000094]}, "final_exec_time": 0.10926325000000003, "stages": [], "best_programs": [], "solution": {"code": "f(A,B):- head(A,B).\nf(A,B):- tail(A,C),f(C,B).", "is_solution": true, "conf_matrix": [10, 0, 10, 0], "total_exec_time": 0.10926166600000004, "durations": [{"operation": "Test", "called": 18, "total": 0.028293293000000053, "mean": 0.0015718496111111141, "maximum": 0.02119475000000004, "__type__": "DurationSummary"}, {"operation": "Generate", "called": 18, "total": 0.017988039000000067, "mean": 0.0009993355000000037, "maximum": 0.0033086660000000157, "__type__": "DurationSummary"}, {"operation": "Constrain", "called": 17, "total": 0.011713625999999921, "mean": 0.0006890368235294072, "maximum": 0.003587958000000002, "__type__": "DurationSummary"}, {"operation": "Combine", "called": 17, "total": 7.916000000052215e-06, "mean": 4.656470588266009e-07, "maximum": 6.670000000097431e-07, "__type__": "DurationSummary"}], "__type__": "ProgramStats"}, "is_solution": true, "stats_file": "./results/member/popper/8/stats.json", "end": true, "__type__": "Stats"}