{"log_best_programs": true, "num_literals": 0, "total_programs": 96, "total_rules": 0, "total_ground_rules": 0, "durations": {"generate": [0.0004150410000000049, 0.00025570799999996563, 0.00026404200000001987, 0.00031733400000000245, 0.0002374159999999903, 0.0004333750000000136, 0.00011241699999997579, 0.00012587499999999752, 0.000181874999999998, 0.0002627080000000004, 0.00019125000000003167, 0.0001579580000000136, 0.00015020799999998502, 0.00018724999999997216, 0.00018191600000000419, 0.00039829099999999507, 0.00029400000000001647, 0.0001754580000000172, 0.0001479160000000257, 0.00016929099999996033, 0.00014324999999998367, 0.00016324999999994816, 0.00018862499999999782, 0.00013408300000000706, 0.0002754580000000062, 0.0001434999999999631, 0.00015008299999996755, 0.00017979200000001194, 0.0001662919999999568, 0.00014095800000002434, 0.0001603330000000125, 0.00014900000000001024, 0.00014154099999996728, 0.00014366700000001398, 0.00014216599999999913, 0.0001870409999999989, 0.00014170800000001815, 0.00018333300000000774, 0.0001387080000000429, 0.0001419589999999693, 0.0001479580000000036, 0.00017008400000001478, 0.00018129099999997234, 0.00015012500000000095, 0.00018724999999997216, 0.0002199170000000139, 0.00018883399999997108, 0.0005277909999999997, 0.0003762920000000003, 0.0008024169999999997, 0.00017624999999998892, 0.00022720799999997876, 0.00017595799999992057, 0.0001594159999999123, 0.0002639580000000086, 0.00028204199999992685, 0.00032445800000002745, 0.00026841699999990976, 0.0002338330000000166, 0.00014212499999999295, 0.00014937500000000714, 0.00013883299999994936, 0.00014574999999994454, 0.00013833400000007323, 0.00015766699999997247, 0.00014645799999990494, 0.00014579199999997794, 0.00022333299999999223, 0.00016533399999996146, 0.0003368340000000636, 0.00029687499999997424, 0.00013666600000006301, 0.00019183400000000184, 0.0001595410000000408, 0.00013525000000003118, 0.0001547079999999479, 0.0001422919999999328, 0.00014124999999998167, 0.00014408300000001706, 0.0001435419999999965, 0.00014170800000001815, 0.00042479200000000716, 0.0001399169999999339, 0.0009099169999999823, 0.00023774999999992552, 0.0007192500000000601, 0.0008538750000000039, 0.0001783340000000022, 0.00019120799999994276, 0.0003557079999999546, 0.0001679580000000236, 0.0001667920000000267, 0.0002465830000000224, 0.00016208299999997955, 0.0002398329999999671, 0.00016212500000001295, 0.001736874999999971], "find_bindings_prolog": [0.012549333999999968, 0.0011972909999999892, 0.0005986669999999972, 0.0005066249999999828, 0.0004102919999999788, 0.0004717080000000151, 0.0004374169999999955, 0.00044516700000002407, 0.0005091249999999992, 0.0005181659999999866, 0.0005366250000000128, 0.0004750000000000032, 0.0004310000000000147, 0.00045670800000002787, 0.00041837499999997085, 0.0003815420000000125, 0.00045279200000003517, 0.0005228330000000003, 0.0005842080000000305, 0.0005290419999999796, 0.0004875840000000409, 0.0004677080000000111, 0.00046000000000001595, 0.0004560410000000181, 0.000505957999999973, 0.0005107500000000043, 0.0004931249999999832, 0.0005334579999999867, 0.0004547909999999544, 0.0005775840000000199, 0.0005658339999999873, 0.0004848749999999957, 0.0005184589999999711, 0.0005157919999999594, 0.0008071250000000196, 0.0005232500000000306, 0.00048804200000002185, 0.0005501660000000186, 0.00044895900000002653, 0.0005495830000000201, 0.0005085830000000069, 0.0004819169999999984, 0.0005990000000000162, 0.00042999999999998595, 0.0005780409999999736, 0.0005085420000000007, 0.0005507090000000381, 0.0004942090000000232, 0.0004985000000000128, 0.0005558339999999218, 0.000553542000000018, 0.0005978329999999366, 0.0005432909999999458, 0.0004685829999999669, 0.0005337920000000329, 0.0005547089999999866, 0.0005243750000000214, 0.0005245829999999119, 0.00048650000000005633, 0.00048816700000009483, 0.0005144580000000509, 0.00047879100000003394, 0.00045233300000002696, 0.000445542000000021, 0.0005251659999999658, 0.0005239579999999355, 0.0005007499999999387, 0.0006001660000000131, 0.0005651660000000058, 0.0006011249999999801, 0.0005796249999999725, 0.0005344160000000375, 0.0004775000000000196, 0.0005768329999999988, 0.0005192920000000045, 0.0005181670000000693, 0.0004918749999999195, 0.0005240840000000357, 0.0004553330000000022, 0.00047845899999998664, 0.0005087079999999133, 0.00045666699999991067, 0.0005239590000000183, 0.0010807500000000747, 0.0006494169999999855, 0.0006125829999999999, 0.0005555420000000755, 0.0005614999999999926, 0.0005781659999999356, 0.0005027079999999629, 0.0006137499999999685, 0.0005252500000000326, 0.0004894169999999365, 0.000582207999999973, 0.0004868329999999643, 0.0005484590000000011], "test": [0.012944417000000041, 0.002142749999999971, 0.000877624999999993, 0.0007722909999999805, 0.0006724169999999807, 0.000766415999999992, 0.0006030829999999487, 0.000733750000000033, 0.0009514580000000161, 0.0008177910000000121, 0.000827750000000016, 0.0007649159999999489, 0.0007175839999999933, 0.00074362499999997, 0.0007049580000000333, 0.0005473750000000166, 0.0006366250000000018, 0.0008457920000000119, 0.0009171669999999965, 0.0008512090000000194, 0.0008085840000000011, 0.0006482920000000503, 0.0006405419999999662, 0.000636208000000027, 0.0008263330000000124, 0.000829499999999983, 0.0008102910000000185, 0.0008517080000000066, 0.0007706249999999693, 0.0008945000000000203, 0.000890834000000007, 0.000804708999999959, 0.0008348750000000127, 0.000831833000000004, 0.0011248750000000252, 0.0008399580000000295, 0.0008045000000000413, 0.000865958, 0.0007617919999999834, 0.0008638750000000139, 0.000823292000000031, 0.0007927079999999753, 0.0007822499999999843, 0.0006247080000000294, 0.0009016249999999615, 0.0009887080000000048, 0.0012250830000000157, 0.0008089169999999646, 0.0008189160000000029, 0.0010918749999999644, 0.0012888340000000165, 0.0009680409999999195, 0.0010739170000000353, 0.0006658330000000046, 0.0008827919999999656, 0.0009092079999999392, 0.0008780420000000788, 0.000878208000000047, 0.0006843330000000369, 0.0006834589999999974, 0.0007077089999999453, 0.0006743750000000048, 0.0006486250000000693, 0.0006409169999999076, 0.0007194160000000283, 0.000723417000000004, 0.0006970420000000921, 0.0009498340000000383, 0.0009159999999999169, 0.0009506250000000938, 0.0009283749999999813, 0.000729624999999956, 0.000673291999999992, 0.0009205420000000242, 0.0007124170000000207, 0.000714291000000089, 0.0006882499999999458, 0.0007197089999999573, 0.0006494580000000472, 0.0006723750000000583, 0.0007032089999999824, 0.0006545000000000023, 0.0007207909999999984, 0.0017316250000000144, 0.0008785830000000994, 0.0010060419999999848, 0.0009398750000000344, 0.001135499999999956, 0.0013705829999999253, 0.0007171250000000962, 0.0009930839999999774, 0.0009030829999999712, 0.0007041669999999778, 0.0009617499999999835, 0.0006998340000000658, 0.0009272500000000461],