{"log_best_programs": true, "num_literals": 0, "total_programs": 8, "total_rules": 0, "total_ground_rules": 0, "durations": {"generate": [0.0003906250000000888, 0.0006018749999998629, 0.0013953330000000541, 0.0011723329999999699, 0.0018496249999999659, 0.000696083000000014, 0.0008264590000000016, 0.0016212910000001912, 0.00027650000000001285], "find_bindings_prolog": [0.017655541000000108, 0.03528212499999994, 0.13235845899999998, 0.14839954099999986, 0.15938425, 0.14444066700000002], "test": [0.019013957999999942, 0.04848058299999991, 0.01777083299999993, 0.13265841700000003, 0.14871991699999998, 0.019889000000000046, 0.15993199999999996, 0.14477774999999982], "combine": [0.006577832999999922, 0.004058374999999836, 5.00000000069889e-07, 6.669999998987208e-07, 6.249999999763389e-07, 4.580000001475071e-07, 5.419999999922709e-07, 6.670000001207654e-07], "constrain": [0.001517458000000138, 0.002200959000000058, 0.00039962500000001455, 0.0029919170000001216, 0.005123959000000067, 0.0018381249999999127, 0.0054157500000000525, 0.001576542000000014]}, "final_exec_time": 1.971572458, "stages": [], "best_programs": [], "solution": {"code": "magic_value(A):- head(A,pb),magic(pb).\nmagic_value(A):- head(A,pu),magic(pu).\nmagic_value(A):- head(A,lk),magic(lk).\nmagic_value(A):- head(A,gr),magic(gr).\nmagic_value(A):- head(A,b),magic(b).\nmagic_value(A):- head(A,is),magic(is).\nmagic_value(A):- head(A,sf),magic(sf).\nmagic_value(A):- head(A,oq),magic(oq).\nmagic_value(A):- head(A,pn),magic(pn).\nmagic_value(A):- head(A,ot),magic(ot).", "is_solution": true, "conf_matrix": [200, 0, 200, 0], "total_exec_time": 1.9715702499999999, "durations": [{"operation": "Test", "called": 1, "total": 0.019013957999999942, "mean": 0.019013957999999942, "maximum": 0.019013957999999942, "__type__": "DurationSummary"}, {"operation": "Find_Bindings_Prolog", "called": 1, "total": 0.017655541000000108, "mean": 0.017655541000000108, "maximum": 0.017655541000000108, "__type__": "DurationSummary"}, {"operation": "Generate", "called": 1, "total": 0.0003906250000000888, "mean": 0.0003906250000000888, "maximum": 0.0003906250000000888, "__type__": "DurationSummary"}], "__type__": "ProgramStats"}, "is_solution": true, "stats_file": "./results/list_magicvalues_multipleclauses/magicpopper/10/7/stats.json", "end": true, "__type__": "Stats"}