{"log_best_programs": true, "num_literals": 0, "total_programs": 30, "total_rules": 0, "total_ground_rules": 0, "durations": {"generate": [0.0004202500000001219, 0.0003457909999999842, 0.00040454200000006324, 0.0003463750000001209, 0.00045037500000000286, 0.0003335830000001927, 0.00033124999999989413, 0.0003739590000000348, 0.00033466699999973315, 0.00031691700000013867, 0.00037924999999994213, 0.0003765000000002239, 0.00040566600000024877, 0.0003577909999998852, 0.00040208400000096844, 0.000591249999999377, 0.00034833399999989467, 0.0003312500000003382, 0.0003508340000006882, 0.0004125410000010987, 0.00040170900000013887, 0.00044741700000017204, 0.0003955830000013094, 0.0003397090000003544, 0.000462125000000313, 0.0004120839999988135, 0.0002978339999994972, 0.0007808750000002362, 0.00047416700000013634, 0.00040304200000029766, 0.00017416700000083551], "test": [0.031085208000000142, 0.04796591699999997, 0.005553833999999869, 0.1902130420000001, 0.19159149999999991, 0.046569291999999596, 0.005427332999999646, 0.004626624999999773, 0.0043116669999996304, 0.008063250000000188, 0.008119250000000022, 0.016574042000000233, 0.19734462499999994, 1.1484208750000002, 0.0467771250000002, 0.0054888749999992825, 0.004967332999999741, 0.004931084000000752, 0.0082422090000005, 0.06358758300000034, 0.19291104100000034, 0.006206041999998746, 0.009948916999999113, 0.017704792000001746, 0.00846795899999897, 0.0096113330000005, 0.00874954100000025, 4.133291042, 0.016025624999999266, 0.13216783399999876], "combine": [6.249999999763389e-07, 0.014288166999999907, 4.1700000008582094e-07, 0.022930000000000117, 7.080000004044962e-07, 0.023522042000000187, 4.580000001475071e-07, 4.5799999970341787e-07, 3.7500000038548365e-07, 4.5799999970341787e-07, 6.250000001983835e-07, 0.030988333999999895, 4.999999996257998e-07, 5.221817874999999, 5.419999986600033e-07, 4.5900000067433666e-07, 4.589999988979798e-07, 4.1700000075195476e-07, 4.5799999881523945e-07, 5.409999985772629e-07, 5.000000005139782e-07, 4.169999989755979e-07, 5.839999985823852e-07, 5.419999986600033e-07, 4.580000005915963e-07, 4.999999987376214e-07, 4.169999989755979e-07, 7.499999998827889e-07, 7.090000000431473e-07, 0.059337415999999976], "constrain": [0.00143304199999994, 0.0012135000000002005, 0.0012315419999999744, 0.00016483299999991985, 0.0013456670000002724, 0.0001807089999998901, 0.0014789580000003077, 0.0002599580000000046, 0.0001967920000001122, 0.0002079170000000019, 0.00021916599999993736, 0.00021283299999996785, 0.00012687500000030383, 0.00016179200000010496, 0.00012320799999976373, 0.0002172090000005511, 0.00021287500000077841, 0.00020608300000013458, 0.0002163749999990472, 0.00015283399999965752, 0.0001459999999990913, 0.00023491600000014046, 0.0001959170000009891, 0.00019587500000106672, 0.0003152090000000385, 0.0002347920000005388, 0.00020825000000002092, 0.0015470000000004092, 0.002185457999999585, 0.00016320800000002578], "find_bindings_prolog": [0.047555875000000025, 0.005314582999999873, 0.18985850000000015, 0.1911768749999998, 0.04612687499999968, 0.00517979199999985, 0.00438987500000021, 0.004063292000000107, 0.007834082999999659, 0.007861499999999744, 0.016082583000000206, 0.19675762500000005, 1.0123140830000001, 0.04595366699999914, 0.00522479099999984, 0.004725708000000495, 0.004691583000001387, 0.007993917000000295, 0.06299541700000155, 0.19230887500000016, 0.005817332999999536, 4.1327398330000005, 0.13140433399999907], "inconsistent thingy": [6.041999998984693e-06]}, "final_exec_time": 13.472301084000001, "stages": [], "best_programs": [], "solution": {"code": "magic_value(A):- tail(A,B),magic_value(B).\nmagic_value(A):- head(A,c7),magic(c7).", "is_solution": true, "conf_matrix": [1000, 0, 1000, 0], "total_exec_time": 13.472299334, "durations": [{"operation": "Test", "called": 30, "total": 6.574944794999998, "mean": 0.21916482649999994, "maximum": 4.133291042, "__type__": "DurationSummary"}, {"operation": "Find_Bindings_Prolog", "called": 23, "total": 6.328370999000001, "mean": 0.2751465651739131, "maximum": 4.1327398330000005, "__type__": "DurationSummary"}, {"operation": "Combine", "called": 29, "total": 5.313558794999991, "mean": 0.18322616534482727, "maximum": 5.221817874999999, "__type__": "DurationSummary"}, {"operation": "Constrain", "called": 29, "total": 0.01482558500000275, "mean": 0.000511227068965612, "maximum": 0.002185457999999585, "__type__": "DurationSummary"}, {"operation": "Generate", "called": 30, "total": 0.01202775400000422, "mean": 0.00040092513333347404, "maximum": 0.0007808750000002362, "__type__": "DurationSummary"}, {"operation": "Inconsistent Thingy", "called": 1, "total": 6.041999998984693e-06, "mean": 6.041999998984693e-06, "maximum": 6.041999998984693e-06, "__type__": "DurationSummary"}], "__type__": "ProgramStats"}, "is_solution": true, "stats_file": "./results/list_example/magicpopper_types/1000/2/stats.json", "end": true, "__type__": "Stats"}