{"log_best_programs": true, "num_literals": 0, "total_programs": 18, "total_rules": 0, "total_ground_rules": 0, "durations": {"generate": [0.0005434580000000522, 0.000642666000000014, 0.0005737080000000061, 0.0015790410000000032, 0.001286290999999995, 0.0007153340000000119, 0.0016523330000000058, 0.0004021659999999816, 0.00045800000000001395, 0.0003066250000000048, 0.0003051669999999951, 0.00033916600000000185, 0.0037057090000000015, 0.0016058750000000344, 0.0031806669999999704, 0.0004838750000000225, 0.0007612499999999911, 0.004601999999999995], "test": [0.02069841699999997, 0.0004426670000000077, 0.0004062499999999969, 0.0005160840000000277, 0.0003982499999999889, 0.00043608300000003153, 0.00040883299999999734, 0.00035658399999999313, 0.0003970420000000141, 0.00035162499999996655, 0.00035416700000001633, 0.00034570899999997184, 0.0004242919999999928, 0.0004899170000000064, 0.00047079199999999766, 0.0003952910000000198, 0.0004324579999999689, 0.0006947079999999883], "combine": [7.080000000159181e-07, 6.250000000318501e-07, 0.0022412079999999945, 5.000000000143778e-07, 5.000000000143778e-07, 3.749999999969056e-07, 4.5900000000820285e-07, 3.749999999969056e-07, 3.749999999969056e-07, 4.1600000000308057e-07, 3.3300000001901253e-07, 3.749999999969056e-07, 5.000000000143778e-07, 4.5799999998097363e-07, 4.170000000303098e-07, 4.5900000000820285e-07, 3.749999999969056e-07], "constrain": [0.0011392080000000027, 0.00014229199999998832, 0.0012162499999999743, 0.00031408300000002054, 0.00031199999999997896, 0.0017846250000000397, 0.0003013749999999926, 0.0002939169999999769, 0.0002907080000000284, 0.00028612500000002594, 0.0002885829999999534, 0.0002855839999999499, 0.00026133300000003024, 0.0005738750000000015, 0.0003098330000000371, 0.000302666000000007, 0.0005619590000000008]}, "final_exec_time": 0.11858375000000002, "stages": [], "best_programs": [], "solution": {"code": "f(A,B):- tail(A,C),f(C,B).\nf(A,B):- head(A,B).", "is_solution": true, "conf_matrix": [10, 0, 10, 0], "total_exec_time": 0.11858237499999999, "durations": [{"operation": "Test", "called": 18, "total": 0.028019168999999955, "mean": 0.0015566204999999974, "maximum": 0.02069841699999997, "__type__": "DurationSummary"}, {"operation": "Generate", "called": 18, "total": 0.0231433310000001, "mean": 0.0012857406111111166, "maximum": 0.004601999999999995, "__type__": "DurationSummary"}, {"operation": "Constrain", "called": 17, "total": 0.008664416000000008, "mean": 0.0005096715294117651, "maximum": 0.0017846250000000397, "__type__": "DurationSummary"}, {"operation": "Combine", "called": 17, "total": 0.0022484580000001197, "mean": 0.0001322622352941247, "maximum": 0.0022412079999999945, "__type__": "DurationSummary"}], "__type__": "ProgramStats"}, "is_solution": true, "stats_file": "./results/member/popper/2/stats.json", "end": true, "__type__": "Stats"}