{"log_best_programs": true, "num_literals": 0, "total_programs": 8, "total_rules": 0, "total_ground_rules": 0, "durations": {"generate": [0.00039479099999994993, 0.0006030830000001153, 0.0013322499999999238, 0.0012340829999999414, 0.0014966250000001402, 0.0005522909999999825, 0.0008543749999998518, 0.0014913750000000725, 0.0014500420000000958], "find_bindings_prolog": [0.033888250000000175, 0.03512908299999995, 0.14399525000000013, 0.154652625, 0.15807241700000008, 0.1520879169999998], "test": [0.04091599999999995, 0.048024332999999864, 0.01964533299999993, 0.1443079169999999, 0.154984625, 0.020472999999999963, 0.15857479200000002, 0.15244716700000005], "combine": [0.09235754200000001, 0.005835875000000046, 5.419999999922709e-07, 6.659999998159805e-07, 6.660000000380251e-07, 5.419999999922709e-07, 5.419999999922709e-07, 5.409999999095305e-07], "constrain": [0.0016684580000001503, 0.002326916999999984, 0.0004202920000000443, 0.003058000000000005, 0.0051681659999998075, 0.0018653340000001073, 0.0018427089999999424, 0.005065333000000116]}, "final_exec_time": 2.182031875, "stages": [], "best_programs": [], "solution": {"code": "magic_value(A):- head(A,jk),magic(jk).\nmagic_value(A):- head(A,hz),magic(hz).\nmagic_value(A):- head(A,ln),magic(ln).\nmagic_value(A):- head(A,pq),magic(pq).\nmagic_value(A):- head(A,ma),magic(ma).\nmagic_value(A):- head(A,ck),magic(ck).\nmagic_value(A):- head(A,mn),magic(mn).\nmagic_value(A):- head(A,j),magic(j).\nmagic_value(A):- head(A,ku),magic(ku).\nmagic_value(A):- head(A,aa),magic(aa).\nmagic_value(A):- head(A,od),magic(od).\nmagic_value(A):- head(A,bq),magic(bq).\nmagic_value(A):- head(A,sb),magic(sb).\nmagic_value(A):- head(A,oq),magic(oq).\nmagic_value(A):- head(A,oh),magic(oh).\nmagic_value(A):- head(A,ks),magic(ks).\nmagic_value(A):- head(A,ls),magic(ls).\nmagic_value(A):- head(A,rv),magic(rv).\nmagic_value(A):- head(A,bd),magic(bd).\nmagic_value(A):- head(A,kg),magic(kg).\nmagic_value(A):- head(A,bp),magic(bp).\nmagic_value(A):- head(A,on),magic(on).\nmagic_value(A):- head(A,l),magic(l).\nmagic_value(A):- head(A,sg),magic(sg).\nmagic_value(A):- head(A,cb),magic(cb).\nmagic_value(A):- head(A,rs),magic(rs).\nmagic_value(A):- head(A,ox),magic(ox).\nmagic_value(A):- head(A,kx),magic(kx).\nmagic_value(A):- head(A,ch),magic(ch).\nmagic_value(A):- head(A,qn),magic(qn).\nmagic_value(A):- head(A,dw),magic(dw).\nmagic_value(A):- head(A,nu),magic(nu).\nmagic_value(A):- head(A,fs),magic(fs).\nmagic_value(A):- head(A,mi),magic(mi).\nmagic_value(A):- head(A,jx),magic(jx).\nmagic_value(A):- head(A,mx),magic(mx).\nmagic_value(A):- head(A,no),magic(no).\nmagic_value(A):- head(A,el),magic(el).\nmagic_value(A):- head(A,oz),magic(oz).\nmagic_value(A):- head(A,di),magic(di).\nmagic_value(A):- head(A,f),magic(f).\nmagic_value(A):- head(A,gn),magic(gn).\nmagic_value(A):- head(A,id),magic(id).\nmagic_value(A):- head(A,in),magic(in).\nmagic_value(A):- head(A,ja),magic(ja).\nmagic_value(A):- head(A,jw),magic(jw).\nmagic_value(A):- head(A,nm),magic(nm).\nmagic_value(A):- head(A,rr),magic(rr).\nmagic_value(A):- head(A,me),magic(me).\nmagic_value(A):- head(A,gz),magic(gz).\nmagic_value(A):- head(A,c),magic(c).\nmagic_value(A):- head(A,eh),magic(eh).\nmagic_value(A):- head(A,pu),magic(pu).\nmagic_value(A):- head(A,ac),magic(ac).\nmagic_value(A):- head(A,fo),magic(fo).\nmagic_value(A):- head(A,eb),magic(eb).\nmagic_value(A):- head(A,mv),magic(mv).\nmagic_value(A):- head(A,fw),magic(fw).\nmagic_value(A):- head(A,or),magic(or).\nmagic_value(A):- head(A,io),magic(io).\nmagic_value(A):- head(A,fm),magic(fm).\nmagic_value(A):- head(A,gv),magic(gv).\nmagic_value(A):- head(A,cv),magic(cv).\nmagic_value(A):- head(A,mj),magic(mj).\nmagic_value(A):- head(A,ra),magic(ra).\nmagic_value(A):- head(A,qx),magic(qx).\nmagic_value(A):- head(A,dp),magic(dp).\nmagic_value(A):- head(A,qz),magic(qz).\nmagic_value(A):- head(A,fk),magic(fk).\nmagic_value(A):- head(A,az),magic(az).\nmagic_value(A):- head(A,dh),magic(dh).\nmagic_value(A):- head(A,ri),magic(ri).\nmagic_value(A):- head(A,fv),magic(fv).\nmagic_value(A):- head(A,nr),magic(nr).\nmagic_value(A):- head(A,d),magic(d).\nmagic_value(A):- head(A,co),magic(co).\nmagic_value(A):- head(A,oe),magic(oe).\nmagic_value(A):- head(A,rz),magic(rz).\nmagic_value(A):- head(A,by),magic(by).\nmagic_value(A):- head(A,nx),magic(nx).", "is_solution": true, "conf_matrix": [200, 0, 200, 0], "total_exec_time": 2.182029125, "durations": [{"operation": "Test", "called": 1, "total": 0.04091599999999995, "mean": 0.04091599999999995, "maximum": 0.04091599999999995, "__type__": "DurationSummary"}, {"operation": "Find_Bindings_Prolog", "called": 1, "total": 0.033888250000000175, "mean": 0.033888250000000175, "maximum": 0.033888250000000175, "__type__": "DurationSummary"}, {"operation": "Generate", "called": 1, "total": 0.00039479099999994993, "mean": 0.00039479099999994993, "maximum": 0.00039479099999994993, "__type__": "DurationSummary"}], "__type__": "ProgramStats"}, "is_solution": true, "stats_file": "./results/list_magicvalues_multipleclauses/magicpopper/80/3/stats.json", "end": true, "__type__": "Stats"}