{"log_best_programs": true, "num_literals": 0, "total_programs": 1, "total_rules": 0, "total_ground_rules": 0, "durations": {"generate": [0.0006486249999999583], "find_bindings_prolog": [0.017842417], "bind": [0.022317124999999993], "test": [0.04081125000000002]}, "final_exec_time": 0.10716479200000001, "stages": [], "best_programs": [], "solution": {"code": "f([13, 50, 101, 76, 93, 11, 34, 75, 22, 97, 10, 5, 81, 65, 36, 95, 8, 84, 75, 73, 74, 18, 35],76):- magic([13, 50, 101, 76, 93, 11, 34, 75, 22, 97, 10, 5, 81, 65, 36, 95, 8, 84, 75, 73, 74, 18, 35]),magic(76).\nf([26, 12, 40, 27, 58, 39, 44, 12, 19, 18, 54, 67, 44, 96, 50, 4, 24, 76, 69, 65, 38, 29, 74, 22, 50, 6, 51, 47, 98, 17, 94, 38, 90, 36, 32, 84, 78, 82, 50, 17, 11],18):- magic([26, 12, 40, 27, 58, 39, 44, 12, 19, 18, 54, 67, 44, 96, 50, 4, 24, 76, 69, 65, 38, 29, 74, 22, 50, 6, 51, 47, 98, 17, 94, 38, 90, 36, 32, 84, 78, 82, 50, 17, 11]),magic(18).\nf([26, 85, 35, 71, 21, 6, 99, 97, 63, 47, 60, 31, 23, 88, 33, 71, 67, 37, 58, 95, 90, 5, 66, 90, 35, 71, 35, 24],90):- magic([26, 85, 35, 71, 21, 6, 99, 97, 63, 47, 60, 31, 23, 88, 33, 71, 67, 37, 58, 95, 90, 5, 66, 90, 35, 71, 35, 24]),magic(90).\nf([31, 64, 7, 28, 31, 41, 3, 44, 41, 57, 34, 92, 10, 62, 12, 44, 15, 79, 76, 36, 25, 43, 50, 79, 72, 6, 71, 57, 27, 31, 81, 35, 57, 23, 71, 98, 29, 9, 16, 23, 30, 41, 84, 53, 99, 95, 1, 53, 71],1):- magic(1),magic([31, 64, 7, 28, 31, 41, 3, 44, 41, 57, 34, 92, 10, 62, 12, 44, 15, 79, 76, 36, 25, 43, 50, 79, 72, 6, 71, 57, 27, 31, 81, 35, 57, 23, 71, 98, 29, 9, 16, 23, 30, 41, 84, 53, 99, 95, 1, 53, 71]).\nf([37, 35, 48, 72, 18, 100, 30, 101, 82, 90, 43, 60, 34, 54],30):- magic(30),magic([37, 35, 48, 72, 18, 100, 30, 101, 82, 90, 43, 60, 34, 54]).\nf([61, 32, 4, 38, 79, 52],32):- magic([61, 32, 4, 38, 79, 52]),magic(32).\nf([73, 34, 89, 98, 42, 33, 1, 14, 98, 90, 40, 81, 55, 64, 66, 19, 95, 49, 62, 33, 52, 28, 32, 29, 27, 4, 32, 22, 69, 7, 17, 10, 88, 52, 15, 90],17):- magic([73, 34, 89, 98, 42, 33, 1, 14, 98, 90, 40, 81, 55, 64, 66, 19, 95, 49, 62, 33, 52, 28, 32, 29, 27, 4, 32, 22, 69, 7, 17, 10, 88, 52, 15, 90]),magic(17).\nf([74, 18, 80, 59, 27, 94, 7, 96, 63, 56, 85, 38, 35, 6, 73, 35, 82, 58, 53, 43, 93, 55, 36, 35, 44, 18, 71, 101, 15, 40, 4, 90, 27, 81, 3, 86, 85, 28, 31, 93],58):- magic(58),magic([74, 18, 80, 59, 27, 94, 7, 96, 63, 56, 85, 38, 35, 6, 73, 35, 82, 58, 53, 43, 93, 55, 36, 35, 44, 18, 71, 101, 15, 40, 4, 90, 27, 81, 3, 86, 85, 28, 31, 93]).\nf([83, 1, 37, 38, 82, 22, 7, 50, 101, 70, 91, 63, 75, 47, 43, 24, 61, 100, 29, 64, 66, 62, 18, 8, 75],8):- magic(8),magic([83, 1, 37, 38, 82, 22, 7, 50, 101, 70, 91, 63, 75, 47, 43, 24, 61, 100, 29, 64, 66, 62, 18, 8, 75]).\nf([98, 37, 24, 3, 42, 100, 21, 71, 1, 31, 36, 85, 76, 75, 10, 47, 91, 93, 33, 14, 65, 67, 3, 10, 69, 93, 46, 5, 19, 79],24):- magic([98, 37, 24, 3, 42, 100, 21, 71, 1, 31, 36, 85, 76, 75, 10, 47, 91, 93, 33, 14, 65, 67, 3, 10, 69, 93, 46, 5, 19, 79]),magic(24).", "is_solution": true, "conf_matrix": [10, 0, 10, 0], "total_exec_time": 0.10714237500000001, "durations": [{"operation": "Test", "called": 1, "total": 0.04081125000000002, "mean": 0.04081125000000002, "maximum": 0.04081125000000002, "__type__": "DurationSummary"}, {"operation": "Bind", "called": 1, "total": 0.022317124999999993, "mean": 0.022317124999999993, "maximum": 0.022317124999999993, "__type__": "DurationSummary"}, {"operation": "Find_Bindings_Prolog", "called": 1, "total": 0.017842417, "mean": 0.017842417, "maximum": 0.017842417, "__type__": "DurationSummary"}, {"operation": "Generate", "called": 1, "total": 0.0006486249999999583, "mean": 0.0006486249999999583, "maximum": 0.0006486249999999583, "__type__": "DurationSummary"}], "__type__": "ProgramStats"}, "is_solution": true, "stats_file": "./results/member/magicpopper/7/stats.json", "end": false, "__type__": "Stats"}