{"log_best_programs": true, "num_literals": 0, "total_programs": 29, "total_rules": 0, "total_ground_rules": 0, "durations": {"generate": [0.00045445899999996264, 0.0003399589999999453, 0.00040004199999987833, 0.00036687500000009976, 0.0004840409999999906, 0.00032866699999978266, 0.00035212500000003644, 0.0005019580000000801, 0.0003259170000000644, 0.0004047910000002375, 0.0003682920000001033, 0.0003530839999998925, 0.00037654199999970217, 0.0003629159999998244, 0.00043837499999987983, 0.0005972910000000553, 0.0003370830000015701, 0.00036550000000090677, 0.0003339590000006609, 0.0003687909999996464, 0.0003704160000008727, 0.000516333000000202, 0.00036933300000008273, 0.0003271670000000171, 0.00046191700000086655, 0.00032549999999886836, 0.0004729169999997396, 0.000782625000001147, 0.00042262499999878855, 0.00023162499999784814], "test": [0.03222479200000006, 0.04002779099999998, 0.005167791999999949, 0.19851795800000005, 0.1978719579999999, 0.04435374999999997, 0.005321792000000158, 0.004234792000000098, 0.004383541999999796, 0.022812790999999777, 0.007750125000000274, 0.007667749999999973, 0.20433437500000018, 4.419699874999999, 0.03915608299999995, 0.00500854200000056, 0.004461540999999514, 0.007809500000000469, 0.00420500000000068, 0.0567617079999998, 0.2020339160000013, 0.006401833000001744, 0.017850792000000837, 0.009390249999999156, 0.00939579099999932, 0.009363249999999823, 0.012237457999999535, 4.357250875, 0.13673437500000318], "combine": [6.669999998987208e-07, 0.014948917000000117, 5.00000000069889e-07, 0.02302358300000007, 6.669999996766762e-07, 0.025335125000000236, 5.419999999922709e-07, 4.5899999978615824e-07, 4.999999996257998e-07, 0.0328737910000001, 5.00000000069889e-07, 4.580000001475071e-07, 4.999999996257998e-07, 5.4509141670000005, 6.250000001983835e-07, 4.580000005915963e-07, 5.419999986600033e-07, 4.5799999881523945e-07, 4.5799999881523945e-07, 6.250000001983835e-07, 5.420000004363601e-07, 4.999999987376214e-07, 4.580000005915963e-07, 5.000000005139782e-07, 5.420000004363601e-07, 5.830000002760016e-07, 4.580000005915963e-07, 8.329999978684555e-07, 0.059732999999997816], "constrain": [0.0011980830000000164, 0.001234583999999872, 0.0013315409999998806, 0.00017804199999993386, 0.001305458000000037, 0.00018937499999971408, 0.0016674160000000882, 0.0002531249999999652, 0.00023341700000001353, 0.0001343750000000199, 0.0002325829999998419, 0.0002150830000000603, 0.00013116699999971004, 0.0002607079999989992, 0.00011987500000110174, 0.00022279100000055507, 0.00021141600000085248, 0.00021762499999944396, 0.00020708299999938617, 0.00015879199999879745, 0.00016645799999892574, 0.00025158299999894496, 0.00019383299999908843, 0.00018925000000002967, 0.00023662500000121156, 0.0002330829999994677, 0.0003375420000004681, 0.001508624999999597, 0.001345457999999411], "find_bindings_prolog": [0.039626084000000006, 0.004925250000000103, 0.19813958399999998, 0.19744108299999974, 0.04354033399999979, 0.005060499999999912, 0.003963708000000121, 0.0041360829999996795, 0.02213370800000014, 0.007491166999999965, 0.007405208999999857, 0.203728833, 4.282797875, 0.038305833999999095, 0.004742958999999658, 0.004213875000001366, 0.0075638330000007414, 0.003961625000000524, 0.0561602919999995, 0.2014193329999987, 0.0059585000000002, 4.356681875, 0.13600008300000255]}, "final_exec_time": 17.154632125, "stages": [], "best_programs": [], "solution": {"code": "magic_value(A):- head(A,c7),magic(c7).\nmagic_value(A):- tail(A,B),magic_value(B).", "is_solution": true, "conf_matrix": [1000, 0, 1000, 0], "total_exec_time": 17.154630167, "durations": [{"operation": "Test", "called": 29, "total": 10.072429997000006, "mean": 0.34732517231034504, "maximum": 4.419699874999999, "__type__": "DurationSummary"}, {"operation": "Find_Bindings_Prolog", "called": 23, "total": 9.835397627, "mean": 0.42762598378260874, "maximum": 4.356681875, "__type__": "DurationSummary"}, {"operation": "Combine", "called": 28, "total": 5.547107957999996, "mean": 0.19811099849999986, "maximum": 5.4509141670000005, "__type__": "DurationSummary"}, {"operation": "Constrain", "called": 28, "total": 0.012819537999996022, "mean": 0.0004578406428570008, "maximum": 0.0016674160000000882, "__type__": "DurationSummary"}, {"operation": "Generate", "called": 29, "total": 0.011909500000002904, "mean": 0.0004106724137932036, "maximum": 0.000782625000001147, "__type__": "DurationSummary"}], "__type__": "ProgramStats"}, "is_solution": true, "stats_file": "./results/list_example/magicpopper_types/1000/5/stats.json", "end": true, "__type__": "Stats"}