{"log_best_programs": true, "num_literals": 0, "total_programs": 29, "total_rules": 0, "total_ground_rules": 0, "durations": {"generate": [0.0012681249999999533, 0.00016699999999997273, 0.0003857499999999625, 0.0005014999999999881, 0.0005637920000000074, 0.0005106249999999868, 0.0002743339999999872, 0.00018054099999997852, 0.0010312080000000057, 0.0003974579999999617, 0.00016379100000002422, 0.00019979200000003194, 0.0001614580000000032, 0.00020850000000000035, 0.00017091699999999266, 0.0001723750000000024, 0.00019141699999997153, 0.000167541999999965, 0.00017200000000000548, 0.00017325000000001367, 0.00023262499999998631, 0.00020929199999997206, 0.00024816699999996583, 0.0002495830000000532, 0.00021608300000003355, 0.00015079199999995518, 0.00016629200000001232, 0.0008111670000000015, 0.0004962919999999538, 0.002867916000000026], "find_bindings_prolog": [0.018111125000000006, 0.0012487910000000269, 0.0005267920000000537, 0.00043008399999999725, 0.0004714160000000023, 0.0037024580000000196, 0.0005110829999999678, 0.0004638750000000025, 0.013285624999999968, 0.0006067080000000113, 0.000493750000000015, 0.0005382919999999958, 0.0004849169999999736, 0.0004903339999999812, 0.0004887500000000378, 0.00048116700000000456, 0.00048008300000002, 0.0004849169999999736, 0.0004829159999999999, 0.0005179999999999629, 0.0005359590000000303, 0.0006028750000000027, 0.0005636669999999899, 0.0005345830000000329, 0.0004933750000000181, 0.00047333399999999193, 0.00048762499999999154, 0.0005423749999999838, 0.0005222500000000019], "test": [0.01933083400000002, 0.002358749999999965, 0.0008563330000000424, 0.0006068750000000067, 0.0007746249999999733, 0.007763832999999998, 0.0007303339999999992, 0.0006552920000000295, 0.032503875000000015, 0.0009345829999999888, 0.0007053750000000081, 0.0007583750000000333, 0.0006921659999999941, 0.0008614169999999755, 0.0008583749999999668, 0.0008493340000000349, 0.0008440000000000114, 0.0008502499999999968, 0.0008474580000000231, 0.0008937500000000265, 0.0007493339999999904, 0.0008402089999999807, 0.0007877920000000094, 0.0007501669999999683, 0.0007039580000000045, 0.0006776669999999929, 0.000691416999999972, 0.0007627080000000008, 0.000741750000000041], "combine": [0.003085416999999979, 0.0011680420000000358, 5.42000000047782e-07, 4.1699999997479864e-07, 4.1699999997479864e-07, 5.409999999650417e-07, 5.000000000143778e-07, 3.749999999969056e-07, 0.0027135410000000415, 5.410000000205528e-07, 4.1600000000308057e-07, 3.749999999969056e-07, 3.749999999969056e-07, 3.749999999969056e-07, 3.749999999969056e-07, 4.1600000000308057e-07, 3.749999999969056e-07, 4.170000000303098e-07, 3.749999999969056e-07, 4.1600000000308057e-07, 3.749999999969056e-07, 3.749999999969056e-07, 3.749999999969056e-07, 3.3300000001901253e-07, 3.749999999969056e-07, 3.749999999969056e-07, 3.749999999969056e-07, 3.749999999969056e-07, 4.1699999997479864e-07], "constrain": [0.0016302080000000219, 0.0002447080000000379, 0.00029012500000002994, 0.0003550410000000004, 0.002143375000000003, 0.00025641599999998155, 0.0005384590000000467, 0.0005332909999999913, 0.0016247500000000081, 0.000635166999999992, 0.0006372080000000002, 0.0006170420000000121, 0.0006165829999999484, 0.0006816249999999635, 0.00043925000000000214, 0.0004273750000000076, 0.000667625000000005, 0.000659958000000016, 0.0006807079999999743, 0.0006606670000000037, 0.0003902919999999588, 0.0006231250000000021, 0.0006124169999999762, 0.0005955419999999489, 0.0003826670000000032, 0.0005962500000000204, 0.0005921669999999768, 0.0006067920000000226, 0.00039358300000003066]}, "final_exec_time": 0.19473204200000002, "stages": [], "best_programs": [], "solution": {"code": "goal(A,robot,100):- my_true(A,q),my_true(A,p),my_true(A,7),magic(q),magic(100),magic(7),magic(robot),magic(p).\ngoal(A,robot,0):- not_my_true(A,q),magic(0),magic(q),magic(robot).\ngoal(A,robot,0):- not_my_true(A,p),magic(robot),magic(p),magic(0).\ngoal(A,robot,0):- not_my_true(A,r),magic(robot),magic(0),magic(r).", "is_solution": true, "conf_matrix": [22, 0, 22, 0], "total_exec_time": 0.19472929200000003, "durations": [{"operation": "Test", "called": 9, "total": 0.06558075100000005, "mean": 0.007286750111111117, "maximum": 0.032503875000000015, "__type__": "DurationSummary"}, {"operation": "Find_Bindings_Prolog", "called": 9, "total": 0.03875124900000004, "mean": 0.004305694333333338, "maximum": 0.018111125000000006, "__type__": "DurationSummary"}, {"operation": "Constrain", "called": 8, "total": 0.0059916230000001125, "mean": 0.0007489528750000141, "maximum": 0.002143375000000003, "__type__": "DurationSummary"}, {"operation": "Generate", "called": 9, "total": 0.004882874999999842, "mean": 0.0005425416666666491, "maximum": 0.0012681249999999533, "__type__": "DurationSummary"}, {"operation": "Combine", "called": 8, "total": 0.004256250999999989, "mean": 0.0005320313749999986, "maximum": 0.003085416999999979, "__type__": "DurationSummary"}], "__type__": "ProgramStats"}, "is_solution": true, "stats_file": "./results/iggp-buttons-goal/magicpopper_args/2/stats.json", "end": true, "__type__": "Stats"}