{"log_best_programs": true, "num_literals": 0, "total_programs": 8, "total_rules": 0, "total_ground_rules": 0, "durations": {"generate": [0.0003746250000000728, 0.0006320410000000276, 0.0011695410000001072, 0.0015887079999998832, 0.0013866250000000857, 0.0006740830000000475, 0.0007643749999999283, 0.0015286670000000946, 0.0005817499999998255], "find_bindings_prolog": [0.022464958000000035, 0.033692875000000067, 0.13635537499999995, 0.14593666699999996, 0.15530745899999987, 0.14544120799999982], "test": [0.025547291999999944, 0.04694137500000006, 0.018633916999999833, 0.13664925000000006, 0.02075574999999996, 0.14627783300000008, 0.15582283300000022, 0.14578274999999996], "combine": [0.018399167000000105, 0.004979583000000121, 5.840000001366974e-07, 5.83000000053957e-07, 7.920000000272154e-07, 5.419999999922709e-07, 5.84000000358742e-07, 5.409999999095305e-07], "constrain": [0.001690916999999903, 0.0023535000000001194, 0.0003922499999999829, 0.0031089589999999667, 0.0005258329999999756, 0.005161666000000009, 0.0018488750000003051, 0.0016822499999999962]}, "final_exec_time": 2.041811458, "stages": [], "best_programs": [], "solution": {"code": "magic_value(A):- head(A,nj),magic(nj).\nmagic_value(A):- head(A,hq),magic(hq).\nmagic_value(A):- head(A,lt),magic(lt).\nmagic_value(A):- head(A,de),magic(de).\nmagic_value(A):- head(A,qt),magic(qt).\nmagic_value(A):- head(A,ja),magic(ja).\nmagic_value(A):- head(A,dc),magic(dc).\nmagic_value(A):- head(A,ib),magic(ib).\nmagic_value(A):- head(A,ga),magic(ga).\nmagic_value(A):- head(A,cf),magic(cf).\nmagic_value(A):- head(A,iv),magic(iv).\nmagic_value(A):- head(A,mp),magic(mp).\nmagic_value(A):- head(A,fy),magic(fy).\nmagic_value(A):- head(A,cd),magic(cd).\nmagic_value(A):- head(A,hi),magic(hi).\nmagic_value(A):- head(A,aw),magic(aw).\nmagic_value(A):- head(A,cx),magic(cx).\nmagic_value(A):- head(A,ny),magic(ny).\nmagic_value(A):- head(A,fh),magic(fh).\nmagic_value(A):- head(A,kd),magic(kd).\nmagic_value(A):- head(A,gy),magic(gy).\nmagic_value(A):- head(A,ic),magic(ic).\nmagic_value(A):- head(A,pl),magic(pl).\nmagic_value(A):- head(A,gf),magic(gf).\nmagic_value(A):- head(A,qo),magic(qo).\nmagic_value(A):- head(A,dw),magic(dw).\nmagic_value(A):- head(A,kr),magic(kr).\nmagic_value(A):- head(A,lf),magic(lf).\nmagic_value(A):- head(A,lp),magic(lp).\nmagic_value(A):- head(A,f),magic(f).", "is_solution": true, "conf_matrix": [200, 0, 200, 0], "total_exec_time": 2.041808708, "durations": [{"operation": "Test", "called": 1, "total": 0.025547291999999944, "mean": 0.025547291999999944, "maximum": 0.025547291999999944, "__type__": "DurationSummary"}, {"operation": "Find_Bindings_Prolog", "called": 1, "total": 0.022464958000000035, "mean": 0.022464958000000035, "maximum": 0.022464958000000035, "__type__": "DurationSummary"}, {"operation": "Generate", "called": 1, "total": 0.0003746250000000728, "mean": 0.0003746250000000728, "maximum": 0.0003746250000000728, "__type__": "DurationSummary"}], "__type__": "ProgramStats"}, "is_solution": true, "stats_file": "./results/list_magicvalues_multipleclauses/magicpopper/30/0/stats.json", "end": true, "__type__": "Stats"}