{"log_best_programs": true, "num_literals": 0, "total_programs": 28, "total_rules": 0, "total_ground_rules": 0, "durations": {"generate": [0.0004372909999998953, 0.00035754199999993297, 0.00040179200000012294, 0.0003705830000000354, 0.00047091599999982137, 0.0003289580000003234, 0.00034954099999984223, 0.00040087499999996723, 0.0003256669999998074, 0.00033612500000002044, 0.0003187080000000009, 0.000343749999999865, 0.0003877910000000817, 0.00045970800000016965, 0.00046825000000083605, 0.0005591670000004711, 0.0003542080000009662, 0.0004134160000006659, 0.0003204580000009116, 0.0003875830000001912, 0.00038079099999954735, 0.0004877499999995649, 0.0003643750000001944, 0.0003172909999999973, 0.0004004589999997421, 0.00041570800000023667, 0.0002925420000003953, 0.0008317499999996869, 0.0002590409999996268], "test": [0.03172133300000013, 0.04382554099999991, 0.0055137080000000616, 0.19162220799999985, 0.18873512499999978, 0.042403917000000124, 0.005619792000000068, 0.0045582080000001746, 0.004440499999999847, 0.00807341699999986, 0.007845874999999669, 0.01637029099999987, 0.1920985420000001, 4.755096333, 0.043931124999998517, 0.005325040999998976, 0.008611958000001252, 0.004915125000000131, 0.005150291999999723, 0.21406254200000063, 0.04399487500000099, 0.006428207999999103, 0.008813833000001381, 0.016426415999999833, 0.008903749999999988, 0.007991709000000569, 0.007934000000000552, 0.14841374999999957], "combine": [5.839999999146528e-07, 0.014780916999999949, 4.580000001475071e-07, 0.03151445900000005, 7.919999998051708e-07, 0.03297129099999996, 4.999999996257998e-07, 4.580000001475071e-07, 4.5899999978615824e-07, 4.580000001475071e-07, 4.1700000030786555e-07, 0.0542136249999996, 5.409999999095305e-07, 5.156546667, 5.420000004363601e-07, 5.000000005139782e-07, 5.000000005139782e-07, 4.580000005915963e-07, 5.419999986600033e-07, 5.420000004363601e-07, 5.420000004363601e-07, 4.580000005915963e-07, 4.589999988979798e-07, 5.419999986600033e-07, 4.5900000067433666e-07, 4.580000005915963e-07, 4.169999989755979e-07, 0.0637161250000009], "constrain": [0.0012252910000001282, 0.0012181659999999095, 0.0013228329999999122, 0.00017020899999997674, 0.0013331660000002188, 0.0001926669999998687, 0.0015917079999998585, 0.00025441700000028433, 0.00020733300000008725, 0.0002075839999999829, 0.00019654199999985522, 0.00013895900000004957, 0.00018804199999999938, 0.0001752090000000095, 0.00011637499999928025, 0.00022820799999934138, 0.00021499999999896602, 0.0002080000000006521, 0.00023433299999986446, 0.00016429199999912214, 0.0001547920000000147, 0.00024008299999955796, 0.00018816599999915695, 0.00018750000000089528, 0.0003208340000000476, 0.0002213749999988579, 0.00021041599999982452, 0.0014022499999999383], "find_bindings_prolog": [0.0433051670000002, 0.005271000000000026, 0.19115008299999992, 0.1881674579999999, 0.04185608399999996, 0.005355666999999897, 0.0042977920000000225, 0.004190708999999959, 0.007827416000000031, 0.007601875000000202, 0.015211917000000241, 0.19129416700000013, 4.6152285420000005, 0.042928584000000214, 0.005074249999999836, 0.008350082999999842, 0.004669958999999224, 0.004905042000000748, 0.21326254200000072, 0.04325608299999928, 0.006021374999999551, 0.14743387500000082]}, "final_exec_time": 12.838015125, "stages": [], "best_programs": [], "solution": {"code": "magic_value(A):- head(A,c7),magic(c7).\nmagic_value(A):- tail(A,B),magic_value(B).", "is_solution": true, "conf_matrix": [1000, 0, 1000, 0], "total_exec_time": 12.838013083, "durations": [{"operation": "Test", "called": 28, "total": 6.028827414, "mean": 0.2153152647857143, "maximum": 4.755096333, "__type__": "DurationSummary"}, {"operation": "Find_Bindings_Prolog", "called": 22, "total": 5.796659670000001, "mean": 0.2634845304545455, "maximum": 4.6152285420000005, "__type__": "DurationSummary"}, {"operation": "Combine", "called": 27, "total": 5.290038044999999, "mean": 0.19592733499999998, "maximum": 5.156546667, "__type__": "DurationSummary"}, {"operation": "Generate", "called": 28, "total": 0.011282995000003293, "mean": 0.00040296410714297474, "maximum": 0.0008317499999996869, "__type__": "DurationSummary"}, {"operation": "Constrain", "called": 27, "total": 0.011111499999995722, "mean": 0.00041153703703687857, "maximum": 0.0015917079999998585, "__type__": "DurationSummary"}], "__type__": "ProgramStats"}, "is_solution": true, "stats_file": "./results/list_example/magicpopper_types/1000/4/stats.json", "end": true, "__type__": "Stats"}