{"log_best_programs": true, "num_literals": 0, "total_programs": 8, "total_rules": 0, "total_ground_rules": 0, "durations": {"generate": [0.00038341700000010803, 0.0005743750000000158, 0.0014889170000000895, 0.0010089170000000536, 0.0016651670000000784, 0.0006130410000000364, 0.00109404099999999, 0.0011508330000000733, 0.0014181250000002699], "find_bindings_prolog": [0.021926083999999957, 0.032396917000000025, 0.139336291, 0.14543616699999995, 0.154402041, 0.14331625000000026], "test": [0.024481625000000173, 0.04404645900000004, 0.01913374999999995, 0.1396277909999999, 0.14577704199999997, 0.017797208999999814, 0.15491341700000016, 0.14364520899999977], "combine": [0.015065791999999911, 0.004478874999999993, 5.00000000069889e-07, 6.670000001207654e-07, 6.660000000380251e-07, 5.419999999922709e-07, 5.409999999095305e-07, 5.00000000069889e-07], "constrain": [0.001836791999999976, 0.002340958000000004, 0.0003940409999998451, 0.0030844999999999345, 0.005228417000000096, 0.0018845830000000507, 0.0054142080000003645, 0.0016733329999998325]}, "final_exec_time": 2.004849416, "stages": [], "best_programs": [], "solution": {"code": "magic_value(A):- head(A,jx),magic(jx).\nmagic_value(A):- head(A,ha),magic(ha).\nmagic_value(A):- head(A,ku),magic(ku).\nmagic_value(A):- head(A,ej),magic(ej).\nmagic_value(A):- head(A,l),magic(l).\nmagic_value(A):- head(A,ey),magic(ey).\nmagic_value(A):- head(A,nc),magic(nc).\nmagic_value(A):- head(A,ns),magic(ns).\nmagic_value(A):- head(A,bu),magic(bu).\nmagic_value(A):- head(A,bo),magic(bo).\nmagic_value(A):- head(A,rc),magic(rc).\nmagic_value(A):- head(A,no),magic(no).\nmagic_value(A):- head(A,df),magic(df).\nmagic_value(A):- head(A,nn),magic(nn).\nmagic_value(A):- head(A,cl),magic(cl).\nmagic_value(A):- head(A,hp),magic(hp).\nmagic_value(A):- head(A,bf),magic(bf).\nmagic_value(A):- head(A,ad),magic(ad).\nmagic_value(A):- head(A,dj),magic(dj).\nmagic_value(A):- head(A,fw),magic(fw).\nmagic_value(A):- head(A,dc),magic(dc).\nmagic_value(A):- head(A,lz),magic(lz).\nmagic_value(A):- head(A,ih),magic(ih).\nmagic_value(A):- head(A,qh),magic(qh).\nmagic_value(A):- head(A,ps),magic(ps).", "is_solution": true, "conf_matrix": [200, 0, 200, 0], "total_exec_time": 2.004846333, "durations": [{"operation": "Test", "called": 1, "total": 0.024481625000000173, "mean": 0.024481625000000173, "maximum": 0.024481625000000173, "__type__": "DurationSummary"}, {"operation": "Find_Bindings_Prolog", "called": 1, "total": 0.021926083999999957, "mean": 0.021926083999999957, "maximum": 0.021926083999999957, "__type__": "DurationSummary"}, {"operation": "Generate", "called": 1, "total": 0.00038341700000010803, "mean": 0.00038341700000010803, "maximum": 0.00038341700000010803, "__type__": "DurationSummary"}], "__type__": "ProgramStats"}, "is_solution": true, "stats_file": "./results/list_magicvalues_multipleclauses/magicpopper/25/8/stats.json", "end": true, "__type__": "Stats"}