{"log_best_programs": true, "num_literals": 0, "total_programs": 31, "total_rules": 0, "total_ground_rules": 0, "durations": {"generate": [0.0003841669999999908, 0.0002810829999999598, 0.00021304199999999662, 0.0003257919999999914, 0.00021999999999999797, 0.0002723750000000469, 0.0011310840000000044, 0.0021339999999999693, 0.0009032910000000283, 0.00012887499999997276, 0.00012258400000003666, 0.0007183329999999599, 0.00019654100000005004, 0.0002267499999999978, 0.00024449999999998084, 0.00015120800000001378, 0.0004866250000000183, 0.0003022500000000039, 0.0024520839999999655, 0.00019679100000002947, 0.0006545000000000023, 0.00019399999999997197, 0.0008184999999999998, 0.00018175000000003605, 0.00017762500000001458, 0.004213208000000024, 0.00017120799999997827, 0.0003922920000000163, 0.0001642910000000386, 0.0009031250000000046, 0.0001755420000000285, 0.090908708], "find_bindings_prolog": [0.012411665999999988, 0.0005973750000000111, 0.0009367080000000083, 0.0005066249999999828, 0.000901958000000036, 0.0004896659999999997, 0.00046083299999999383, 0.00040533400000003494, 0.00038212500000001093, 0.0003595419999999905, 0.0005564579999999819, 0.0004919170000000084, 0.0004322500000000229, 0.0004917079999999796, 0.0005013329999999927, 0.0003890000000000282, 0.0003359169999999634, 0.0008528329999999973, 0.0008601249999999894, 0.0008565420000000157, 0.0008743750000000383, 0.0008518329999999685, 0.0007882909999999965, 0.0011920830000000104, 0.000851417000000021, 0.0007486660000000089, 0.000785625000000012, 0.0008095410000000247, 0.0007540420000000103, 0.0007476250000000295], "test": [0.013313708000000035, 0.00030004100000002865, 0.0010093330000000011, 0.001612874999999958, 0.0007189170000000411, 0.0017054580000000485, 0.0006521660000000096, 0.0007187909999999964, 0.0005557919999999994, 0.0005292499999999811, 0.000503417000000006, 0.0010705830000000138, 0.0008876670000000364, 0.000691832999999975, 0.0008474169999999615, 0.000848291000000001, 0.000533624999999982, 0.0004793750000000041, 0.0018720420000000182, 0.0018715420000000038, 0.001906542000000011, 0.0018852910000000112, 0.0018616670000000113, 0.0016908749999999806, 0.0021943749999999707, 0.0016336670000000053, 0.0014346670000000006, 0.0015581669999999992, 0.0015827909999999723, 0.0015206669999999756, 0.001511624999999961], "combine": [0.003026291999999986, 5.000000000143778e-07, 0.002052250000000033, 4.999999999588667e-07, 0.0008839170000000118, 4.5900000000820285e-07, 4.1699999997479864e-07, 4.5799999998097363e-07, 4.1600000000308057e-07, 4.1699999997479864e-07, 3.749999999969056e-07, 3.7500000005241674e-07, 4.170000000303098e-07, 3.749999999969056e-07, 4.170000000303098e-07, 4.1699999997479864e-07, 4.1699999997479864e-07, 4.170000000303098e-07, 4.5799999998097363e-07, 4.170000000303098e-07, 3.749999999969056e-07, 4.1600000000308057e-07, 4.1600000000308057e-07, 4.1600000000308057e-07, 4.1699999997479864e-07, 3.7500000005241674e-07, 4.1600000000308057e-07, 4.1699999997479864e-07, 4.1699999997479864e-07, 4.1600000000308057e-07, 4.1600000000308057e-07], "constrain": [0.0014715409999999651, 0.0014657919999999658, 0.00032362499999999406, 0.0012718750000000334, 0.00040962500000002455, 0.004277165999999999, 0.0007689579999999863, 0.0008978749999999924, 0.00027404100000000264, 0.0002692089999999925, 0.00026887500000000175, 0.0028590419999999783, 0.0033496670000000006, 0.0008709170000000266, 0.0004482499999999834, 0.0004997909999999717, 0.0002686250000000223, 0.0002670419999999951, 0.0006729580000000013, 0.0005102919999999678, 0.0005073749999999766, 0.0003159169999999989, 0.0003162079999999845, 0.0005102089999999837, 0.0005089580000000038, 0.00045324999999996063, 0.00045320899999995445, 0.0004525420000000002, 0.000452082999999992, 0.00016800000000000148, 0.00016654099999996452]}, "final_exec_time": 0.25600004200000004, "stages": [], "best_programs": [], "solution": {"code": "next_control(A,black):- true_control(A,white).\nnext_control(A,white):- true_control(A,black).", "is_solution": true, "conf_matrix": [13, 0, 13, 0], "total_exec_time": 0.255997417, "durations": [{"operation": "Test", "called": 3, "total": 0.014623082000000065, "mean": 0.004874360666666688, "maximum": 0.013313708000000035, "__type__": "DurationSummary"}, {"operation": "Find_Bindings_Prolog", "called": 2, "total": 0.013009040999999999, "mean": 0.0065045204999999995, "maximum": 0.012411665999999988, "__type__": "DurationSummary"}, {"operation": "Combine", "called": 2, "total": 0.0030267920000000004, "mean": 0.0015133960000000002, "maximum": 0.003026291999999986, "__type__": "DurationSummary"}, {"operation": "Constrain", "called": 2, "total": 0.002937332999999931, "mean": 0.0014686664999999655, "maximum": 0.0014715409999999651, "__type__": "DurationSummary"}, {"operation": "Generate", "called": 3, "total": 0.0008782919999999472, "mean": 0.0002927639999999824, "maximum": 0.0003841669999999908, "__type__": "DurationSummary"}], "__type__": "ProgramStats"}, "is_solution": true, "stats_file": "./results/iggp-gt-centipede-next/magicpopper_types/2/stats.json", "end": true, "__type__": "Stats"}