{"log_best_programs": true, "num_literals": 0, "total_programs": 8, "total_rules": 0, "total_ground_rules": 0, "durations": {"generate": [0.000393624999999842, 0.0006202500000000999, 0.001490999999999909, 0.0011030419999999985, 0.0017476249999999194, 0.0009349590000002905, 0.0006176660000001277, 0.002092708000000165, 0.0007808749999997922], "find_bindings_prolog": [0.03325208300000004, 0.034426666999999966, 0.13484829099999995, 0.14771566599999986, 0.15499379199999996, 0.14971720799999977], "test": [0.04049420799999992, 0.04821233299999994, 0.01920554199999991, 0.13518116599999996, 0.14805416700000018, 0.019140208999999686, 0.15549804099999998, 0.15009029200000024], "combine": [0.09598550000000006, 0.006012874999999918, 5.419999999922709e-07, 7.090000000431473e-07, 7.07999999960407e-07, 5.00000000069889e-07, 5.00000000069889e-07, 5.409999999095305e-07], "constrain": [0.0017967910000000753, 0.002378499999999839, 0.0005038339999998698, 0.0030143750000000136, 0.005231208000000098, 0.0005308330000000083, 0.005443833999999814, 0.0018599999999997507]}, "final_exec_time": 2.158703792, "stages": [], "best_programs": [], "solution": {"code": "magic_value(A):- head(A,dp),magic(dp).\nmagic_value(A):- head(A,qz),magic(qz).\nmagic_value(A):- head(A,co),magic(co).\nmagic_value(A):- head(A,pq),magic(pq).\nmagic_value(A):- head(A,qx),magic(qx).\nmagic_value(A):- head(A,fo),magic(fo).\nmagic_value(A):- head(A,id),magic(id).\nmagic_value(A):- head(A,fw),magic(fw).\nmagic_value(A):- head(A,hz),magic(hz).\nmagic_value(A):- head(A,ck),magic(ck).\nmagic_value(A):- head(A,mv),magic(mv).\nmagic_value(A):- head(A,kx),magic(kx).\nmagic_value(A):- head(A,dw),magic(dw).\nmagic_value(A):- head(A,kg),magic(kg).\nmagic_value(A):- head(A,nx),magic(nx).\nmagic_value(A):- head(A,no),magic(no).\nmagic_value(A):- head(A,od),magic(od).\nmagic_value(A):- head(A,me),magic(me).\nmagic_value(A):- head(A,mj),magic(mj).\nmagic_value(A):- head(A,io),magic(io).\nmagic_value(A):- head(A,jw),magic(jw).\nmagic_value(A):- head(A,rr),magic(rr).\nmagic_value(A):- head(A,ma),magic(ma).\nmagic_value(A):- head(A,cb),magic(cb).\nmagic_value(A):- head(A,mi),magic(mi).\nmagic_value(A):- head(A,d),magic(d).\nmagic_value(A):- head(A,oz),magic(oz).\nmagic_value(A):- head(A,ri),magic(ri).\nmagic_value(A):- head(A,dh),magic(dh).\nmagic_value(A):- head(A,nu),magic(nu).\nmagic_value(A):- head(A,rv),magic(rv).\nmagic_value(A):- head(A,l),magic(l).\nmagic_value(A):- head(A,rz),magic(rz).\nmagic_value(A):- head(A,oe),magic(oe).\nmagic_value(A):- head(A,in),magic(in).\nmagic_value(A):- head(A,ku),magic(ku).\nmagic_value(A):- head(A,pu),magic(pu).\nmagic_value(A):- head(A,mx),magic(mx).\nmagic_value(A):- head(A,or),magic(or).\nmagic_value(A):- head(A,ra),magic(ra).\nmagic_value(A):- head(A,ch),magic(ch).\nmagic_value(A):- head(A,gv),magic(gv).\nmagic_value(A):- head(A,sg),magic(sg).\nmagic_value(A):- head(A,nm),magic(nm).\nmagic_value(A):- head(A,ac),magic(ac).\nmagic_value(A):- head(A,bp),magic(bp).\nmagic_value(A):- head(A,jx),magic(jx).\nmagic_value(A):- head(A,ks),magic(ks).\nmagic_value(A):- head(A,fk),magic(fk).\nmagic_value(A):- head(A,j),magic(j).\nmagic_value(A):- head(A,oq),magic(oq).\nmagic_value(A):- head(A,eb),magic(eb).\nmagic_value(A):- head(A,gz),magic(gz).\nmagic_value(A):- head(A,di),magic(di).\nmagic_value(A):- head(A,az),magic(az).\nmagic_value(A):- head(A,cv),magic(cv).\nmagic_value(A):- head(A,rs),magic(rs).\nmagic_value(A):- head(A,ox),magic(ox).\nmagic_value(A):- head(A,gn),magic(gn).\nmagic_value(A):- head(A,eh),magic(eh).\nmagic_value(A):- head(A,el),magic(el).\nmagic_value(A):- head(A,f),magic(f).\nmagic_value(A):- head(A,qn),magic(qn).\nmagic_value(A):- head(A,on),magic(on).\nmagic_value(A):- head(A,ls),magic(ls).\nmagic_value(A):- head(A,bq),magic(bq).\nmagic_value(A):- head(A,sb),magic(sb).\nmagic_value(A):- head(A,mn),magic(mn).\nmagic_value(A):- head(A,by),magic(by).\nmagic_value(A):- head(A,fs),magic(fs).\nmagic_value(A):- head(A,ln),magic(ln).\nmagic_value(A):- head(A,aa),magic(aa).\nmagic_value(A):- head(A,fv),magic(fv).\nmagic_value(A):- head(A,fm),magic(fm).\nmagic_value(A):- head(A,c),magic(c).\nmagic_value(A):- head(A,nr),magic(nr).\nmagic_value(A):- head(A,oh),magic(oh).\nmagic_value(A):- head(A,ja),magic(ja).\nmagic_value(A):- head(A,jk),magic(jk).\nmagic_value(A):- head(A,bd),magic(bd).", "is_solution": true, "conf_matrix": [200, 0, 200, 0], "total_exec_time": 2.1587009999999998, "durations": [{"operation": "Test", "called": 1, "total": 0.04049420799999992, "mean": 0.04049420799999992, "maximum": 0.04049420799999992, "__type__": "DurationSummary"}, {"operation": "Find_Bindings_Prolog", "called": 1, "total": 0.03325208300000004, "mean": 0.03325208300000004, "maximum": 0.03325208300000004, "__type__": "DurationSummary"}, {"operation": "Generate", "called": 1, "total": 0.000393624999999842, "mean": 0.000393624999999842, "maximum": 0.000393624999999842, "__type__": "DurationSummary"}], "__type__": "ProgramStats"}, "is_solution": true, "stats_file": "./results/list_magicvalues_multipleclauses/magicpopper/80/0/stats.json", "end": true, "__type__": "Stats"}