{"log_best_programs": true, "num_literals": 0, "total_programs": 5, "total_rules": 0, "total_ground_rules": 0, "durations": {"generate": [0.278723125, 0.007568457999999945, 1.057356333, 0.009993458000000066, 0.0005728339999999665, 0.537674084], "test": [0.0014054999999999485, 0.0010747500000000132, 0.0006297090000000338, 0.002341624999999903, 0.0006262500000000504], "combine": [5.410000000205528e-07, 4.999999999588667e-07, 5.419999999922709e-07, 1.4580000000652404e-06, 4.1699999986377634e-07], "constrain": [0.02529537500000001, 0.006932000000000049, 0.12366308400000015, 0.04944037499999987, 0.035688042000000086]}, "final_exec_time": 2.236099625, "stages": [], "best_programs": [], "solution": null, "is_solution": false, "stats_file": "./results/drug_design/popper/2/stats.json", "end": true, "__type__": "Stats"}