{"log_best_programs": true, "num_literals": 0, "total_programs": 96, "total_rules": 0, "total_ground_rules": 0, "durations": {"generate": [0.00036925000000004315, 0.0003254160000000228, 0.0004278749999999665, 0.0003960829999999915, 0.00035049999999997583, 0.000665542000000019, 0.00031562500000004157, 0.0002867920000000357, 0.0005424170000000172, 0.0003614580000000922, 0.0004330830000000008, 0.00030204099999997513, 0.00047441700000006026, 0.0005027499999999963, 0.0005528749999998972, 0.000309542000000107, 0.0003898750000006501, 0.0006087909999994423, 0.00031916699999978704, 0.0003492500000001897, 0.0003624589999997596, 0.0002852909999999653, 0.0002937920000007921, 0.00034091699999994063, 0.00038395800000046165, 0.00029529200000055766, 0.00039537500000008663, 0.00044308300000039935, 0.0002842499999999859, 0.0002451250000010674, 0.0002550000000010044, 0.000288750000001059, 0.0003411660000001149, 0.00032145900000024596, 0.0003195409999996457, 0.0002885830000014522, 0.0002678750000004726, 0.0003422500000009876, 0.0002672500000002742, 0.0002876249999985703, 0.0002582499999999044, 0.0003542919999990346, 0.00037358399999831704, 0.0004008340000005717, 0.0003968749999998522, 0.00035816699999813295, 0.0002699160000005918, 0.00039895800000167014, 0.00022158400000193978, 0.00027237499999799297, 0.0004207080000000474, 0.00025341699999970047, 0.0003032499999982008, 0.0002507909999991398, 0.00028904199999857383, 0.0003001669999989076, 0.00030029200000214473, 0.0002537079999989089, 0.00031454100000161134, 0.000271291999997203, 0.0003229169999983128, 0.0002898330000000726, 0.0005091250000006653, 0.00026866700000027777, 0.0002932500000021321, 0.0002850840000014898, 0.0002866670000010174, 0.00026562500000082423, 0.000287625000002123, 0.0003216659999978333, 0.0003150420000004317, 0.0003202909999977521, 0.00028183399999903713, 0.00028525000000101386, 0.00026383300000176746, 0.00033158400000132815, 0.0002816659999993476, 0.00029050000000196974, 0.0003114999999986878, 0.00035012500000064506, 0.00033462500000069895, 0.00035037500000001387, 0.00036641699999862, 0.0002901249999993638, 0.00027924999999839883, 0.00030641700000089145, 0.00027554200000068363, 0.0003718329999990999, 0.00042120899999886774, 0.00032858299999816154, 0.0003150000000005093, 0.00025487499999954366, 0.00026187499999963393, 0.0002480000000026905, 0.00029154199999936736, 0.0002524589999985949, 0.00041724999999814827], "test": [0.025033874999999983, 0.008318791999999964, 0.0006137910000000302, 0.003398499999999971, 0.0014067079999999788, 0.0011344580000000049, 0.0011142080000000054, 0.0011532919999999725, 0.0012217500000000214, 0.0010554159999999202, 0.0010947499999999222, 0.006233874999999944, 0.009047999999999945, 1.928225666, 3.4263207500000004, 0.012433624999999893, 1.5381979589999997, 0.01129070799999976, 0.0010973339999997833, 0.005522583000000303, 0.0027275839999996165, 0.002683415999999994, 0.0011378330000004766, 0.0077470829999999324, 0.002531249999999652, 1.6368803329999988, 1.7390024579999999, 0.00862808299999962, 0.0016162079999997303, 0.0009930830000008939, 0.002657875000000587, 1.3141568750000001, 0.007170042000000265, 0.004259666000001161, 0.006917957999998947, 0.0010111249999997796, 0.00390570800000134, 0.0013224170000007973, 0.002520541999999182, 0.0016818329999992443, 3.0902488329999986, 0.013885708000000108, 3.0669267080000004, 1.340407209000002, 0.005503541999999584, 0.005334458000000097, 0.004106416999999141, 0.0016409999999993374, 0.0004884999999994477, 0.008039999999997605, 0.0010663330000006965, 0.0019269170000022484, 0.0010274160000030008, 0.001028874999999374, 0.007443333000001218, 0.007549874999998707, 0.0010544579999987036, 0.001752417000002282, 0.001011915999999502, 0.0024547499999982847, 0.002137749999999272, 0.004653208000000575, 0.0012159590000031528, 0.0011749590000000865, 0.0013992079999987084, 0.001405625000000299, 0.0011695000000031541, 0.001977457999998933, 1.3245252500000007, 0.004822875000002114, 0.0035658749999996076, 0.00438887500000007, 0.005807374999999837, 0.0011872920000008946, 0.0020798749999997312, 0.0023788330000016344, 0.002335417000001172, 0.002458332999999868, 1.3219711249999975, 0.0063272080000018605, 0.0015415420000017832, 0.004289416000002433, 0.002510167000000507, 0.002386500000000069, 0.002326375000002656, 0.0023662079999979824, 0.0023684169999995675, 0.004666416999999257, 0.0013572910000014815, 0.001073249999997472, 0.0005632079999990935, 0.0005620840000020166, 0.0018165840000001765, 0.0010784580000020583, 0.010336708000000527, 0.0026287499999995134], "combine": [7.089999999876362e-07, 0.0034381659999999648, 6.250000000318501e-07, 6.670000000097431e-07, 4.5799999998097363e-07, 9.999999999732445e-07, 5.000000000143778e-07, 1.37499999997015e-06, 4.580000000364848e-07, 5.419999999922709e-07, 5.829999999429347e-07, 6.659999999270028e-07, 7.499999999938112e-07, 1.208000000030296e-06, 7.920000006933492e-07, 4.5799999970341787e-07, 7.919999998051708e-07, 6.249999993102051e-07, 4.999999996257998e-07, 5.409999994654413e-07, 4.5899999978615824e-07, 4.999999996257998e-07, 5.839999994705636e-07, 7.07999999960407e-07, 4.5900000067433666e-07, 7.07999999960407e-07, 1.0840000008727202e-06, 5.829999984996448e-07, 4.5900000067433666e-07, 4.5799999881523945e-07, 4.999999987376214e-07, 6.660000000380251e-07, 4.580000005915963e-07, 4.169999989755979e-07, 5.830000002760016e-07, 4.999999987376214e-07, 5.000000005139782e-07, 3.7500000082957285e-07, 3.74999999053216e-07, 3.74999999053216e-07, 1.958000000357174e-06, 5.84000000358742e-07, 7.080000017367638e-07, 6.670000018971223e-07, 4.5799999881523945e-07, 4.1599999889285755e-07, 5.409999985772629e-07, 3.329999991308341e-07, 3.339999992135745e-07, 4.160000024455712e-07, 4.160000024455712e-07, 4.5799999881523945e-07, 4.589999988979798e-07, 4.5799999881523945e-07, 4.589999988979798e-07, 4.590000024506935e-07, 4.1599999889285755e-07, 6.249999984220267e-07, 5.420000022127169e-07, 4.5799999881523945e-07, 3.74999999053216e-07, 4.169999989755979e-07, 3.74999999053216e-07, 3.329999991308341e-07, 3.750000026059297e-07, 4.169999989755979e-07, 3.339999992135745e-07, 3.329999991308341e-07, 6.249999984220267e-07, 5.410000021299766e-07, 4.169999989755979e-07, 4.5799999881523945e-07, 4.170000025283116e-07, 3.74999999053216e-07, 3.74999999053216e-07, 4.170000025283116e-07, 3.339999992135745e-07, 3.74999999053216e-07, 7.089999982667905e-07, 4.999999987376214e-07, 4.169999989755979e-07, 4.999999987376214e-07, 4.169999989755979e-07, 4.1599999889285755e-07, 3.750000026059297e-07, 3.750000026059297e-07, 2.909999992084522e-07, 6.250000019747404e-07, 4.5800000236795313e-07, 5.420000022127169e-07, 4.169999989755979e-07, 4.169999989755979e-07, 3.750000026059297e-07, 4.169999989755979e-07, 4.5799999881523945e-07, 0.07396966599999999],