{"log_best_programs": true, "num_literals": 0, "total_programs": 20, "total_rules": 0, "total_ground_rules": 0, "durations": {"generate": [0.0004697080000000131, 0.0003622500000000084, 0.0002722910000000356, 0.0002944590000000247, 0.0003110830000000453, 0.0002897499999999775, 0.0002842910000000476, 0.00032162499999999206, 0.0003613749999999971, 0.00028050000000001685, 0.0002814159999999788, 0.00030166700000000546, 0.0003850410000000304, 0.0004207500000000808, 0.00033799999999994945, 0.0003726670000000487, 0.0003519170000000349, 0.00035141700000007603, 0.0003907500000001063, 0.0004155420000000465], "test": [0.04280074999999994, 0.0008242500000000819, 0.0006829170000000051, 0.000470541000000102, 0.0003769999999999607, 0.000725292000000044, 0.00045070799999991085, 0.0003547500000000703, 0.0008603750000000243, 0.00039633299999997096, 0.0003290420000000571, 0.0005115409999999487, 0.0010267909999999159, 0.0012502500000000083, 0.015022332999999999, 0.008760709000000033, 0.008790542000000068, 0.014852834000000037, 0.01504629099999999, 0.0010106249999999317], "combine": [5.829999999429347e-07, 4.5900000000820285e-07, 3.7499999994139444e-07, 4.1600000000308057e-07, 4.1699999997479864e-07, 3.7499999994139444e-07, 4.579999999254625e-07, 4.1699999997479864e-07, 3.7500000005241674e-07, 4.5900000000820285e-07, 3.7499999994139444e-07, 4.1699999997479864e-07, 5.419999999922709e-07, 6.660000000380251e-07, 5.00000000069889e-07, 4.579999999254625e-07, 4.579999999254625e-07, 5.419999999922709e-07, 5.839999999146528e-07], "constrain": [0.0011267079999999208, 0.0013849999999999696, 0.00010225000000008144, 0.00011162499999994857, 9.808399999999828e-05, 9.220800000009355e-05, 0.0001987500000000253, 9.545799999999272e-05, 0.0001223750000000079, 9.616700000003586e-05, 0.00013712500000007122, 0.0001112080000000848, 0.0019684580000000063, 0.00015049999999994235, 0.00016604200000003289, 0.00015570899999994836, 0.0011683749999999993, 0.0001727500000000548, 0.00018958300000004868]}, "final_exec_time": 0.27737316700000003, "stages": [], "best_programs": [], "solution": {"code": "magic_value(A):- tail(A,B),magic_value(B).\nmagic_value(A):- head(A,B),c7(B).", "is_solution": true, "conf_matrix": [10, 0, 1, 0], "total_exec_time": 0.277371084, "durations": [{"operation": "Test", "called": 20, "total": 0.1145438740000001, "mean": 0.005727193700000005, "maximum": 0.04280074999999994, "__type__": "DurationSummary"}, {"operation": "Constrain", "called": 19, "total": 0.007648375000000263, "mean": 0.00040254605263159276, "maximum": 0.0019684580000000063, "__type__": "DurationSummary"}, {"operation": "Generate", "called": 20, "total": 0.0068564990000005155, "mean": 0.0003428249500000258, "maximum": 0.0004697080000000131, "__type__": "DurationSummary"}, {"operation": "Combine", "called": 19, "total": 8.875999999546913e-06, "mean": 4.6715789471299543e-07, "maximum": 6.660000000380251e-07, "__type__": "DurationSummary"}], "__type__": "ProgramStats"}, "is_solution": true, "stats_file": "./results/list_constant/popper/1/3/stats.json", "end": true, "__type__": "Stats"}