{"log_best_programs": true, "num_literals": 0, "total_programs": 8, "total_rules": 0, "total_ground_rules": 0, "durations": {"generate": [0.0003370419999999541, 0.0005167499999998437, 0.0012967500000000687, 0.0009506250000002048, 0.0014752090000000884, 0.0009607499999999547, 0.0009926659999999199, 0.0006175409999999992, 0.000977624999999982], "find_bindings_prolog": [0.014660458000000043, 0.029203749999999973, 0.12513774999999994, 0.12876149999999997, 0.13555991700000014, 0.127928791], "test": [0.01538375000000003, 0.04047795800000009, 0.016941582999999927, 0.12541020800000013, 0.1290637079999999, 0.13600387499999989, 0.1282221669999999, 0.016024084000000105], "combine": [0.005574499999999816, 0.003420624999999955, 4.579999999254625e-07, 6.249999999763389e-07, 5.419999999922709e-07, 4.580000001475071e-07, 4.999999998478444e-07, 4.580000001475071e-07], "constrain": [0.0014231249999998585, 0.0020921670000000336, 0.00036845800000007145, 0.0027491669999999413, 0.004493166999999909, 0.0016772910000000252, 0.001449041999999956, 0.0004618330000001336]}, "final_exec_time": 1.766825917, "stages": [], "best_programs": [], "solution": {"code": "magic_value(A):- head(A,ky),magic(ky).\nmagic_value(A):- head(A,jk),magic(jk).\nmagic_value(A):- head(A,qb),magic(qb).\nmagic_value(A):- head(A,qp),magic(qp).\nmagic_value(A):- head(A,kw),magic(kw).", "is_solution": true, "conf_matrix": [200, 0, 200, 0], "total_exec_time": 1.766823417, "durations": [{"operation": "Test", "called": 1, "total": 0.01538375000000003, "mean": 0.01538375000000003, "maximum": 0.01538375000000003, "__type__": "DurationSummary"}, {"operation": "Find_Bindings_Prolog", "called": 1, "total": 0.014660458000000043, "mean": 0.014660458000000043, "maximum": 0.014660458000000043, "__type__": "DurationSummary"}, {"operation": "Generate", "called": 1, "total": 0.0003370419999999541, "mean": 0.0003370419999999541, "maximum": 0.0003370419999999541, "__type__": "DurationSummary"}], "__type__": "ProgramStats"}, "is_solution": true, "stats_file": "./results/list_magicvalues_multipleclauses/magicpopper/5/5/stats.json", "end": true, "__type__": "Stats"}