{"log_best_programs": true, "num_literals": 0, "total_programs": 22, "total_rules": 0, "total_ground_rules": 0, "durations": {"generate": [0.00031399999999998096, 0.00018525000000002567, 0.0004697079999999576, 0.00023400000000001198, 0.0002701660000000161, 0.0005984580000000239, 0.00020450000000005186, 0.00017858300000000993, 0.00017520799999998227, 0.00016812500000001895, 0.0001622910000000366, 0.00017933300000000374, 0.00016691600000001694, 0.00015937499999996163, 0.00019008300000000755, 0.00017879100000001147, 0.000171541999999969, 0.0001975840000000284, 0.00019858400000000165, 0.0001831250000000062, 0.0002447090000000096, 0.00015066700000004873, 0.001850166000000042], "find_bindings_prolog": [0.011449583000000041, 0.005347541000000011, 0.0011787500000000062, 0.009735667000000003, 0.002075249999999973, 0.0013601249999999898, 0.004257292000000024, 0.001937499999999981, 0.0007770420000000056, 0.0012274999999999925, 0.0012946659999999999, 0.0006067090000000386, 0.0011095839999999968, 0.0012040000000000384, 0.0029605420000000104, 0.003252583000000031, 0.0012935419999999809, 0.001283582999999977, 0.0025372920000000243, 0.0021736670000000458, 0.000587625000000036, 0.0005077920000000069], "test": [0.012587583000000013, 0.007750792000000006, 0.001928791999999957, 0.01355424999999999, 0.002991125000000039, 0.0024595410000000095, 0.007826250000000035, 0.0029215830000000054, 0.0011150000000000326, 0.0019161249999999908, 0.0019690419999999764, 0.0011186249999999842, 0.0019275410000000326, 0.002029834000000008, 0.005529416999999981, 0.005917875000000017, 0.0019762090000000065, 0.002199875000000018, 0.004933624999999997, 0.004545167000000017, 0.0009499580000000285, 0.0008354159999999777], "combine": [0.0035793749999999958, 0.0050831669999999995, 0.004211291999999978, 0.005912417000000003, 0.0071149999999999824, 5.829999999984459e-07, 5.409999999650417e-07, 5.000000000143778e-07, 4.1699999997479864e-07, 4.5799999998097363e-07, 4.5799999998097363e-07, 4.1699999997479864e-07, 4.1600000000308057e-07, 4.580000000364848e-07, 4.999999999588667e-07, 5.000000000143778e-07, 5.000000000143778e-07, 4.999999999588667e-07, 4.999999999588667e-07, 5.839999999701639e-07, 4.5799999998097363e-07, 3.749999999969056e-07], "constrain": [0.0015268330000000052, 0.0017112499999999975, 0.0003346669999999552, 0.0016167079999999667, 0.00023595800000003608, 0.0013582500000000053, 0.00040233299999997696, 0.0003594580000000347, 0.002046959000000015, 0.0003562920000000358, 0.0003582500000000044, 0.000663875000000036, 0.0003554159999999973, 0.000357542000000044, 0.00039637500000000436, 0.00039525000000001365, 0.0003539170000000369, 0.00041441599999997303, 0.0010563749999999983, 0.0011372910000000402, 0.000585749999999996, 0.0005638749999999915]}, "final_exec_time": 0.19384979100000002, "stages": [], "best_programs": [], "solution": {"code": "goal(A,you,100):- my_true_step(A,5),magic(you),magic(5),magic(100).\ngoal(A,you,0):- my_true_cell(A,E,onecoin),my_true_cell(A,E,onecoin),magic(onecoin),magic(onecoin),magic(0),magic(you).", "is_solution": true, "conf_matrix": [62, 0, 62, 0], "total_exec_time": 0.193847666, "durations": [{"operation": "Test", "called": 5, "total": 0.038812542000000005, "mean": 0.007762508400000001, "maximum": 0.01355424999999999, "__type__": "DurationSummary"}, {"operation": "Find_Bindings_Prolog", "called": 5, "total": 0.029786791000000035, "mean": 0.005957358200000007, "maximum": 0.011449583000000041, "__type__": "DurationSummary"}, {"operation": "Combine", "called": 4, "total": 0.018786250999999976, "mean": 0.004696562749999994, "maximum": 0.005912417000000003, "__type__": "DurationSummary"}, {"operation": "Constrain", "called": 4, "total": 0.005189457999999925, "mean": 0.0012973644999999812, "maximum": 0.0017112499999999975, "__type__": "DurationSummary"}, {"operation": "Generate", "called": 5, "total": 0.0014731239999999923, "mean": 0.0002946247999999985, "maximum": 0.0004697079999999576, "__type__": "DurationSummary"}], "__type__": "ProgramStats"}, "is_solution": true, "stats_file": "./results/iggp-coins-goal/magicpopper_args/8/stats.json", "end": true, "__type__": "Stats"}