{"log_best_programs": true, "num_literals": 0, "total_programs": 2, "total_rules": 0, "total_ground_rules": 0, "durations": {"generate": [0.0003311670000000211, 0.0015843749999999712, 0.0002822499999999284], "find_bindings_prolog": [0.02535870899999998, 1.107930375], "bind": [5.419999999922709e-07, 0.14950379199999997], "test": [0.02563529200000003, 1.2584045], "combine": [5.409999999650417e-07, 0.04648345799999998], "constrain": [0.0032517919999999756, 0.005476540999999946]}, "final_exec_time": 1.4637655829999998, "stages": [], "best_programs": [], "solution": null, "is_solution": false, "stats_file": "./results/list_magicvaluesameclause/magicpopper/14/1/stats.json", "end": true, "__type__": "Stats"}