{"log_best_programs": true, "num_literals": 0, "total_programs": 8, "total_rules": 0, "total_ground_rules": 0, "durations": {"generate": [0.000371750000000004, 0.0004858340000000183, 0.001293624999999965, 0.0013519170000000358, 0.001227499999999937, 0.0007111659999998743, 0.0007999169999997058, 0.0017285830000002278, 0.0008961670000000588], "find_bindings_prolog": [0.028133666, 0.03478729200000008, 0.14131704199999984, 0.1520341660000002, 0.15758295899999997, 0.15400937500000023], "test": [0.03320945900000005, 0.04685187499999999, 0.01919325000000005, 0.14163583400000013, 0.152357458, 0.020610167000000068, 0.15809904200000036, 0.154357584], "combine": [0.049980208000000026, 0.005467124999999795, 6.249999999763389e-07, 6.670000001207654e-07, 6.660000000380251e-07, 5.419999999922709e-07, 5.00000000069889e-07, 5.00000000069889e-07], "constrain": [0.0017698329999999984, 0.002402040999999855, 0.00044483400000006057, 0.0029946249999999175, 0.005171917000000192, 0.0005327080000001594, 0.005481833999999797, 0.0017184580000000338]}, "final_exec_time": 2.156183917, "stages": [], "best_programs": [], "solution": {"code": "magic_value(A):- head(A,nz),magic(nz).\nmagic_value(A):- head(A,ro),magic(ro).\nmagic_value(A):- head(A,ot),magic(ot).\nmagic_value(A):- head(A,fs),magic(fs).\nmagic_value(A):- head(A,lu),magic(lu).\nmagic_value(A):- head(A,kq),magic(kq).\nmagic_value(A):- head(A,fd),magic(fd).\nmagic_value(A):- head(A,ko),magic(ko).\nmagic_value(A):- head(A,nn),magic(nn).\nmagic_value(A):- head(A,ka),magic(ka).\nmagic_value(A):- head(A,ky),magic(ky).\nmagic_value(A):- head(A,pr),magic(pr).\nmagic_value(A):- head(A,ch),magic(ch).\nmagic_value(A):- head(A,hm),magic(hm).\nmagic_value(A):- head(A,gw),magic(gw).\nmagic_value(A):- head(A,z),magic(z).\nmagic_value(A):- head(A,ca),magic(ca).\nmagic_value(A):- head(A,gz),magic(gz).\nmagic_value(A):- head(A,mb),magic(mb).\nmagic_value(A):- head(A,ia),magic(ia).\nmagic_value(A):- head(A,mw),magic(mw).\nmagic_value(A):- head(A,bk),magic(bk).\nmagic_value(A):- head(A,y),magic(y).\nmagic_value(A):- head(A,dz),magic(dz).\nmagic_value(A):- head(A,rz),magic(rz).\nmagic_value(A):- head(A,ma),magic(ma).\nmagic_value(A):- head(A,pe),magic(pe).\nmagic_value(A):- head(A,bv),magic(bv).\nmagic_value(A):- head(A,jl),magic(jl).\nmagic_value(A):- head(A,mv),magic(mv).\nmagic_value(A):- head(A,fc),magic(fc).\nmagic_value(A):- head(A,rg),magic(rg).\nmagic_value(A):- head(A,jo),magic(jo).\nmagic_value(A):- head(A,pf),magic(pf).\nmagic_value(A):- head(A,bc),magic(bc).\nmagic_value(A):- head(A,nm),magic(nm).\nmagic_value(A):- head(A,g),magic(g).\nmagic_value(A):- head(A,cf),magic(cf).\nmagic_value(A):- head(A,es),magic(es).\nmagic_value(A):- head(A,iq),magic(iq).\nmagic_value(A):- head(A,eo),magic(eo).\nmagic_value(A):- head(A,bd),magic(bd).\nmagic_value(A):- head(A,ao),magic(ao).\nmagic_value(A):- head(A,fu),magic(fu).\nmagic_value(A):- head(A,fa),magic(fa).\nmagic_value(A):- head(A,ht),magic(ht).\nmagic_value(A):- head(A,as),magic(as).\nmagic_value(A):- head(A,jk),magic(jk).\nmagic_value(A):- head(A,ps),magic(ps).\nmagic_value(A):- head(A,rh),magic(rh).\nmagic_value(A):- head(A,ny),magic(ny).\nmagic_value(A):- head(A,qi),magic(qi).\nmagic_value(A):- head(A,pp),magic(pp).\nmagic_value(A):- head(A,hv),magic(hv).\nmagic_value(A):- head(A,c),magic(c).", "is_solution": true, "conf_matrix": [200, 0, 200, 0], "total_exec_time": 2.156181334, "durations": [{"operation": "Test", "called": 1, "total": 0.03320945900000005, "mean": 0.03320945900000005, "maximum": 0.03320945900000005, "__type__": "DurationSummary"}, {"operation": "Find_Bindings_Prolog", "called": 1, "total": 0.028133666, "mean": 0.028133666, "maximum": 0.028133666, "__type__": "DurationSummary"}, {"operation": "Generate", "called": 1, "total": 0.000371750000000004, "mean": 0.000371750000000004, "maximum": 0.000371750000000004, "__type__": "DurationSummary"}], "__type__": "ProgramStats"}, "is_solution": true, "stats_file": "./results/list_magicvalues_multipleclauses/magicpopper/55/2/stats.json", "end": true, "__type__": "Stats"}