{"log_best_programs": true, "num_literals": 0, "total_programs": 31, "total_rules": 0, "total_ground_rules": 0, "durations": {"generate": [0.0003191250000000312, 0.00023808399999997176, 0.00019220800000002702, 0.0002883750000000074, 0.0001970410000000089, 0.0002295000000000491, 0.0010508329999999733, 0.0020460000000000478, 0.0007787920000000281, 0.00014370899999999187, 0.00014195799999999759, 0.0007669579999999843, 0.00024858399999999614, 0.00014716600000003188, 0.00017024999999998291, 0.00022199999999999998, 0.0005257499999999915, 0.0007861670000000043, 0.0029645830000000206, 0.00037529200000002705, 0.0001819169999999759, 0.00016450000000001186, 0.0009255420000000014, 0.00024283299999999786, 0.00029570800000000563, 0.0017785000000000162, 0.00015095800000003434, 0.0003187500000000343, 0.000157874999999974, 0.0006555830000000151, 0.0001466660000000175, 0.087504833], "find_bindings_prolog": [0.010210582999999995, 0.0005499999999999949, 0.0008315420000000184, 0.000446082999999986, 0.0008279159999999841, 0.00041358299999999515, 0.00042083399999998106, 0.0003829160000000109, 0.00036254200000002124, 0.00032329200000003055, 0.00043695900000001453, 0.00048241700000001275, 0.0004690830000000368, 0.00037483299999996333, 0.0005295000000000161, 0.00033445799999998194, 0.0003337919999999994, 0.0008320829999999835, 0.0008124999999999938, 0.0007940409999999676, 0.0008098750000000154, 0.000813041999999986, 0.0008105419999999697, 0.0010388750000000502, 0.0007184999999999553, 0.0007538329999999815, 0.0007519999999999749, 0.000747957999999993, 0.0007235409999999942, 0.0007168339999999995], "test": [0.011012375000000019, 0.0002550000000000052, 0.0009384169999999692, 0.0014754590000000123, 0.0006457500000000005, 0.001612290999999988, 0.0005657500000000315, 0.0006682500000000369, 0.0005257080000000136, 0.0005024169999999772, 0.0004618330000000226, 0.0008138339999999578, 0.0008325419999999917, 0.0008059169999999893, 0.0006170830000000183, 0.001023209000000025, 0.00047333399999999193, 0.00047270799999998836, 0.0018226250000000221, 0.00179533300000001, 0.0017986249999999981, 0.0017814169999999518, 0.0017909580000000092, 0.001778999999999975, 0.001910749999999961, 0.0013908329999999802, 0.0014969160000000148, 0.0014987080000000153, 0.0014945829999999938, 0.0014661669999999627, 0.0014591250000000056], "combine": [0.0022395840000000167, 4.1699999997479864e-07, 0.0018639999999999768, 4.5900000000820285e-07, 0.0008081670000000263, 4.1699999997479864e-07, 4.1699999997479864e-07, 4.170000000303098e-07, 3.749999999969056e-07, 3.3400000004624175e-07, 3.339999999907306e-07, 4.1699999997479864e-07, 4.170000000303098e-07, 4.159999999475694e-07, 3.749999999969056e-07, 4.1699999997479864e-07, 3.7500000005241674e-07, 3.749999999969056e-07, 4.170000000303098e-07, 4.1699999997479864e-07, 4.170000000303098e-07, 4.159999999475694e-07, 3.749999999969056e-07, 3.329999999635014e-07, 3.749999999969056e-07, 4.1699999997479864e-07, 3.749999999969056e-07, 3.7500000005241674e-07, 3.339999999907306e-07, 4.1600000000308057e-07, 3.749999999969056e-07], "constrain": [0.0013052080000000021, 0.0013575000000000115, 0.00031620800000004, 0.0011515830000000116, 0.0003839589999999893, 0.004018875000000033, 0.0007405409999999835, 0.0008679999999999799, 0.00026975000000001303, 0.000260000000000038, 0.0002587079999999964, 0.005356791000000027, 0.0004469999999999752, 0.00048554100000003375, 0.000831417000000001, 0.0006360839999999812, 0.0002502500000000074, 0.0002570830000000468, 0.0006469590000000025, 0.00030695899999999554, 0.0004916670000000289, 0.0004938750000000325, 0.00031000000000003247, 0.000493957999999961, 0.0004926249999999688, 0.0004357919999999904, 0.00044516699999996856, 0.0004481669999999993, 0.00043595799999995855, 0.0001599580000000156, 0.00015879100000004698]}, "final_exec_time": 0.22841866599999996, "stages": [], "best_programs": [], "solution": {"code": "next_control(A,white):- true_control(A,black).\nnext_control(A,black):- true_control(A,white).", "is_solution": true, "conf_matrix": [13, 0, 13, 0], "total_exec_time": 0.22841625000000002, "durations": [{"operation": "Test", "called": 3, "total": 0.012205791999999993, "mean": 0.004068597333333331, "maximum": 0.011012375000000019, "__type__": "DurationSummary"}, {"operation": "Find_Bindings_Prolog", "called": 2, "total": 0.01076058299999999, "mean": 0.005380291499999995, "maximum": 0.010210582999999995, "__type__": "DurationSummary"}, {"operation": "Constrain", "called": 2, "total": 0.0026627080000000136, "mean": 0.0013313540000000068, "maximum": 0.0013575000000000115, "__type__": "DurationSummary"}, {"operation": "Combine", "called": 2, "total": 0.0022400009999999915, "mean": 0.0011200004999999957, "maximum": 0.0022395840000000167, "__type__": "DurationSummary"}, {"operation": "Generate", "called": 3, "total": 0.00074941700000003, "mean": 0.00024980566666667664, "maximum": 0.0003191250000000312, "__type__": "DurationSummary"}], "__type__": "ProgramStats"}, "is_solution": true, "stats_file": "./results/iggp-gt-centipede-next/magicpopper_types/9/stats.json", "end": true, "__type__": "Stats"}