{"log_best_programs": true, "num_literals": 0, "total_programs": 18, "total_rules": 0, "total_ground_rules": 0, "durations": {"generate": [0.00041054200000001373, 0.00030191599999995766, 0.00039199999999994795, 0.0002915419999999225, 0.00044270800000001387, 0.0004956660000000612, 0.00043116700000001007, 0.0002778330000000606, 0.0002605419999999192, 0.0003101669999999723, 0.000362207999999975, 0.000450207999999952, 0.0004855000000000276, 0.00033416699999999633, 0.00038116600000004386, 0.0004562919999999693, 0.0003866249999999738, 0.0003162079999999845, 0.00013908399999995602], "test": [0.03058562499999995, 0.006043541000000041, 0.0013109159999999953, 0.0006133329999999937, 0.0005487499999999867, 0.001717292000000037, 0.0008746249999999067, 0.0008646249999999522, 0.00034291699999999814, 0.0009802080000000934, 0.0017883750000000642, 0.0013960419999999862, 0.0017341670000000642, 0.01544325000000002, 0.08515016600000003, 0.015423749999999958, 0.0012695000000000345, 0.004931915999999981], "combine": [4.999999999588667e-07, 4.1699999997479864e-07, 4.999999999588667e-07, 3.7500000005241674e-07, 6.670000000097431e-07, 1.8749999999290168e-06, 8.329999999778792e-07, 4.5899999989718054e-07, 4.1699999997479864e-07, 5.420000001032932e-07, 5.840000000256751e-07, 5.829999999429347e-07, 5.00000000069889e-07, 4.579999999254625e-07, 5.419999999922709e-07, 4.999999999588667e-07, 4.1600000000308057e-07, 4.579999999254625e-07], "constrain": [0.0013542500000000013, 0.0023027079999999867, 0.00017554199999991749, 0.0001634999999999831, 0.0003902499999999254, 0.00025762500000003907, 0.00010612500000006797, 0.0001231669999999241, 9.037499999997589e-05, 0.00019395799999999408, 0.002054832999999978, 0.0027933329999999534, 0.0001619160000000397, 0.00017000000000000348, 0.00020162499999998307, 0.00017212499999996744, 0.0001594579999999457, 0.00017895899999997855], "find_bindings_prolog": [0.0058142909999999715, 0.0011102499999999793, 0.000429542000000005, 0.0007634589999999664, 0.0010879579999999445, 0.08484762499999998, 0.0009752499999999831]}, "final_exec_time": 0.348981333, "stages": [], "best_programs": [], "solution": null, "is_solution": false, "stats_file": "./results/list_constant/magicpopper_types/1/5/stats.json", "end": true, "__type__": "Stats"}