{"log_best_programs": true, "num_literals": 0, "total_programs": 8, "total_rules": 0, "total_ground_rules": 0, "durations": {"generate": [0.00038816599999980106, 0.0005702910000000561, 0.0013496669999999433, 0.001251166999999942, 0.0015447079999999502, 0.0005789160000000404, 0.0008235829999998501, 0.0013098330000000935, 0.001401958000000203], "find_bindings_prolog": [0.022149833000000063, 0.03438608300000001, 0.13117033300000003, 0.14015816700000006, 0.15172520800000022, 0.1405775410000003], "test": [0.024929291999999936, 0.04692750000000001, 0.018449999999999855, 0.1314893749999999, 0.14051395799999988, 0.016643667000000084, 0.15223116699999983, 0.14089545800000014], "combine": [0.017958332999999937, 0.004344832999999992, 5.83000000053957e-07, 6.249999999763389e-07, 4.999999998478444e-07, 5.410000001315751e-07, 5.419999999922709e-07, 4.580000001475071e-07], "constrain": [0.0017540000000000333, 0.002312042000000014, 0.0004313339999999499, 0.0031210830000001355, 0.0053542909999999555, 0.0018040829999999008, 0.005368374999999759, 0.0015939590000000337]}, "final_exec_time": 1.9264406249999997, "stages": [], "best_programs": [], "solution": {"code": "magic_value(A):- head(A,ic),magic(ic).\nmagic_value(A):- head(A,ny),magic(ny).\nmagic_value(A):- head(A,qo),magic(qo).\nmagic_value(A):- head(A,cf),magic(cf).\nmagic_value(A):- head(A,ja),magic(ja).\nmagic_value(A):- head(A,f),magic(f).\nmagic_value(A):- head(A,kd),magic(kd).\nmagic_value(A):- head(A,pl),magic(pl).\nmagic_value(A):- head(A,qt),magic(qt).\nmagic_value(A):- head(A,ib),magic(ib).\nmagic_value(A):- head(A,ga),magic(ga).\nmagic_value(A):- head(A,gy),magic(gy).\nmagic_value(A):- head(A,hq),magic(hq).\nmagic_value(A):- head(A,fh),magic(fh).\nmagic_value(A):- head(A,gf),magic(gf).\nmagic_value(A):- head(A,cx),magic(cx).\nmagic_value(A):- head(A,cd),magic(cd).\nmagic_value(A):- head(A,dc),magic(dc).\nmagic_value(A):- head(A,lf),magic(lf).\nmagic_value(A):- head(A,dw),magic(dw).\nmagic_value(A):- head(A,nj),magic(nj).\nmagic_value(A):- head(A,de),magic(de).\nmagic_value(A):- head(A,lp),magic(lp).\nmagic_value(A):- head(A,fy),magic(fy).\nmagic_value(A):- head(A,iv),magic(iv).\nmagic_value(A):- head(A,hi),magic(hi).\nmagic_value(A):- head(A,mp),magic(mp).\nmagic_value(A):- head(A,kr),magic(kr).\nmagic_value(A):- head(A,lt),magic(lt).\nmagic_value(A):- head(A,aw),magic(aw).", "is_solution": true, "conf_matrix": [200, 0, 200, 0], "total_exec_time": 1.926438042, "durations": [{"operation": "Test", "called": 1, "total": 0.024929291999999936, "mean": 0.024929291999999936, "maximum": 0.024929291999999936, "__type__": "DurationSummary"}, {"operation": "Find_Bindings_Prolog", "called": 1, "total": 0.022149833000000063, "mean": 0.022149833000000063, "maximum": 0.022149833000000063, "__type__": "DurationSummary"}, {"operation": "Generate", "called": 1, "total": 0.00038816599999980106, "mean": 0.00038816599999980106, "maximum": 0.00038816599999980106, "__type__": "DurationSummary"}], "__type__": "ProgramStats"}, "is_solution": true, "stats_file": "./results/list_magicvalues_multipleclauses/magicpopper/30/1/stats.json", "end": true, "__type__": "Stats"}