{"log_best_programs": true, "num_literals": 0, "total_programs": 26, "total_rules": 0, "total_ground_rules": 0, "durations": {"generate": [0.00032920799999996975, 0.00028199999999994896, 0.00026537500000001213, 0.0002115839999999869, 0.000384207999999997, 0.00027325000000000266, 0.00022091700000004266, 0.0002071670000000081, 0.00021133299999998023, 0.0002043339999999727, 0.00019241700000000028, 0.00021970799999998514, 0.00042162499999998104, 0.00021070799999994838, 0.0002026249999999563, 0.00023933300000000823, 0.00020241699999995477, 0.00021041599999999105, 0.000229542000000027, 0.00017979200000001194, 0.00018062499999998982, 0.0002131670000000141, 0.00018795799999998808, 0.0001779590000000053, 0.00020745899999996542, 0.0004694590000000054, 0.00019820900000000474], "find_bindings_prolog": [0.012172916000000034, 0.0008765410000000085, 0.0003881659999999676, 0.0003145410000000015, 0.00037833300000000847, 0.00034733399999997694, 0.0003319590000000483, 0.0003425830000000074, 0.0003269999999999662, 0.00034395799999997756, 0.0003495000000000026, 0.0006850420000000246, 0.0003655000000000186, 0.0012487499999999652], "test": [0.012917582999999955, 0.0016065829999999948, 0.0005563749999999978, 0.0004746250000000063, 0.016347915999999962, 0.0005789999999999962, 0.0005279999999999729, 0.0005059170000000224, 0.0003490409999999944, 0.00034562499999996055, 0.000307084000000013, 0.00031124999999998515, 0.0005271250000000172, 0.000499874999999983, 0.000512332999999976, 0.000523957999999991, 0.0014560419999999907, 0.0005386669999999927, 0.00029170900000002886, 0.0002930420000000211, 0.00029012500000002994, 0.0002911670000000366, 0.0002746670000000062, 0.00027212500000001194, 0.00027087500000000375, 0.002599917000000007], "combine": [0.0040309159999999955, 6.250000000318501e-07, 4.1600000000308057e-07, 3.749999999969056e-07, 5.419999999922709e-07, 3.749999999969056e-07, 3.749999999969056e-07, 4.1699999997479864e-07, 4.5900000000820285e-07, 3.749999999969056e-07, 3.749999999969056e-07, 3.3300000001901253e-07, 3.749999999969056e-07, 3.749999999969056e-07, 3.749999999969056e-07, 4.1699999997479864e-07, 4.580000000364848e-07, 3.749999999969056e-07, 3.749999999969056e-07, 3.749999999969056e-07, 3.749999999969056e-07, 3.329999999635014e-07, 3.749999999969056e-07, 3.749999999969056e-07, 3.749999999969056e-07, 0.0019466249999999796], "constrain": [0.0008394579999999596, 0.0009261249999999999, 0.00018783399999999784, 0.0001848340000000226, 0.00017600000000000948, 0.0011315000000000075, 0.00020041700000000828, 0.0001947919999999992, 0.00020062500000000982, 0.0001787080000000274, 0.0001747500000000013, 0.00014270899999996312, 0.0001667080000000154, 0.00016500000000002624, 0.0001650410000000324, 0.0001655839999999964, 0.0001643749999999944, 0.00016450000000001186, 0.00014266699999998522, 0.00014179200000002945, 0.0001411669999999976, 0.00014141700000003254, 0.00014304199999998213, 0.00013816699999996684, 0.00013829199999998432, 0.0011148330000000373]}, "final_exec_time": 0.11819037499999996, "stages": [], "best_programs": [], "solution": {"code": "multiple(1):- magic(1).\nmultiple(A):- div2(A,B),multiple(B).", "is_solution": true, "conf_matrix": [8, 0, 10, 0], "total_exec_time": 0.11818895799999996, "durations": [{"operation": "Test", "called": 26, "total": 0.04347062599999996, "mean": 0.0016719471538461522, "maximum": 0.016347915999999962, "__type__": "DurationSummary"}, {"operation": "Find_Bindings_Prolog", "called": 14, "total": 0.018472123000000007, "mean": 0.0013194373571428577, "maximum": 0.012172916000000034, "__type__": "DurationSummary"}, {"operation": "Constrain", "called": 25, "total": 0.006515504000000061, "mean": 0.00026062016000000243, "maximum": 0.0011315000000000075, "__type__": "DurationSummary"}, {"operation": "Generate", "called": 26, "total": 0.006334585999999753, "mean": 0.0002436379230769136, "maximum": 0.0004694590000000054, "__type__": "DurationSummary"}, {"operation": "Combine", "called": 25, "total": 0.004040540999999953, "mean": 0.00016162163999999812, "maximum": 0.0040309159999999955, "__type__": "DurationSummary"}], "__type__": "ProgramStats"}, "is_solution": true, "stats_file": "./results/multiple/magicpopper_types/0/stats.json", "end": true, "__type__": "Stats"}