{"log_best_programs": true, "num_literals": 0, "total_programs": 20, "total_rules": 0, "total_ground_rules": 0, "durations": {"generate": [0.02471462499999999, 0.008263375000000073, 0.0030152920000000583, 0.0032150410000000296, 0.001767249999999998, 0.7353648339999999, 0.003562832999999932, 0.0008469579999998977, 0.0011498749999998559, 0.0010295409999998562, 0.0018467079999999747, 0.0009074579999999166, 0.014760125000000013, 0.019318457999999872, 0.0008105830000002534, 0.0008763339999999786, 0.0009145830000001354, 0.004049417000000055, 0.002280625000000036, 0.009353790999999667, 5.094124667], "find_bindings_prolog": [0.013307457999999994, 0.0007569579999999743, 0.0007604580000000194, 0.0008077080000000736, 0.0007019590000000298, 0.0010218330000000275, 0.0007543329999999404, 0.0008218749999999719, 0.0008474579999999676, 0.0008728329999998508, 0.0007300000000003415, 0.0008081250000002704, 0.000891417000000061, 0.0008584580000001729, 0.000803499999999957, 0.000777542000000242, 0.0007219590000002718, 0.0007728330000000838, 0.0008672920000001305, 0.0012331660000000078], "test": [0.014212957999999998, 0.0011627920000000236, 0.0013406670000000176, 0.0013759999999999328, 0.001071583000000098, 0.0019267919999998995, 0.0011836250000001325, 0.0014890830000000577, 0.0016596249999998314, 0.001847249999999967, 0.0013842500000000868, 0.0017449170000003456, 0.0018097500000000544, 0.0011117499999997449, 0.0012214589999999248, 0.001425624999999986, 0.001135749999999991, 0.0014402500000003648, 0.0014938340000001382, 0.002267083000000003], "combine": [5.840000000256751e-07, 4.1700000008582094e-07, 4.1600000000308057e-07, 4.1600000000308057e-07, 4.1699999997479864e-07, 5.410000001315751e-07, 4.1699999986377634e-07, 4.579999999254625e-07, 4.580000001475071e-07, 4.1700000030786555e-07, 4.1699999986377634e-07, 4.5899999978615824e-07, 5.00000000069889e-07, 4.1699999986377634e-07, 4.1699999986377634e-07, 3.7499999994139444e-07, 4.1699999986377634e-07, 4.580000001475071e-07, 4.160000002251252e-07, 0.0031337919999998576], "constrain": [0.155902208, 0.06679550000000001, 0.02069516700000007, 0.02027833400000001, 0.01774824999999991, 0.18601945899999994, 0.06927987499999988, 0.08169579199999988, 0.09186779199999995, 0.08886675000000022, 0.027912125000000287, 0.03221274999999979, 0.051693709000000254, 0.06350008400000018, 0.0766095830000002, 0.0776725840000001, 0.06975270800000022, 0.026377207999999985, 0.08445016600000033, 0.03971883399999987]}, "final_exec_time": 7.659362832999999, "stages": [], "best_programs": [], "solution": {"code": "f(A):- cell(A,B,E,k),cell(A,G,E,r),distance(G,B,1),magic(1),magic(k),magic(r).", "is_solution": true, "conf_matrix": [10, 0, 10, 0], "total_exec_time": 7.659357915999999, "durations": [{"operation": "Constrain", "called": 19, "total": 1.309330044000001, "mean": 0.06891210757894743, "maximum": 0.18601945899999994, "__type__": "DurationSummary"}, {"operation": "Generate", "called": 20, "total": 0.8380477059999994, "mean": 0.04190238529999997, "maximum": 0.7353648339999999, "__type__": "DurationSummary"}, {"operation": "Test", "called": 20, "total": 0.0423050430000006, "mean": 0.00211525215000003, "maximum": 0.014212957999999998, "__type__": "DurationSummary"}, {"operation": "Find_Bindings_Prolog", "called": 20, "total": 0.029117165000001388, "mean": 0.0014558582500000695, "maximum": 0.013307457999999994, "__type__": "DurationSummary"}, {"operation": "Combine", "called": 19, "total": 8.417000000093822e-06, "mean": 4.4300000000493797e-07, "maximum": 5.840000000256751e-07, "__type__": "DurationSummary"}], "__type__": "ProgramStats"}, "is_solution": true, "stats_file": "./results/krk/magicpopper_types/9/stats.json", "end": true, "__type__": "Stats"}