{"log_best_programs": true, "num_literals": 0, "total_programs": 2, "total_rules": 0, "total_ground_rules": 0, "durations": {"generate": [0.0017797499999999689, 0.0025771669999998803], "find_bindings_prolog": [0.036984665999999944, 0.00400183300000001], "bind": [0.05872954200000002, 0.0076630829999999595], "test": [0.09701112499999986, 0.012494208999999978], "combine": [0.015470459000000103], "constrain": [0.003740708000000037]}, "final_exec_time": 0.28543454200000007, "stages": [], "best_programs": [], "solution": {"code": "f([1, 2, 4, 13, 23, 31, 32, 36, 41, 45, 46, 47, 64, 68, 69, 69, 89, 89, 93, 94, 95, 99]):- magic([1, 2, 4, 13, 23, 31, 32, 36, 41, 45, 46, 47, 64, 68, 69, 69, 89, 89, 93, 94, 95, 99]).\nf([1, 3, 7, 9, 9, 13, 14, 18, 18, 19, 22, 24, 30, 31, 31, 33, 42, 43, 44, 44, 46, 48, 49, 52, 54, 57, 59, 61, 62, 65, 65, 66, 67, 71, 74, 79, 82, 83, 84, 85, 88, 88, 89, 90, 94, 98, 99]):- magic([1, 3, 7, 9, 9, 13, 14, 18, 18, 19, 22, 24, 30, 31, 31, 33, 42, 43, 44, 44, 46, 48, 49, 52, 54, 57, 59, 61, 62, 65, 65, 66, 67, 71, 74, 79, 82, 83, 84, 85, 88, 88, 89, 90, 94, 98, 99]).\nf([3, 5, 5, 14, 17, 23, 26, 30, 33, 33, 36, 56, 59, 64, 66, 68, 72, 81, 84, 85, 87, 96, 96, 97]):- magic([3, 5, 5, 14, 17, 23, 26, 30, 33, 33, 36, 56, 59, 64, 66, 68, 72, 81, 84, 85, 87, 96, 96, 97]).\nf([4, 28, 29, 31, 32, 46, 52, 61, 72, 90, 90, 94]):- magic([4, 28, 29, 31, 32, 46, 52, 61, 72, 90, 90, 94]).\nf([7, 15, 49, 57, 66, 70, 75, 79, 88]):- magic([7, 15, 49, 57, 66, 70, 75, 79, 88]).\nf([9, 10, 10, 12, 18, 18, 21, 22, 29, 32, 47, 48, 52, 54, 66, 72, 73, 83, 100, 101]):- magic([9, 10, 10, 12, 18, 18, 21, 22, 29, 32, 47, 48, 52, 54, 66, 72, 73, 83, 100, 101]).\nf([22, 54, 67, 85]):- magic([22, 54, 67, 85]).\nf(A):- head(A,2),magic(2).", "is_solution": true, "conf_matrix": [10, 0, 10, 0], "total_exec_time": 0.2853801669999999, "durations": [{"operation": "Test", "called": 2, "total": 0.10950533399999984, "mean": 0.05475266699999992, "maximum": 0.09701112499999986, "__type__": "DurationSummary"}, {"operation": "Bind", "called": 2, "total": 0.06639262499999998, "mean": 0.03319631249999999, "maximum": 0.05872954200000002, "__type__": "DurationSummary"}, {"operation": "Find_Bindings_Prolog", "called": 2, "total": 0.040986498999999954, "mean": 0.020493249499999977, "maximum": 0.036984665999999944, "__type__": "DurationSummary"}, {"operation": "Combine", "called": 1, "total": 0.015470459000000103, "mean": 0.015470459000000103, "maximum": 0.015470459000000103, "__type__": "DurationSummary"}, {"operation": "Generate", "called": 2, "total": 0.004356916999999849, "mean": 0.0021784584999999246, "maximum": 0.0025771669999998803, "__type__": "DurationSummary"}, {"operation": "Constrain", "called": 1, "total": 0.003740708000000037, "mean": 0.003740708000000037, "maximum": 0.003740708000000037, "__type__": "DurationSummary"}], "__type__": "ProgramStats"}, "is_solution": true, "stats_file": "./results/sorted/magicpopper/6/stats.json", "end": false, "__type__": "Stats"}