{"log_best_programs": true, "num_literals": 0, "total_programs": 8, "total_rules": 0, "total_ground_rules": 0, "durations": {"generate": [0.0003834580000001697, 0.0005495000000002026, 0.0014047500000000657, 0.0013355419999998563, 0.0015074159999999281, 0.0005948329999996282, 0.0008711249999997506, 0.0016477500000000589, 0.0012802920000001272], "find_bindings_prolog": [0.026712291000000166, 0.03105941599999995, 0.13657204099999998, 0.14192541699999994, 0.16604654100000005, 0.13856033300000004], "test": [0.03133137499999994, 0.04298308299999998, 0.019129874999999963, 0.13691608300000002, 0.14226625000000004, 0.019261000000000195, 0.16664075, 0.1388992499999997], "combine": [0.05474479200000015, 0.005643375000000006, 5.83000000053957e-07, 6.669999998987208e-07, 7.07999999960407e-07, 5.419999999922709e-07, 5.419999999922709e-07, 5.00000000069889e-07], "constrain": [0.0017565410000000004, 0.002387500000000209, 0.00046349999999995006, 0.002955500000000111, 0.005375125000000036, 0.0018046250000001152, 0.0018573339999998772, 0.005360166999999638]}, "final_exec_time": 2.136691125, "stages": [], "best_programs": [], "solution": {"code": "magic_value(A):- head(A,af),magic(af).\nmagic_value(A):- head(A,fv),magic(fv).\nmagic_value(A):- head(A,gj),magic(gj).\nmagic_value(A):- head(A,hd),magic(hd).\nmagic_value(A):- head(A,t),magic(t).\nmagic_value(A):- head(A,w),magic(w).\nmagic_value(A):- head(A,gv),magic(gv).\nmagic_value(A):- head(A,rd),magic(rd).\nmagic_value(A):- head(A,e),magic(e).\nmagic_value(A):- head(A,jj),magic(jj).\nmagic_value(A):- head(A,oh),magic(oh).\nmagic_value(A):- head(A,pp),magic(pp).\nmagic_value(A):- head(A,go),magic(go).\nmagic_value(A):- head(A,en),magic(en).\nmagic_value(A):- head(A,b),magic(b).\nmagic_value(A):- head(A,fw),magic(fw).\nmagic_value(A):- head(A,hc),magic(hc).\nmagic_value(A):- head(A,no),magic(no).\nmagic_value(A):- head(A,qn),magic(qn).\nmagic_value(A):- head(A,bw),magic(bw).\nmagic_value(A):- head(A,bb),magic(bb).\nmagic_value(A):- head(A,io),magic(io).\nmagic_value(A):- head(A,lh),magic(lh).\nmagic_value(A):- head(A,by),magic(by).\nmagic_value(A):- head(A,kz),magic(kz).\nmagic_value(A):- head(A,jy),magic(jy).\nmagic_value(A):- head(A,bt),magic(bt).\nmagic_value(A):- head(A,fm),magic(fm).\nmagic_value(A):- head(A,hg),magic(hg).\nmagic_value(A):- head(A,ao),magic(ao).\nmagic_value(A):- head(A,mc),magic(mc).\nmagic_value(A):- head(A,nb),magic(nb).\nmagic_value(A):- head(A,gg),magic(gg).\nmagic_value(A):- head(A,se),magic(se).\nmagic_value(A):- head(A,ho),magic(ho).\nmagic_value(A):- head(A,ee),magic(ee).\nmagic_value(A):- head(A,pe),magic(pe).\nmagic_value(A):- head(A,my),magic(my).\nmagic_value(A):- head(A,gl),magic(gl).\nmagic_value(A):- head(A,cw),magic(cw).\nmagic_value(A):- head(A,c),magic(c).\nmagic_value(A):- head(A,rz),magic(rz).\nmagic_value(A):- head(A,rv),magic(rv).\nmagic_value(A):- head(A,ig),magic(ig).\nmagic_value(A):- head(A,am),magic(am).\nmagic_value(A):- head(A,qe),magic(qe).\nmagic_value(A):- head(A,re),magic(re).\nmagic_value(A):- head(A,os),magic(os).\nmagic_value(A):- head(A,kf),magic(kf).\nmagic_value(A):- head(A,bg),magic(bg).", "is_solution": true, "conf_matrix": [200, 0, 200, 0], "total_exec_time": 2.136688291, "durations": [{"operation": "Test", "called": 1, "total": 0.03133137499999994, "mean": 0.03133137499999994, "maximum": 0.03133137499999994, "__type__": "DurationSummary"}, {"operation": "Find_Bindings_Prolog", "called": 1, "total": 0.026712291000000166, "mean": 0.026712291000000166, "maximum": 0.026712291000000166, "__type__": "DurationSummary"}, {"operation": "Generate", "called": 1, "total": 0.0003834580000001697, "mean": 0.0003834580000001697, "maximum": 0.0003834580000001697, "__type__": "DurationSummary"}], "__type__": "ProgramStats"}, "is_solution": true, "stats_file": "./results/list_magicvalues_multipleclauses/magicpopper/50/3/stats.json", "end": true, "__type__": "Stats"}