{"log_best_programs": true, "num_literals": 0, "total_programs": 55, "total_rules": 0, "total_ground_rules": 0, "durations": {"generate": [0.000291083999999997, 0.0004266669999999917, 0.00020775000000000654, 0.00022408300000004155, 0.000181541999999979, 0.00017733399999997346, 0.00040320800000004375, 0.0001962919999999868, 0.00018016700000000885, 0.00020425000000001692, 0.00019579199999997243, 0.00024966700000000897, 0.0001819590000000093, 0.0003716659999999927, 0.00020466699999999172, 0.0001939169999999879, 0.00019374999999999254, 0.0001934579999999797, 0.00019004200000000138, 0.00018920799999999627, 0.00019574999999999454, 0.000189875000000006, 0.0001883750000000184, 0.00019012499999998544, 0.00020858400000001165, 0.00018929200000000757, 0.00019562500000003258, 0.00019070900000001112, 0.00019795799999999808, 0.00018979200000002194, 0.0001872090000000215, 0.00019216599999999362, 0.00022441600000000506, 0.00023429200000002481, 0.00020487499999999326, 0.00019325000000003367, 0.0001931669999999941, 0.00019449999999998635, 0.0001874580000000292, 0.000187541999999985, 0.0001870409999999989, 0.00019379099999999871, 0.00018612500000003696, 0.00018954100000001528, 0.0001863750000000164, 0.00018862499999999782, 0.00018758299999999117, 0.00019462500000000382, 0.00018724999999997216, 0.00034362500000001406, 0.0002445830000000204, 0.00023379200000001044, 0.0002459579999999906, 0.0002306659999999905, 0.00022641700000003429, 0.00020524999999999016], "find_bindings_prolog": [0.010020667000000011, 0.0007682090000000197, 0.0007936660000000262, 0.0007647499999999807, 0.00044870800000001987, 0.0004371250000000382, 0.0011315000000000075], "test": [0.010600208, 0.013467583000000005, 0.0003086250000000068, 0.0002819580000000266, 0.00027616699999999383, 0.0002779170000000164, 0.0002706249999999688, 0.0002747500000000458, 0.0003107920000000042, 0.0003307499999999908, 0.00031412499999999843, 0.00033929100000001933, 0.00028445799999998744, 0.0003438749999999935, 0.0003261249999999549, 0.000330333000000016, 0.00031324999999998715, 0.0003234169999999925, 0.0003162919999999958, 0.0003087920000000022, 0.0003070829999999858, 0.00030995799999999907, 0.00030641700000000327, 0.00031049999999999134, 0.00030091699999995614, 0.00030454200000001874, 0.00030179200000002293, 0.0003050410000000059, 0.00029808400000003177, 0.00030429099999995657, 0.00029733300000001073, 0.0003758750000000255, 0.0003374999999999906, 0.0003482080000000165, 0.00032375000000001153, 0.00030370800000001363, 0.00029999999999996696, 0.0003105409999999975, 0.0003102500000000119, 0.00030399999999997096, 0.00030254200000001674, 0.00030170800000001163, 0.0002969999999999917, 0.00030779200000002893, 0.0002974169999999665, 0.00030649999999998734, 0.0002939590000000103, 0.00030083300000000035, 0.0003327499999999928, 0.0017502080000000309, 0.001779583000000029, 0.0017434170000000249, 0.000745624999999972, 0.000731166999999977, 0.0024796670000000187], "combine": [0.0025329169999999956, 5.409999999650417e-07, 4.1699999997479864e-07, 4.170000000303098e-07, 3.749999999969056e-07, 3.749999999969056e-07, 3.749999999969056e-07, 3.749999999969056e-07, 4.580000000364848e-07, 3.749999999969056e-07, 4.5799999998097363e-07, 3.749999999969056e-07, 4.1699999997479864e-07, 4.5900000000820285e-07, 3.7500000005241674e-07, 3.749999999969056e-07, 3.749999999969056e-07, 4.1699999997479864e-07, 3.749999999969056e-07, 3.3300000001901253e-07, 4.1600000000308057e-07, 3.329999999635014e-07, 4.1699999997479864e-07, 3.749999999969056e-07, 3.3300000001901253e-07, 3.749999999969056e-07, 4.1699999997479864e-07, 3.749999999969056e-07, 3.749999999969056e-07, 3.749999999969056e-07, 3.749999999969056e-07, 4.170000000303098e-07, 4.170000000303098e-07, 3.749999999969056e-07, 3.749999999969056e-07, 4.170000000303098e-07, 4.1699999997479864e-07, 4.170000000303098e-07, 3.749999999969056e-07, 3.749999999969056e-07, 4.159999999475694e-07, 3.749999999969056e-07, 3.749999999969056e-07, 3.749999999969056e-07, 3.749999999969056e-07, 3.749999999969056e-07, 3.749999999969056e-07, 3.749999999969056e-07, 3.339999999907306e-07, 5.000000000143778e-07, 4.5799999998097363e-07, 4.1699999997479864e-07, 3.749999999969056e-07, 3.749999999969056e-07, 0.001920209000000006], "constrain": [0.0007288750000000177, 0.0010446669999999991, 0.0001763750000000064, 0.00017024999999998291, 0.00016574999999996454, 0.00016583400000003135, 0.0001444170000000078, 0.0001367500000000188, 0.0001550830000000003, 0.00014562499999998257, 0.0001475839999999784, 0.00014220799999997702, 0.00013779200000002545, 0.0009828749999999942, 0.00016145899999997493, 0.00016029200000000632, 0.00016008400000000478, 0.00019120799999999827, 0.00015966700000002998, 0.00015895799999998683, 0.00016133299999998574, 0.00016062500000002533, 0.0001654159999999738, 0.00015933300000003925, 0.00016083300000002687, 0.00015900000000002024, 0.0001623330000000145, 0.0001611670000000176, 0.00016012500000001095, 0.0001594999999999791, 0.00015924999999999967, 0.00017591700000002541, 0.00016495799999999283, 0.00016450000000001186, 0.00016045900000000168, 0.0001590829999999488, 0.000158665999999974, 0.00015966600000000275, 0.0001606669999999477, 0.00016295799999999083, 0.0001592089999999935, 0.00015983299999999812, 0.00015962499999999658, 0.00015929100000000584, 0.00015854100000001203, 0.0001594999999999791, 0.00016137500000001914, 0.00016108400000003353, 0.00016254199999998775, 0.0010567499999999952, 0.0010005000000000153, 0.0002407090000000056, 0.00024020899999999124, 0.00020975000000000854, 0.00019562500000003258]}, "final_exec_time": 0.11320537500000002, "stages": [], "best_programs": [], "solution": {"code": "multiple(1):- magic(1).\nmultiple(A):- div2(A,B),multiple(B).", "is_solution": true, "conf_matrix": [6, 0, 10, 0], "total_exec_time": 0.113204, "durations": [{"operation": "Test", "called": 55, "total": 0.04782929100000005, "mean": 0.0008696234727272737, "maximum": 0.013467583000000005, "__type__": "DurationSummary"}, {"operation": "Find_Bindings_Prolog", "called": 7, "total": 0.014364625000000103, "mean": 0.0020520892857143003, "maximum": 0.010020667000000011, "__type__": "DurationSummary"}, {"operation": "Constrain", "called": 54, "total": 0.012860460000000018, "mean": 0.000238156666666667, "maximum": 0.0010567499999999952, "__type__": "DurationSummary"}, {"operation": "Generate", "called": 55, "total": 0.011817460000000224, "mean": 0.00021486290909091316, "maximum": 0.0004266669999999917, "__type__": "DurationSummary"}, {"operation": "Combine", "called": 54, "total": 0.0025538349999998655, "mean": 4.729324074073825e-05, "maximum": 0.0025329169999999956, "__type__": "DurationSummary"}], "__type__": "ProgramStats"}, "is_solution": true, "stats_file": "./results/multiple/magicpopper_args/0/stats.json", "end": true, "__type__": "Stats"}