{"log_best_programs": true, "num_literals": 0, "total_programs": 77, "total_rules": 0, "total_ground_rules": 0, "durations": {"generate": [0.00030120799999999726, 0.00013204099999997165, 0.0001694579999999557, 0.00039208400000001475, 0.00011433299999996649, 0.0007017919999999789, 0.0001752090000000095, 0.00020904199999999262, 0.0005875419999999965, 0.0004965000000000108, 0.0003678340000000113, 0.00019970800000002065, 0.000261416999999986, 0.0005520410000000031, 0.00019887499999998726, 0.00026362499999998956, 0.00020020800000003502, 0.0001902919999999808, 0.00019000000000002348, 0.0007052089999999844, 0.00015016700000003436, 0.00016704199999995062, 0.00015654100000001003, 0.0004609999999999892, 0.0002447500000000158, 0.00016170800000003815, 0.0001710830000000163, 0.0001523339999999762, 0.00017558299999997917, 0.0005278750000000665, 0.00020175000000000054, 0.00035329200000000505, 0.0001927919999999972, 0.00017725000000001767, 0.00034395799999997756, 0.00017170799999999264, 0.00021541700000005104, 0.00020620800000004103, 0.00021474999999993027, 0.0018882920000000691, 0.00017624999999998892, 0.00019158299999999517, 0.00020866699999999572, 0.0003949159999999674, 0.00024279199999999168, 0.0011451660000000308, 0.0002006249999999543, 0.0001699160000000477, 0.0001679169999999619, 0.0001362910000000106, 0.00022366699999998296, 0.00020200000000003548, 0.00015412500000000495, 0.00017304200000001213, 0.0001515420000000045, 0.0001696250000000621, 0.00016074999999993178, 0.00016575000000007556, 0.00016370899999995636, 0.0001851250000000082, 0.0001894999999999536, 0.00014970800000002615, 0.0001599580000000156, 0.00017170899999996436, 0.00017962500000001658, 0.00012799999999990597, 0.0001719580000000276, 0.00017049999999996235, 0.0005755000000000621, 0.00029041600000001555, 0.00014916600000003388, 0.00014616700000003036, 0.000701875000000074, 0.00016091699999998266, 0.0001787500000000053, 0.00017466700000001723, 0.0001754579999999617, 0.002993916999999957], "find_bindings_prolog": [0.013440542, 0.010119875, 0.006277459000000041, 0.006818958000000042, 0.01092812500000001, 0.0018240419999999702, 0.002769374999999963, 0.010564624999999994, 0.010469834000000011, 0.006094166999999984, 0.0027101250000000077, 0.0010942499999999633, 0.0028317499999999662, 0.002833124999999992, 0.002839791999999952, 0.0017414579999999735, 0.006369999999999987, 0.006482250000000023, 0.000556416000000004, 0.0058354999999999935, 0.006658250000000032, 0.006385834000000035, 0.010774792000000089, 0.011661916999999966, 0.0006502919999999968, 0.006994000000000056, 0.007373333999999954, 0.010971207999999955, 0.010902332999999986, 0.0017920410000000775, 0.007235875000000003, 0.007341624999999907, 0.011406665999999954, 0.011066124999999927, 0.010779500000000053, 0.009998250000000097, 0.0007190000000000252, 0.0006122079999999475, 0.0006740410000000141, 0.000776082999999983, 0.0007485000000000408, 0.0007158340000000818, 0.0005581249999999649, 0.0006093749999999121, 0.0006323340000000677, 0.0005719999999999059, 0.0005672910000000808, 0.0006831249999998956, 0.0007536670000000134, 0.000731167000000088, 0.0005753330000000112, 0.0006824580000001079, 0.0007085419999999232, 0.0005943330000000024, 0.000670208000000061, 0.0005333330000000247, 0.0006226660000000495, 0.0005531659999999938, 0.0010692089999999599, 0.0006006249999999103, 0.0006618330000000006, 0.0011319170000000378], "test": [0.014146500000000006, 0.00031641699999995776, 0.01138699999999998, 0.0004497500000000265, 0.0004553330000000022, 0.007064165999999983, 0.007872084000000001, 0.012453667000000002, 0.0023543750000000196, 0.003463875000000005, 0.012078250000000013, 0.012307624999999989, 0.006878749999999989, 0.003402333000000035, 0.0016136660000000136, 0.0037556249999999847, 0.0037497920000000295, 0.0037641659999999577, 0.0025100829999999963, 0.00039033300000002047, 0.000523957999999991, 0.001731833000000016, 0.00036870799999999537, 0.007244792, 0.00735670799999999, 0.0007568330000000123, 0.006731749999999981, 0.007515375000000046, 0.007287083999999999, 0.012517208000000002, 0.013416874999999995, 0.001033708000000022, 0.00820025000000002, 0.008579957999999999, 0.012714000000000003, 0.012645333000000036, 0.0023282500000000317, 0.008447541999999975, 0.008550750000000051, 0.01318237500000008, 0.012810750000000093, 0.01255700000000004, 0.011593333999999955, 0.0009505000000000763, 0.0008271249999999286, 0.0005992499999999401, 0.000917292000000014, 0.0010025830000000013, 0.0009750419999999815, 0.00039274999999994176, 0.0009289580000000353, 0.0007627919999999566, 0.0008193750000000666, 0.0008432500000000731, 0.0007793750000000266, 0.0007715830000000201, 0.0008897089999999608, 0.0008422079999998999, 0.0008069170000000181, 0.0009884579999999143, 0.0017950829999999751, 0.0003897919999999999, 0.000957291999999943, 0.0007968340000000795, 0.0004250000000000087, 0.0018002080000000253, 0.0009127909999999684, 0.0009304169999999612, 0.0007970409999999983, 0.0008771669999999565, 0.0007307919999999246, 0.0008252909999999503, 0.000757958000000003, 0.001273125000000097, 0.0008208330000000208, 0.0008845829999999388, 0.0013516670000000008], "combine": [0.0024123749999999666, 4.5900000000820285e-07, 0.0026902920000000385, 6.249999999763389e-07, 4.5900000000820285e-07, 5.829999999984459e-07, 5.410000000205528e-07, 5.000000000143778e-07, 4.589999999526917e-07, 5.000000000143778e-07, 5.419999999922709e-07, 5.829999999984459e-07, 5.829999999984459e-07, 5.000000000143778e-07, 4.1699999997479864e-07, 5.000000000143778e-07, 4.5799999998097363e-07, 5.000000000143778e-07, 4.1600000000308057e-07, 5.410000000205528e-07, 4.5900000000820285e-07, 4.580000000364848e-07, 4.5900000000820285e-07, 5.000000000143778e-07, 5.419999999922709e-07, 4.589999999526917e-07, 5.419999999922709e-07, 4.999999999588667e-07, 5.840000000256751e-07, 5.419999999922709e-07, 5.419999999922709e-07, 4.1600000000308057e-07, 4.5900000000820285e-07, 5.00000000069889e-07, 5.419999999922709e-07, 5.00000000069889e-07, 0.002164625000000031, 6.250000000873612e-07, 6.249999999763389e-07, 5.840000000256751e-07, 5.410000000205528e-07, 6.249999999763389e-07, 5.419999999922709e-07, 4.1700000008582094e-07, 3.7499999994139444e-07, 5.419999999922709e-07, 4.580000000364848e-07, 3.7499999994139444e-07, 4.1699999997479864e-07, 3.7500000005241674e-07, 3.7500000005241674e-07, 3.339999999907306e-07, 3.3300000001901253e-07, 3.7500000005241674e-07, 3.7499999994139444e-07, 3.3300000001901253e-07, 3.339999999907306e-07, 3.7499999994139444e-07, 4.1600000000308057e-07, 4.1699999997479864e-07, 4.1600000000308057e-07, 3.7500000005241674e-07, 4.5900000000820285e-07, 3.339999999907306e-07, 3.7500000005241674e-07, 4.580000000364848e-07, 4.1600000000308057e-07, 4.1699999997479864e-07, 4.1700000008582094e-07, 4.1600000000308057e-07, 3.7499999994139444e-07, 3.7500000005241674e-07, 3.3300000001901253e-07, 4.580000000364848e-07, 3.7499999994139444e-07, 3.7500000005241674e-07, 4.1600000000308057e-07],