{"log_best_programs": true, "num_literals": 0, "total_programs": 8, "total_rules": 0, "total_ground_rules": 0, "durations": {"generate": [0.0003805419999998172, 0.0004901250000000079, 0.0018080420000001762, 0.0010432910000000017, 0.0016802499999999387, 0.0008197080000000856, 0.0009590419999998545, 0.0005304999999999893, 0.00045508300000030033], "find_bindings_prolog": [0.02343712500000006, 0.03231187499999999, 0.128873083, 0.14301237499999986, 0.14984029199999993, 0.14682129200000027], "test": [0.026631124999999978, 0.04433279199999984, 0.018618083000000007, 0.12918116599999996, 0.14334854099999994, 0.15034404199999996, 0.14716245799999994, 0.01704250000000007], "combine": [0.023907375000000064, 0.004718, 5.419999999922709e-07, 5.829999998319124e-07, 5.840000001366974e-07, 5.830000002760016e-07, 5.419999999922709e-07, 4.5799999970341787e-07], "constrain": [0.0016839170000000347, 0.0022584580000000187, 0.00042195800000000006, 0.0029779589999998635, 0.005100917000000038, 0.0019024579999999958, 0.005056708000000132, 0.0018089169999999655]}, "final_exec_time": 1.9667178749999998, "stages": [], "best_programs": [], "solution": {"code": "magic_value(A):- head(A,qb),magic(qb).\nmagic_value(A):- head(A,iy),magic(iy).\nmagic_value(A):- head(A,s),magic(s).\nmagic_value(A):- head(A,kc),magic(kc).\nmagic_value(A):- head(A,lz),magic(lz).\nmagic_value(A):- head(A,gh),magic(gh).\nmagic_value(A):- head(A,rd),magic(rd).\nmagic_value(A):- head(A,bz),magic(bz).\nmagic_value(A):- head(A,mw),magic(mw).\nmagic_value(A):- head(A,mq),magic(mq).\nmagic_value(A):- head(A,ra),magic(ra).\nmagic_value(A):- head(A,ps),magic(ps).\nmagic_value(A):- head(A,lf),magic(lf).\nmagic_value(A):- head(A,ks),magic(ks).\nmagic_value(A):- head(A,kt),magic(kt).\nmagic_value(A):- head(A,rg),magic(rg).\nmagic_value(A):- head(A,df),magic(df).\nmagic_value(A):- head(A,ae),magic(ae).\nmagic_value(A):- head(A,ew),magic(ew).\nmagic_value(A):- head(A,gb),magic(gb).\nmagic_value(A):- head(A,km),magic(km).\nmagic_value(A):- head(A,op),magic(op).\nmagic_value(A):- head(A,io),magic(io).\nmagic_value(A):- head(A,hq),magic(hq).\nmagic_value(A):- head(A,ni),magic(ni).\nmagic_value(A):- head(A,gf),magic(gf).\nmagic_value(A):- head(A,bq),magic(bq).\nmagic_value(A):- head(A,ab),magic(ab).\nmagic_value(A):- head(A,av),magic(av).\nmagic_value(A):- head(A,y),magic(y).\nmagic_value(A):- head(A,br),magic(br).\nmagic_value(A):- head(A,p),magic(p).\nmagic_value(A):- head(A,mv),magic(mv).\nmagic_value(A):- head(A,cc),magic(cc).\nmagic_value(A):- head(A,rj),magic(rj).", "is_solution": true, "conf_matrix": [200, 0, 200, 0], "total_exec_time": 1.9667154580000001, "durations": [{"operation": "Test", "called": 1, "total": 0.026631124999999978, "mean": 0.026631124999999978, "maximum": 0.026631124999999978, "__type__": "DurationSummary"}, {"operation": "Find_Bindings_Prolog", "called": 1, "total": 0.02343712500000006, "mean": 0.02343712500000006, "maximum": 0.02343712500000006, "__type__": "DurationSummary"}, {"operation": "Generate", "called": 1, "total": 0.0003805419999998172, "mean": 0.0003805419999998172, "maximum": 0.0003805419999998172, "__type__": "DurationSummary"}], "__type__": "ProgramStats"}, "is_solution": true, "stats_file": "./results/list_magicvalues_multipleclauses/magicpopper/35/8/stats.json", "end": true, "__type__": "Stats"}