{"log_best_programs": true, "num_literals": 0, "total_programs": 8, "total_rules": 0, "total_ground_rules": 0, "durations": {"generate": [0.00041179200000018845, 0.0006337499999999885, 0.0011772080000000962, 0.0016881669999999627, 0.0015646660000001589, 0.0007213749999999131, 0.001001291999999765, 0.0006934579999997581, 0.0017357080000000025], "find_bindings_prolog": [0.02832420899999999, 0.03569670899999999, 0.13318837500000003, 0.15389366700000018, 0.14826166700000032, 0.14376091600000018], "test": [0.033024708000000125, 0.04799866600000002, 0.01921666700000002, 0.13350095800000017, 0.020294459000000042, 0.15440762499999972, 0.14860891700000023, 0.14410395899999973], "combine": [0.04123270899999998, 0.004769167000000074, 5.419999999922709e-07, 7.090000000431473e-07, 6.249999999763389e-07, 5.409999999095305e-07, 5.00000000069889e-07, 5.419999999922709e-07], "constrain": [0.0017628750000000526, 0.0023883330000000758, 0.00042841699999995875, 0.00310733299999999, 0.0005390419999999896, 0.005730958000000008, 0.005428208000000101, 0.0017009589999998909]}, "final_exec_time": 2.066361125, "stages": [], "best_programs": [], "solution": {"code": "magic_value(A):- head(A,bb),magic(bb).\nmagic_value(A):- head(A,fm),magic(fm).\nmagic_value(A):- head(A,go),magic(go).\nmagic_value(A):- head(A,ao),magic(ao).\nmagic_value(A):- head(A,w),magic(w).\nmagic_value(A):- head(A,qn),magic(qn).\nmagic_value(A):- head(A,no),magic(no).\nmagic_value(A):- head(A,bg),magic(bg).\nmagic_value(A):- head(A,hc),magic(hc).\nmagic_value(A):- head(A,pp),magic(pp).\nmagic_value(A):- head(A,oh),magic(oh).\nmagic_value(A):- head(A,rz),magic(rz).\nmagic_value(A):- head(A,e),magic(e).\nmagic_value(A):- head(A,nb),magic(nb).\nmagic_value(A):- head(A,b),magic(b).\nmagic_value(A):- head(A,af),magic(af).\nmagic_value(A):- head(A,lh),magic(lh).\nmagic_value(A):- head(A,am),magic(am).\nmagic_value(A):- head(A,gg),magic(gg).\nmagic_value(A):- head(A,gv),magic(gv).\nmagic_value(A):- head(A,t),magic(t).\nmagic_value(A):- head(A,re),magic(re).\nmagic_value(A):- head(A,jj),magic(jj).\nmagic_value(A):- head(A,fv),magic(fv).\nmagic_value(A):- head(A,bw),magic(bw).\nmagic_value(A):- head(A,kf),magic(kf).\nmagic_value(A):- head(A,ee),magic(ee).\nmagic_value(A):- head(A,qe),magic(qe).\nmagic_value(A):- head(A,jy),magic(jy).\nmagic_value(A):- head(A,bt),magic(bt).\nmagic_value(A):- head(A,gj),magic(gj).\nmagic_value(A):- head(A,se),magic(se).\nmagic_value(A):- head(A,kz),magic(kz).\nmagic_value(A):- head(A,cw),magic(cw).\nmagic_value(A):- head(A,pe),magic(pe).\nmagic_value(A):- head(A,hg),magic(hg).\nmagic_value(A):- head(A,ho),magic(ho).\nmagic_value(A):- head(A,c),magic(c).\nmagic_value(A):- head(A,my),magic(my).\nmagic_value(A):- head(A,fw),magic(fw).\nmagic_value(A):- head(A,gl),magic(gl).\nmagic_value(A):- head(A,rv),magic(rv).\nmagic_value(A):- head(A,mc),magic(mc).\nmagic_value(A):- head(A,io),magic(io).\nmagic_value(A):- head(A,ig),magic(ig).\nmagic_value(A):- head(A,os),magic(os).\nmagic_value(A):- head(A,rd),magic(rd).\nmagic_value(A):- head(A,by),magic(by).\nmagic_value(A):- head(A,en),magic(en).\nmagic_value(A):- head(A,hd),magic(hd).", "is_solution": true, "conf_matrix": [200, 0, 200, 0], "total_exec_time": 2.066358291, "durations": [{"operation": "Test", "called": 1, "total": 0.033024708000000125, "mean": 0.033024708000000125, "maximum": 0.033024708000000125, "__type__": "DurationSummary"}, {"operation": "Find_Bindings_Prolog", "called": 1, "total": 0.02832420899999999, "mean": 0.02832420899999999, "maximum": 0.02832420899999999, "__type__": "DurationSummary"}, {"operation": "Generate", "called": 1, "total": 0.00041179200000018845, "mean": 0.00041179200000018845, "maximum": 0.00041179200000018845, "__type__": "DurationSummary"}], "__type__": "ProgramStats"}, "is_solution": true, "stats_file": "./results/list_magicvalues_multipleclauses/magicpopper/50/2/stats.json", "end": true, "__type__": "Stats"}