{"log_best_programs": true, "num_literals": 0, "total_programs": 8, "total_rules": 0, "total_ground_rules": 0, "durations": {"generate": [0.0003899580000001901, 0.0006185000000000773, 0.0014639170000001478, 0.0012153329999999851, 0.0018876249999999484, 0.0007153749999999626, 0.0010922090000000662, 0.0005497499999997935, 0.0011047500000000987], "find_bindings_prolog": [0.023991499999999943, 0.0317000409999999, 0.1322922919999998, 0.13942858299999994, 0.1392583340000002, 0.15158983300000006], "test": [0.02736979099999992, 0.043193166000000005, 0.018862916999999868, 0.1325986669999999, 0.01777612499999992, 0.13979904099999985, 0.13961216600000004, 0.15209245799999982], "combine": [0.01986929100000001, 0.004954125000000031, 5.419999999922709e-07, 6.249999999763389e-07, 8.329999998668569e-07, 5.419999999922709e-07, 5.419999999922709e-07, 5.419999999922709e-07], "constrain": [0.0017401669999999037, 0.002255750000000001, 0.00042241700000000826, 0.003015250000000025, 0.0005744589999998606, 0.005192207999999976, 0.004807582999999838, 0.0018596249999998093]}, "final_exec_time": 1.947822167, "stages": [], "best_programs": [], "solution": {"code": "magic_value(A):- head(A,iy),magic(iy).\nmagic_value(A):- head(A,gb),magic(gb).\nmagic_value(A):- head(A,bz),magic(bz).\nmagic_value(A):- head(A,kt),magic(kt).\nmagic_value(A):- head(A,gf),magic(gf).\nmagic_value(A):- head(A,lf),magic(lf).\nmagic_value(A):- head(A,ps),magic(ps).\nmagic_value(A):- head(A,rg),magic(rg).\nmagic_value(A):- head(A,p),magic(p).\nmagic_value(A):- head(A,km),magic(km).\nmagic_value(A):- head(A,gh),magic(gh).\nmagic_value(A):- head(A,op),magic(op).\nmagic_value(A):- head(A,ni),magic(ni).\nmagic_value(A):- head(A,mq),magic(mq).\nmagic_value(A):- head(A,br),magic(br).\nmagic_value(A):- head(A,ks),magic(ks).\nmagic_value(A):- head(A,kc),magic(kc).\nmagic_value(A):- head(A,rj),magic(rj).\nmagic_value(A):- head(A,lz),magic(lz).\nmagic_value(A):- head(A,mv),magic(mv).\nmagic_value(A):- head(A,ew),magic(ew).\nmagic_value(A):- head(A,hq),magic(hq).\nmagic_value(A):- head(A,y),magic(y).\nmagic_value(A):- head(A,io),magic(io).\nmagic_value(A):- head(A,bq),magic(bq).\nmagic_value(A):- head(A,cc),magic(cc).\nmagic_value(A):- head(A,rd),magic(rd).\nmagic_value(A):- head(A,df),magic(df).\nmagic_value(A):- head(A,ra),magic(ra).\nmagic_value(A):- head(A,ae),magic(ae).\nmagic_value(A):- head(A,qb),magic(qb).\nmagic_value(A):- head(A,s),magic(s).\nmagic_value(A):- head(A,mw),magic(mw).\nmagic_value(A):- head(A,ab),magic(ab).\nmagic_value(A):- head(A,av),magic(av).", "is_solution": true, "conf_matrix": [200, 0, 200, 0], "total_exec_time": 1.947819667, "durations": [{"operation": "Test", "called": 1, "total": 0.02736979099999992, "mean": 0.02736979099999992, "maximum": 0.02736979099999992, "__type__": "DurationSummary"}, {"operation": "Find_Bindings_Prolog", "called": 1, "total": 0.023991499999999943, "mean": 0.023991499999999943, "maximum": 0.023991499999999943, "__type__": "DurationSummary"}, {"operation": "Generate", "called": 1, "total": 0.0003899580000001901, "mean": 0.0003899580000001901, "maximum": 0.0003899580000001901, "__type__": "DurationSummary"}], "__type__": "ProgramStats"}, "is_solution": true, "stats_file": "./results/list_magicvalues_multipleclauses/magicpopper/35/6/stats.json", "end": true, "__type__": "Stats"}