{"log_best_programs": true, "num_literals": 0, "total_programs": 2, "total_rules": 0, "total_ground_rules": 0, "durations": {"generate": [0.012307707999999806, 14.129653165999999], "test": [0.000897875000000159, 0.004385375000001801], "combine": [6.249999997542943e-07], "constrain": [0.001992709000000037]}, "final_exec_time": 17.051081958999998, "stages": [], "best_programs": [], "solution": {"code": "next_value(A,B):- my_true_value(A,C),my_succ(B,C).", "is_solution": true, "conf_matrix": [0, 0, 0, 0], "total_exec_time": 17.051064292, "durations": [{"operation": "Generate", "called": 2, "total": 14.141960873999999, "mean": 7.070980436999999, "maximum": 14.129653165999999, "__type__": "DurationSummary"}, {"operation": "Test", "called": 2, "total": 0.00528325000000196, "mean": 0.00264162500000098, "maximum": 0.004385375000001801, "__type__": "DurationSummary"}, {"operation": "Constrain", "called": 1, "total": 0.001992709000000037, "mean": 0.001992709000000037, "maximum": 0.001992709000000037, "__type__": "DurationSummary"}, {"operation": "Combine", "called": 1, "total": 6.249999997542943e-07, "mean": 6.249999997542943e-07, "maximum": 6.249999997542943e-07, "__type__": "DurationSummary"}], "__type__": "ProgramStats"}, "is_solution": true, "stats_file": "./results/md/popper/3000/6/stats.json", "end": false, "__type__": "Stats"}