{"log_best_programs": true, "num_literals": 0, "total_programs": 12, "total_rules": 0, "total_ground_rules": 0, "durations": {"generate": [0.000527166999999551, 0.00040183299999974054, 0.0004456249999993389, 0.00041979200000064054, 0.0005815420000008231, 0.00039424999999937427, 0.00039383300000039867, 0.0004789160000004955, 0.0003854170000003876, 0.00043295900000117626, 0.00047379199999930677, 0.0005194169999995779], "test": [0.10148195800000082, 0.0989850410000006, 0.038035458999999605, 0.2971416659999999, 0.29737329099999954, 0.09194691599999949, 0.038893458000000436, 0.030789709000000443, 0.03044966699999918, 0.057757999999999754, 0.05849345800000094, 0.9817644580000007], "combine": [7.499999998827889e-07, 0.10383099999999956, 5.409999985772629e-07, 0.1715615830000008, 7.919999998051708e-07, 0.17689491600000018, 5.830000002760016e-07, 5.419999986600033e-07, 6.250000001983835e-07, 5.830000002760016e-07, 5.830000002760016e-07], "constrain": [0.0013905830000009445, 0.001425209000000649, 0.0016198329999994598, 0.0002133750000012924, 0.0015432499999992189, 0.00021737500000007515, 0.0019054159999996045, 0.00031225000000034697, 0.00027204199999886214, 0.00026645800000046904, 0.00030279100000107917], "find_bindings_prolog": [0.09823770800000098, 0.03756612499999967, 0.2964691669999997, 0.29658520899999985, 0.09117375000000116, 0.03838995799999978, 0.03028508400000085, 0.029944999999999666, 0.05725520799999906, 0.05795141699999995, 0.9778091660000001]}, "final_exec_time": 13.679497416999999, "stages": [], "best_programs": [], "solution": {"code": "magic_value(A):- last(A,de),head(A,de),magic(de).\nmagic_value(A):- head(A,k),last(A,k),magic(k).\nmagic_value(A):- head(A,fc),last(A,fc),magic(fc).\nmagic_value(A):- last(A,aj),head(A,aj),magic(aj).\nmagic_value(A):- head(A,fu),last(A,fu),magic(fu).\nmagic_value(A):- last(A,eo),head(A,eo),magic(eo).\nmagic_value(A):- head(A,ei),last(A,ei),magic(ei).\nmagic_value(A):- head(A,eh),last(A,eh),magic(eh).\nmagic_value(A):- last(A,cv),head(A,cv),magic(cv).\nmagic_value(A):- last(A,cr),head(A,cr),magic(cr).\nmagic_value(A):- last(A,ft),head(A,ft),magic(ft).\nmagic_value(A):- tail(A,C),head(C,c7),magic(c7).\nmagic_value(A):- last(A,bg),head(A,bg),magic(bg).\nmagic_value(A):- head(A,fn),last(A,fn),magic(fn).\nmagic_value(A):- head(A,bk),last(A,bk),magic(bk).\nmagic_value(A):- last(A,be),head(A,be),magic(be).\nmagic_value(A):- last(A,en),head(A,en),magic(en).\nmagic_value(A):- head(A,q),last(A,q),magic(q).\nmagic_value(A):- head(A,c7),magic(c7).\nmagic_value(A):- head(A,l),last(A,l),magic(l).\nmagic_value(A):- last(A,bm),head(A,bm),magic(bm).\nmagic_value(A):- head(A,dq),last(A,dq),magic(dq).\nmagic_value(A):- last(A,fj),head(A,fj),magic(fj).\nmagic_value(A):- last(A,ef),head(A,ef),magic(ef).\nmagic_value(A):- last(A,fx),head(A,fx),magic(fx).\nmagic_value(A):- last(A,c7),magic(c7).\nmagic_value(A):- head(A,cm),last(A,cm),magic(cm).\nmagic_value(A):- head(A,dn),last(A,dn),magic(dn).", "is_solution": true, "conf_matrix": [0, 0, 0, 0], "total_exec_time": 13.679470792, "durations": [{"operation": "Test", "called": 12, "total": 2.1231130810000014, "mean": 0.17692609008333346, "maximum": 0.9817644580000007, "__type__": "DurationSummary"}, {"operation": "Find_Bindings_Prolog", "called": 11, "total": 2.011667792000001, "mean": 0.18287889018181824, "maximum": 0.9778091660000001, "__type__": "DurationSummary"}, {"operation": "Combine", "called": 11, "total": 0.4522924979999985, "mean": 0.041117499818181684, "maximum": 0.17689491600000018, "__type__": "DurationSummary"}, {"operation": "Constrain", "called": 11, "total": 0.009468582000002002, "mean": 0.0008607801818183638, "maximum": 0.0019054159999996045, "__type__": "DurationSummary"}, {"operation": "Generate", "called": 12, "total": 0.005454543000000811, "mean": 0.00045454525000006757, "maximum": 0.0005815420000008231, "__type__": "DurationSummary"}], "__type__": "ProgramStats"}, "is_solution": true, "stats_file": "./results/list_example/magicpopper_types/7000/0/stats.json", "end": false, "__type__": "Stats"}