{"log_best_programs": true, "num_literals": 0, "total_programs": 8, "total_rules": 0, "total_ground_rules": 0, "durations": {"generate": [0.0003626249999999498, 0.0006728340000001776, 0.0013850409999998092, 0.0011081250000000153, 0.0017304590000000175, 0.000743084000000005, 0.0010139999999998484, 0.0016807500000002307, 0.0008817500000000145], "find_bindings_prolog": [0.019255457999999948, 0.03228379200000009, 0.1280497089999999, 0.14033266700000002, 0.1490274159999998, 0.1431179170000001], "test": [0.02135699999999985, 0.04366320800000012, 0.019046499999999966, 0.12836995799999995, 0.1406706670000002, 0.019061875000000006, 0.14954362499999996, 0.14344316599999996], "combine": [0.011367624999999881, 0.00459591700000006, 5.419999999922709e-07, 6.249999999763389e-07, 6.660000000380251e-07, 5.419999999922709e-07, 5.419999999922709e-07, 4.5799999970341787e-07], "constrain": [0.0018219160000001455, 0.0023203339999999795, 0.00043149999999991806, 0.0030926669999999934, 0.00522320800000009, 0.0005217500000000985, 0.0018116249999997613, 0.005227915999999944]}, "final_exec_time": 1.937337833, "stages": [], "best_programs": [], "solution": {"code": "magic_value(A):- head(A,lh),magic(lh).\nmagic_value(A):- head(A,gw),magic(gw).\nmagic_value(A):- head(A,kx),magic(kx).\nmagic_value(A):- head(A,jf),magic(jf).\nmagic_value(A):- head(A,hu),magic(hu).\nmagic_value(A):- head(A,dl),magic(dl).\nmagic_value(A):- head(A,ke),magic(ke).\nmagic_value(A):- head(A,ev),magic(ev).\nmagic_value(A):- head(A,ij),magic(ij).\nmagic_value(A):- head(A,px),magic(px).\nmagic_value(A):- head(A,jh),magic(jh).\nmagic_value(A):- head(A,ax),magic(ax).\nmagic_value(A):- head(A,od),magic(od).\nmagic_value(A):- head(A,im),magic(im).\nmagic_value(A):- head(A,mm),magic(mm).\nmagic_value(A):- head(A,kr),magic(kr).\nmagic_value(A):- head(A,hp),magic(hp).\nmagic_value(A):- head(A,oq),magic(oq).\nmagic_value(A):- head(A,el),magic(el).\nmagic_value(A):- head(A,db),magic(db).", "is_solution": true, "conf_matrix": [200, 0, 200, 0], "total_exec_time": 1.9373352920000002, "durations": [{"operation": "Test", "called": 1, "total": 0.02135699999999985, "mean": 0.02135699999999985, "maximum": 0.02135699999999985, "__type__": "DurationSummary"}, {"operation": "Find_Bindings_Prolog", "called": 1, "total": 0.019255457999999948, "mean": 0.019255457999999948, "maximum": 0.019255457999999948, "__type__": "DurationSummary"}, {"operation": "Generate", "called": 1, "total": 0.0003626249999999498, "mean": 0.0003626249999999498, "maximum": 0.0003626249999999498, "__type__": "DurationSummary"}], "__type__": "ProgramStats"}, "is_solution": true, "stats_file": "./results/list_magicvalues_multipleclauses/magicpopper/20/9/stats.json", "end": true, "__type__": "Stats"}