{"log_best_programs": true, "num_literals": 0, "total_programs": 153, "total_rules": 0, "total_ground_rules": 0, "durations": {"generate": [0.0004684999999999828, 0.00017695899999997655, 0.0002303339999999987, 0.0004931249999999832, 0.00022112499999993318, 0.0003918749999999305, 0.0011482499999999618, 0.0003474999999999451, 0.0004749159999999364, 0.00021204099999994064, 0.0006713329999999962, 0.0005214159999999968, 0.00033429099999993106, 0.00021420800000004903, 0.00040675000000001127, 0.0002997909999999937, 0.00024620799999997, 0.00021574999999995903, 0.0002987920000000477, 0.0002457919999999669, 0.0002791250000000467, 0.00021179100000001672, 0.0009671250000000686, 0.00024037499999995937, 0.00023845899999996867, 0.00021762499999999907, 0.0005952919999999695, 0.0001690410000000364, 0.00020420799999998351, 0.00019133299999996023, 0.001015582999999931, 0.00048674999999998025, 0.0002170830000000068, 0.00021737499999996412, 0.00018937500000004714, 0.00021466700000005723, 0.0004854169999999325, 0.0002402499999999419, 0.0002573329999999707, 0.00020108400000007354, 0.00019937500000000163, 0.0002486670000000357, 0.00026333400000000395, 0.0002159589999999323, 0.00034341700000006803, 0.0003887080000000154, 0.0002954579999999707, 0.00023562500000007258, 0.00023937500000004164, 0.0002123750000000424, 0.00030962499999998006, 0.0007323750000000073, 0.0003131250000000252, 0.0002288340000000666, 0.000276666000000092, 0.00021737499999996412, 0.00032283300000002235, 0.0008454169999999595, 0.0002499169999999884, 0.0003366670000000127, 0.00023679099999995845, 0.00022458400000002765, 0.0002445829999999649, 0.00024158399999996139, 0.00025891600000005344, 0.00044483399999994955, 0.00024191600000000868, 0.00024804199999994836, 0.0002315000000000511, 0.0002635410000000338, 0.00024137499999998813, 0.0002646669999999407, 0.0002551250000000227, 0.00032133400000000645, 0.0002554590000000134, 0.00025658399999994863, 0.0002890420000000171, 0.0002466249999999448, 0.001519665999999975, 0.0002469579999999638, 0.0003072090000000305, 0.000269874999999975, 0.0003134999999999666, 0.00028470799999991137, 0.0006728330000000948, 0.00023933399999997995, 0.0002219169999999604, 0.00024208400000003127, 0.00024054100000003853, 0.0008307910000000529, 0.000415750000000048, 0.0017078750000000253, 0.00027445800000003295, 0.00026279100000003996, 0.00026858400000007165, 0.00026620799999999, 0.00026362499999998956, 0.0002962499999999979, 0.000302541000000045, 0.0007298330000000686, 0.0002870419999999596, 0.0002769999999999717, 0.000285874999999991, 0.00029608400000002977, 0.0003546669999999752, 0.00028791599999999917, 0.00030154099999990525, 0.00025754099999997226, 0.00027645799999997944, 0.001014584000000096, 0.0002770420000000051, 0.0002701669999999323, 0.0003022919999999818, 0.0005404580000000214, 0.0002987079999999809, 0.00018954100000001528, 0.00020279199999995168, 0.00018283299999999336, 0.00022495799999999733, 0.00018058300000001193, 0.000200666000000016, 0.00017720799999998427, 0.0009470419999999535, 0.00024687499999997975, 0.00022762499999995356, 0.0005212500000000286, 0.0005230410000000019, 0.000342208000000066, 0.000220333000000017, 0.00018850000000003586, 0.00040433299999997896, 0.0005683340000000037, 0.0002874160000000403, 0.00033450000000001534, 0.00022170799999998714, 0.00020387500000007552, 0.0003711670000000611, 0.0004085409999999845, 0.00021379200000004595, 0.0002543329999999955, 0.00020529200000007908, 0.0004549999999999832, 0.0002454160000000538, 0.000847500000000001, 0.0002545830000000304, 0.00045679200000003917, 0.0006580409999999981, 0.0013449169999999455, 0.00030208399999998026, 0.0005461660000000146, 0.00038637499999993885, 0.0023783330000000102, 0.0003603750000000794, 0.00850779200000007], "find_bindings_prolog": [0.014481583999999992, 0.0011337089999999828, 0.0006205830000000079, 0.0007070410000000749, 0.0009483340000000506, 0.0006622499999999754, 0.0011265830000000143, 0.001917124999999964, 0.0006744579999999889, 0.0009709999999999441, 0.0009764589999999851, 0.0006546660000000815, 0.0008783749999999868, 0.0011860830000000044, 0.0005932910000000513, 0.0009841250000000024, 0.0010162919999999742, 0.0011716250000000095, 0.000659167000000016, 0.0010310420000000375, 0.0009022079999999599, 0.0006204999999999128, 0.0008228750000000007, 0.0006181669999999473, 0.0006592500000000001, 0.0007249160000000199, 0.0006424999999999903, 0.0006518330000000461, 0.0006429580000000268, 0.001037624999999931, 0.0010681249999999753, 0.0006270409999999949, 0.0005924170000000117, 0.0005934579999999912, 0.0007842500000000419, 0.000733874999999995, 0.0007285420000000542, 0.0006588750000000587, 0.0006692499999999546, 0.0010222920000000357, 0.0010094159999999297, 0.0007058329999999335, 0.0007032920000000775, 0.0007770420000000611, 0.0005927920000000642, 0.0009487919999999761, 0.0009987919999999706, 0.0010231660000000753, 0.0009042500000000508, 0.0005630830000000753, 0.0008283339999999306, 0.0007101250000000059, 0.001101542000000011, 0.000979500000000022, 0.0008405000000000218, 0.0010372499999999896, 0.001055166999999968, 0.001058041000000065, 0.0010862499999999553, 0.0007392500000000801, 0.0010729170000000066, 0.0009959580000000745, 0.0010390420000000455, 0.0007003329999999419, 0.0009368749999999482, 0.0010919580000000595, 0.0009424999999999573, 0.0010640840000000207, 0.0015097920000000098, 0.0010729999999999906, 0.0010729579999999572, 0.001057124999999992, 0.0010575409999999952, 0.0007774999999999865, 0.0007585829999999794, 0.000891832999999953, 0.001137625000000031, 0.0011245829999999568, 0.0011188750000000747, 0.0011148750000000707, 0.0006672500000000081, 0.001086833999999981, 0.0019233750000000605, 0.0007556659999999882, 0.0007749159999999033, 0.0011741670000000592, 0.0012865829999999523, 0.0007515830000000001, 0.0010904999999999943, 0.0009772080000000072, 0.001185624999999968, 0.0011767500000000597, 0.0008147080000000528, 0.000803749999999992, 0.0007704580000000849, 0.0008013340000000424, 0.0013096670000000143, 0.0011527499999999247, 0.00107608299999995, 0.0009695419999999899, 0.0010865830000000853, 0.0010823340000000181, 0.0021085829999999417, 0.0010225000000000373, 0.0011619170000000123, 0.0007934590000000519, 0.001254291000000074, 0.0006453750000000591, 0.0006015409999999832, 0.0010005419999999932, 0.0014028329999999922, 0.0015086669999999636, 0.0006836249999999655, 0.0005826250000000588, 0.0005518329999999461, 0.000669958000000026, 0.0006286669999999717, 0.0006034589999999174, 0.0006396670000000659, 0.000581542000000046, 0.0005858329999999246, 0.0005901670000000303, 0.0005923340000000277, 0.0005857080000000181, 0.0005877919999999204, 0.0006127080000000173, 0.0006035000000000901, 0.0009217500000000545, 0.0010869999999999491, 0.0010370830000000497, 0.002626000000000017, 0.0025569170000000474, 0.0011453330000000816, 0.0010590420000000655, 0.0011124999999999607, 0.001469374999999995, 0.0012721669999999907, 0.001175499999999996],