{"log_best_programs": true, "num_literals": 0, "total_programs": 96, "total_rules": 0, "total_ground_rules": 0, "durations": {"generate": [0.00034487499999996674, 0.00024762499999997356, 0.0002727500000000438, 0.00034858399999998513, 0.0002463329999999875, 0.000923832999999985, 0.0006272500000000236, 0.00015883299999996936, 0.00020599999999998397, 0.00026175000000000503, 0.00019445800000000846, 0.00015654100000001003, 0.00014891700000002617, 0.00018995799999999008, 0.00018045800000004997, 0.0004014580000000212, 0.00029158299999998416, 0.00017020899999997674, 0.00014558300000000468, 0.00016408299999998155, 0.00018533400000003697, 0.00020454200000002976, 0.00015962499999999658, 0.00013849999999998586, 0.0002766670000000082, 0.0001531670000000096, 0.00016975000000002405, 0.00019120799999999827, 0.00017883299999998936, 0.0007248340000000075, 0.0005352499999999871, 0.00020245899999998818, 0.00016062500000002533, 0.00015604200000002288, 0.0004766250000000083, 0.0001628340000000006, 0.00016287500000000676, 0.0006589579999999873, 0.00018308400000000002, 0.0001554999999999751, 0.0001535410000000348, 0.00018879100000002147, 0.00019979199999997643, 0.00013766699999995247, 0.00019262500000005733, 0.00023937500000004164, 0.0001891250000000122, 0.0005378329999999876, 0.00042154099999991423, 0.0007854590000000439, 0.00016529099999995633, 0.00017300000000008975, 0.00017333299999999774, 0.0001707499999999973, 0.00024524999999997465, 0.0002195420000000725, 0.0003002500000000019, 0.00027354199999996, 0.0001678749999999285, 0.0001367500000000188, 0.00014433400000002372, 0.0001374579999999792, 0.0001490829999999388, 0.0001335000000000086, 0.00014329200000007258, 0.0001351250000000137, 0.00014370900000004738, 0.00020879199999990217, 0.00015108399999996802, 0.0002597919999999254, 0.0002884999999999138, 0.00015300000000006975, 0.00013287499999992125, 0.00015283300000001887, 0.00013291599999998294, 0.00016529099999995633, 0.00013970800000007166, 0.00017587500000004752, 0.00013574999999999005, 0.00013870900000001463, 0.0001371249999999602, 0.0001378329999999206, 0.0001383329999999905, 0.00015045800000001996, 0.00018379200000007145, 0.0009943749999999918, 0.0008206670000000527, 0.0001710830000000163, 0.0002511250000000187, 0.0004909579999999858, 0.000234207999999958, 0.00024529200000000806, 0.0006435410000000807, 0.00022924999999995865, 0.000383416999999997, 0.00023254200000000225, 0.0017968329999999977], "find_bindings_prolog": [0.01164437500000004, 0.0011752090000000104, 0.00061975000000003, 0.0005452080000000192, 0.0004225409999999985, 0.001708917000000032, 0.0006070420000000021, 0.0005083330000000275, 0.0005376659999999922, 0.0005180830000000025, 0.0005511660000000473, 0.0004667090000000096, 0.0004258340000000138, 0.00045650000000002633, 0.00042349999999996557, 0.0004023340000000042, 0.00041833299999999296, 0.0005374579999999907, 0.0005774590000000024, 0.0005245830000000229, 0.0006242920000000263, 0.0004406670000000057, 0.0004222919999999908, 0.0004745419999999667, 0.0005666250000000428, 0.000528332999999992, 0.0005102079999999565, 0.0006071249999999861, 0.0005492500000000011, 0.001767624999999995, 0.0016175410000000001, 0.0005834579999999812, 0.0005445829999999874, 0.0005060840000000177, 0.0005888330000000108, 0.0005337499999999995, 0.0018624999999999892, 0.001953791000000038, 0.0006291250000000081, 0.000612208000000003, 0.000522666000000005, 0.0005917089999999958, 0.00044079200000002317, 0.00045079199999997766, 0.0005643750000000614, 0.0005321670000000278, 0.0005770419999999721, 0.0005212910000000903, 0.0005160419999999943, 0.0005253330000000167, 0.0005208329999999428, 0.0005526249999999733, 0.0005716660000000262, 0.0004526670000000177, 0.0005405420000000882, 0.0005344160000000375, 0.0005074999999999941, 0.0005798329999999741, 0.00045487500000007675, 0.00044670800000001787, 0.000479083999999963, 0.00045083400000001106, 0.00048691700000003113, 0.000509625000000069, 0.0005203749999999063, 0.0004881669999999838, 0.0005523339999999877, 0.0005706670000000802, 0.0005602500000000399, 0.0005720000000000169, 0.0005186659999999454, 0.0005544579999999799, 0.0005284999999999318, 0.00055633300000002, 0.00048820799999993447, 0.0005195000000000061, 0.0005063749999999478, 0.00048799999999993293, 0.0005107079999999709, 0.0005197089999999793, 0.0005236659999999782, 0.00048387499999991146, 0.000508332999999972, 0.0005020410000000641, 0.0005074160000000383, 0.0005663339999999462, 0.0005488329999999708, 0.0005739169999999794, 0.0007722090000000792, 0.0007118749999999174, 0.0007894579999999651, 0.0008557080000000106, 0.0007084170000000167, 0.0008180420000000188, 0.0007150830000000052, 0.0007769579999999943], "test": [0.012015500000000012, 0.0021171249999999975, 0.0012161660000000185, 0.0008228339999999945, 0.0006873329999999567, 0.0023038750000000108, 0.0009333750000000141, 0.0008036249999999745, 0.0009808750000000477, 0.0008214159999999637, 0.0008453749999999816, 0.0007559999999999789, 0.0007143749999999893, 0.000745624999999972, 0.0007095839999999853, 0.000570958999999982, 0.0006010419999999961, 0.0008583749999999668, 0.0009076249999999675, 0.0008467919999999851, 0.0009709170000000156, 0.0006273330000000077, 0.0006067080000000113, 0.0006579159999999806, 0.0008937089999999648, 0.0008535829999999911, 0.0008289579999999908, 0.0009267079999999983, 0.0008842500000000308, 0.0028558329999999743, 0.0027004170000000105, 0.0009247079999999963, 0.000869624999999985, 0.0008258749999999759, 0.0009118340000000003, 0.0008565000000000378, 0.009938082999999986, 0.0031481669999999795, 0.0009761249999999944, 0.0009349170000000351, 0.0008405830000000059, 0.000907625000000023, 0.0006240829999999975, 0.0006329579999999613, 0.0008844999999999548, 0.001017374999999987, 0.0012603330000000579, 0.000844415999999959, 0.0008417499999999745, 0.0008737910000000682, 0.0010439580000000115, 0.0010769170000000106, 0.0013042079999999734, 0.0006463749999999768, 0.0008890000000000287, 0.0008832079999999687, 0.0008529580000000703, 0.0009273750000000636, 0.0006510000000000682, 0.0006412080000000042, 0.0006752499999999051, 0.0006453339999999974, 0.0006832920000000575, 0.0007040419999999603, 0.0007149169999999261, 0.0006849169999999516, 0.0007453749999999371, 0.0009149999999999991, 0.000903833000000076, 0.000917041999999979, 0.0007128750000000572, 0.0008947499999999442, 0.0007221250000000179, 0.0009008750000000232, 0.0006826250000000478, 0.0007155420000000134, 0.0007045409999999475, 0.0006817909999999872, 0.000703166999999949, 0.0007125839999999606, 0.0007175000000000376, 0.0006743339999999431, 0.0007002080000000355, 0.0006948749999999837, 0.0006981249999999939, 0.0009415420000000729, 0.0009268329999999603, 0.001146583999999895, 0.00161770799999994, 0.0009636670000000569, 0.0012159580000000725, 0.001284415999999955, 0.0009716669999999539, 0.0013712080000000126, 0.0009772500000000406, 0.0011965840000000005],