{"log_best_programs": true, "num_literals": 0, "total_programs": 80, "total_rules": 0, "total_ground_rules": 0, "durations": {"generate": [0.00026283300000007337, 0.00012287499999996676, 0.0001515420000000045, 0.00034758299999992914, 9.991700000000492e-05, 0.0005962919999999983, 0.00018212500000003295, 0.00019258400000010667, 0.000718291000000093, 0.0005464170000000212, 0.00043845899999994664, 0.0002415840000000724, 0.00028537500000003213, 0.0003750410000000759, 0.00017658300000000793, 0.0005535410000001573, 0.00017162499999989755, 0.00017083300000009238, 0.0002997919999998544, 0.0004926669999998357, 0.00016620800000000102, 0.0002851670000001416, 0.00015500000000012726, 0.0004431250000000997, 0.00024516699999987956, 0.00032666700000016924, 0.00016641699999997428, 0.00016725000000006318, 0.00025095899999993954, 0.00041833300000004847, 0.0001983750000000839, 0.00027104200000005463, 0.00017658400000009067, 0.00021095800000026088, 0.0005019170000002404, 0.00017841699999987526, 0.0002919580000000366, 0.00020870800000016843, 0.00023529100000008185, 0.0006662079999997239, 0.000359083999999843, 0.00037299999999973465, 0.00021937499999991061, 0.00025375000000016357, 0.00021808300000003555, 0.0024493329999999425, 0.00020587500000024406, 0.0001702919999999608, 0.00015558399999981987, 0.000246458000000338, 0.00019270800000015242, 0.00018358399999973685, 0.0002102080000003781, 0.00021762499999988805, 0.00024362499999996956, 0.0001732909999998533, 0.0001469159999998304, 0.0001836660000003043, 0.00016266699999967216, 0.0001330839999997835, 0.0002912079999997097, 0.00021387499999958592, 0.00017904200000007364, 0.00019720800000033734, 0.0001663750000000519, 0.0002300420000000969, 0.00017208299999982302, 0.00017612499999941633, 0.0001672079999996967, 0.00020162499999987205, 0.00018416699999956876, 0.0006095000000003736, 0.0002537909999995591, 0.00035100000000021225, 0.00017608300000038213, 0.0006982500000001224, 0.00017670899999977507, 0.0002271660000001674, 0.00018408399999980674, 0.00018558300000037775, 0.0037935419999994835], "find_bindings_prolog": [0.031424125000000025, 0.08215933400000008, 0.025967000000000073, 0.027995583000000046, 0.090275208, 0.016754667000000056, 0.026988250000000047, 0.09823916599999993, 0.09418691700000004, 0.026991165999999955, 0.02309591700000002, 0.004280542000000054, 0.02394579100000005, 0.015026707999999944, 0.025032583999999858, 0.02712316700000006, 0.029914500000000066, 0.0018777500000000114, 0.029680458000000076, 0.028468332999999957, 0.03114112499999999, 0.0312787499999998, 0.1127533329999999, 0.09945429100000003, 0.0019029159999999212, 0.03296362499999983, 0.03343637499999996, 0.09548991700000009, 0.1009963749999998, 0.012447833000000408, 0.03296654099999996, 0.03521787500000029, 0.0032689160000001216, 0.0019904579999998617, 0.10375870799999998, 0.10066083300000006, 0.09572708299999988, 0.10013658299999983, 0.002111750000000079, 0.004141333000000191, 0.0037814160000002595, 0.004072666999999974, 0.002809083999999906, 0.0030658749999998847, 0.004377540999999763, 0.029882333000000205, 0.028027749999999685, 0.004152749999999816, 0.003920166999999974, 0.0020614169999997323, 0.002067583000000539, 0.002031249999999929, 0.002030749999999415, 0.0020357079999993033, 0.0029865410000002868, 0.0033167089999999178, 0.00205125000000006, 0.0020582500000001502, 0.0032658749999994185, 0.0037505410000004957, 0.0020391660000003142, 0.0032083329999998966, 0.002974416999999896, 0.004365500000000466, 0.005548917000000486], "test": [0.03203149999999999, 0.0003414159999999278, 0.08334795799999994, 0.0008688750000001022, 0.0013930419999999, 0.02641300000000002, 0.02860758299999988, 0.09183883299999995, 0.017274667000000132, 0.02768620799999999, 0.09978037499999992, 0.095806375, 0.027457917, 0.023695542000000014, 0.0047314169999999045, 0.024802917000000146, 0.0156715409999999, 0.025936624999999935, 0.0280241670000001, 0.0005532499999998386, 0.0008303750000000498, 0.0004830410000000729, 0.00042650000000010735, 0.03047416699999994, 0.0020812089999999728, 0.03022454200000002, 0.029010041999999903, 0.031737667000000025, 0.03188620799999997, 0.11456545900000004, 0.101135792, 0.002249625000000144, 0.0337167089999999, 0.03420954200000015, 0.09711554200000005, 0.1026935, 0.012964666999999874, 0.03374204200000008, 0.03603158400000028, 0.003487083000000002, 0.002205916999999946, 0.10563983300000013, 0.1023755000000004, 0.0974401669999998, 0.1019819580000001, 0.0006172499999999026, 0.0023647499999999155, 0.0043959170000000825, 0.3007409999999999, 0.004033042000000098, 0.0043116670000000745, 0.0030328339999998732, 0.34357095800000037, 0.017680499999999988, 0.0033302910000001518, 0.004620166000000037, 0.00043250000000005784, 0.030513374999999954, 0.028626749999999923, 0.42411945799999984, 0.004430042000000078, 0.004156125000000177, 0.0022877909999996504, 0.0022733330000002105, 0.020441083999999776, 0.002312875000000325, 0.0022678750000002523, 0.0022647499999992604, 0.002268542000000373, 0.0032237909999999204, 0.0035526660000000376, 0.002291500000000113, 0.0022972499999998064, 0.0035018749999995435, 0.00398637499999932, 0.0022748750000003426, 0.003441291000000568, 0.0032285410000003623, 0.004599083000000448, 0.005783208000000428], "combine": [0.003837207999999981, 4.579999999254625e-07, 0.0021395840000000277, 4.999999998478444e-07, 4.1700000008582094e-07, 5.419999999922709e-07, 4.1699999986377634e-07, 7.07999999960407e-07, 5.00000000069889e-07, 5.840000001366974e-07, 5.83000000053957e-07, 6.249999999763389e-07, 4.999999998478444e-07, 4.1699999986377634e-07, 4.1700000008582094e-07, 4.1600000000308057e-07, 3.7499999994139444e-07, 5.83000000053957e-07, 5.410000001315751e-07, 6.250000001983835e-07, 5.409999999095305e-07, 4.579999999254625e-07, 4.580000001475071e-07, 5.83000000053957e-07, 4.5900000000820285e-07, 5.419999999922709e-07, 5.00000000069889e-07, 5.419999999922709e-07, 5.410000001315751e-07, 5.419999999922709e-07, 5.00000000069889e-07, 3.7499999994139444e-07, 5.419999999922709e-07, 5.409999999095305e-07, 5.00000000069889e-07, 5.829999998319124e-07, 0.00207208300000028, 6.250000001983835e-07, 5.839999999146528e-07, 4.1699999986377634e-07, 4.1699999986377634e-07, 5.829999998319124e-07, 6.250000001983835e-07, 5.84000000358742e-07, 6.250000001983835e-07, 6.670000001207654e-07, 4.580000001475071e-07, 4.1699999986377634e-07, 5.830000002760016e-07, 5.00000000069889e-07, 4.580000001475071e-07, 5.00000000069889e-07, 5.830000002760016e-07, 5.419999999922709e-07, 5.00000000069889e-07, 5.00000000069889e-07, 4.999999996257998e-07, 5.829999998319124e-07, 4.1599999978103597e-07, 5.410000003536197e-07, 4.5900000023024745e-07, 4.160000002251252e-07, 4.5899999978615824e-07, 5.00000000069889e-07, 4.999999996257998e-07, 5.000000005139782e-07, 5.000000005139782e-07, 4.999999996257998e-07, 4.5899999978615824e-07, 4.999999996257998e-07, 4.5799999970341787e-07, 4.580000005915963e-07, 4.1599999978103597e-07, 4.1700000075195476e-07, 5.000000005139782e-07, 4.5799999970341787e-07, 4.999999996257998e-07, 4.580000005915963e-07, 4.5899999978615824e-07, 4.5899999978615824e-07],