{"log_best_programs": true, "num_literals": 0, "total_programs": 87, "total_rules": 0, "total_ground_rules": 0, "durations": {"generate": [0.0003589999999999982, 0.00017129199999998956, 0.000371750000000004, 0.0004286250000000713, 0.00012541700000001654, 0.0007734159999999157, 0.0002514590000000094, 0.00024158299999998967, 0.0006571669999999585, 0.0005530000000000257, 0.00045666599999993895, 0.0002748340000000571, 0.00045474999999994825, 0.0006231249999999466, 0.0002447500000000158, 0.0003380000000000605, 0.00025004100000003415, 0.00022545900000003893, 0.0002106669999999422, 0.00075516699999989, 0.00014225000000001042, 0.00017595799999992057, 0.0001471250000000257, 0.0004900419999999128, 0.000311416999999925, 0.00018733399999992795, 0.0001630409999999749, 0.00016879199999997319, 0.00020154099999991626, 0.0006729169999999396, 0.00020250000000010537, 0.0002700000000001035, 0.00018691599999998143, 0.0001543339999999782, 0.0002850829999999638, 0.0002119580000000676, 0.0002722499999999739, 0.00019508400000001203, 0.00016391599999998618, 0.0021363330000000458, 0.00017933399999991995, 0.00018820900000005025, 0.00017624999999998892, 0.0004950409999999739, 0.0003877919999999424, 0.00037612500000006044, 0.00020304199999998662, 0.00023408400000002327, 0.0001554999999999751, 0.00016762500000000458, 0.0001635840000000499, 0.00015095899999995055, 0.00017329200000004708, 0.00016766699999992696, 0.00019100000000005224, 0.00016879199999997319, 0.00017604100000001566, 0.00017691699999999866, 0.00018525000000002567, 0.0001787080000000829, 0.00020091600000005094, 0.00018416700000001285, 0.00023437500000000888, 0.00015887500000011379, 0.0002207089999999301, 0.00024104200000008014, 0.00031045799999995793, 0.0004131670000000476, 0.00020170800000007816, 0.00028858300000011994, 0.00040512499999989515, 0.00018624999999983238, 0.0001727080000000214, 0.0007738749999999239, 0.00020012500000010647, 0.0001992090000000335, 0.00022462499999997831, 0.0012559999999999238, 0.0004852909999999433, 0.00032570800000009115, 0.00019362499999986404, 0.00015187500000002352, 0.00014387500000001552, 0.00022004099999994864, 0.0002790409999999799, 0.00017820899999998474, 0.00021212500000000745, 0.0035502919999998994], "find_bindings_prolog": [0.018157166999999974, 0.018810875000000005, 0.004904208000000021, 0.004864542000000083, 0.02005987500000006, 0.0035662090000000424, 0.0065051250000000005, 0.019105791999999955, 0.020172917000000012, 0.004666667000000069, 0.005491625, 0.001881125000000039, 0.005867375000000008, 0.005679917000000034, 0.005630292000000092, 0.0034667919999999963, 0.0047462080000000295, 0.0007870829999999662, 0.004690541999999964, 0.004545457999999947, 0.00469937499999995, 0.0047096249999999396, 0.020566917000000018, 0.019641792000000047, 0.0007207089999999861, 0.004770916000000014, 0.004367041999999932, 0.020382124999999918, 0.020474582999999935, 0.002697625000000037, 0.004368166999999978, 0.004369917000000001, 0.018343749999999992, 0.018658708000000024, 0.018329417000000015, 0.018710666000000042, 0.0008774999999999755, 0.000701542000000055, 0.0014381249999999568, 0.004544417000000078, 0.0007468330000000023, 0.0007407919999999901, 0.0008535839999999073, 0.0009024159999999615, 0.004809791999999979, 0.005044209000000022, 0.004729125000000001, 0.004783541000000002, 0.0008185829999999283, 0.005110708000000019, 0.0008765419999998691, 0.000837374999999918, 0.005036208000000153, 0.053511874999999876, 0.0007751659999999383, 0.0008771249999999231, 0.0007777500000001325, 0.0007586669999999351, 0.004799791000000164, 0.004726000000000008, 0.0012639999999999318, 0.0008241250000000644, 0.0009358749999999194, 0.0009097499999999314, 0.0006731250000000522, 0.0009683329999998769, 0.001881707999999982, 0.0007547500000000262, 0.0017864999999999132], "test": [0.018909416999999984, 0.0005401250000000024, 0.020154875000000017, 0.0005694169999999055, 0.000471084000000066, 0.005366707999999942, 0.005489166999999906, 0.021840583999999996, 0.0040863749999999754, 0.0072492079999999515, 0.020691040999999966, 0.021729082999999982, 0.00510641700000003, 0.006194374999999974, 0.002405291000000087, 0.006833957999999973, 0.0065964590000000545, 0.006544708999999926, 0.004194541000000052, 0.0005308330000000083, 0.00043029100000002707, 0.0024629580000000706, 0.0005723750000000694, 0.0052133749999999646, 0.0010001669999999407, 0.005142749999999974, 0.00498195899999998, 0.005147292000000081, 0.00519945799999999, 0.02229954199999995, 0.021122208000000087, 0.0010453339999999534, 0.00536766700000002, 0.004939124999999933, 0.022181958, 0.02215816600000009, 0.0032119999999999926, 0.0049911670000000186, 0.004984167000000039, 0.01997850000000001, 0.020363125000000037, 0.019950625, 0.02034112499999996, 0.001086333999999911, 0.0008994589999999913, 0.0010610830000000737, 0.0016662920000000137, 0.005017124999999956, 0.0015054160000000927, 0.0009687919999999961, 0.0009565419999999492, 0.00047895900000005653, 0.0010732079999999922, 0.001127832999999967, 0.005328208999999973, 0.005562625000000043, 0.005247625000000089, 0.005299209000000027, 0.010288207999999965, 0.000645291999999964, 0.0010597079999999925, 0.005653917000000064, 0.00046229199999991977, 0.0004142920000000938, 0.005233917000000199, 0.00456683400000002, 0.0011363340000001276, 0.0010773330000000136, 0.0055875829999998405, 0.05410479200000018, 0.0011445420000000261, 0.0010057920000001719, 0.001098916999999977, 0.000998207999999945, 0.0009820419999999608, 0.005433083000000005, 0.005220624999999979, 0.0004898329999998285, 0.001510334000000002, 0.001059582999999975, 0.0011557909999999616, 0.0011084580000000344, 0.0008724579999999094, 0.0011950000000000571, 0.002101833999999858, 0.0009894169999999924, 0.002004374999999836], "combine": [0.0034356669999999756, 4.5900000000820285e-07, 0.002926916999999918, 6.670000000097431e-07, 4.999999999588667e-07, 5.419999999922709e-07, 5.419999999922709e-07, 5.829999999429347e-07, 4.580000000364848e-07, 5.840000000256751e-07, 6.670000000097431e-07, 6.660000000380251e-07, 5.419999999922709e-07, 4.5899999989718054e-07, 4.5900000000820285e-07, 4.5900000000820285e-07, 4.999999999588667e-07, 4.5900000000820285e-07, 4.999999999588667e-07, 5.840000000256751e-07, 4.580000000364848e-07, 3.7500000005241674e-07, 4.579999999254625e-07, 5.419999999922709e-07, 4.999999999588667e-07, 4.999999999588667e-07, 4.999999999588667e-07, 4.999999999588667e-07, 5.829999999429347e-07, 4.5900000000820285e-07, 4.580000000364848e-07, 3.3300000001901253e-07, 4.999999999588667e-07, 4.580000000364848e-07, 5.409999999095305e-07, 6.249999999763389e-07, 0.0008490829999999727, 5.409999999095305e-07, 5.419999999922709e-07, 5.419999999922709e-07, 5.419999999922709e-07, 5.419999999922709e-07, 5.419999999922709e-07, 3.7499999994139444e-07, 4.1699999997479864e-07, 5.419999999922709e-07, 4.1699999997479864e-07, 4.579999999254625e-07, 3.7500000005241674e-07, 4.1699999997479864e-07, 4.1699999997479864e-07, 3.7500000005241674e-07, 3.7500000005241674e-07, 4.1699999997479864e-07, 5.00000000069889e-07, 5.410000000205528e-07, 5.419999999922709e-07, 4.5900000000820285e-07, 4.1699999997479864e-07, 4.1699999997479864e-07, 4.1699999997479864e-07, 5.419999999922709e-07, 4.1600000000308057e-07, 4.579999999254625e-07, 5.419999999922709e-07, 5.419999999922709e-07, 4.5900000000820285e-07, 4.1700000008582094e-07, 5.419999999922709e-07, 5.419999999922709e-07, 4.1600000000308057e-07, 3.7499999994139444e-07, 3.7499999994139444e-07, 3.7499999994139444e-07, 3.7499999994139444e-07, 5.839999999146528e-07, 5.419999999922709e-07, 4.1699999986377634e-07, 4.5900000000820285e-07, 3.7500000016343904e-07, 3.3300000001901253e-07, 9.959000000003826e-06, 3.7499999994139444e-07, 4.1600000000308057e-07, 4.1700000008582094e-07, 3.3300000001901253e-07, 4.1600000000308057e-07],