{"log_best_programs": true, "num_literals": 0, "total_programs": 6, "total_rules": 0, "total_ground_rules": 0, "durations": {"generate": [0.010421832999999991, 0.0002882909999999961, 0.00026083300000001586, 0.00022691700000004866, 0.00021437499999998888, 0.00026966700000002897, 0.017459875000000014], "test": [0.05053808300000001, 0.02220491699999999, 0.02223575, 0.0004464999999999608, 0.022167500000000007, 0.02202862499999997], "combine": [5.829999999984459e-07, 3.749999999969056e-07, 3.749999999969056e-07, 3.749999999969056e-07, 3.7500000005241674e-07, 4.170000000303098e-07], "constrain": [0.004894667000000019, 0.0019477079999999924, 0.00195637500000001, 0.005442833000000036, 0.0018821660000000184, 0.0018717500000000054]}, "final_exec_time": 0.23790262500000003, "stages": [], "best_programs": [], "solution": null, "is_solution": false, "stats_file": "./results/sumk/popper/0/stats.json", "end": true, "__type__": "Stats"}