{"log_best_programs": true, "num_literals": 0, "total_programs": 6, "total_rules": 0, "total_ground_rules": 0, "durations": {"generate": [0.010443749999999974, 0.00028891699999999965, 0.0004046249999999918, 0.0002774579999999527, 0.0002195839999999949, 0.00029208299999999854, 0.018048958000000004], "test": [0.05315483300000001, 0.02322608300000001, 0.0227715, 0.0004959170000000124, 0.02191812500000001, 0.021972541000000012], "combine": [5.829999999984459e-07, 5.000000000143778e-07, 4.170000000303098e-07, 3.749999999969056e-07, 3.7500000005241674e-07, 3.749999999969056e-07], "constrain": [0.0049739580000000005, 0.002088334000000025, 0.00201516700000004, 0.005721625000000008, 0.0018978749999999933, 0.001875707999999976]}, "final_exec_time": 0.242937542, "stages": [], "best_programs": [], "solution": null, "is_solution": false, "stats_file": "./results/sumk/popper/4/stats.json", "end": true, "__type__": "Stats"}