{"log_best_programs": true, "num_literals": 0, "total_programs": 8, "total_rules": 0, "total_ground_rules": 0, "durations": {"generate": [0.0003829159999999554, 0.0005717080000000596, 0.0013767909999999883, 0.001013707999999891, 0.0014920410000001105, 0.0005773749999999911, 0.0011077090000000123, 0.0011607920000002991, 0.0013787499999997621], "find_bindings_prolog": [0.019040500000000016, 0.030658416000000077, 0.13055066699999984, 0.14868195800000006, 0.15979425000000003, 0.14295358299999972], "test": [0.020787415999999892, 0.040950583000000096, 0.018529083000000002, 0.13084729100000003, 0.14901858299999993, 0.019957292000000182, 0.16030687500000007, 0.14328541699999997], "combine": [0.008170790999999955, 0.004320875000000113, 5.409999999095305e-07, 6.249999999763389e-07, 6.249999999763389e-07, 5.419999999922709e-07, 5.829999998319124e-07, 5.419999999922709e-07], "constrain": [0.0015652080000001511, 0.002170541000000137, 0.0003894159999999758, 0.00284333300000017, 0.005140875000000156, 0.0005327910000001435, 0.005244874999999816, 0.001673625000000012]}, "final_exec_time": 1.9764379159999999, "stages": [], "best_programs": [], "solution": {"code": "magic_value(A):- head(A,aj),magic(aj).\nmagic_value(A):- head(A,mg),magic(mg).\nmagic_value(A):- head(A,es),magic(es).\nmagic_value(A):- head(A,eg),magic(eg).\nmagic_value(A):- head(A,ja),magic(ja).\nmagic_value(A):- head(A,pm),magic(pm).\nmagic_value(A):- head(A,lc),magic(lc).\nmagic_value(A):- head(A,qd),magic(qd).\nmagic_value(A):- head(A,o),magic(o).\nmagic_value(A):- head(A,kx),magic(kx).\nmagic_value(A):- head(A,cw),magic(cw).\nmagic_value(A):- head(A,sg),magic(sg).\nmagic_value(A):- head(A,dz),magic(dz).\nmagic_value(A):- head(A,kh),magic(kh).\nmagic_value(A):- head(A,gj),magic(gj).", "is_solution": true, "conf_matrix": [200, 0, 200, 0], "total_exec_time": 1.976434666, "durations": [{"operation": "Test", "called": 1, "total": 0.020787415999999892, "mean": 0.020787415999999892, "maximum": 0.020787415999999892, "__type__": "DurationSummary"}, {"operation": "Find_Bindings_Prolog", "called": 1, "total": 0.019040500000000016, "mean": 0.019040500000000016, "maximum": 0.019040500000000016, "__type__": "DurationSummary"}, {"operation": "Generate", "called": 1, "total": 0.0003829159999999554, "mean": 0.0003829159999999554, "maximum": 0.0003829159999999554, "__type__": "DurationSummary"}], "__type__": "ProgramStats"}, "is_solution": true, "stats_file": "./results/list_magicvalues_multipleclauses/magicpopper/15/7/stats.json", "end": true, "__type__": "Stats"}