{"log_best_programs": true, "num_literals": 0, "total_programs": 28, "total_rules": 0, "total_ground_rules": 0, "durations": {"generate": [0.00043379099999985016, 0.00036579200000019796, 0.0004038749999999425, 0.0004121250000004295, 0.00048133299999975065, 0.0003426250000000408, 0.00038274999999998727, 0.0004297500000003396, 0.00037749999999991957, 0.0004247499999996407, 0.000375832999999659, 0.0004654589999999459, 0.0005137080000006122, 0.0004006670000000767, 0.00045654099999836717, 0.0004777089999947748, 0.0004110830000030319, 0.0003978750000044329, 0.0003757079999999746, 0.00041562499999514557, 0.00040075000000427963, 0.000527374999997221, 0.0004443750000007185, 0.0003595410000016841, 0.00046999999999997044, 0.00044354199999929733, 0.00044754199999630373, 0.0007604580000020178, 0.00024287499999786633], "test": [0.04710295799999997, 0.056771499999999975, 0.016148667000000394, 0.22109704200000024, 0.060624167000000284, 0.21977762499999987, 0.0154563750000003, 0.012629750000000328, 0.012613209000000403, 0.02421812499999998, 0.024471208000000466, 0.29223604199999986, 0.05521445800000002, 8.181572334, 0.2444635419999983, 0.014395291999996118, 0.02380024999999364, 0.01390520799999706, 0.013343624999997417, 0.2324584999999999, 0.0796313329999947, 0.019005917000001205, 0.03013520799999725, 0.055263749999994616, 0.028184041999999465, 0.029363541999998688, 0.029644083999997406, 0.4586270830000032], "combine": [7.499999998827889e-07, 0.036350832999999305, 4.999999996257998e-07, 0.060364833000000395, 0.057796292000000804, 6.670000001207654e-07, 4.5899999978615824e-07, 4.999999996257998e-07, 4.1699999986377634e-07, 4.999999996257998e-07, 4.5799999970341787e-07, 0.3208714170000002, 5.84000000358742e-07, 35.845951416, 6.25000005527454e-07, 5.409999985772629e-07, 4.999999987376214e-07, 4.999999987376214e-07, 5.839999985823852e-07, 5.829999949469311e-07, 6.249999984220267e-07, 5.409999985772629e-07, 4.999999987376214e-07, 5.000000058430487e-07, 5.830000020523585e-07, 5.830000020523585e-07, 5.839999985823852e-07, 0.18938154199999957], "constrain": [0.0013547919999998825, 0.001337791000000088, 0.0015934159999995146, 0.00017837499999995288, 0.001367750000000001, 0.00020799999999976393, 0.0016186249999998736, 0.00030337500000054973, 0.00022754200000019154, 0.00024641599999952746, 0.0002621669999998133, 0.00014508299999960172, 0.0001466660000000175, 0.00018624999999872216, 0.00013295799999468727, 0.00025608299999646533, 0.00023437499999801048, 0.0002496250000021405, 0.0002557920000043623, 0.00017237499999822603, 0.00017270799999380415, 0.00031516600000003336, 0.00020358399999764742, 0.00020595900000586198, 0.00025620799999614974, 0.0002517500000038808, 0.00038891600000567905, 0.0015323330000001079], "find_bindings_prolog": [0.056263249999999765, 0.015839040999999554, 0.22053875000000023, 0.06007012499999931, 0.21923195799999995, 0.015129250000000205, 0.012282167000000399, 0.012282167000000399, 0.023899291999999406, 0.024128250000000406, 0.2894659580000001, 0.05446858400000032, 7.782860125, 0.243197207999998, 0.01405741599999999, 0.02345683300000445, 0.01358841700000113, 0.013000416000004122, 0.23171820799999665, 0.078907375, 0.018494124999996586, 0.45726862499999754]}, "final_exec_time": 51.743628417, "stages": [], "best_programs": [], "solution": {"code": "magic_value(A):- tail(A,B),magic_value(B).\nmagic_value(A):- head(A,c7),magic(c7).", "is_solution": true, "conf_matrix": [3000, 0, 3000, 0], "total_exec_time": 51.743626458, "durations": [{"operation": "Combine", "called": 27, "total": 36.321346874999996, "mean": 1.3452350694444444, "maximum": 35.845951416, "__type__": "DurationSummary"}, {"operation": "Test", "called": 28, "total": 10.512154835999972, "mean": 0.3754341012857133, "maximum": 8.181572334, "__type__": "DurationSummary"}, {"operation": "Find_Bindings_Prolog", "called": 22, "total": 9.88014754, "mean": 0.4490976154545454, "maximum": 7.782860125, "__type__": "DurationSummary"}, {"operation": "Constrain", "called": 27, "total": 0.012271746999994448, "mean": 0.00045450914814794256, "maximum": 0.0016186249999998736, "__type__": "DurationSummary"}, {"operation": "Generate", "called": 28, "total": 0.012198081999997612, "mean": 0.00043564578571420043, "maximum": 0.0007604580000020178, "__type__": "DurationSummary"}], "__type__": "ProgramStats"}, "is_solution": true, "stats_file": "./results/list_example/magicpopper_types/3000/9/stats.json", "end": true, "__type__": "Stats"}