{"log_best_programs": true, "num_literals": 0, "total_programs": 16, "total_rules": 0, "total_ground_rules": 0, "durations": {"generate": [0.00043749999999997957, 0.000379750000000012, 0.00042083300000000934, 0.0003678750000000175, 0.0003354159999999773, 0.002956499999999973, 0.0002831669999999731, 0.0004810419999999871, 0.00028970799999999963, 0.00030974999999999753, 0.00029004100000001865, 0.0005999580000000115, 0.0002867080000000244, 0.0002877499999999755, 0.0003178749999999675, 0.00025154099999996626, 0.009457541999999985], "find_bindings_prolog": [0.013281916000000005, 0.0017279170000000232, 0.017755958000000016, 0.0031291250000000104, 0.002856750000000019, 0.029714209000000047, 0.02557474999999998, 0.0013384170000000362, 0.006888375000000002, 0.0045504579999999795, 0.0009878329999999935], "test": [0.014338833999999967, 0.002987874999999973, 0.025710125000000028, 0.004557750000000027, 0.004222916999999993, 0.033547915999999955, 0.030693166999999966, 0.0015723340000000086, 0.007938834000000006, 0.005531583000000007, 0.0011724999999999652, 0.0004746670000000397, 0.00045487500000002123, 0.0008252080000000217, 0.0003810410000000264, 0.0003694579999999892], "combine": [0.0038815839999999935, 7.090000000431473e-07, 5.829999999984459e-07, 5.829999999984459e-07, 5.42000000047782e-07, 0.0025064170000000385, 6.249999999763389e-07, 5.000000000143778e-07, 6.249999999763389e-07, 5.829999999984459e-07, 4.1699999997479864e-07, 5.000000000143778e-07, 4.5900000000820285e-07, 4.1699999997479864e-07, 4.580000000364848e-07, 4.999999999588667e-07], "constrain": [0.0009408340000000015, 0.003199667000000017, 0.004946625000000038, 0.001662875000000008, 0.0016610420000000015, 0.0005030000000000312, 0.0022004580000000162, 0.0008946659999999884, 0.0013752090000000439, 0.001260917000000028, 0.000815832999999988, 0.0009420840000000097, 0.0009375830000000196, 0.000979916000000025, 0.0002609579999999778, 0.0003482499999999944]}, "final_exec_time": 0.23878320800000002, "stages": [], "best_programs": [], "solution": {"code": "magic_value(A):- my_append(B,['aag'],A),magic(['aag']).\nmagic_value(['ts', 'ig', 'aja', 'xv', 'jh', 'abd', 'ng', 'aiq', 'nb', 'zn', 'aag']):- magic(['ts', 'ig', 'aja', 'xv', 'jh', 'abd', 'ng', 'aiq', 'nb', 'zn', 'aag']).", "is_solution": true, "conf_matrix": [10, 0, 10, 0], "total_exec_time": 0.23878045800000003, "durations": [{"operation": "Test", "called": 6, "total": 0.08536541699999994, "mean": 0.01422756949999999, "maximum": 0.033547915999999955, "__type__": "DurationSummary"}, {"operation": "Find_Bindings_Prolog", "called": 6, "total": 0.06846587500000012, "mean": 0.011410979166666687, "maximum": 0.029714209000000047, "__type__": "DurationSummary"}, {"operation": "Constrain", "called": 5, "total": 0.012411043000000066, "mean": 0.0024822086000000133, "maximum": 0.004946625000000038, "__type__": "DurationSummary"}, {"operation": "Generate", "called": 6, "total": 0.004897873999999969, "mean": 0.0008163123333333281, "maximum": 0.002956499999999973, "__type__": "DurationSummary"}, {"operation": "Combine", "called": 5, "total": 0.0038840010000000813, "mean": 0.0007768002000000162, "maximum": 0.0038815839999999935, "__type__": "DurationSummary"}], "__type__": "ProgramStats"}, "is_solution": true, "stats_file": "./results/list_append/magicpopper_types/2/3/stats.json", "end": true, "__type__": "Stats"}