{"log_best_programs": true, "num_literals": 0, "total_programs": 1, "total_rules": 0, "total_ground_rules": 0, "durations": {"generate": [0.0017835409999999996, 0.004178957999997124], "find_bindings_prolog": [96.22586687500001], "test": [97.96503054200001], "combine": [0.00543916600000216], "constrain": [0.004539125000007971]}, "final_exec_time": 98.05295933299999, "stages": [], "best_programs": [], "solution": {"code": "sumk(A):- my_member(A,B),my_member(A,C),add(B,C,295685200623),magic(295685200623).", "is_solution": true, "conf_matrix": [10, 0, 10, 0], "total_exec_time": 98.052957333, "durations": [{"operation": "Test", "called": 1, "total": 97.96503054200001, "mean": 97.96503054200001, "maximum": 97.96503054200001, "__type__": "DurationSummary"}, {"operation": "Find_Bindings_Prolog", "called": 1, "total": 96.22586687500001, "mean": 96.22586687500001, "maximum": 96.22586687500001, "__type__": "DurationSummary"}, {"operation": "Generate", "called": 1, "total": 0.0017835409999999996, "mean": 0.0017835409999999996, "maximum": 0.0017835409999999996, "__type__": "DurationSummary"}], "__type__": "ProgramStats"}, "is_solution": true, "stats_file": "./results/sumk/magicpopper_args/2/stats.json", "end": true, "__type__": "Stats"}