{"log_best_programs": true, "num_literals": 0, "total_programs": 18, "total_rules": 0, "total_ground_rules": 0, "durations": {"generate": [0.005727541999999974, 0.01722829199999998, 0.04909295800000002, 0.32398129200000003, 0.0013629580000000807, 0.0005319170000002149, 0.0005555419999998534, 0.14406462499999995, 0.0025565839999996953, 0.08369875000000038, 0.0002958749999999455, 0.015465832999999929, 0.0003410409999999864, 0.2713867080000001, 0.000517041999999801, 0.00048658299999981836, 0.0005212500000002507, 0.003102749999999599, 0.11249691700000009], "find_bindings_prolog": [0.012324042000000035, 0.091736708, 0.0008049170000000716, 0.09284441700000012, 0.10087774999999999, 0.1760460829999999, 0.08712137499999995, 0.00217758400000001, 0.0007836249999999545, 0.09169062500000003, 0.000847166999999871, 0.01167191600000006, 0.013082459000000046, 0.2119723750000002, 0.0016297089999999237, 0.20614195899999999], "test": [0.01265804199999998, 0.13433641599999996, 0.0014740829999999594, 0.15632470799999998, 0.15641629200000007, 0.30656162500000006, 0.2202282080000002, 0.003584958000000249, 0.0014570410000001033, 0.0005042079999997284, 0.13935158299999983, 0.000980333000000222, 0.0011089580000001042, 0.019172959000000045, 0.021842250000000174, 0.36209545899999984, 0.0029129170000001814, 0.38431858299999977], "combine": [5.829999999984459e-07, 0.015387332999999948, 3.7499999994139444e-07, 9.999999999177334e-07, 5.83000000053957e-07, 5.419999999922709e-07, 6.670000001207654e-07, 4.5900000023024745e-07, 4.1700000030786555e-07, 4.160000002251252e-07, 5.419999999922709e-07, 4.1599999978103597e-07, 3.7499999994139444e-07, 7.089999995990581e-07, 4.1700000030786555e-07, 7.07999999960407e-07, 3.7499999994139444e-07, 0.003093124999999919], "constrain": [0.007629250000000032, 0.017415791999999986, 0.01502183300000004, 0.06120441700000012, 0.011314041999999969, 0.019045832999999845, 0.027743749999999956, 0.04645441700000008, 0.013818666000000146, 0.005889959000000111, 0.0035651670000000912, 0.005995916999999906, 0.006514709000000174, 0.019154208000000228, 0.02110258300000023, 0.02118791600000014, 0.03752466599999993, 0.1012027080000002]}, "final_exec_time": 3.528288958, "stages": [], "best_programs": [], "solution": {"code": "drug_design(A):- atom(A,B),atom_type(B,o),atom(A,C),atom_type(C,h),bound(C,B,0.217),magic(h),magic(o),magic(0.217).", "is_solution": true, "conf_matrix": [10, 0, 10, 0], "total_exec_time": 3.52828525, "durations": [{"operation": "Test", "called": 18, "total": 1.9253286230000004, "mean": 0.1069627012777778, "maximum": 0.38431858299999977, "__type__": "DurationSummary"}, {"operation": "Find_Bindings_Prolog", "called": 16, "total": 1.101752711, "mean": 0.0688595444375, "maximum": 0.2119723750000002, "__type__": "DurationSummary"}, {"operation": "Generate", "called": 18, "total": 0.9209175419999995, "mean": 0.05116208566666664, "maximum": 0.32398129200000003, "__type__": "DurationSummary"}, {"operation": "Constrain", "called": 17, "total": 0.340583125000001, "mean": 0.020034301470588295, "maximum": 0.06120441700000012, "__type__": "DurationSummary"}, {"operation": "Combine", "called": 17, "total": 0.015395917000000259, "mean": 0.0009056421764706034, "maximum": 0.015387332999999948, "__type__": "DurationSummary"}], "__type__": "ProgramStats"}, "is_solution": true, "stats_file": "./results/drug_design/magicpopper_types/0/stats.json", "end": true, "__type__": "Stats"}