{"log_best_programs": true, "num_literals": 0, "total_programs": 18, "total_rules": 0, "total_ground_rules": 0, "durations": {"generate": [0.0004186670000000392, 0.0003103750000000849, 0.000287417000000012, 0.00028612500000002594, 0.0004309169999999751, 0.0002827079999999649, 0.00026216700000003534, 0.00025854199999997274, 0.0002607089999999701, 0.00028050000000001685, 0.000580083000000009, 0.00042187499999990496, 0.0003627500000000783, 0.0003231250000000907, 0.00039195800000002556, 0.0004239590000000293, 0.0003982499999999334, 0.00040920799999999424, 0.00014258300000002944], "test": [0.03989270900000008, 0.009402124999999928, 0.001044082999999918, 0.0005456660000000557, 0.0004030000000000422, 0.000494207999999996, 0.0006588330000000253, 0.00094562499999995, 0.00031441600000003955, 0.0009241249999999424, 0.0010587909999999479, 0.0013980829999999944, 0.0012125830000000448, 0.018002916000000035, 0.08191291599999995, 0.015286624999999998, 0.0015177499999999844, 0.010672374999999956], "combine": [6.249999999763389e-07, 4.1700000008582094e-07, 4.999999999588667e-07, 4.1600000000308057e-07, 5.419999999922709e-07, 4.1600000000308057e-07, 4.1600000000308057e-07, 4.1600000000308057e-07, 3.7500000005241674e-07, 3.3300000001901253e-07, 6.249999999763389e-07, 5.00000000069889e-07, 4.999999999588667e-07, 4.999999999588667e-07, 4.5900000000820285e-07, 6.249999999763389e-07, 4.580000000364848e-07, 5.419999999922709e-07], "constrain": [0.0011852079999999932, 0.001938667000000005, 0.00017054100000002403, 0.00015583299999999412, 0.00014091699999996266, 0.00011412500000007597, 9.06659999999615e-05, 0.00012191599999999969, 8.900000000000574e-05, 0.00016716599999999637, 0.0022032919999999123, 0.0018120830000000199, 0.00015716600000004188, 0.000177874999999994, 0.0002002079999999795, 0.00018454199999995424, 0.0001730829999999628, 0.00018720799999993876], "find_bindings_prolog": [0.009168834000000015, 0.0008399169999999678, 0.00036912499999997017, 0.0007131670000000145, 0.0010957919999999843, 0.08159737499999997, 0.001187916000000011]}, "final_exec_time": 0.35384883300000003, "stages": [], "best_programs": [], "solution": null, "is_solution": false, "stats_file": "./results/list_constant/magicpopper_types/1/2/stats.json", "end": true, "__type__": "Stats"}