{"log_best_programs": true, "num_literals": 0, "total_programs": 76, "total_rules": 0, "total_ground_rules": 0, "durations": {"generate": [0.00031487499999999224, 0.00016254199999998775, 0.0001734580000000152, 0.0004026249999999898, 0.00011941700000001054, 0.0006729580000000013, 0.00017804199999998938, 0.00022520800000003227, 0.0005999999999999894, 0.0004995839999999419, 0.0004127090000000111, 0.00023370799999999914, 0.00020262500000001182, 0.0004334580000000532, 0.00018574999999998454, 0.0005162079999999625, 0.0002078749999999685, 0.0002302499999999874, 0.00019625000000000892, 0.0004855000000000276, 0.0001482499999999609, 0.00026883300000002386, 0.00015041599999998656, 0.0004704999999999293, 0.0005285830000000269, 0.00038337500000007463, 0.0001974999999999616, 0.00016929200000004307, 0.00020641599999993154, 0.000437875000000032, 0.00018195799999998208, 0.0002627920000000117, 0.0001820420000000489, 0.00027654200000004625, 0.0007281670000000018, 0.0001975840000000284, 0.00029800000000002047, 0.0001994159999999523, 0.0002031249999999707, 0.00039200000000005897, 0.00032095800000009334, 0.0004941669999999343, 0.0002027920000000627, 0.00019445799999995295, 0.0001787920000000387, 0.002055499999999988, 0.00017966599999996724, 0.0001719580000000276, 0.0001467920000000067, 0.00018074999999995178, 0.00015987500000003152, 0.0001688340000000066, 0.0002227920000000827, 0.00017570799999999664, 0.00018104200000002013, 0.00017695799999994932, 0.00016666700000000922, 0.0001923750000000224, 0.0003703339999999722, 0.00025450000000004636, 0.00018583400000005135, 0.0002527079999999904, 0.00027641599999994604, 0.00025479100000003196, 0.0001930829999999828, 0.00018233299999992347, 0.00017804100000007317, 0.00016812499999996344, 0.00021212500000000745, 0.0002119589999999283, 0.00018729099999992282, 0.0005366249999999573, 0.00017624999999998892, 0.00043970900000001034, 0.00018050000000002786, 0.0001759169999999699, 0.0040395840000000405], "find_bindings_prolog": [0.015339707999999952, 0.01894962499999997, 0.005997792000000002, 0.0066091249999999935, 0.019841707999999958, 0.0036356249999999757, 0.005624667000000083, 0.019713124999999998, 0.018697959000000042, 0.005414332999999938, 0.005019667000000005, 0.0011198749999999924, 0.005819333000000038, 0.0038605000000000445, 0.0058610420000000385, 0.005829417000000059, 0.006767999999999996, 0.0008547500000000152, 0.0067525420000000835, 0.006340667000000022, 0.006696166000000003, 0.006083415999999953, 0.022124207999999923, 0.022322874999999964, 0.0008175830000000106, 0.007739542000000044, 0.007885374999999972, 0.02124775000000001, 0.020599959, 0.002866749999999918, 0.00641195799999994, 0.007019291999999955, 0.00071020799999999, 0.0007012079999999532, 0.018991749999999974, 0.02071162500000001, 0.020899708000000072, 0.021028040999999997, 0.0008666669999999321, 0.007069916999999926, 0.00717054100000003, 0.0009856659999999406, 0.0007850000000000357, 0.0008993330000000022, 0.0007824579999999859, 0.0007774579999999531, 0.0008642920000000442, 0.0010242080000000264, 0.0010407080000000013, 0.000995916000000041, 0.0008564999999999268, 0.0007790000000000852, 0.0009204170000000067, 0.0010045419999999972, 0.001014290999999945, 0.0009805410000000014, 0.0007996670000000039, 0.0010425830000000413, 0.0009835410000000877, 0.001596542000000034, 0.0013644999999999907], "test": [0.016018291000000018, 0.0003876660000000087, 0.020113290999999978, 0.000461416999999964, 0.00042808300000002353, 0.006490916999999985, 0.0073747499999999855, 0.02127358300000004, 0.004202499999999998, 0.006396959000000035, 0.021246666999999997, 0.020059124999999955, 0.005863375000000004, 0.005639041000000011, 0.0015912080000000106, 0.006674624999999934, 0.004519459000000059, 0.006766083000000034, 0.006702874999999997, 0.0004357080000000346, 0.00038966699999998244, 0.00286641700000001, 0.0003854580000000052, 0.007392665999999992, 0.0010864170000000062, 0.007327458000000009, 0.006881625000000002, 0.007241833000000031, 0.006613624999999956, 0.02379170900000005, 0.024146584000000026, 0.0011792919999999985, 0.008607334000000022, 0.008731125000000062, 0.022780208999999996, 0.022253290999999953, 0.003375542000000009, 0.007126375000000018, 0.007768833000000086, 0.000909292000000006, 0.000899499999999942, 0.020605125000000002, 0.022633832999999992, 0.022615708000000012, 0.02284904199999993, 0.001115583000000031, 0.003189749999999991, 0.007739332999999959, 0.0031194999999999418, 0.007831207999999923, 0.0005256660000000357, 0.0004722080000000295, 0.001243915999999956, 0.0010192910000000888, 0.0011322499999999458, 0.001014584000000096, 0.0010114580000000206, 0.001097291999999972, 0.0017896659999999676, 0.0005172079999999912, 0.00048708299999999927, 0.0022493330000000755, 0.0012844170000000377, 0.001295500000000005, 0.0012524579999999563, 0.0011072910000000658, 0.0010128339999999625, 0.001153457999999996, 0.0012388749999999726, 0.0012630409999999648, 0.0012304170000000392, 0.0010363329999999449, 0.0012775839999999983, 0.00123574999999998, 0.0018500000000000183, 0.0015977920000000978], "combine": [0.002455374999999982, 4.580000000364848e-07, 0.002255000000000007, 5.419999999922709e-07, 4.170000000303098e-07, 6.250000000318501e-07, 5.83000000053957e-07, 5.410000000205528e-07, 5.419999999922709e-07, 4.579999999254625e-07, 5.840000000256751e-07, 5.419999999922709e-07, 4.1699999997479864e-07, 4.1699999997479864e-07, 3.7500000005241674e-07, 5.00000000069889e-07, 4.999999999588667e-07, 4.580000000364848e-07, 4.999999999588667e-07, 5.419999999922709e-07, 4.1699999997479864e-07, 4.580000000364848e-07, 4.580000000364848e-07, 5.00000000069889e-07, 4.580000000364848e-07, 5.00000000069889e-07, 5.410000000205528e-07, 4.5900000000820285e-07, 4.579999999254625e-07, 4.5900000000820285e-07, 7.920000000272154e-07, 3.7499999994139444e-07, 6.250000000873612e-07, 4.999999999588667e-07, 4.580000000364848e-07, 4.999999999588667e-07, 0.0019485000000000197, 5.419999999922709e-07, 4.580000000364848e-07, 4.1699999997479864e-07, 4.579999999254625e-07, 5.419999999922709e-07, 4.5900000000820285e-07, 5.840000000256751e-07, 5.410000000205528e-07, 5.840000000256751e-07, 4.1699999997479864e-07, 5.840000000256751e-07, 4.1700000008582094e-07, 5.840000000256751e-07, 4.1699999997479864e-07, 4.579999999254625e-07, 4.580000000364848e-07, 4.580000000364848e-07, 4.5900000000820285e-07, 4.580000000364848e-07, 4.579999999254625e-07, 5.00000000069889e-07, 4.580000000364848e-07, 4.579999999254625e-07, 5.00000000069889e-07, 4.580000000364848e-07, 4.580000000364848e-07, 5.419999999922709e-07, 5.419999999922709e-07, 4.999999999588667e-07, 4.580000000364848e-07, 4.580000000364848e-07, 5.00000000069889e-07, 4.5900000000820285e-07, 4.580000000364848e-07, 4.579999999254625e-07, 4.580000000364848e-07, 4.1699999997479864e-07, 4.5900000000820285e-07, 4.1600000000308057e-07],