{"log_best_programs": true, "num_literals": 0, "total_programs": 26, "total_rules": 0, "total_ground_rules": 0, "durations": {"generate": [0.00028924999999996315, 0.00024379199999996493, 0.000200666000000016, 0.0001939160000000162, 0.0003453330000000032, 0.00024062499999999432, 0.00021437499999998888, 0.00020595800000000608, 0.00021020899999996123, 0.00017804199999998938, 0.00018012500000003095, 0.0002134999999999776, 0.0002347500000000058, 0.00019654200000002175, 0.00020716599999998087, 0.00021254100000001053, 0.00020658299999998242, 0.00020725000000004767, 0.00019291599999998743, 0.00017354099999999928, 0.00017458400000003316, 0.00020579200000003794, 0.00017304200000001213, 0.00017345900000004244, 0.00019804100000003766, 0.0004944170000000248, 0.0002111250000000342], "find_bindings_prolog": [0.010884167, 0.0007309589999999755, 0.00036437499999997236, 0.00029733300000001073, 0.0003670420000000396, 0.00035112499999995217, 0.0003314999999999846, 0.0003353329999999932, 0.00032241699999996376, 0.00032804200000002837, 0.00032329199999997504, 0.0006167910000000054, 0.00033975000000002753, 0.0011843750000000153], "test": [0.011504542000000006, 0.0013421250000000273, 0.0005247910000000244, 0.000447749999999969, 0.013744083000000018, 0.0005600419999999828, 0.0005336669999999599, 0.0005052079999999792, 0.0002927079999999749, 0.00027320799999996925, 0.00028000000000000247, 0.0002722920000000073, 0.000509957999999977, 0.0004948750000000057, 0.0004963339999999872, 0.000491874999999975, 0.0012977080000000085, 0.0005111250000000012, 0.0002812090000000045, 0.0002714999999999801, 0.0002662500000000234, 0.0002734589999999759, 0.00026929199999997655, 0.0002711250000000387, 0.00026883299999996835, 0.0025070839999999928], "combine": [0.002768166999999988, 5.419999999922709e-07, 4.159999999475694e-07, 3.3400000004624175e-07, 4.999999999588667e-07, 3.3300000001901253e-07, 3.749999999969056e-07, 3.749999999969056e-07, 3.339999999907306e-07, 4.170000000303098e-07, 3.749999999969056e-07, 3.749999999969056e-07, 3.339999999907306e-07, 3.749999999969056e-07, 4.159999999475694e-07, 3.3300000001901253e-07, 4.5900000000820285e-07, 3.749999999969056e-07, 3.3300000001901253e-07, 3.749999999969056e-07, 3.749999999969056e-07, 3.329999999635014e-07, 3.329999999635014e-07, 3.749999999969056e-07, 3.3300000001901253e-07, 0.002251000000000003], "constrain": [0.0007241660000000261, 0.0008371249999999941, 0.00017745899999999093, 0.00017366699999998847, 0.0001594580000000012, 0.001027167000000051, 0.0002007500000000273, 0.00019400000000002748, 0.00017154099999999728, 0.00016854100000002203, 0.00016812500000001895, 0.00013983300000003362, 0.0001631670000000196, 0.00016420799999999902, 0.0001614580000000032, 0.00016320800000002578, 0.0001647499999999913, 0.00016370800000004015, 0.00013829199999998432, 0.00013937499999999714, 0.00013758299999999668, 0.00013808300000001106, 0.00013720799999999977, 0.00013745900000000644, 0.0001375000000000126, 0.0010343339999999701]}, "final_exec_time": 0.092205959, "stages": [], "best_programs": [], "solution": {"code": "multiple(1):- magic(1).\nmultiple(A):- div2(A,B),multiple(B).", "is_solution": true, "conf_matrix": [7, 0, 10, 0], "total_exec_time": 0.09220441699999998, "durations": [{"operation": "Test", "called": 26, "total": 0.038491042999999836, "mean": 0.0014804247307692244, "maximum": 0.013744083000000018, "__type__": "DurationSummary"}, {"operation": "Find_Bindings_Prolog", "called": 14, "total": 0.016776500999999944, "mean": 0.001198321499999996, "maximum": 0.010884167, "__type__": "DurationSummary"}, {"operation": "Constrain", "called": 25, "total": 0.0060878310000002656, "mean": 0.0002435132400000106, "maximum": 0.001027167000000051, "__type__": "DurationSummary"}, {"operation": "Generate", "called": 26, "total": 0.005766415000000136, "mean": 0.00022178519230769752, "maximum": 0.0004944170000000248, "__type__": "DurationSummary"}, {"operation": "Combine", "called": 25, "total": 0.0027772919999998757, "mean": 0.00011109167999999503, "maximum": 0.002768166999999988, "__type__": "DurationSummary"}], "__type__": "ProgramStats"}, "is_solution": true, "stats_file": "./results/multiple/magicpopper_types/9/stats.json", "end": true, "__type__": "Stats"}