{"log_best_programs": true, "num_literals": 0, "total_programs": 2, "total_rules": 0, "total_ground_rules": 0, "durations": {"generate": [0.0002991250000000112, 0.001440416, 0.0006152079999999227], "find_bindings_prolog": [0.01588758300000004, 0.6956232499999999], "bind": [4.5900000000820285e-07, 0.05783095800000004], "test": [0.016135084000000022, 0.754218708], "combine": [4.999999999588667e-07, 0.017664249999999937], "constrain": [0.003079333999999989, 0.004175167000000091]}, "final_exec_time": 0.916085459, "stages": [], "best_programs": [], "solution": null, "is_solution": false, "stats_file": "./results/list_magicvaluesameclause/magicpopper/8/1/stats.json", "end": true, "__type__": "Stats"}