{"log_best_programs": true, "num_literals": 0, "total_programs": 8, "total_rules": 0, "total_ground_rules": 0, "durations": {"generate": [0.00042824999999990787, 0.0005209170000000096, 0.0014470000000001981, 0.0011501250000001129, 0.001681708000000004, 0.001174666999999907, 0.00043729199999997803, 0.0004781249999998849, 0.0018264580000000308], "find_bindings_prolog": [0.029875707999999834, 0.03746212500000001, 0.13653654199999998, 0.15728333299999986, 0.14828333300000018, 0.14494258300000018], "test": [0.0353392079999999, 0.051227417, 0.019099917000000133, 0.13684816600000005, 0.1578037080000001, 0.14862579100000017, 0.019057957999999875, 0.14528074999999996], "combine": [0.06652999999999998, 0.00548974999999996, 5.83000000053957e-07, 6.250000001983835e-07, 6.250000001983835e-07, 5.410000003536197e-07, 5.419999999922709e-07, 5.00000000069889e-07], "constrain": [0.001950667000000017, 0.002294666999999917, 0.00042445899999998815, 0.0031036670000001987, 0.005332457999999818, 0.001704791999999955, 0.001854584000000159, 0.0020090829999999116]}, "final_exec_time": 2.080873875, "stages": [], "best_programs": [], "solution": {"code": "magic_value(A):- head(A,ph),magic(ph).\nmagic_value(A):- head(A,cf),magic(cf).\nmagic_value(A):- head(A,ih),magic(ih).\nmagic_value(A):- head(A,iy),magic(iy).\nmagic_value(A):- head(A,fd),magic(fd).\nmagic_value(A):- head(A,gj),magic(gj).\nmagic_value(A):- head(A,lt),magic(lt).\nmagic_value(A):- head(A,ln),magic(ln).\nmagic_value(A):- head(A,rm),magic(rm).\nmagic_value(A):- head(A,bi),magic(bi).\nmagic_value(A):- head(A,kh),magic(kh).\nmagic_value(A):- head(A,gl),magic(gl).\nmagic_value(A):- head(A,gs),magic(gs).\nmagic_value(A):- head(A,ej),magic(ej).\nmagic_value(A):- head(A,dh),magic(dh).\nmagic_value(A):- head(A,b),magic(b).\nmagic_value(A):- head(A,pp),magic(pp).\nmagic_value(A):- head(A,ld),magic(ld).\nmagic_value(A):- head(A,hd),magic(hd).\nmagic_value(A):- head(A,ic),magic(ic).\nmagic_value(A):- head(A,lg),magic(lg).\nmagic_value(A):- head(A,fy),magic(fy).\nmagic_value(A):- head(A,jg),magic(jg).\nmagic_value(A):- head(A,id),magic(id).\nmagic_value(A):- head(A,fr),magic(fr).\nmagic_value(A):- head(A,rs),magic(rs).\nmagic_value(A):- head(A,da),magic(da).\nmagic_value(A):- head(A,f),magic(f).\nmagic_value(A):- head(A,aw),magic(aw).\nmagic_value(A):- head(A,go),magic(go).\nmagic_value(A):- head(A,ol),magic(ol).\nmagic_value(A):- head(A,au),magic(au).\nmagic_value(A):- head(A,bk),magic(bk).\nmagic_value(A):- head(A,hk),magic(hk).\nmagic_value(A):- head(A,cp),magic(cp).\nmagic_value(A):- head(A,oa),magic(oa).\nmagic_value(A):- head(A,lo),magic(lo).\nmagic_value(A):- head(A,sc),magic(sc).\nmagic_value(A):- head(A,kj),magic(kj).\nmagic_value(A):- head(A,et),magic(et).\nmagic_value(A):- head(A,cy),magic(cy).\nmagic_value(A):- head(A,cj),magic(cj).\nmagic_value(A):- head(A,cg),magic(cg).\nmagic_value(A):- head(A,no),magic(no).\nmagic_value(A):- head(A,dg),magic(dg).\nmagic_value(A):- head(A,gu),magic(gu).\nmagic_value(A):- head(A,bj),magic(bj).\nmagic_value(A):- head(A,fk),magic(fk).\nmagic_value(A):- head(A,i),magic(i).\nmagic_value(A):- head(A,ag),magic(ag).\nmagic_value(A):- head(A,if),magic(if).\nmagic_value(A):- head(A,lz),magic(lz).\nmagic_value(A):- head(A,be),magic(be).\nmagic_value(A):- head(A,ip),magic(ip).\nmagic_value(A):- head(A,gp),magic(gp).\nmagic_value(A):- head(A,z),magic(z).\nmagic_value(A):- head(A,pz),magic(pz).\nmagic_value(A):- head(A,jx),magic(jx).\nmagic_value(A):- head(A,gy),magic(gy).\nmagic_value(A):- head(A,ry),magic(ry).", "is_solution": true, "conf_matrix": [200, 0, 200, 0], "total_exec_time": 2.080871208, "durations": [{"operation": "Test", "called": 1, "total": 0.0353392079999999, "mean": 0.0353392079999999, "maximum": 0.0353392079999999, "__type__": "DurationSummary"}, {"operation": "Find_Bindings_Prolog", "called": 1, "total": 0.029875707999999834, "mean": 0.029875707999999834, "maximum": 0.029875707999999834, "__type__": "DurationSummary"}, {"operation": "Generate", "called": 1, "total": 0.00042824999999990787, "mean": 0.00042824999999990787, "maximum": 0.00042824999999990787, "__type__": "DurationSummary"}], "__type__": "ProgramStats"}, "is_solution": true, "stats_file": "./results/list_magicvalues_multipleclauses/magicpopper/60/5/stats.json", "end": true, "__type__": "Stats"}