{"log_best_programs": true, "num_literals": 0, "total_programs": 5, "total_rules": 0, "total_ground_rules": 0, "durations": {"generate": [0.24675895800000003, 0.00738987499999999, 0.45269229200000005, 0.000737874999999999, 0.0004700829999999545, 0.42331125000000003], "test": [0.0014342499999999703, 0.0005281249999999904, 0.0005963749999999823, 0.0006425000000001013, 0.0006428750000000427], "combine": [5.829999999429347e-07, 4.580000000364848e-07, 5.419999999922709e-07, 4.579999999254625e-07, 4.579999999254625e-07], "constrain": [0.023233583999999974, 0.0062171249999999345, 0.08291254199999987, 0.021707167000000194, 0.02065470799999991]}, "final_exec_time": 1.3776703750000001, "stages": [], "best_programs": [], "solution": null, "is_solution": false, "stats_file": "./results/drug_design/popper/1/stats.json", "end": true, "__type__": "Stats"}