{"log_best_programs": true, "num_literals": 0, "total_programs": 8, "total_rules": 0, "total_ground_rules": 0, "durations": {"generate": [0.00039083299999997934, 0.0005542499999999784, 0.0014759170000000488, 0.0010747499999999022, 0.0015877499999998879, 0.0004897500000000665, 0.001125374999999984, 0.0013735420000000609, 0.0013212910000000022], "find_bindings_prolog": [0.020182875000000156, 0.03412070800000011, 0.13802058299999986, 0.15155675000000013, 0.16800474999999992, 0.15311570800000007], "test": [0.022254417000000082, 0.04741249999999986, 0.018521750000000115, 0.138313959, 0.1518793329999999, 0.01801979099999995, 0.16852441699999998, 0.15347000000000044], "combine": [0.009997374999999975, 0.004458000000000073, 5.829999998319124e-07, 6.669999998987208e-07, 6.670000001207654e-07, 4.5900000000820285e-07, 5.419999999922709e-07, 5.409999999095305e-07], "constrain": [0.0016986660000000153, 0.002446583000000002, 0.0004174169999999755, 0.0028959999999997876, 0.005191208999999919, 0.0005525840000000226, 0.005436500000000066, 0.001594917000000251]}, "final_exec_time": 2.051080875, "stages": [], "best_programs": [], "solution": {"code": "magic_value(A):- head(A,mm),magic(mm).\nmagic_value(A):- head(A,oq),magic(oq).\nmagic_value(A):- head(A,ax),magic(ax).\nmagic_value(A):- head(A,dl),magic(dl).\nmagic_value(A):- head(A,jh),magic(jh).\nmagic_value(A):- head(A,ij),magic(ij).\nmagic_value(A):- head(A,hu),magic(hu).\nmagic_value(A):- head(A,jf),magic(jf).\nmagic_value(A):- head(A,im),magic(im).\nmagic_value(A):- head(A,kx),magic(kx).\nmagic_value(A):- head(A,ke),magic(ke).\nmagic_value(A):- head(A,hp),magic(hp).\nmagic_value(A):- head(A,gw),magic(gw).\nmagic_value(A):- head(A,el),magic(el).\nmagic_value(A):- head(A,db),magic(db).\nmagic_value(A):- head(A,kr),magic(kr).\nmagic_value(A):- head(A,od),magic(od).\nmagic_value(A):- head(A,ev),magic(ev).\nmagic_value(A):- head(A,lh),magic(lh).\nmagic_value(A):- head(A,px),magic(px).", "is_solution": true, "conf_matrix": [200, 0, 200, 0], "total_exec_time": 2.051078, "durations": [{"operation": "Test", "called": 1, "total": 0.022254417000000082, "mean": 0.022254417000000082, "maximum": 0.022254417000000082, "__type__": "DurationSummary"}, {"operation": "Find_Bindings_Prolog", "called": 1, "total": 0.020182875000000156, "mean": 0.020182875000000156, "maximum": 0.020182875000000156, "__type__": "DurationSummary"}, {"operation": "Generate", "called": 1, "total": 0.00039083299999997934, "mean": 0.00039083299999997934, "maximum": 0.00039083299999997934, "__type__": "DurationSummary"}], "__type__": "ProgramStats"}, "is_solution": true, "stats_file": "./results/list_magicvalues_multipleclauses/magicpopper/20/8/stats.json", "end": true, "__type__": "Stats"}