{"log_best_programs": true, "num_literals": 0, "total_programs": 2, "total_rules": 0, "total_ground_rules": 0, "durations": {"generate": [0.0003359170000000189, 0.001991707999999981, 0.0005347920000000617], "find_bindings_prolog": [0.024760999999999977, 1.116307875], "bind": [5.000000000143778e-07, 0.24648995799999995], "test": [0.025052041999999997, 1.363930583], "combine": [5.829999999984459e-07, 0.07123279199999999], "constrain": [0.0036116660000000134, 0.004770582999999995]}, "final_exec_time": 1.601153125, "stages": [], "best_programs": [], "solution": null, "is_solution": false, "stats_file": "./results/list_magicvaluesameclause/magicpopper/11/9/stats.json", "end": true, "__type__": "Stats"}