{"log_best_programs": true, "num_literals": 0, "total_programs": 8, "total_rules": 0, "total_ground_rules": 0, "durations": {"generate": [0.0004142499999999494, 0.000612082999999819, 0.0014542079999999569, 0.0013236669999998618, 0.002002499999999907, 0.0010325840000002806, 0.0006186249999999838, 0.0020705419999997865, 0.00035204100000019167], "find_bindings_prolog": [0.030877666999999942, 0.03493879199999994, 0.143029458, 0.15052220799999994, 0.15158712500000027, 0.16963658400000003], "test": [0.03577050000000015, 0.0475558330000001, 0.019143541999999902, 0.14336216599999996, 0.15089354199999994, 0.1519301249999998, 0.17014029200000014, 0.019180874999999986], "combine": [0.04392600000000013, 0.0048714999999999176, 6.249999999763389e-07, 6.249999999763389e-07, 7.07999999960407e-07, 5.839999999146528e-07, 6.249999997542943e-07, 4.5899999978615824e-07], "constrain": [0.0017584999999999962, 0.0023370000000000335, 0.0004523339999999987, 0.003030000000000088, 0.005325833000000113, 0.00543112499999987, 0.0019388330000000842, 0.000559417000000284]}, "final_exec_time": 2.1895256250000004, "stages": [], "best_programs": [], "solution": {"code": "magic_value(A):- head(A,t),magic(t).\nmagic_value(A):- head(A,rv),magic(rv).\nmagic_value(A):- head(A,hd),magic(hd).\nmagic_value(A):- head(A,fv),magic(fv).\nmagic_value(A):- head(A,os),magic(os).\nmagic_value(A):- head(A,pe),magic(pe).\nmagic_value(A):- head(A,bw),magic(bw).\nmagic_value(A):- head(A,pp),magic(pp).\nmagic_value(A):- head(A,no),magic(no).\nmagic_value(A):- head(A,se),magic(se).\nmagic_value(A):- head(A,oh),magic(oh).\nmagic_value(A):- head(A,fm),magic(fm).\nmagic_value(A):- head(A,b),magic(b).\nmagic_value(A):- head(A,ig),magic(ig).\nmagic_value(A):- head(A,rz),magic(rz).\nmagic_value(A):- head(A,bt),magic(bt).\nmagic_value(A):- head(A,fw),magic(fw).\nmagic_value(A):- head(A,nb),magic(nb).\nmagic_value(A):- head(A,af),magic(af).\nmagic_value(A):- head(A,hc),magic(hc).\nmagic_value(A):- head(A,ho),magic(ho).\nmagic_value(A):- head(A,ao),magic(ao).\nmagic_value(A):- head(A,lh),magic(lh).\nmagic_value(A):- head(A,cw),magic(cw).\nmagic_value(A):- head(A,re),magic(re).\nmagic_value(A):- head(A,c),magic(c).\nmagic_value(A):- head(A,kz),magic(kz).\nmagic_value(A):- head(A,e),magic(e).\nmagic_value(A):- head(A,io),magic(io).\nmagic_value(A):- head(A,jy),magic(jy).\nmagic_value(A):- head(A,gg),magic(gg).\nmagic_value(A):- head(A,qn),magic(qn).\nmagic_value(A):- head(A,my),magic(my).\nmagic_value(A):- head(A,w),magic(w).\nmagic_value(A):- head(A,gl),magic(gl).\nmagic_value(A):- head(A,go),magic(go).\nmagic_value(A):- head(A,by),magic(by).\nmagic_value(A):- head(A,bb),magic(bb).\nmagic_value(A):- head(A,jj),magic(jj).\nmagic_value(A):- head(A,bg),magic(bg).\nmagic_value(A):- head(A,mc),magic(mc).\nmagic_value(A):- head(A,gv),magic(gv).\nmagic_value(A):- head(A,gj),magic(gj).\nmagic_value(A):- head(A,hg),magic(hg).\nmagic_value(A):- head(A,ee),magic(ee).\nmagic_value(A):- head(A,qe),magic(qe).\nmagic_value(A):- head(A,am),magic(am).\nmagic_value(A):- head(A,kf),magic(kf).\nmagic_value(A):- head(A,en),magic(en).\nmagic_value(A):- head(A,rd),magic(rd).", "is_solution": true, "conf_matrix": [200, 0, 200, 0], "total_exec_time": 2.189515542, "durations": [{"operation": "Test", "called": 1, "total": 0.03577050000000015, "mean": 0.03577050000000015, "maximum": 0.03577050000000015, "__type__": "DurationSummary"}, {"operation": "Find_Bindings_Prolog", "called": 1, "total": 0.030877666999999942, "mean": 0.030877666999999942, "maximum": 0.030877666999999942, "__type__": "DurationSummary"}, {"operation": "Generate", "called": 1, "total": 0.0004142499999999494, "mean": 0.0004142499999999494, "maximum": 0.0004142499999999494, "__type__": "DurationSummary"}], "__type__": "ProgramStats"}, "is_solution": true, "stats_file": "./results/list_magicvalues_multipleclauses/magicpopper/50/6/stats.json", "end": true, "__type__": "Stats"}