{"log_best_programs": true, "num_literals": 0, "total_programs": 45, "total_rules": 0, "total_ground_rules": 0, "durations": {"generate": [0.0011420000000000319, 0.06578308300000002, 0.0006961249999999919, 0.0007625829999999834, 0.0006549590000000105, 0.0009629160000000359, 0.0006729590000000285, 0.0008482920000000282, 0.0006833749999999861, 0.03273879200000002, 0.0006765830000000084, 0.0008769160000000054, 0.0006539999999999879, 0.0007622919999999977, 0.0006365829999999684, 0.0009189159999999919, 0.0006945839999999981, 0.000988709000000032, 0.0006645419999999902, 0.0009527919999999801, 0.0006741670000000033, 0.0008822919999999512, 0.000675291999999994, 0.029569583999999982, 0.0006895829999999936, 0.0019083749999999622, 0.0006617919999999389, 0.0009560000000000679, 0.0006352090000000254, 0.02426091600000002, 0.0008188750000001077, 0.000723084000000096, 0.0013512910000000877, 0.000684958999999985, 0.0013460839999999141, 0.0006664579999999809, 0.0014486249999999812, 0.0006524999999999448, 0.001270917000000038, 0.0006517919999999844, 0.0006502499999999634, 0.0007627500000000342, 0.000858541000000046, 0.0006842910000000035, 0.0006632500000000041], "test": [0.0006569579999999853, 0.0005409170000000296, 0.00038045799999997243, 0.0003953329999999977, 0.00034283299999998684, 0.0003751250000000317, 0.0003997909999999827, 0.000357416999999971, 0.0003648340000000361, 0.0004882920000000013, 0.0003692909999999938, 0.00035358299999999065, 0.0003507500000000108, 0.00036362499999997855, 0.0003462920000000258, 0.00034158300000003416, 0.00039429099999999107, 0.0004001249999999734, 0.0003670000000000062, 0.0003697920000000354, 0.0003680829999999635, 0.0003662500000000124, 0.00035166699999999995, 0.00044683300000003534, 0.0003578329999999186, 0.0003522089999999922, 0.0003515420000000935, 0.00035195799999998556, 0.0003409580000000023, 0.0003882920000000123, 0.00038083300000002485, 0.0003379169999999654, 0.0005334579999999312, 0.00034645800000010496, 0.00034004200000004037, 0.00031679100000003846, 0.0003443750000000634, 0.00031562500000004157, 0.00031808399999999626, 0.0003262499999999724, 0.00031529200000002255, 0.009327832999999952, 0.0003439160000000552, 0.00033533400000007596, 0.00041558399999996887], "combine": [6.250000000318501e-07, 5.829999999984459e-07, 4.589999999526917e-07, 5.000000000143778e-07, 4.1699999997479864e-07, 4.5900000000820285e-07, 4.1600000000308057e-07, 4.1699999997479864e-07, 4.5799999998097363e-07, 4.999999999588667e-07, 4.5799999998097363e-07, 4.1699999997479864e-07, 4.170000000303098e-07, 3.749999999969056e-07, 3.749999999969056e-07, 4.1699999997479864e-07, 4.5799999998097363e-07, 3.749999999969056e-07, 4.580000000364848e-07, 4.1699999997479864e-07, 4.1699999997479864e-07, 4.170000000303098e-07, 4.1600000000308057e-07, 4.1600000000308057e-07, 4.1600000000308057e-07, 3.7500000005241674e-07, 4.580000000364848e-07, 4.1600000000308057e-07, 3.7500000005241674e-07, 4.1699999997479864e-07, 4.1699999997479864e-07, 5.00000000069889e-07, 3.7499999994139444e-07, 4.1600000000308057e-07, 4.1699999997479864e-07, 3.7500000005241674e-07, 3.7499999994139444e-07, 3.7500000005241674e-07, 4.1600000000308057e-07, 3.7499999994139444e-07, 3.7499999994139444e-07, 4.999999999588667e-07, 4.1700000008582094e-07, 4.5900000000820285e-07], "constrain": [0.0013490840000000004, 0.0030781659999999933, 0.0007953330000000092, 0.0010007079999999613, 0.0007961669999999588, 0.0010579580000000255, 0.0007974580000000286, 0.0010070830000000197, 0.000793167000000039, 0.001046207999999993, 0.0007884589999999636, 0.000991374999999961, 0.0007733339999999589, 0.0009759999999999769, 0.0007764169999999737, 0.0010328749999999887, 0.0007919170000000308, 0.0009764580000000134, 0.0007683749999999878, 0.0009790000000000076, 0.0007929999999999882, 0.0009912910000000053, 0.0007704580000000294, 0.0008227089999999215, 0.0007815409999999412, 0.0007743749999999938, 0.000778208000000058, 0.0007850000000000357, 0.0007129579999999303, 0.001699333000000025, 0.00035408400000003226, 0.00035125000000002515, 0.00035633299999993095, 0.00035491700000001014, 0.0003605830000000809, 0.0003454159999999318, 0.00035362500000002406, 0.0003501249999999789, 0.00035129199999994754, 0.00035004199999999486, 0.00034433299999991895, 0.0003922920000000163, 0.0003606250000000033, 0.00042749999999991406]}, "final_exec_time": 0.34876395899999996, "stages": [], "best_programs": [], "solution": {"code": "f(A,B):- square(A,C),mult(A,B,C).", "is_solution": true, "conf_matrix": [0, 0, 0, 0], "total_exec_time": 0.34873620899999996, "durations": [{"operation": "Generate", "called": 45, "total": 0.1869178780000002, "mean": 0.0041537306222222264, "maximum": 0.06578308300000002, "__type__": "DurationSummary"}, {"operation": "Constrain", "called": 44, "total": 0.03453683199999963, "mean": 0.0007849279999999916, "maximum": 0.0030781659999999933, "__type__": "DurationSummary"}, {"operation": "Test", "called": 45, "total": 0.025931707000000304, "mean": 0.0005762601555555623, "maximum": 0.009327832999999952, "__type__": "DurationSummary"}, {"operation": "Combine", "called": 44, "total": 1.8915999999924438e-05, "mean": 4.2990909090737356e-07, "maximum": 6.250000000318501e-07, "__type__": "DurationSummary"}], "__type__": "ProgramStats"}, "is_solution": true, "stats_file": "./results/pi/popper/2/stats.json", "end": false, "__type__": "Stats"}