{"log_best_programs": true, "num_literals": 0, "total_programs": 161, "total_rules": 0, "total_ground_rules": 0, "durations": {"generate": [0.00046312500000000867, 0.0001631249999999862, 0.00017945899999999293, 0.00044008400000000725, 0.00015687500000000076, 0.00030637499999996987, 0.0007997080000000101, 0.00022129199999998406, 0.0004833330000000302, 0.0002647080000000024, 0.0005725420000000092, 0.00018400000000001748, 0.00025616699999997383, 0.00027575000000001904, 0.000814083000000021, 0.00025358300000000167, 0.0003840829999999795, 0.00024979200000002644, 0.0003429999999999822, 0.0002827079999999649, 0.0002746249999999728, 0.00026412500000000394, 0.0003182079999999865, 0.0006417910000000027, 0.00022566600000001324, 0.00020537500000000763, 0.0004230419999999846, 0.0001912090000000255, 0.00024333300000001223, 0.00021825000000003092, 0.0008064170000000037, 0.00030400000000002647, 0.00023104200000001462, 0.00021566700000003047, 0.00021483399999999708, 0.0002103750000000404, 0.0006305829999999624, 0.00033037499999999387, 0.00021879199999996768, 0.0002047079999999979, 0.00036295899999999603, 0.00022662499999998031, 0.0003433749999999791, 0.00026533300000003424, 0.0002358329999999631, 0.0004623340000000087, 0.0005093340000000279, 0.00023920799999999076, 0.00025049999999998684, 0.00024716600000002087, 0.0002139589999999858, 0.0005228749999999782, 0.0003174579999999927, 0.00042358399999997687, 0.00031929200000002655, 0.0001790830000000243, 0.00018779200000001994, 0.0001644170000000278, 0.0006980839999999877, 0.00020854199999997824, 0.00020000000000003348, 0.00019770800000001865, 0.0002775420000000195, 0.0001950410000000069, 0.0002027920000000072, 0.00020066699999998772, 0.00031929200000002655, 0.0001831669999999841, 0.00020766599999999524, 0.0002151249999999827, 0.00021891600000001343, 0.00019925000000003967, 0.00024974999999999303, 0.0002167920000000212, 0.0002287089999999936, 0.00032687500000000425, 0.00019995800000000008, 0.00022054199999999025, 0.00019554099999996577, 0.0012536670000000139, 0.00025970800000002514, 0.00022470799999996238, 0.0004910000000000192, 0.0002298749999999905, 0.00019200000000002548, 0.00044841700000003426, 0.0002534589999999559, 0.00019641699999994877, 0.0005085000000000228, 0.00023700000000004273, 0.0002863330000000275, 0.00021158300000001518, 0.0011087499999999917, 0.0002741659999999646, 0.0002458330000000286, 0.00022158299999996967, 0.00022775000000008205, 0.00023854200000006376, 0.00043362499999999304, 0.0002247920000000292, 0.00028125000000001066, 0.0002527500000000238, 0.0002445829999999649, 0.000253874999999959, 0.0003893750000000251, 0.0002269159999999104, 0.00022083299999997585, 0.0002654160000000738, 0.00021820800000005303, 0.00023804199999999387, 0.0003934169999999515, 0.0002227920000000827, 0.0002187080000000119, 0.00018991599999995668, 0.00040212500000003093, 0.00026375000000000703, 0.00015020799999998502, 0.0001564590000000532, 0.00014404099999998365, 0.00022458400000002765, 0.0001418329999999246, 0.00015670899999997712, 0.00013804200000000488, 0.000721874999999983, 0.00016524999999989465, 0.0001719580000000276, 0.00016604199999992186, 0.0002927500000000638, 0.00023729200000000006, 0.0001891670000000456, 0.00018816700000001685, 0.000275083999999981, 0.0002755420000000175, 0.00041883399999997906, 0.00017062499999997982, 0.0003162089999999562, 0.0002470829999999813, 0.00025770800000002314, 0.00020404200000001538, 0.0003031250000000707, 0.00021341699999999353, 0.0002780420000000339, 0.0001562079999999355, 0.000189875000000006, 0.00021412500000006496, 0.00020562499999998707, 0.00016687500000001076, 0.0002374159999999348, 0.0001472089999999815, 0.00020383400000001384, 0.00017287499999996125, 0.0002992090000000225, 0.0001512089999999855, 0.000388082999999928, 0.0002086249999999623, 0.0012162090000000791, 0.000303417000000028, 0.0003290410000000854, 0.00026079199999995417, 0.0020101659999999244, 0.0003930839999999325, 0.0033607500000000234], "find_bindings_prolog": [0.011719749999999973, 0.0009203749999999733, 0.0007621670000000358, 0.0005884170000000077, 0.0008101670000000283, 0.0008063329999999924, 0.0007995420000000419, 0.0009415420000000174, 0.000921499999999964, 0.0009444160000000035, 0.0006550000000000167, 0.001137374999999996, 0.0011927909999999708, 0.0007560830000000185, 0.000795832999999968, 0.0010467909999999914, 0.0014767909999999773, 0.001255708000000022, 0.0010981250000000053, 0.0011412080000000047, 0.0008670419999999845, 0.0007240829999999865, 0.0007212919999999845, 0.000869958000000004, 0.0005352080000000092, 0.0008325829999999979, 0.0008015000000000105, 0.0009277089999999988, 0.0008025829999999678, 0.0009661250000000399, 0.0008524580000000004, 0.0008756670000000244, 0.0006879160000000106, 0.0009106669999999761, 0.0009509160000000239, 0.0006250419999999646, 0.0009871669999999555, 0.0008807089999999795, 0.0009682500000000038, 0.001005250000000013, 0.0010033750000000285, 0.0008911249999999926, 0.0008403340000000536, 0.0006698339999999803, 0.0005572079999999757, 0.0004521249999999699, 0.0007462079999999705, 0.0010098330000000155, 0.0008140839999999927, 0.0008456660000000227, 0.000748082999999955, 0.0009098330000000265, 0.0008706669999999916, 0.0008509999999999907, 0.0008620830000000135, 0.0009729170000000176, 0.000859957999999994, 0.0008110840000000175, 0.0008053330000000192, 0.0008600830000000115, 0.0008459170000000293, 0.0008834589999999753, 0.0008027079999999853, 0.0009934590000000298, 0.0007828329999999828, 0.0010063750000000038, 0.000997208999999999, 0.0011360409999999765, 0.0010844590000000376, 0.0008717920000000379, 0.0009869160000000043, 0.0008727919999999556, 0.0010293330000000211, 0.0007592499999999891, 0.0009042919999999732, 0.0009312080000000167, 0.0009042499999999953, 0.0008956670000000444, 0.0009168749999999837, 0.0008119590000000843, 0.0010170000000000456, 0.0009683329999999879, 0.0009082499999999438, 0.0009197919999999193, 0.0009127919999999401, 0.0010023749999999998, 0.0011040420000000273, 0.0009913750000000165, 0.0009508749999999067, 0.0011132499999999546, 0.000950290999999992, 0.000849291999999946, 0.0010192920000000605, 0.0012807499999999417, 0.0010144159999999625, 0.0010043339999999956, 0.0008869169999999871, 0.0009845840000000106, 0.0008288330000000288, 0.0008498749999999999, 0.0009367919999999641, 0.0008244579999999724, 0.0009137080000000131, 0.0010355409999999177, 0.0009182079999999759, 0.0008857079999999851, 0.0008473749999999836, 0.0010047909999999494, 0.0004901669999999303, 0.000471749999999993, 0.0004536659999999637, 0.00048075000000002976, 0.0004888750000000552, 0.000486541000000007, 0.00044674999999994025, 0.00045366699999993543, 0.0004918750000000305, 0.0005090830000000768, 0.0004944169999999692, 0.0004601669999999558, 0.0007532500000000386, 0.000611084000000095, 0.0005286249999999493, 0.0005190419999999696, 0.0005242909999999545, 0.0005228749999999227, 0.0004900829999999745, 0.0004438340000000318, 0.0004435000000000411, 0.0006933749999999961, 0.00047437499999991584, 0.00045154099999999975, 0.000795417000000076, 0.0005369579999999763, 0.0006647499999999917, 0.0004609999999999337, 0.0008971669999999765, 0.0004940829999999785, 0.0009368750000000592, 0.0008266249999999697, 0.0009800840000000477, 0.0011146250000000357, 0.001061957999999974, 0.0012540829999999614, 0.0010652500000000176, 0.0011446659999999609],