{"log_best_programs": true, "num_literals": 0, "total_programs": 80, "total_rules": 0, "total_ground_rules": 0, "durations": {"generate": [0.00032283300000002235, 0.0008814999999999795, 0.00018004100000001966, 0.00017500000000003624, 0.0003435840000000079, 0.0003713330000000292, 0.0005053329999999967, 0.0002322499999999894, 0.0003431249999999997, 0.00014900000000001024, 0.0002254999999999896, 0.00017012500000002095, 0.000260000000000038, 0.0006083749999999943, 0.0008985420000000022, 0.0003690000000000082, 0.000224333000000021, 0.0008104159999999805, 0.0004096659999999752, 0.00024495800000001733, 0.00019058400000004916, 0.00041995799999999806, 0.00018424999999999692, 0.0011123330000000209, 0.00021829099999998158, 0.0005474169999999945, 0.00022183400000003184, 0.00018720799999999427, 0.00014958300000000868, 0.0003302499999999764, 0.0002459590000000178, 0.00026724999999999666, 0.00018737499999998963, 0.00017808299999999555, 0.0002654579999999962, 0.0005311249999999657, 0.000786958999999976, 0.00020254100000000053, 0.00026970799999997963, 0.00023574999999997903, 0.00023324999999996265, 0.00023637499999995537, 0.0003075420000000495, 0.00024233299999998348, 0.0005269169999999601, 0.0010608330000000388, 0.00019799999999992046, 0.00016429099999992758, 0.00014691600000005245, 0.00019937500000000163, 0.00022537499999997213, 0.00016470899999998512, 0.00017562500000001258, 0.0025866250000000646, 0.0003031249999999597, 0.00016541600000008483, 0.00019291700000001466, 0.00015133400000000297, 0.00016141700000005255, 0.00024058300000007193, 0.00016862500000003333, 0.00017420899999998074, 0.00019566699999995496, 0.0001523750000000934, 0.0003073749999999986, 0.0001859589999999578, 0.00015491699999992115, 0.0002503750000000249, 0.0001471669999999481, 0.00021891600000001343, 0.0002430410000000549, 0.0002334999999999976, 0.00024412499999992843, 0.0003627090000000166, 0.0002115419999999535, 0.0003384170000000353, 0.0002275420000000805, 0.0005151250000000607, 0.0006031670000000711, 0.0012728749999999511, 0.0029806660000000207], "find_bindings_prolog": [0.013369083000000004, 0.0008207500000000367, 0.0009831660000000353, 0.0012949170000000065, 0.008508542000000008, 0.0009854999999999725, 0.0014903330000000103, 0.0011912090000000264, 0.0006043750000000458, 0.0004770840000000165, 0.0004257909999999532, 0.0005220420000000003, 0.00047524999999998263, 0.0024695410000000195, 0.0006987909999999764, 0.002725708000000049, 0.002289042000000019, 0.000707832999999991, 0.0004742500000000094, 0.0005270000000000552, 0.0005522499999999764, 0.0005561249999999629, 0.0005359169999999969, 0.006106666000000038, 0.0034749589999999997, 0.0006670420000000066, 0.0006095000000000406, 0.0005233749999999926, 0.0004995839999999974, 0.00047029100000001156, 0.000507083999999991, 0.0005904170000000097, 0.0006354999999999555, 0.0005410829999999978, 0.006564833999999964, 0.0018100830000000179, 0.0015697919999999588, 0.0013119590000000292, 0.009723749999999975, 0.010839333000000062, 0.0030314169999999807, 0.0030649160000000286, 0.007680541000000041, 0.008158792000000026, 0.0006018329999999406, 0.0005181669999999583, 0.0005032079999999217, 0.0004901250000000079, 0.0004998750000000385, 0.0005000840000000117, 0.0004976669999999794, 0.0004804999999999948, 0.0006310830000000323, 0.01294374999999992, 0.0006547910000000989, 0.0005002499999999799, 0.0004916670000000289, 0.0005170420000000231, 0.00048208300000007753, 0.0005130420000000191, 0.0005066250000000938, 0.000543417000000046, 0.0005355830000000061, 0.0005069169999999401, 0.0005742090000000477, 0.00052741700000003, 0.0004977080000000411, 0.0005025829999999454, 0.0005498329999999996, 0.0005866669999999852, 0.0005860829999999595, 0.0007180839999999522, 0.0008294160000000828, 0.0008246659999999739, 0.0006053750000000191, 0.0006122499999999809, 0.000691083999999953, 0.000649542000000003, 0.0006242499999999929, 0.0026159580000000293], "test": [0.015839082999999976, 0.0014923330000000123, 0.0018847909999999968, 0.002148209000000012, 0.01963337500000001, 0.001645458000000044, 0.0026375839999999706, 0.0020054999999999934, 0.0010898329999999845, 0.0007817079999999921, 0.0005989579999999828, 0.0008196249999999905, 0.000769749999999958, 0.005774832999999979, 0.0014078750000000029, 0.005570583000000018, 0.003897083999999995, 0.0010404170000000157, 0.0008432080000000397, 0.001177874999999995, 0.0012004999999999932, 0.001207500000000028, 0.001179166999999981, 0.010324541999999992, 0.00754708300000001, 0.0010415830000000126, 0.0009669589999999895, 0.0010430000000000161, 0.0008306670000000071, 0.0006604999999999528, 0.0008380409999999561, 0.001111167000000024, 0.001513957999999982, 0.0008831250000000401, 0.016961375, 0.002896125000000027, 0.003333332999999994, 0.0026780829999999978, 0.022676999999999947, 0.025174833000000008, 0.006689749999999939, 0.00722520900000001, 0.017147374999999965, 0.018914791999999903, 0.0008592500000000891, 0.0008612080000000022, 0.0010113339999999749, 0.0009929999999999106, 0.0008282499999999748, 0.0008345000000000713, 0.0010049160000000779, 0.0009848339999999345, 0.000986040999999993, 0.03199758399999997, 0.0009747920000000576, 0.0007139999999999924, 0.0008637079999999075, 0.0007287920000000891, 0.0006927500000000197, 0.0008894580000000651, 0.0008777090000000598, 0.0007694999999999785, 0.0009288749999999402, 0.0007213750000000241, 0.0009714579999999806, 0.0009084590000000281, 0.0007083340000000327, 0.0008789169999999791, 0.0007815420000000239, 0.000979833000000041, 0.0008742079999999319, 0.0011977499999999974, 0.0010945829999999823, 0.001290040999999964, 0.0008449170000000006, 0.0010065419999999436, 0.0009743749999999718, 0.0010514589999999213, 0.0008766669999999976, 0.006180332999999982], "combine": [0.006082750000000026, 5.000000000143778e-07, 5.419999999922709e-07, 4.1699999997479864e-07, 7.089999999876362e-07, 4.580000000364848e-07, 0.003375542000000009, 0.0030485829999999936, 5.000000000143778e-07, 3.749999999969056e-07, 3.749999999969056e-07, 4.1600000000308057e-07, 3.749999999969056e-07, 5.000000000143778e-07, 4.170000000303098e-07, 4.580000000364848e-07, 4.5799999998097363e-07, 4.5900000000820285e-07, 3.749999999969056e-07, 3.749999999969056e-07, 3.749999999969056e-07, 3.749999999969056e-07, 3.749999999969056e-07, 4.5799999998097363e-07, 4.5900000000820285e-07, 5.000000000143778e-07, 3.749999999969056e-07, 3.749999999969056e-07, 3.749999999969056e-07, 3.749999999969056e-07, 3.79200000000246e-06, 4.170000000303098e-07, 4.5900000000820285e-07, 3.749999999969056e-07, 5.829999999984459e-07, 4.1600000000308057e-07, 5.000000000143778e-07, 4.999999999588667e-07, 5.829999999429347e-07, 5.419999999922709e-07, 4.5900000000820285e-07, 4.579999999254625e-07, 5.829999999429347e-07, 5.840000000256751e-07, 4.1699999997479864e-07, 3.7500000005241674e-07, 3.339999999907306e-07, 3.7500000005241674e-07, 3.3300000001901253e-07, 3.3300000001901253e-07, 3.7499999994139444e-07, 3.3300000001901253e-07, 4.579999999254625e-07, 5.419999999922709e-07, 4.580000000364848e-07, 3.7500000005241674e-07, 3.3299999990799023e-07, 3.339999999907306e-07, 3.3299999990799023e-07, 3.7499999994139444e-07, 3.7499999994139444e-07, 4.1699999997479864e-07, 3.7500000005241674e-07, 4.5900000000820285e-07, 3.7500000005241674e-07, 3.7500000005241674e-07, 3.7499999994139444e-07, 3.3300000001901253e-07, 7.90999999944475e-07, 4.1600000000308057e-07, 3.7500000005241674e-07, 3.7499999994139444e-07, 4.580000000364848e-07, 3.7500000005241674e-07, 3.7500000005241674e-07, 3.7500000005241674e-07, 4.580000000364848e-07, 3.7499999994139444e-07, 3.7500000005241674e-07, 5.419999999922709e-07],