{"log_best_programs": true, "num_literals": 0, "total_programs": 22, "total_rules": 0, "total_ground_rules": 0, "durations": {"generate": [0.0003094590000000119, 0.00019641699999994877, 0.0004992500000000066, 0.00023400000000001198, 0.0002729160000000119, 0.0005930410000000164, 0.00020920800000001627, 0.00019008399999997927, 0.00018033299999997698, 0.00017220800000000702, 0.00016849999999996035, 0.00018291599999997743, 0.00016687499999995525, 0.0001652089999999995, 0.0001894580000000312, 0.00018204100000002166, 0.0001723750000000024, 0.00020004100000003966, 0.00019362500000003058, 0.00019212499999998744, 0.00023454200000000425, 0.00015299999999995872, 0.0018710829999999956], "find_bindings_prolog": [0.013425541999999957, 0.005577042000000032, 0.0012346249999999892, 0.009549459000000038, 0.001967917000000041, 0.0013986249999999867, 0.004242208000000025, 0.0018817919999999932, 0.0007883750000000078, 0.0013046250000000037, 0.0012643749999999843, 0.0005896659999999887, 0.0011401250000000474, 0.0012323749999999523, 0.003044791999999963, 0.0029948329999999745, 0.0012061250000000023, 0.0013074160000000057, 0.002377333000000037, 0.002257708000000025, 0.0005517500000000175, 0.000527957999999995], "test": [0.014605665999999962, 0.007961041999999974, 0.0019905830000000457, 0.01326491599999996, 0.0028197090000000036, 0.0024957909999999695, 0.007782959000000034, 0.002860417000000004, 0.0011259170000000318, 0.0019902079999999933, 0.001934749999999985, 0.001094415999999987, 0.0019404579999999783, 0.0020465000000000066, 0.005589209000000039, 0.005496374999999998, 0.001881958000000017, 0.002200833999999985, 0.0046579999999999955, 0.004477542000000001, 0.0008857910000000246, 0.0008517920000000179], "combine": [0.003941499999999987, 0.006113749999999973, 0.004229999999999956, 0.006062124999999974, 0.0070387499999999825, 5.829999999984459e-07, 5.419999999922709e-07, 4.170000000303098e-07, 3.749999999969056e-07, 4.5799999998097363e-07, 4.170000000303098e-07, 3.749999999969056e-07, 4.1699999997479864e-07, 4.1600000000308057e-07, 4.5799999998097363e-07, 4.5799999998097363e-07, 4.1600000000308057e-07, 4.5799999998097363e-07, 4.5900000000820285e-07, 5.000000000143778e-07, 4.1699999997479864e-07, 3.749999999969056e-07], "constrain": [0.0017046250000000152, 0.0019558339999999896, 0.0003334160000000308, 0.0017986249999999981, 0.00023716699999998259, 0.0014867499999999811, 0.00041079199999999316, 0.0003632909999999878, 0.0021567910000000468, 0.000365749999999998, 0.0003607500000000208, 0.000669958000000026, 0.00036199999999997345, 0.0003577079999999566, 0.000399417000000013, 0.0003966249999999838, 0.00036049999999998583, 0.0003942499999999849, 0.0010701670000000107, 0.0010675410000000052, 0.0005761659999999891, 0.0005771669999999895]}, "final_exec_time": 0.19830379200000003, "stages": [], "best_programs": [], "solution": {"code": "goal(A,you,100):- my_true_step(A,5),magic(you),magic(100),magic(5).\ngoal(A,you,0):- my_true_cell(A,E,onecoin),my_true_cell(A,E,onecoin),magic(you),magic(0),magic(onecoin),magic(onecoin).", "is_solution": true, "conf_matrix": [62, 0, 62, 0], "total_exec_time": 0.19830112500000002, "durations": [{"operation": "Test", "called": 5, "total": 0.040641915999999945, "mean": 0.008128383199999988, "maximum": 0.014605665999999962, "__type__": "DurationSummary"}, {"operation": "Find_Bindings_Prolog", "called": 5, "total": 0.03175458500000006, "mean": 0.0063509170000000115, "maximum": 0.013425541999999957, "__type__": "DurationSummary"}, {"operation": "Combine", "called": 4, "total": 0.02034737499999989, "mean": 0.0050868437499999725, "maximum": 0.006113749999999973, "__type__": "DurationSummary"}, {"operation": "Constrain", "called": 4, "total": 0.005792500000000034, "mean": 0.0014481250000000084, "maximum": 0.0019558339999999896, "__type__": "DurationSummary"}, {"operation": "Generate", "called": 5, "total": 0.0015120419999999912, "mean": 0.00030240839999999823, "maximum": 0.0004992500000000066, "__type__": "DurationSummary"}], "__type__": "ProgramStats"}, "is_solution": true, "stats_file": "./results/iggp-coins-goal/magicpopper_args/1/stats.json", "end": true, "__type__": "Stats"}