{"log_best_programs": true, "num_literals": 0, "total_programs": 3, "total_rules": 0, "total_ground_rules": 0, "durations": {"generate": [0.01190066699999992, 39.701233040999995, 0.006097999999994386], "test": [0.0024992919999999863, 0.0024974170000007234, 0.003337499999993554], "combine": [5.00000000069889e-07, 4.5800000236795313e-07], "constrain": [0.0013947919999997005, 0.0024692500000043083]}, "final_exec_time": 42.629122166, "stages": [], "best_programs": [], "solution": {"code": "next_value(A,B):- my_succ(B,C),my_true_value(A,C).", "is_solution": true, "conf_matrix": [0, 0, 0, 0], "total_exec_time": 42.62910525, "durations": [{"operation": "Generate", "called": 3, "total": 39.71923170799999, "mean": 13.239743902666662, "maximum": 39.701233040999995, "__type__": "DurationSummary"}, {"operation": "Test", "called": 3, "total": 0.008334208999994264, "mean": 0.0027780696666647544, "maximum": 0.003337499999993554, "__type__": "DurationSummary"}, {"operation": "Constrain", "called": 2, "total": 0.0038640420000040088, "mean": 0.0019320210000020044, "maximum": 0.0024692500000043083, "__type__": "DurationSummary"}, {"operation": "Combine", "called": 2, "total": 9.580000024378421e-07, "mean": 4.790000012189211e-07, "maximum": 5.00000000069889e-07, "__type__": "DurationSummary"}], "__type__": "ProgramStats"}, "is_solution": true, "stats_file": "./results/md/popper/3000/5/stats.json", "end": false, "__type__": "Stats"}