{"log_best_programs": true, "num_literals": 0, "total_programs": 20, "total_rules": 0, "total_ground_rules": 0, "durations": {"generate": [0.0004438340000000318, 0.0003722919999999963, 0.00034050000000007685, 0.00031674999999997677, 0.00030450000000004085, 0.0003602499999999509, 0.00028575000000008455, 0.00047679199999994815, 0.0005563750000000534, 0.0002798330000000071, 0.0006032080000000217, 0.0002990409999999999, 0.0006116670000000379, 0.00041208300000006304, 0.000375416999999989, 0.00039362500000006406, 0.0005164579999999974, 0.0003889999999999727, 0.0005919580000000035, 0.00040908299999997677], "test": [0.03953320800000004, 0.0009322920000000012, 0.0008143749999999228, 0.0005821249999999889, 0.0003568749999999232, 0.0007075840000000388, 0.00040441600000007405, 0.00031124999999998515, 0.0008071250000000196, 0.0003539590000000148, 0.0003258329999999976, 0.00046791599999995714, 0.0009021249999999759, 0.0011596659999999481, 0.01602283300000007, 0.008911250000000037, 0.00934095800000001, 0.016632791000000036, 0.015107874999999993, 0.0012365829999999578], "combine": [7.920000000272154e-07, 7.919999999161931e-07, 3.7500000005241674e-07, 4.999999999588667e-07, 3.7499999994139444e-07, 4.1600000000308057e-07, 3.7500000005241674e-07, 3.7500000005241674e-07, 4.1699999997479864e-07, 3.7499999994139444e-07, 4.1600000000308057e-07, 3.7500000005241674e-07, 4.5899999989718054e-07, 5.419999999922709e-07, 5.83000000053957e-07, 5.410000000205528e-07, 4.580000000364848e-07, 8.750000000112834e-07, 5.419999999922709e-07], "constrain": [0.0011572499999999986, 0.001632791999999994, 0.0001767080000000254, 0.00012979200000007296, 9.195799999994758e-05, 9.51249999999737e-05, 0.00017770800000005416, 9.787500000002503e-05, 0.00012133400000002847, 8.75839999999739e-05, 0.00013450000000003737, 0.00010912499999993219, 0.0016441249999999963, 0.0018312079999999176, 0.0001802910000000546, 0.00026450000000000085, 0.00017233300000008, 0.00032058400000001264, 0.00017266699999995971]}, "final_exec_time": 0.284701333, "stages": [], "best_programs": [], "solution": {"code": "magic_value(A):- head(A,B),c7(B).\nmagic_value(A):- tail(A,B),magic_value(B).", "is_solution": true, "conf_matrix": [10, 0, 1, 0], "total_exec_time": 0.28469945799999996, "durations": [{"operation": "Test", "called": 20, "total": 0.11491103899999999, "mean": 0.0057455519499999995, "maximum": 0.03953320800000004, "__type__": "DurationSummary"}, {"operation": "Constrain", "called": 19, "total": 0.008597459000000085, "mean": 0.0004524978421052676, "maximum": 0.0018312079999999176, "__type__": "DurationSummary"}, {"operation": "Generate", "called": 20, "total": 0.008338416000000293, "mean": 0.0004169208000000146, "maximum": 0.0006116670000000379, "__type__": "DurationSummary"}, {"operation": "Combine", "called": 19, "total": 9.582999999979691e-06, "mean": 5.043684210515627e-07, "maximum": 8.750000000112834e-07, "__type__": "DurationSummary"}], "__type__": "ProgramStats"}, "is_solution": true, "stats_file": "./results/list_constant/popper/1/2/stats.json", "end": true, "__type__": "Stats"}