{"log_best_programs": true, "num_literals": 0, "total_programs": 65, "total_rules": 0, "total_ground_rules": 0, "durations": {"generate": [0.00037491700000003014, 0.00027487500000000775, 0.0002768340000000036, 0.0003081659999999986, 0.0007905000000000273, 0.0002962920000000313, 0.0003135000000000221, 0.00021545899999997342, 0.0002291249999999967, 0.0008897920000000004, 0.00032687500000000425, 0.000492000000000048, 0.0006357080000000126, 0.0002099170000000039, 0.0005387499999999767, 0.000625874999999998, 0.0007947090000000046, 0.0002218749999999825, 0.00026524999999999466, 0.0003299589999999908, 0.00022504200000000862, 0.00018433299999998098, 0.00029641599999996604, 0.0002628339999999896, 0.00024687500000003526, 0.0001879169999999819, 0.0005514999999999826, 0.00020658299999998242, 0.0001735420000000265, 0.00032250000000000334, 0.0008546660000000039, 0.00023041700000003829, 0.0002491250000000167, 0.0003909999999999747, 0.0007823750000000018, 0.00022037499999999488, 0.00022479100000000196, 0.0010602079999999514, 0.00022683399999995357, 0.0005541669999999943, 0.00023233299999997348, 0.00023479199999998368, 0.00022333299999999223, 0.0013846659999999789, 0.0005148329999999923, 0.0001694159999999778, 0.00033450000000001534, 0.0001888340000000266, 0.00022358300000002718, 0.0003837919999999384, 0.00030641700000000327, 0.0004141249999999319, 0.0002887500000000598, 0.00029999999999996696, 0.00015862499999996782, 0.00022129100000001234, 0.00017525000000007118, 0.0004174580000000372, 0.0001851250000000082, 0.0002620840000000513, 0.0002729160000000119, 0.0003099169999999374, 0.0001677909999999727, 0.0003815000000000346, 0.00019641699999994877, 0.0061112500000000125], "find_bindings_prolog": [0.012358250000000015, 0.001165499999999986, 0.001371750000000005, 0.000695749999999995, 0.0006399590000000233, 0.0006618330000000006, 0.0006626670000000057, 0.0005987089999999751, 0.0006086249999999738, 0.0005360409999999871, 0.0005435410000000362, 0.0004921250000000099, 0.0028984589999999644, 0.002441958000000022, 0.0031554169999999937, 0.003768375000000046, 0.000619417000000011, 0.0005299170000000464, 0.00048166699999996343, 0.000557625000000006, 0.0006219169999999719, 0.000551208999999997, 0.000503624999999952, 0.0005716660000000262, 0.0005963749999999823, 0.0005840829999999575, 0.0005524169999999717, 0.0005602920000000178, 0.0005527090000000401, 0.0005244590000000326, 0.000591750000000002, 0.00059241600000004, 0.0005607079999999653, 0.0005378329999999876, 0.0014684169999999996, 0.0015826249999999487, 0.001357958000000048, 0.003186040999999973, 0.00347116599999997, 0.008178458, 0.008286000000000016, 0.00938316699999997, 0.010163083999999989, 0.013395833999999995, 0.0006506669999999382, 0.0005389580000000338, 0.0006396250000000325, 0.0005429579999999268, 0.0005756249999999685, 0.0005976659999999967, 0.0005935830000000086, 0.0011067080000000118, 0.0005433750000000126, 0.0005410419999999361, 0.0005020420000000358, 0.0005427089999999746, 0.0005422089999999047, 0.0005330000000000057, 0.0005240839999999247, 0.0006233749999999816, 0.0006027079999999518, 0.0005575419999999109, 0.0005213750000000461, 0.0005857910000000022, 0.000510207999999901], "test": [0.01280874999999998, 0.002021625000000027, 0.002580125000000044, 0.0013322920000000127, 0.0013283749999999928, 0.0013959580000000305, 0.001374791999999958, 0.0013105830000000318, 0.0013282499999999753, 0.0008672500000000416, 0.0008657089999999923, 0.0008073749999999991, 0.005804375000000028, 0.004240334000000012, 0.006640250000000014, 0.008174249999999994, 0.000977249999999985, 0.0008525000000000338, 0.0006720410000000121, 0.0009221669999999738, 0.0011820840000000277, 0.0009144580000000069, 0.0007137079999999796, 0.0009324580000000249, 0.0011439580000000005, 0.0009492919999999905, 0.0008957090000000223, 0.0010733749999999875, 0.0009148330000000038, 0.0007343340000000032, 0.000963166999999987, 0.001136041000000032, 0.0009184159999999775, 0.0008895420000000209, 0.002931041000000023, 0.0033949160000000256, 0.002392749999999999, 0.006956000000000018, 0.007882166999999995, 0.017547791000000035, 0.019087708000000037, 0.021497582999999987, 0.02397079099999999, 0.03299245799999995, 0.0010063329999999704, 0.0007566660000000169, 0.001832874999999956, 0.0007647910000000424, 0.0007987090000000086, 0.0009826250000000147, 0.0009746250000000067, 0.00133866699999996, 0.0007678330000000511, 0.0009214170000000355, 0.000714291000000089, 0.0009203749999999733, 0.0007630829999999422, 0.0007602079999999845, 0.0007423329999999284, 0.0010389159999999453, 0.0010113330000000031, 0.0007912500000000211, 0.0007367920000000971, 0.0009717499999999379, 0.0007266250000000918], "combine": [6.249999999763389e-07, 0.0036194999999999977, 0.0013879580000000225, 4.1600000000308057e-07, 5.829999999984459e-07, 4.5900000000820285e-07, 4.170000000303098e-07, 4.170000000303098e-07, 4.1699999997479864e-07, 3.749999999969056e-07, 4.5799999998097363e-07, 5.000000000143778e-07, 5.000000000143778e-07, 5.419999999922709e-07, 5.410000000205528e-07, 4.999999999588667e-07, 3.749999999969056e-07, 3.749999999969056e-07, 4.170000000303098e-07, 5.42000000047782e-07, 4.1699999997479864e-07, 3.339999999907306e-07, 4.170000000303098e-07, 3.749999999969056e-07, 3.749999999969056e-07, 3.749999999969056e-07, 4.1699999997479864e-07, 3.749999999969056e-07, 4.1600000000308057e-07, 4.170000000303098e-07, 4.1699999997479864e-07, 4.1600000000308057e-07, 4.170000000303098e-07, 4.1699999997479864e-07, 4.5799999998097363e-07, 5.000000000143778e-07, 6.249999999763389e-07, 4.5799999998097363e-07, 5.410000000205528e-07, 5.409999999650417e-07, 4.999999999588667e-07, 4.5900000000820285e-07, 5.419999999922709e-07, 0.0032756669999999266, 5.409999999095305e-07, 4.1699999997479864e-07, 4.1600000000308057e-07, 3.7499999994139444e-07, 3.7499999994139444e-07, 4.1700000008582094e-07, 4.1699999997479864e-07, 4.1699999997479864e-07, 4.1700000008582094e-07, 4.1600000000308057e-07, 4.1599999989205827e-07, 3.7500000005241674e-07, 4.1699999997479864e-07, 3.7500000005241674e-07, 3.7500000005241674e-07, 4.580000000364848e-07, 4.1600000000308057e-07, 3.7499999994139444e-07, 3.7500000005241674e-07, 3.7499999994139444e-07, 4.1700000008582094e-07], "constrain": [0.0019500829999999914, 0.00043495900000001253, 0.0002564170000000088, 0.002334583000000001, 0.0025430000000000175, 0.0007992090000000229, 0.000739624999999966, 0.0004806249999999568, 0.0004761249999999939, 0.0005916670000000179, 0.0005859999999999754, 0.00031395800000000307, 0.0003826670000000032, 0.0006705830000000024, 0.0004106670000000312, 0.0002714999999999801, 0.0005795840000000219, 0.0005744169999999937, 0.0002725829999999929, 0.0006527080000000018, 0.000719874999999981, 0.0006391659999999688, 0.0005683749999999543, 0.0006463329999999989, 0.0007199589999999922, 0.000593416999999985, 0.0006013329999999817, 0.0006655409999999917, 0.000637624999999975, 0.0005719579999999835, 0.0006463329999999989, 0.0007088339999999915, 0.0006389580000000228, 0.00063787500000001, 0.000403750000000036, 0.00045720799999998674, 0.0007301250000000259, 0.0004174579999999817, 0.0005146249999999908, 0.0002922079999999605, 0.0002974579999999727, 0.00028158300000002967, 0.00032587499999992, 0.00017870900000005463, 0.0006015000000000326, 0.0007287499999999447, 0.0006985830000000304, 0.0006067499999999892, 0.0006165000000000198, 0.0006909999999999972, 0.0006811660000000108, 0.0006088329999999198, 0.0006030000000000202, 0.0004322500000000229, 0.0003887920000000822, 0.0006743340000000542, 0.0006060419999999178, 0.0006059170000000114, 0.0007033750000000616, 0.0007292909999999653, 0.00047125000000003414, 0.0006017080000000341, 0.00039116599999999835, 0.00044525000000006365, 0.00039012500000001893]}, "final_exec_time": 0.36817458300000006, "stages": [], "best_programs": [],