{"log_best_programs": true, "num_literals": 0, "total_programs": 8, "total_rules": 0, "total_ground_rules": 0, "durations": {"generate": [0.0009734999999999605, 0.0006836249999999655, 0.0012482910000000125, 0.0016780830000000524, 0.001476959000000111, 0.000727499999999992, 0.0010407909999998743, 0.0013264579999998638, 0.0019252080000002891], "find_bindings_prolog": [0.03160654099999993, 0.044882292000000046, 0.15865304200000008, 0.19871779200000006, 0.17873804199999999, 0.17652020800000034], "test": [0.03672387499999985, 0.05984295900000003, 0.020285707999999847, 0.15897366700000015, 0.026015249999999934, 0.19924129199999996, 0.179089292, 0.17687574999999978], "combine": [0.057852040999999854, 0.0055235000000000145, 5.419999999922709e-07, 8.339999997275527e-07, 6.660000000380251e-07, 5.829999998319124e-07, 5.00000000069889e-07, 5.830000002760016e-07], "constrain": [0.002039500000000194, 0.002503915999999995, 0.0004238330000001511, 0.0035961659999999007, 0.0019556249999999054, 0.005763874999999974, 0.005400916999999783, 0.0018039999999999168]}, "final_exec_time": 2.3617969999999997, "stages": [], "best_programs": [], "solution": {"code": "magic_value(A):- head(A,t),magic(t).\nmagic_value(A):- head(A,re),magic(re).\nmagic_value(A):- head(A,bw),magic(bw).\nmagic_value(A):- head(A,hc),magic(hc).\nmagic_value(A):- head(A,se),magic(se).\nmagic_value(A):- head(A,oh),magic(oh).\nmagic_value(A):- head(A,b),magic(b).\nmagic_value(A):- head(A,ho),magic(ho).\nmagic_value(A):- head(A,e),magic(e).\nmagic_value(A):- head(A,ao),magic(ao).\nmagic_value(A):- head(A,gl),magic(gl).\nmagic_value(A):- head(A,mc),magic(mc).\nmagic_value(A):- head(A,go),magic(go).\nmagic_value(A):- head(A,io),magic(io).\nmagic_value(A):- head(A,ig),magic(ig).\nmagic_value(A):- head(A,am),magic(am).\nmagic_value(A):- head(A,jy),magic(jy).\nmagic_value(A):- head(A,fw),magic(fw).\nmagic_value(A):- head(A,en),magic(en).\nmagic_value(A):- head(A,bb),magic(bb).\nmagic_value(A):- head(A,hd),magic(hd).\nmagic_value(A):- head(A,rz),magic(rz).\nmagic_value(A):- head(A,pe),magic(pe).\nmagic_value(A):- head(A,af),magic(af).\nmagic_value(A):- head(A,gj),magic(gj).\nmagic_value(A):- head(A,nb),magic(nb).\nmagic_value(A):- head(A,gv),magic(gv).\nmagic_value(A):- head(A,hg),magic(hg).\nmagic_value(A):- head(A,gg),magic(gg).\nmagic_value(A):- head(A,os),magic(os).\nmagic_value(A):- head(A,c),magic(c).\nmagic_value(A):- head(A,jj),magic(jj).\nmagic_value(A):- head(A,qn),magic(qn).\nmagic_value(A):- head(A,ee),magic(ee).\nmagic_value(A):- head(A,rv),magic(rv).\nmagic_value(A):- head(A,bt),magic(bt).\nmagic_value(A):- head(A,fm),magic(fm).\nmagic_value(A):- head(A,qe),magic(qe).\nmagic_value(A):- head(A,pp),magic(pp).\nmagic_value(A):- head(A,kz),magic(kz).\nmagic_value(A):- head(A,my),magic(my).\nmagic_value(A):- head(A,kf),magic(kf).\nmagic_value(A):- head(A,rd),magic(rd).\nmagic_value(A):- head(A,by),magic(by).\nmagic_value(A):- head(A,fv),magic(fv).\nmagic_value(A):- head(A,no),magic(no).\nmagic_value(A):- head(A,w),magic(w).\nmagic_value(A):- head(A,lh),magic(lh).\nmagic_value(A):- head(A,bg),magic(bg).\nmagic_value(A):- head(A,cw),magic(cw).", "is_solution": true, "conf_matrix": [200, 0, 200, 0], "total_exec_time": 2.3617938329999997, "durations": [{"operation": "Test", "called": 1, "total": 0.03672387499999985, "mean": 0.03672387499999985, "maximum": 0.03672387499999985, "__type__": "DurationSummary"}, {"operation": "Find_Bindings_Prolog", "called": 1, "total": 0.03160654099999993, "mean": 0.03160654099999993, "maximum": 0.03160654099999993, "__type__": "DurationSummary"}, {"operation": "Generate", "called": 1, "total": 0.0009734999999999605, "mean": 0.0009734999999999605, "maximum": 0.0009734999999999605, "__type__": "DurationSummary"}], "__type__": "ProgramStats"}, "is_solution": true, "stats_file": "./results/list_magicvalues_multipleclauses/magicpopper/50/4/stats.json", "end": true, "__type__": "Stats"}