{"log_best_programs": true, "num_literals": 0, "total_programs": 1, "total_rules": 0, "total_ground_rules": 0, "durations": {"generate": [0.0006808339999999635], "find_bindings_prolog": [0.017919125000000036], "bind": [0.02711412499999999], "test": [0.04571187500000007]}, "final_exec_time": 0.14453329199999998, "stages": [], "best_programs": [], "solution": {"code": "f([13, 29, 7, 55, 95, 78, 70, 61, 93, 33, 30, 75, 10, 75, 54, 78, 25, 21, 85, 96, 100],10):- magic([13, 29, 7, 55, 95, 78, 70, 61, 93, 33, 30, 75, 10, 75, 54, 78, 25, 21, 85, 96, 100]),magic(10).\nf([24, 67, 36, 56],56):- magic([24, 67, 36, 56]),magic(56).\nf([25, 70, 90, 38, 32, 74, 52, 2, 86, 55, 49, 5, 2, 78, 10, 44, 83, 3, 5, 7, 44, 87, 90, 30, 89, 62],86):- magic([25, 70, 90, 38, 32, 74, 52, 2, 86, 55, 49, 5, 2, 78, 10, 44, 83, 3, 5, 7, 44, 87, 90, 30, 89, 62]),magic(86).\nf([36, 88, 42, 42, 83, 20, 11, 6, 96, 6, 49, 49, 87, 39, 10, 76, 86, 53, 93, 29, 94, 60, 50, 60, 91, 64, 98, 13, 26, 96, 67, 40, 3, 80, 89, 2, 90, 78, 83, 78, 49, 94, 87, 61, 69, 18, 72, 63, 48, 100, 89],49):- magic(49),magic([36, 88, 42, 42, 83, 20, 11, 6, 96, 6, 49, 49, 87, 39, 10, 76, 86, 53, 93, 29, 94, 60, 50, 60, 91, 64, 98, 13, 26, 96, 67, 40, 3, 80, 89, 2, 90, 78, 83, 78, 49, 94, 87, 61, 69, 18, 72, 63, 48, 100, 89]).\nf([37, 51, 64, 13, 68, 40, 7, 64, 78, 83, 4, 27, 81, 99, 75, 86, 4, 12, 69, 42, 9, 41, 32, 82, 91, 67, 41, 7, 90, 91, 80, 16, 27, 48, 84, 28, 27, 27, 77],41):- magic(41),magic([37, 51, 64, 13, 68, 40, 7, 64, 78, 83, 4, 27, 81, 99, 75, 86, 4, 12, 69, 42, 9, 41, 32, 82, 91, 67, 41, 7, 90, 91, 80, 16, 27, 48, 84, 28, 27, 27, 77]).\nf([41, 14, 87, 38, 98, 67, 25, 59, 54, 83, 66, 51, 91, 6, 22, 27, 31, 69, 93, 92, 39, 39, 85, 66, 49, 25, 87, 34, 65, 97, 40, 10, 39],87):- magic([41, 14, 87, 38, 98, 67, 25, 59, 54, 83, 66, 51, 91, 6, 22, 27, 31, 69, 93, 92, 39, 39, 85, 66, 49, 25, 87, 34, 65, 97, 40, 10, 39]),magic(87).\nf([50, 2, 93, 77, 83, 66, 11, 63, 71, 78, 80, 65, 31, 30, 77, 20, 15, 74, 31, 5, 56, 65, 50, 24, 14, 5, 55, 36, 33, 5, 100, 90, 87, 77, 30, 27, 52, 83, 58, 25, 48, 92, 61, 53, 12, 33],83):- magic([50, 2, 93, 77, 83, 66, 11, 63, 71, 78, 80, 65, 31, 30, 77, 20, 15, 74, 31, 5, 56, 65, 50, 24, 14, 5, 55, 36, 33, 5, 100, 90, 87, 77, 30, 27, 52, 83, 58, 25, 48, 92, 61, 53, 12, 33]),magic(83).\nf([69, 50, 32, 89, 95, 91, 23, 42, 91, 39, 14, 56, 80, 28, 56, 72, 85, 10, 37, 59, 100, 8, 21, 62, 74, 42, 56, 17, 92, 31, 54, 72, 76, 94, 81],23):- magic(23),magic([69, 50, 32, 89, 95, 91, 23, 42, 91, 39, 14, 56, 80, 28, 56, 72, 85, 10, 37, 59, 100, 8, 21, 62, 74, 42, 56, 17, 92, 31, 54, 72, 76, 94, 81]).\nf([83, 8, 15, 47, 56, 29, 40, 70, 48, 33, 33, 37, 31, 49, 9, 56, 45, 39, 37, 42, 63, 7, 58, 47, 89],39):- magic(39),magic([83, 8, 15, 47, 56, 29, 40, 70, 48, 33, 33, 37, 31, 49, 9, 56, 45, 39, 37, 42, 63, 7, 58, 47, 89]).\nf([97, 17, 29, 77, 37, 78, 94, 66, 8, 69, 79, 39, 24, 15, 82, 62, 46, 14, 21, 6, 34, 27, 24, 30, 26],46):- magic([97, 17, 29, 77, 37, 78, 94, 66, 8, 69, 79, 39, 24, 15, 82, 62, 46, 14, 21, 6, 34, 27, 24, 30, 26]),magic(46).", "is_solution": true, "conf_matrix": [10, 0, 10, 0], "total_exec_time": 0.14450483299999994, "durations": [{"operation": "Test", "called": 1, "total": 0.04571187500000007, "mean": 0.04571187500000007, "maximum": 0.04571187500000007, "__type__": "DurationSummary"}, {"operation": "Bind", "called": 1, "total": 0.02711412499999999, "mean": 0.02711412499999999, "maximum": 0.02711412499999999, "__type__": "DurationSummary"}, {"operation": "Find_Bindings_Prolog", "called": 1, "total": 0.017919125000000036, "mean": 0.017919125000000036, "maximum": 0.017919125000000036, "__type__": "DurationSummary"}, {"operation": "Generate", "called": 1, "total": 0.0006808339999999635, "mean": 0.0006808339999999635, "maximum": 0.0006808339999999635, "__type__": "DurationSummary"}], "__type__": "ProgramStats"}, "is_solution": true, "stats_file": "./results/member/magicpopper/2/stats.json", "end": false, "__type__": "Stats"}