{"log_best_programs": true, "num_literals": 0, "total_programs": 20, "total_rules": 0, "total_ground_rules": 0, "durations": {"generate": [0.0004170420000000341, 0.0004542080000000115, 0.0002906249999999888, 0.00028883299999998835, 0.00027800000000000047, 0.0002886249999999868, 0.000273874999999979, 0.0003499169999999774, 0.00032487500000000225, 0.00027287500000000575, 0.00026245799999996544, 0.00028641699999998327, 0.00034091699999999614, 0.00043604199999996984, 0.00032566699999991844, 0.00038074999999992976, 0.00038679099999994193, 0.0003581660000000486, 0.00036775, 0.00038450000000000983], "test": [0.021949041000000002, 0.0009457499999999675, 0.0007123750000000428, 0.00040866600000000197, 0.0003997499999999765, 0.0007150840000000325, 0.0004169580000000228, 0.0003382920000000178, 0.0008247919999999631, 0.0004261249999999994, 0.00032808300000003454, 0.0004733750000000536, 0.0009215000000000195, 0.0011539589999999822, 0.01570158399999999, 0.008671541999999977, 0.008714499999999958, 0.01566412500000003, 0.015104583999999921, 0.0008506670000000272], "combine": [6.250000000318501e-07, 5.419999999922709e-07, 4.170000000303098e-07, 3.7500000005241674e-07, 4.170000000303098e-07, 4.1600000000308057e-07, 4.1699999997479864e-07, 4.1699999997479864e-07, 4.1699999997479864e-07, 4.1600000000308057e-07, 3.749999999969056e-07, 3.749999999969056e-07, 4.5900000000820285e-07, 4.5799999998097363e-07, 5.410000000205528e-07, 4.1700000008582094e-07, 4.1600000000308057e-07, 4.1699999997479864e-07, 8.750000000112834e-07], "constrain": [0.001283124999999996, 0.001489708000000034, 0.00011062499999997533, 0.00010950000000004012, 9.891699999997616e-05, 8.758400000002942e-05, 0.00015329200000002707, 9.304199999998763e-05, 0.00012208400000002229, 8.629199999998782e-05, 0.00012237499999995238, 0.00010216600000001463, 0.0019189589999999979, 0.0016909160000000423, 0.00017208399999990576, 0.00014895900000000406, 0.00015766699999997247, 0.00016866700000006674, 0.00017320799999998027]}, "final_exec_time": 0.28924045800000003, "stages": [], "best_programs": [], "solution": {"code": "magic_value(A):- tail(A,B),magic_value(B).\nmagic_value(A):- head(A,B),c7(B).", "is_solution": true, "conf_matrix": [10, 0, 1, 0], "total_exec_time": 0.28923875000000004, "durations": [{"operation": "Test", "called": 20, "total": 0.09472075200000002, "mean": 0.004736037600000001, "maximum": 0.021949041000000002, "__type__": "DurationSummary"}, {"operation": "Constrain", "called": 19, "total": 0.008289170000000012, "mean": 0.00043627210526315857, "maximum": 0.0019189589999999979, "__type__": "DurationSummary"}, {"operation": "Generate", "called": 20, "total": 0.006768332999999738, "mean": 0.0003384166499999869, "maximum": 0.0004542080000000115, "__type__": "DurationSummary"}, {"operation": "Combine", "called": 19, "total": 8.792000000146238e-06, "mean": 4.627368421129599e-07, "maximum": 8.750000000112834e-07, "__type__": "DurationSummary"}], "__type__": "ProgramStats"}, "is_solution": true, "stats_file": "./results/list_constant/popper/1/5/stats.json", "end": true, "__type__": "Stats"}