{"log_best_programs": true, "num_literals": 0, "total_programs": 55, "total_rules": 0, "total_ground_rules": 0, "durations": {"generate": [0.00028341600000000855, 0.00042729199999996803, 0.0002114160000000198, 0.00023695899999998105, 0.00018849999999998035, 0.0001791669999999801, 0.00041437499999996685, 0.00019116600000002038, 0.0001815420000000345, 0.00017816700000000685, 0.00018491700000000666, 0.00023383399999998833, 0.0001814579999999677, 0.00035954100000001876, 0.00019804200000000938, 0.00019395799999999408, 0.00019466699999998172, 0.0001927919999999972, 0.0001895000000000091, 0.0001919169999999859, 0.0001891250000000122, 0.0001907500000000173, 0.00019087499999997926, 0.00019120799999999827, 0.0002211249999999887, 0.00019358299999999717, 0.00022491699999999115, 0.00020616699999997934, 0.00019700000000000273, 0.000187541999999985, 0.00018754100000001328, 0.00019070900000001112, 0.00019608399999998527, 0.00023062499999998431, 0.00019729200000001557, 0.00019508400000001203, 0.0001955000000000151, 0.00019258399999999565, 0.0001907500000000173, 0.00018825000000000092, 0.00019012499999998544, 0.00019295800000002084, 0.00018583399999999584, 0.0001895000000000091, 0.00018699999999999273, 0.00018733399999998346, 0.00019166599999997924, 0.00019416700000002285, 0.00018974999999998854, 0.0003370000000000317, 0.00024004100000002415, 0.0002319590000000038, 0.00024616699999996383, 0.00023279199999998168, 0.00022249999999995884, 0.0002022499999999594], "find_bindings_prolog": [0.01004816599999997, 0.0007528330000000083, 0.0007766250000000308, 0.0007578749999999634, 0.000438082999999978, 0.0004353750000000156, 0.001014082999999999], "test": [0.01063362499999998, 0.013662458000000044, 0.00033045799999997794, 0.0002994590000000019, 0.00027891600000001793, 0.000284208000000008, 0.00027291699999998364, 0.0002751249999999872, 0.0002618329999999891, 0.00027125000000000066, 0.00027245799999997544, 0.00031445800000001745, 0.00028083299999998035, 0.0003322080000000005, 0.0003270839999999775, 0.0003146669999999907, 0.00030933399999999445, 0.0003119170000000504, 0.0003034169999999725, 0.0003099589999999708, 0.00030212499999998643, 0.0003029999999999977, 0.0003066670000000382, 0.00031079100000003246, 0.00031449999999999534, 0.00032883299999997284, 0.0003226250000000208, 0.000305541999999992, 0.0003032909999999833, 0.000305541999999992, 0.0003027500000000183, 0.0003010829999999798, 0.00029924999999997315, 0.00033087499999995273, 0.0003165829999999814, 0.00032050000000000134, 0.00030454200000001874, 0.0003127500000000283, 0.00030441700000000127, 0.00031454199999997323, 0.0003050420000000331, 0.00030487499999998224, 0.00029541700000002, 0.00030849999999998934, 0.00029725000000002666, 0.0003062499999999524, 0.0003049579999999663, 0.0003047500000000203, 0.00030616700000002384, 0.0017265830000000038, 0.0017560829999999639, 0.001733125000000002, 0.0007342499999999919, 0.0007287080000000223, 0.002251791000000003], "combine": [0.0025618340000000406, 5.840000000256751e-07, 4.580000000364848e-07, 4.170000000303098e-07, 4.1699999997479864e-07, 2.9200000001283755e-07, 3.749999999969056e-07, 3.329999999635014e-07, 3.749999999969056e-07, 3.749999999969056e-07, 3.749999999969056e-07, 3.329999999635014e-07, 3.329999999635014e-07, 4.5799999998097363e-07, 3.749999999969056e-07, 3.749999999969056e-07, 3.3300000001901253e-07, 4.1600000000308057e-07, 4.1699999997479864e-07, 3.749999999969056e-07, 3.749999999969056e-07, 4.170000000303098e-07, 3.3300000001901253e-07, 4.1699999997479864e-07, 3.749999999969056e-07, 3.749999999969056e-07, 3.749999999969056e-07, 3.749999999969056e-07, 3.749999999969056e-07, 3.749999999969056e-07, 3.749999999969056e-07, 3.3300000001901253e-07, 3.339999999907306e-07, 3.749999999969056e-07, 3.749999999969056e-07, 3.749999999969056e-07, 4.1699999997479864e-07, 3.749999999969056e-07, 3.749999999969056e-07, 3.749999999969056e-07, 4.1600000000308057e-07, 3.749999999969056e-07, 3.749999999969056e-07, 3.749999999969056e-07, 3.329999999635014e-07, 3.749999999969056e-07, 3.339999999907306e-07, 3.749999999969056e-07, 3.329999999635014e-07, 5.000000000143778e-07, 4.1699999997479864e-07, 4.1600000000308057e-07, 3.749999999969056e-07, 3.749999999969056e-07, 0.001850209000000047], "constrain": [0.0007584160000000395, 0.0010148329999999928, 0.0001870829999999768, 0.00017529200000004908, 0.00017445799999998846, 0.0001691249999999922, 0.00013816700000002236, 0.00013779199999996994, 0.00013883300000000487, 0.00013970800000001615, 0.00013850000000004137, 0.00014341699999997903, 0.0001388340000000321, 0.0009392079999999692, 0.00016350000000003861, 0.0001619589999999893, 0.00016154099999998728, 0.00019483300000000536, 0.00016187500000003352, 0.0001628340000000006, 0.00016408299999998155, 0.00016175000000001605, 0.00016095900000001606, 0.00017250000000001986, 0.00017624999999998892, 0.00016179199999999394, 0.0001627920000000227, 0.00016162499999999858, 0.00016170799999998264, 0.00016108399999997802, 0.00016141699999999704, 0.0001614580000000032, 0.00016379100000002422, 0.00016083299999997136, 0.00016379100000002422, 0.00016958300000002868, 0.00016225000000003043, 0.00016204100000000166, 0.0001627920000000227, 0.00016220799999999702, 0.00016087500000000476, 0.00016204100000000166, 0.00016108399999997802, 0.0001623330000000145, 0.00016058299999999193, 0.00016229200000000832, 0.00016287499999995125, 0.00016245800000003197, 0.00016091600000001094, 0.0010697089999999743, 0.0009946670000000046, 0.00024562499999997156, 0.00024295800000001533, 0.00021333300000003774, 0.00020083300000001136]}, "final_exec_time": 0.113014208, "stages": [], "best_programs": [], "solution": {"code": "multiple(A):- div2(A,B),multiple(B).\nmultiple(1):- magic(1).", "is_solution": true, "conf_matrix": [6, 0, 10, 0], "total_exec_time": 0.11301245800000004, "durations": [{"operation": "Test", "called": 55, "total": 0.04752054099999986, "mean": 0.0008640098363636338, "maximum": 0.013662458000000044, "__type__": "DurationSummary"}, {"operation": "Find_Bindings_Prolog", "called": 7, "total": 0.014223039999999965, "mean": 0.002031862857142852, "maximum": 0.01004816599999997, "__type__": "DurationSummary"}, {"operation": "Constrain", "called": 54, "total": 0.012896664000000224, "mean": 0.00023882711111111526, "maximum": 0.0010697089999999743, "__type__": "DurationSummary"}, {"operation": "Generate", "called": 55, "total": 0.011788129999999869, "mean": 0.000214329636363634, "maximum": 0.00042729199999996803, "__type__": "DurationSummary"}, {"operation": "Combine", "called": 54, "total": 0.002582124999999824, "mean": 4.7817129629626376e-05, "maximum": 0.0025618340000000406, "__type__": "DurationSummary"}], "__type__": "ProgramStats"}, "is_solution": true, "stats_file": "./results/multiple/magicpopper_args/8/stats.json", "end": true, "__type__": "Stats"}