{"log_best_programs": true, "num_literals": 0, "total_programs": 77, "total_rules": 0, "total_ground_rules": 0, "durations": {"generate": [0.0003049579999999663, 0.00017541700000001104, 0.00015566600000005426, 0.00038920800000008526, 0.00010912499999993219, 0.0007097910000000152, 0.0002307500000000573, 0.00023162500000006858, 0.0005739169999998683, 0.0005018329999999516, 0.00044354199999996347, 0.0001803750000000104, 0.00028841699999992976, 0.0004427920000000807, 0.00020449999999994084, 0.0005946670000001042, 0.00018362500000002058, 0.00018012499999997544, 0.00026970899999989584, 0.00048158300000000764, 0.0001465420000001938, 0.000289209000000179, 0.00015870799999984087, 0.0006091660000000498, 0.000300666000000005, 0.00032483399999994056, 0.00019158299999988415, 0.00017750000000016364, 0.0002817079999999361, 0.0004846670000000497, 0.00023041599999995555, 0.0002679580000000126, 0.000192666000000008, 0.00022408299999998604, 0.0005050409999998173, 0.00018699999999993722, 0.00028395899999988927, 0.00021708399999997852, 0.00024508299999981276, 0.0005495839999998253, 0.0003041659999998281, 0.0004620410000000241, 0.00017454199999988873, 0.00023570900000002837, 0.0001820420000000489, 0.0018548749999998115, 0.00019220800000008254, 0.00018733300000040032, 0.00023429099999994207, 0.0001719580000001386, 0.00026791599999986815, 0.00021858300000010544, 0.0002259580000001371, 0.00020620899999990172, 0.00022629100000015612, 0.0003581249999999869, 0.00016962499999984004, 0.00015841700000018832, 0.00016799999999994597, 0.0004281250000000014, 0.0001785829999998434, 0.0001985000000002124, 0.00015004200000001688, 0.00024958299999999767, 0.00021333300000003774, 0.00017562500000023462, 0.00020037499999991937, 0.00019649999999993284, 0.00018341700000013006, 0.0002363750000000664, 0.00023175000000019708, 0.00021566699999997496, 0.0006943329999997694, 0.00017624999999998892, 0.000193874999999899, 0.00021433299999973343, 0.00020379100000011974, 0.0034486670000002384], "find_bindings_prolog": [0.028178374999999978, 0.06494875, 0.04561079200000007, 0.04800391699999995, 0.07787137500000019, 0.010632874999999986, 0.019304500000000058, 0.07085783300000004, 0.0738741249999999, 0.04402666599999994, 0.019522125000000168, 0.007237958000000155, 0.020054666000000054, 0.011501207999999874, 0.01943433299999997, 0.020073791999999813, 0.05128241600000005, 0.0017427500000000151, 0.05027479200000018, 0.04672795900000004, 0.04812591700000013, 0.051522125000000196, 0.08110950000000017, 0.08848116700000008, 0.0018272079999999136, 0.053748291999999864, 0.04919125000000002, 0.07840049999999987, 0.08123366699999979, 0.01039412499999992, 0.04659791600000007, 0.04408008299999988, 0.0020847499999998576, 0.001915665999999927, 0.06716537500000008, 0.06713566599999998, 0.07742054200000004, 0.08022062499999993, 0.0017379169999998112, 0.0016820419999996616, 0.002678250000000215, 0.049816416999999724, 0.04889241600000016, 0.05063720800000038, 0.0017343330000003654, 0.0016832920000000584, 0.0022478339999998376, 0.0024292500000000494, 0.0023825419999998765, 0.00302250000000015, 0.0027363339999997294, 0.0026039170000000667, 0.002336709000000159, 0.0029148750000000945, 0.0024435419999999652, 0.001793208000000046, 0.003046583999999797, 0.002598832999999967, 0.002319415999999741, 0.0072968750000002025, 0.001815000000000122, 0.00678108299999991], "test": [0.028827625000000023, 0.0005907499999999732, 0.06618341700000008, 0.000609292000000039, 0.0011505000000000543, 0.046422458, 0.04908970900000009, 0.07928820799999992, 0.011096082999999979, 0.01999629199999986, 0.07228091599999997, 0.07545374999999988, 0.04481249999999992, 0.02021029200000002, 0.007773792000000057, 0.020984541000000023, 0.01218549999999996, 0.020332666999999915, 0.02097387500000014, 0.0007919579999999815, 0.0005099170000000264, 0.001165458000000008, 0.04834620800000011, 0.05230983300000003, 0.0019604170000000476, 0.05127504100000002, 0.04765891699999991, 0.04914137500000004, 0.05248699999999995, 0.08296645800000002, 0.09038420799999991, 0.002213875000000032, 0.05493591699999989, 0.05038720899999993, 0.08004854100000003, 0.08298054200000005, 0.010939707999999992, 0.047717499999999635, 0.04513899999999982, 0.002271499999999982, 0.0021034590000001963, 0.06866612500000002, 0.06878662499999999, 0.07906437499999974, 0.08192341599999997, 0.001971334000000269, 0.0019052500000000805, 0.08825983400000004, 0.00293929199999976, 0.17771941700000005, 0.0509519169999999, 0.049954374999999995, 0.051742874999999966, 0.19578612500000014, 0.0005275839999998588, 0.001977208000000008, 0.0019048330000002167, 0.002467250000000032, 0.0026514170000000448, 0.11788362500000016, 0.0005157910000002097, 0.0005153749999999846, 0.0014423750000003288, 0.002630832999999999, 0.003277583999999667, 0.002970166999999968, 0.002855792000000079, 0.002589374999999894, 0.003155208999999992, 0.00269770799999991, 0.0020300830000001824, 0.0032860420000000445, 0.0028510840000000037, 0.002568625000000324, 0.00753245800000002, 0.0020501660000000754, 0.007024916000000214], "combine": [0.0036930420000000908, 4.580000000364848e-07, 0.0027927500000000105, 5.829999999429347e-07, 4.1600000000308057e-07, 5.410000000205528e-07, 5.409999999095305e-07, 4.579999999254625e-07, 4.1700000008582094e-07, 4.579999999254625e-07, 5.00000000069889e-07, 5.83000000053957e-07, 5.840000001366974e-07, 5.00000000069889e-07, 4.1600000000308057e-07, 4.999999998478444e-07, 3.7499999994139444e-07, 4.999999998478444e-07, 5.00000000069889e-07, 5.419999999922709e-07, 4.579999999254625e-07, 4.1700000008582094e-07, 6.249999999763389e-07, 6.249999999763389e-07, 4.1700000008582094e-07, 5.83000000053957e-07, 5.419999999922709e-07, 7.90999999944475e-07, 5.83000000053957e-07, 6.249999999763389e-07, 5.840000001366974e-07, 4.580000001475071e-07, 5.83000000053957e-07, 5.830000002760016e-07, 5.419999999922709e-07, 5.409999999095305e-07, 0.0021229590000002574, 6.670000001207654e-07, 4.999999996257998e-07, 4.5900000023024745e-07, 4.1699999986377634e-07, 5.409999999095305e-07, 5.419999999922709e-07, 5.419999999922709e-07, 5.409999999095305e-07, 5.839999999146528e-07, 4.5900000023024745e-07, 6.249999997542943e-07, 4.5799999970341787e-07, 6.250000001983835e-07, 7.07999999960407e-07, 5.829999998319124e-07, 6.660000000380251e-07, 5.00000000069889e-07, 4.580000001475071e-07, 4.1700000030786555e-07, 4.1599999978103597e-07, 4.160000002251252e-07, 4.5900000023024745e-07, 5.00000000069889e-07, 4.5899999978615824e-07, 4.5799999970341787e-07, 5.00000000069889e-07, 5.00000000069889e-07, 5.00000000069889e-07, 5.00000000069889e-07, 5.419999999922709e-07, 4.5799999970341787e-07, 5.419999999922709e-07, 5.00000000069889e-07, 4.580000001475071e-07, 5.409999999095305e-07, 5.00000000069889e-07, 3.7500000038548365e-07, 4.1700000030786555e-07, 4.5899999978615824e-07, 4.580000001475071e-07],