{"log_best_programs": true, "num_literals": 0, "total_programs": 1, "total_rules": 0, "total_ground_rules": 0, "durations": {"generate": [0.0018774169999999923, 0.004109249999999065], "find_bindings_prolog": [103.69088254100001], "test": [105.367285791], "combine": [0.0054165840000024446], "constrain": [0.004976542000008521]}, "final_exec_time": 105.46172075, "stages": [], "best_programs": [], "solution": {"code": "sumk(A):- my_member(A,B),my_member(A,C),add(B,C,295685200623),magic(295685200623).", "is_solution": true, "conf_matrix": [10, 0, 10, 0], "total_exec_time": 105.461713709, "durations": [{"operation": "Test", "called": 1, "total": 105.367285791, "mean": 105.367285791, "maximum": 105.367285791, "__type__": "DurationSummary"}, {"operation": "Find_Bindings_Prolog", "called": 1, "total": 103.69088254100001, "mean": 103.69088254100001, "maximum": 103.69088254100001, "__type__": "DurationSummary"}, {"operation": "Generate", "called": 1, "total": 0.0018774169999999923, "mean": 0.0018774169999999923, "maximum": 0.0018774169999999923, "__type__": "DurationSummary"}], "__type__": "ProgramStats"}, "is_solution": true, "stats_file": "./results/sumk/magicpopper_args/8/stats.json", "end": true, "__type__": "Stats"}