{"log_best_programs": true, "num_literals": 0, "total_programs": 83, "total_rules": 0, "total_ground_rules": 0, "durations": {"generate": [0.00031395800000000307, 0.00013491700000001217, 0.00019041600000002656, 0.0003746660000000235, 0.00010975000000001955, 0.0006827500000000652, 0.0002375840000000684, 0.0002162499999999179, 0.0005819999999999714, 0.0005027920000000297, 0.0003727500000000328, 0.00021254199999998225, 0.0002867500000000023, 0.00046050000000008584, 0.00020133399999999746, 0.0005964999999999998, 0.00019687500000009628, 0.00019270799999993038, 0.0002367500000000078, 0.0005356660000001012, 0.00014816699999997685, 0.00027158299999996416, 0.00015220800000004253, 0.00042324999999998614, 0.0002865829999999514, 0.0001835000000000031, 0.00017612499999997144, 0.00020416700000003285, 0.00022370899999990534, 0.0006071249999999306, 0.000236333000000144, 0.0003528749999999192, 0.00022933400000013648, 0.00020187500000012903, 0.0007124580000001934, 0.00021500000000007624, 0.0002612080000001793, 0.0002103330000000625, 0.00033850000000001934, 0.00032366699999997195, 0.0002793329999999372, 0.00038991699999990637, 0.0002619170000000004, 0.00025691699999996764, 0.0002183330000000705, 0.0021257500000000373, 0.0001715410000000528, 0.0004060000000001285, 0.0001802499999998819, 0.00012308400000016206, 0.00017095799999999883, 0.00021504199999999862, 0.00012662500000004684, 0.0001539580000000651, 0.00014016599999999713, 0.00013587500000000752, 0.00017054199999999575, 0.00023645800000005046, 0.00014120800000005929, 0.0001463329999999985, 0.00015500000000012726, 0.0002269159999999104, 0.0005132500000000206, 0.00026212500000011296, 0.000149874999999966, 0.00014879099999998147, 0.0001837919999998494, 0.00013812499999987793, 0.00014579199999986692, 0.00014412500000005046, 0.00012679200000009772, 0.00014700000000011926, 0.00015100000000001224, 0.00018704200000008164, 0.00014433299999994098, 0.00016670799999984887, 0.0002363750000000664, 0.00016441699999991677, 0.0001487920000000642, 0.0005237080000000116, 0.00015100000000001224, 0.0002582499999999044, 0.00021687500000000526, 0.003235500000000169], "find_bindings_prolog": [0.018606750000000005, 0.034795249999999944, 0.01787491600000002, 0.018120582999999968, 0.03632208300000006, 0.003388374999999999, 0.007015333999999984, 0.035681041999999996, 0.03570033299999997, 0.018113833999999995, 0.007564999999999933, 0.0024929999999999675, 0.00791254099999994, 0.003709084000000029, 0.008073500000000067, 0.008270208999999973, 0.019591166999999965, 0.0010702500000000503, 0.019930000000000003, 0.020102040999999904, 0.01810624999999999, 0.01773524999999987, 0.034002584, 0.03939154200000017, 0.0012196660000001192, 0.021710624999999872, 0.02235049999999994, 0.036603583999999856, 0.03567916700000007, 0.02077466700000019, 0.019651166999999914, 0.005109499999999878, 0.0012677080000000895, 0.0011028750000001697, 0.03705670799999994, 0.04364612499999998, 0.037604792, 0.03761887499999994, 0.001445124999999825, 0.0011388749999998726, 0.0010721250000000904, 0.0017344999999999722, 0.0009952079999999697, 0.000930541000000007, 0.0013919999999998378, 0.0012593330000001401, 0.0009599579999999275, 0.0009362500000000828, 0.0009662919999999797, 0.001337790999999866, 0.0010388330000001833, 0.001047416999999884, 0.0010338329999999285, 0.0009355419999999004, 0.0009194580000000396, 0.0013864580000000348, 0.0013316669999998698, 0.0013384999999999092, 0.0013622500000001203, 0.001407500000000006, 0.0012846250000000392, 0.0010330830000000457, 0.0013301660000000215, 0.0013230410000000248, 0.000937292000000145, 0.0022113749999999044, 0.002236874999999916, 0.001079249999999865], "test": [0.01927670799999992, 0.0003974170000000665, 0.036027917000000076, 0.0004647909999999644, 0.0005184579999999439, 0.018503500000000006, 0.01897800000000005, 0.037703582999999985, 0.0038419159999999453, 0.007630792000000053, 0.03713962500000001, 0.03701408400000006, 0.01885083300000001, 0.008250084000000046, 0.0030036250000000653, 0.008836040999999906, 0.004440374999999941, 0.00900445900000002, 0.009214000000000055, 0.0005822920000000398, 0.003580791999999944, 0.000349542000000036, 0.00048691700000003113, 0.020358666999999997, 0.00127575000000002, 0.020696124999999954, 0.020886249999999995, 0.018830707999999974, 0.018438916000000027, 0.03555799999999998, 0.04112825000000009, 0.001609124999999878, 0.02278437500000008, 0.02345629199999988, 0.03819087499999996, 0.037234875, 0.02182050000000002, 0.020730000000000137, 0.005635457999999982, 0.0014583749999999007, 0.001285958000000198, 0.038701333000000115, 0.045421040999999995, 0.03928891599999984, 0.039275167, 0.0016844170000001046, 0.0013645840000000575, 0.0006311249999999546, 0.0013120420000001243, 0.0036335000000000672, 0.0019648340000000264, 0.0012192919999998164, 0.0004155420000000465, 0.0011288750000000292, 0.0015897919999998678, 0.0005427499999999252, 0.001479499999999856, 0.0011583749999999338, 0.0011322080000000234, 0.001161542000000182, 0.001553458000000063, 0.0012542920000000457, 0.0012650410000001333, 0.0012537089999999917, 0.0005920409999999876, 0.0032865420000001144, 0.0011353749999998275, 0.001114916999999993, 0.0015865409999999969, 0.0015303750000001948, 0.00037787499999986096, 0.0015330000000000066, 0.0015558749999999844, 0.0005021659999999706, 0.0016066249999999727, 0.0015005420000000491, 0.0012505420000001877, 0.001530291000000128, 0.0015204580000001133, 0.0011355840000000228, 0.0024067079999998686, 0.002433292000000087, 0.001279665999999846], "combine": [0.0032701659999999633, 4.1699999997479864e-07, 0.0028799579999999603, 5.00000000069889e-07, 4.580000000364848e-07, 4.579999999254625e-07, 4.999999999588667e-07, 5.410000000205528e-07, 4.1600000000308057e-07, 4.1600000000308057e-07, 5.409999999095305e-07, 4.580000000364848e-07, 5.410000000205528e-07, 5.00000000069889e-07, 4.580000000364848e-07, 4.999999999588667e-07, 4.5900000000820285e-07, 6.249999999763389e-07, 5.00000000069889e-07, 5.83000000053957e-07, 4.1699999997479864e-07, 4.1699999997479864e-07, 4.1699999997479864e-07, 4.1600000000308057e-07, 4.579999999254625e-07, 5.00000000069889e-07, 4.5900000000820285e-07, 4.579999999254625e-07, 4.1700000008582094e-07, 5.409999999095305e-07, 5.840000001366974e-07, 4.1600000000308057e-07, 5.83000000053957e-07, 5.83000000053957e-07, 4.999999998478444e-07, 5.410000001315751e-07, 5.00000000069889e-07, 4.999999998478444e-07, 0.0023459589999998975, 3.7499999994139444e-07, 4.1600000000308057e-07, 5.829999998319124e-07, 5.419999999922709e-07, 5.419999999922709e-07, 4.999999998478444e-07, 5.419999999922709e-07, 4.1700000008582094e-07, 4.5900000000820285e-07, 4.1600000000308057e-07, 3.340000001017529e-07, 4.1600000000308057e-07, 3.7499999994139444e-07, 3.339999998797083e-07, 4.1700000008582094e-07, 4.1700000008582094e-07, 4.1600000000308057e-07, 4.1600000000308057e-07, 3.7499999994139444e-07, 3.339999998797083e-07, 4.1700000008582094e-07, 3.7499999994139444e-07, 4.1700000008582094e-07, 4.5900000000820285e-07, 4.1700000008582094e-07, 5.00000000069889e-07, 4.1699999986377634e-07, 3.7499999994139444e-07, 3.7500000016343904e-07, 3.7499999994139444e-07, 3.7499999994139444e-07, 3.7499999994139444e-07, 3.3300000001901253e-07, 3.7499999994139444e-07, 3.7499999994139444e-07, 3.7500000016343904e-07, 3.7500000016343904e-07, 4.1700000008582094e-07, 3.3300000001901253e-07, 3.7499999994139444e-07, 4.1600000000308057e-07, 3.340000001017529e-07, 4.1699999986377634e-07, 4.1700000008582094e-07],