{"log_best_programs": true, "num_literals": 0, "total_programs": 29, "total_rules": 0, "total_ground_rules": 0, "durations": {"generate": [0.00025291700000001915, 0.00020333300000002774, 0.00024762500000002907, 0.0003753750000000111, 0.0002071249999999747, 0.00021991599999998668, 0.00019012499999998544, 0.00017358300000003268, 0.0004738750000000125, 0.00016416599999996562, 0.0008314580000000071, 0.00018499999999999073, 0.0002155839999999909, 0.00020970799999997514, 0.0001792090000000135, 0.00017204199999998337, 0.00019695899999999655, 0.00019095799999996332, 0.00018783300000002612, 0.00018487500000002877, 0.00018266699999996971, 0.00020399999999998197, 0.0002251249999999927, 0.00033129199999998304, 0.00016504200000000413, 0.000599957999999956, 0.00017354099999999928, 0.00019404099999997815, 0.0001754999999999951, 0.0020737909999999915], "find_bindings_prolog": [0.018140708999999977, 0.0017360829999999994, 0.005513292000000003, 0.0095885, 0.0020151660000000127, 0.001254540999999998, 0.0047780000000000045, 0.004516375000000017, 0.001622791999999984, 0.0014072500000000265, 0.0012252079999999776, 0.0018957499999999738, 0.004378417000000023, 0.0009968750000000082, 0.0013806660000000304, 0.0013309590000000204, 0.003018167000000016, 0.0031097500000000222, 0.0012661669999999847, 0.0006000829999999735, 0.0012356249999999624, 0.001218916999999986, 0.001289042000000018, 0.0005193749999999886, 0.000511874999999995, 0.0015201670000000167, 0.0013382089999999791, 0.0016484999999999972, 0.0015897089999999947], "test": [0.023871958999999998, 0.0027104580000000267, 0.008018542000000017, 0.013291084000000009, 0.002878125000000009, 0.002000166999999997, 0.0073641670000000325, 0.006994374999999997, 0.0027145419999999865, 0.002367207999999954, 0.0023155839999999817, 0.002864708000000049, 0.007876291000000035, 0.0013562919999999812, 0.002073249999999971, 0.002002333000000023, 0.005516750000000015, 0.006157834000000029, 0.0019601250000000348, 0.0011089579999999932, 0.0020569579999999976, 0.002061124999999997, 0.0022019589999999756, 0.0008527500000000132, 0.000843833000000016, 0.0026225830000000117, 0.002291916000000005, 0.00287720800000002, 0.0029029579999999555], "combine": [0.019538416000000003, 0.005464790999999969, 0.0071362090000000045, 0.008124500000000034, 0.008581875000000017, 4.999999999588667e-07, 4.999999999588667e-07, 4.999999999588667e-07, 4.5900000000820285e-07, 4.5799999998097363e-07, 5.410000000205528e-07, 4.580000000364848e-07, 4.5799999998097363e-07, 4.5799999998097363e-07, 4.170000000303098e-07, 4.1600000000308057e-07, 4.5799999998097363e-07, 5.409999999650417e-07, 4.1600000000308057e-07, 4.1600000000308057e-07, 4.5799999998097363e-07, 4.5799999998097363e-07, 5.000000000143778e-07, 5.000000000143778e-07, 3.749999999969056e-07, 4.5799999998097363e-07, 4.589999999526917e-07, 4.589999999526917e-07, 4.999999999588667e-07], "constrain": [0.0014518750000000469, 0.0023819999999999952, 0.0017382089999999906, 0.0018821250000000123, 0.00023579200000001244, 0.00032366600000000023, 0.00045312499999999867, 0.0003662919999999903, 0.0005871660000000278, 0.0005792089999999694, 0.00027175000000001504, 0.0003613749999999971, 0.00041670799999998787, 0.0021653749999999694, 0.0003602500000000064, 0.0003550420000000276, 0.0003969580000000028, 0.0003999170000000274, 0.0003486669999999692, 0.0006554579999999977, 0.00042845800000002043, 0.0003530419999999701, 0.000379416999999993, 0.0005631249999999977, 0.0005638329999999581, 0.0006392920000000135, 0.0006360000000000254, 0.0006483749999999788, 0.0006349999999999967]}, "final_exec_time": 0.261031666, "stages": [], "best_programs": [], "solution": {"code": "goal(A,you,0):- my_true_cell(A,D,onecoin),my_true_cell(A,D,onecoin),magic(onecoin),magic(you),magic(0),magic(onecoin).\ngoal(12,you,100):- magic(100),magic(12),magic(you).\ngoal(27,you,100):- magic(you),magic(27),magic(100).", "is_solution": true, "conf_matrix": [62, 0, 62, 0], "total_exec_time": 0.26102875000000003, "durations": [{"operation": "Test", "called": 5, "total": 0.05077016800000006, "mean": 0.010154033600000011, "maximum": 0.023871958999999998, "__type__": "DurationSummary"}, {"operation": "Combine", "called": 4, "total": 0.04026391600000001, "mean": 0.010065979000000003, "maximum": 0.019538416000000003, "__type__": "DurationSummary"}, {"operation": "Find_Bindings_Prolog", "called": 5, "total": 0.03699374999999999, "mean": 0.007398749999999998, "maximum": 0.018140708999999977, "__type__": "DurationSummary"}, {"operation": "Constrain", "called": 4, "total": 0.007454209000000045, "mean": 0.0018635522500000112, "maximum": 0.0023819999999999952, "__type__": "DurationSummary"}, {"operation": "Generate", "called": 5, "total": 0.0012863750000000618, "mean": 0.00025727500000001237, "maximum": 0.0003753750000000111, "__type__": "DurationSummary"}], "__type__": "ProgramStats"}, "is_solution": true, "stats_file": "./results/iggp-coins-goal/magicpopper_all/5/stats.json", "end": true, "__type__": "Stats"}