{"log_best_programs": true, "num_literals": 0, "total_programs": 8, "total_rules": 0, "total_ground_rules": 0, "durations": {"generate": [0.00039212500000007644, 0.0006145839999998071, 0.0014797079999999685, 0.0013347500000000512, 0.0017486250000000592, 0.0009724170000000587, 0.0007722920000001743, 0.0013305420000002677, 0.0008476250000000185], "find_bindings_prolog": [0.034591666000000076, 0.03414129099999985, 0.15172649999999988, 0.15535083299999997, 0.16761929199999992, 0.15459341599999998], "test": [0.0420862500000001, 0.04654829199999999, 0.019435957999999864, 0.15207541700000005, 0.021109500000000114, 0.15569654200000005, 0.1681300000000001, 0.1549387499999999], "combine": [0.10036374999999986, 0.006231333999999977, 5.839999999146528e-07, 7.090000000431473e-07, 7.07999999960407e-07, 5.409999999095305e-07, 5.00000000069889e-07, 6.250000001983835e-07], "constrain": [0.0017905000000000282, 0.0023152909999999416, 0.0004587500000001743, 0.0030116669999999957, 0.001845708000000057, 0.005250999999999895, 0.0018454999999999444, 0.001812291999999882]}, "final_exec_time": 2.2282295, "stages": [], "best_programs": [], "solution": {"code": "magic_value(A):- head(A,lp),magic(lp).\nmagic_value(A):- head(A,oz),magic(oz).\nmagic_value(A):- head(A,jg),magic(jg).\nmagic_value(A):- head(A,qh),magic(qh).\nmagic_value(A):- head(A,hr),magic(hr).\nmagic_value(A):- head(A,gt),magic(gt).\nmagic_value(A):- head(A,ni),magic(ni).\nmagic_value(A):- head(A,eo),magic(eo).\nmagic_value(A):- head(A,fe),magic(fe).\nmagic_value(A):- head(A,pg),magic(pg).\nmagic_value(A):- head(A,gu),magic(gu).\nmagic_value(A):- head(A,db),magic(db).\nmagic_value(A):- head(A,sb),magic(sb).\nmagic_value(A):- head(A,cv),magic(cv).\nmagic_value(A):- head(A,ou),magic(ou).\nmagic_value(A):- head(A,cb),magic(cb).\nmagic_value(A):- head(A,ig),magic(ig).\nmagic_value(A):- head(A,lb),magic(lb).\nmagic_value(A):- head(A,pz),magic(pz).\nmagic_value(A):- head(A,ra),magic(ra).\nmagic_value(A):- head(A,hx),magic(hx).\nmagic_value(A):- head(A,qd),magic(qd).\nmagic_value(A):- head(A,de),magic(de).\nmagic_value(A):- head(A,bk),magic(bk).\nmagic_value(A):- head(A,k),magic(k).\nmagic_value(A):- head(A,rx),magic(rx).\nmagic_value(A):- head(A,dl),magic(dl).\nmagic_value(A):- head(A,hy),magic(hy).\nmagic_value(A):- head(A,ju),magic(ju).\nmagic_value(A):- head(A,bi),magic(bi).\nmagic_value(A):- head(A,ps),magic(ps).\nmagic_value(A):- head(A,iy),magic(iy).\nmagic_value(A):- head(A,qt),magic(qt).\nmagic_value(A):- head(A,ee),magic(ee).\nmagic_value(A):- head(A,ms),magic(ms).\nmagic_value(A):- head(A,es),magic(es).\nmagic_value(A):- head(A,im),magic(im).\nmagic_value(A):- head(A,qq),magic(qq).\nmagic_value(A):- head(A,fk),magic(fk).\nmagic_value(A):- head(A,jp),magic(jp).\nmagic_value(A):- head(A,ke),magic(ke).\nmagic_value(A):- head(A,nf),magic(nf).\nmagic_value(A):- head(A,ac),magic(ac).\nmagic_value(A):- head(A,ew),magic(ew).\nmagic_value(A):- head(A,io),magic(io).\nmagic_value(A):- head(A,ij),magic(ij).\nmagic_value(A):- head(A,jn),magic(jn).\nmagic_value(A):- head(A,ny),magic(ny).\nmagic_value(A):- head(A,ks),magic(ks).\nmagic_value(A):- head(A,cp),magic(cp).\nmagic_value(A):- head(A,eu),magic(eu).\nmagic_value(A):- head(A,mi),magic(mi).\nmagic_value(A):- head(A,nt),magic(nt).\nmagic_value(A):- head(A,sc),magic(sc).\nmagic_value(A):- head(A,c),magic(c).\nmagic_value(A):- head(A,co),magic(co).\nmagic_value(A):- head(A,og),magic(og).\nmagic_value(A):- head(A,ka),magic(ka).\nmagic_value(A):- head(A,np),magic(np).\nmagic_value(A):- head(A,gq),magic(gq).\nmagic_value(A):- head(A,ht),magic(ht).\nmagic_value(A):- head(A,bn),magic(bn).\nmagic_value(A):- head(A,kf),magic(kf).\nmagic_value(A):- head(A,qs),magic(qs).\nmagic_value(A):- head(A,bo),magic(bo).\nmagic_value(A):- head(A,dc),magic(dc).\nmagic_value(A):- head(A,pk),magic(pk).\nmagic_value(A):- head(A,jr),magic(jr).\nmagic_value(A):- head(A,eb),magic(eb).\nmagic_value(A):- head(A,sh),magic(sh).\nmagic_value(A):- head(A,bw),magic(bw).\nmagic_value(A):- head(A,ox),magic(ox).\nmagic_value(A):- head(A,dp),magic(dp).\nmagic_value(A):- head(A,fo),magic(fo).\nmagic_value(A):- head(A,qj),magic(qj).\nmagic_value(A):- head(A,oa),magic(oa).\nmagic_value(A):- head(A,lo),magic(lo).\nmagic_value(A):- head(A,ll),magic(ll).\nmagic_value(A):- head(A,mr),magic(mr).\nmagic_value(A):- head(A,gm),magic(gm).\nmagic_value(A):- head(A,dw),magic(dw).\nmagic_value(A):- head(A,mn),magic(mn).\nmagic_value(A):- head(A,dz),magic(dz).\nmagic_value(A):- head(A,fl),magic(fl).\nmagic_value(A):- head(A,ei),magic(ei).", "is_solution": true, "conf_matrix": [200, 0, 200, 0], "total_exec_time": 2.2282265, "durations": [{"operation": "Test", "called": 1, "total": 0.0420862500000001, "mean": 0.0420862500000001, "maximum": 0.0420862500000001, "__type__": "DurationSummary"}, {"operation": "Find_Bindings_Prolog", "called": 1, "total": 0.034591666000000076, "mean": 0.034591666000000076, "maximum": 0.034591666000000076, "__type__": "DurationSummary"}, {"operation": "Generate", "called": 1, "total": 0.00039212500000007644, "mean": 0.00039212500000007644, "maximum": 0.00039212500000007644, "__type__": "DurationSummary"}], "__type__": "ProgramStats"}, "is_solution": true, "stats_file": "./results/list_magicvalues_multipleclauses/magicpopper/85/0/stats.json", "end": true, "__type__": "Stats"}