{"log_best_programs": true, "num_literals": 0, "total_programs": 30, "total_rules": 0, "total_ground_rules": 0, "durations": {"generate": [0.0004823340000001952, 0.00038683300000008636, 0.00043333400000000744, 0.000369209000000037, 0.0005207919999996591, 0.00036112499999996217, 0.00037825000000024644, 0.00043300000000012773, 0.00038020800000015953, 0.00038974999999963345, 0.00040691599999975736, 0.0003497910000000992, 0.00039583299999979005, 0.0005115839999998428, 0.00038720899999944436, 0.0005260829999986782, 0.00035254099999981747, 0.00038141599999974574, 0.0003771659999998178, 0.00039637499999933823, 0.00039608300000004704, 0.0004779169999995503, 0.0004405419999997662, 0.0003532499999998606, 0.0004139169999994863, 0.0005305419999999117, 0.00032854200000009826, 0.0008609159999988236, 0.0004895000000004757, 0.0004323750000008175, 0.00016604200000003289], "test": [0.03272320799999995, 0.04471104100000001, 0.0059977079999999905, 0.1984938329999999, 0.19224437499999958, 0.04052200000000017, 0.005829416000000087, 0.004850875000000254, 0.004567541999999758, 0.013004167000000066, 0.008615458000000409, 0.008259665999999832, 1.1406604590000002, 0.04242508399999956, 0.19770662500000036, 0.008031334000000001, 0.004728791999999871, 0.005264208999999909, 0.004933875000000754, 0.2174424170000009, 0.06185037499999879, 0.006656375000000381, 0.019489833999999817, 0.011558624999999267, 0.010129541999999603, 0.010048417000000143, 0.009992249999999814, 4.121092792000001, 0.018484750000000716, 0.140787542], "combine": [7.90999999944475e-07, 0.014868166999999932, 5.00000000069889e-07, 0.03242483400000018, 7.07999999960407e-07, 0.03242358299999992, 5.00000000069889e-07, 5.00000000069889e-07, 5.830000002760016e-07, 0.04558733299999984, 5.00000000069889e-07, 5.00000000069889e-07, 5.441682708, 6.250000001983835e-07, 5.830000002760016e-07, 5.420000004363601e-07, 5.000000005139782e-07, 4.589999988979798e-07, 5.84000000358742e-07, 5.410000003536197e-07, 5.839999985823852e-07, 5.000000005139782e-07, 5.000000005139782e-07, 4.589999988979798e-07, 4.5900000067433666e-07, 5.420000004363601e-07, 4.999999987376214e-07, 8.329999996448123e-07, 7.499999998827889e-07, 0.06256308300000057], "constrain": [0.0013092500000000395, 0.0012654589999998578, 0.001307166999999998, 0.0001837909999999887, 0.0014681250000001533, 0.00020404100000037673, 0.0015948749999998846, 0.0002505839999997761, 0.00022579100000008623, 0.00024437499999985235, 0.0002274159999999803, 0.00020654199999992073, 0.00018500000000010175, 0.00011658300000050303, 0.0001172500000006238, 0.00021549999999948, 0.00020620799999981898, 0.00024829200000020535, 0.00023929199999983553, 0.0001680410000002297, 0.00016479199999963612, 0.00027033399999965013, 0.0002068340000001001, 0.00019729200000107028, 0.00035845799999911776, 0.00025474999999985926, 0.00024654200000107096, 0.0015557909999994735, 0.0024492499999997364, 0.00016416600000113135], "find_bindings_prolog": [0.04415933400000016, 0.005732832999999937, 0.19800241600000001, 0.19163249999999987, 0.04006829199999995, 0.005550125000000072, 0.004581415999999727, 0.004321625000000218, 0.012234292000000035, 0.00833237500000017, 0.007993707999999877, 0.9998642920000003, 0.04143374999999949, 0.19693208400000017, 0.007782291999999913, 0.004487540999999595, 0.005019749999998879, 0.004683707999999953, 0.2165827500000006, 0.06109012499999977, 0.006236375000000294, 4.1203432079999995, 0.14001962499999898], "inconsistent thingy": [5.041999999733093e-06]}, "final_exec_time": 13.749901291999999, "stages": [], "best_programs": [], "solution": {"code": "magic_value(A):- tail(A,B),magic_value(B).\nmagic_value(A):- head(A,c7),magic(c7).", "is_solution": true, "conf_matrix": [1000, 0, 1000, 0], "total_exec_time": 13.7498995, "durations": [{"operation": "Test", "called": 30, "total": 6.591102586000001, "mean": 0.21970341953333336, "maximum": 4.121092792000001, "__type__": "DurationSummary"}, {"operation": "Find_Bindings_Prolog", "called": 23, "total": 6.327084415999997, "mean": 0.2750906267826086, "maximum": 4.1203432079999995, "__type__": "DurationSummary"}, {"operation": "Combine", "called": 29, "total": 5.567000168, "mean": 0.19196552303448275, "maximum": 5.441682708, "__type__": "DurationSummary"}, {"operation": "Constrain", "called": 29, "total": 0.015687625000000427, "mean": 0.0005409525862069113, "maximum": 0.0024492499999997364, "__type__": "DurationSummary"}, {"operation": "Generate", "called": 30, "total": 0.012943332999995283, "mean": 0.0004314444333331761, "maximum": 0.0008609159999988236, "__type__": "DurationSummary"}, {"operation": "Inconsistent Thingy", "called": 1, "total": 5.041999999733093e-06, "mean": 5.041999999733093e-06, "maximum": 5.041999999733093e-06, "__type__": "DurationSummary"}], "__type__": "ProgramStats"}, "is_solution": true, "stats_file": "./results/list_example/magicpopper_types/1000/9/stats.json", "end": true, "__type__": "Stats"}