{"log_best_programs": true, "num_literals": 0, "total_programs": 30, "total_rules": 0, "total_ground_rules": 0, "durations": {"generate": [0.00044320800000008376, 0.0003404579999999324, 0.0003782919999999468, 0.00037816700000004033, 0.0004912919999999765, 0.0003358339999999238, 0.00033895899999958345, 0.0003868329999998643, 0.0003725410000003926, 0.000345209000000235, 0.0003808329999999138, 0.0003386250000003699, 0.0004062500000001634, 0.0003734170000004866, 0.0003813329999999837, 0.0006712499999999011, 0.000353209000000021, 0.0004120830000005071, 0.00032500000000013074, 0.0003384170000000353, 0.0003808330000012461, 0.0005175419999989828, 0.0004395830000003542, 0.00035445900000041775, 0.0004411250000000422, 0.00047933300000124746, 0.0003077920000009726, 0.0009220829999989633, 0.00043691700000003664, 0.00045399999999951035, 0.00014229199999959974], "test": [0.028845083999999854, 0.04279691699999999, 0.005525833999999952, 0.17679970899999997, 0.17493829100000013, 0.04465058399999977, 0.005754000000000037, 0.004681500000000227, 0.004545583999999714, 0.01112208300000006, 0.008153791999999882, 0.008082959000000223, 1.093540667, 0.04399158300000039, 0.1869328330000002, 0.008543124999999208, 0.004671666999998436, 0.005173208999998735, 0.0048581250000001575, 0.18334908299999952, 0.04783399999999993, 0.0068271670000008555, 0.019003500000000173, 0.008203082999999722, 0.009629333000001239, 0.010412416999999508, 0.009735582999999437, 3.868247875, 0.01657995799999945, 0.13492104100000013], "combine": [6.249999999763389e-07, 0.015238042000000007, 4.579999999254625e-07, 0.03114262499999998, 6.660000000380251e-07, 0.03347095900000019, 4.5900000023024745e-07, 5.00000000069889e-07, 4.1700000030786555e-07, 0.05308933299999996, 5.00000000069889e-07, 4.5799999970341787e-07, 5.240546416, 5.830000002760016e-07, 6.250000001983835e-07, 4.999999987376214e-07, 5.420000004363601e-07, 4.580000005915963e-07, 4.999999987376214e-07, 5.830000002760016e-07, 5.84000000358742e-07, 5.000000005139782e-07, 5.000000005139782e-07, 5.420000004363601e-07, 5.420000004363601e-07, 5.830000002760016e-07, 5.419999986600033e-07, 6.250000001983835e-07, 7.07999999960407e-07, 0.05855758400000077], "constrain": [0.0012225000000001263, 0.0012237090000000173, 0.0013172909999998872, 0.00017812500000013998, 0.0013252500000002776, 0.00018574999999998454, 0.0015106670000002431, 0.0002736250000001661, 0.0001999579999996115, 0.00022849999999996484, 0.00022137500000019017, 0.00021733300000015277, 0.00029316699999881735, 0.00011599999999845068, 0.00013033300000131476, 0.00021983299999916994, 0.0002240000000011122, 0.00020583300000076576, 0.00020695799999970177, 0.0001673330000002693, 0.00018024999999965985, 0.00027829100000076323, 0.0002107499999990381, 0.0002033749999998946, 0.0003413339999998044, 0.00023750000000077875, 0.0002531249999986329, 0.001400874999999857, 0.0013353750000000275, 0.0013340829999997084], "find_bindings_prolog": [0.04221200000000014, 0.005286499999999972, 0.17631866699999987, 0.1743682499999999, 0.043884041000000096, 0.005499416999999784, 0.004418707999999771, 0.004289833000000076, 0.01050654200000034, 0.007887790999999922, 0.007831667000000042, 0.9546375829999998, 0.04287116699999949, 0.18615320900000043, 0.008261416999999938, 0.004424332999999336, 0.004915249999999816, 0.004618958000000006, 0.18258916599999964, 0.04693416599999978, 0.006395333000000392, 3.867537499999999, 0.13416175000000052], "inconsistent thingy": [3.7499999994139444e-06]}, "final_exec_time": 13.067387917, "stages": [], "best_programs": [], "solution": {"code": "magic_value(A):- head(A,c7),magic(c7).\nmagic_value(A):- tail(A,B),magic_value(B).", "is_solution": true, "conf_matrix": [1000, 0, 1000, 0], "total_exec_time": 13.067385625, "durations": [{"operation": "Test", "called": 30, "total": 6.178350585999997, "mean": 0.20594501953333325, "maximum": 3.868247875, "__type__": "DurationSummary"}, {"operation": "Find_Bindings_Prolog", "called": 23, "total": 5.926003247999998, "mean": 0.2576523151304347, "maximum": 3.867537499999999, "__type__": "DurationSummary"}, {"operation": "Combine", "called": 29, "total": 5.373500375000001, "mean": 0.18529311637931037, "maximum": 5.240546416, "__type__": "DurationSummary"}, {"operation": "Constrain", "called": 29, "total": 0.01410841499999882, "mean": 0.0004864970689654765, "maximum": 0.0015106670000002431, "__type__": "DurationSummary"}, {"operation": "Generate", "called": 30, "total": 0.012524877000003265, "mean": 0.0004174959000001088, "maximum": 0.0009220829999989633, "__type__": "DurationSummary"}, {"operation": "Inconsistent Thingy", "called": 1, "total": 3.7499999994139444e-06, "mean": 3.7499999994139444e-06, "maximum": 3.7499999994139444e-06, "__type__": "DurationSummary"}], "__type__": "ProgramStats"}, "is_solution": true, "stats_file": "./results/list_example/magicpopper_types/1000/3/stats.json", "end": true, "__type__": "Stats"}