{"log_best_programs": true, "num_literals": 0, "total_programs": 2, "total_rules": 0, "total_ground_rules": 0, "durations": {"generate": [0.00031724999999999115, 0.001962375000000016, 0.00015487499999999876], "find_bindings_prolog": [0.016070459000000037, 0.6651217079999999], "bind": [5.000000000143778e-07, 0.049957250000000064], "test": [0.016337749999999984, 0.715830459], "combine": [5.419999999922709e-07, 0.012524417000000065], "constrain": [0.0030381669999999805, 0.00406779200000007]}, "final_exec_time": 0.8717531250000001, "stages": [], "best_programs": [], "solution": null, "is_solution": false, "stats_file": "./results/list_magicvaluesameclause/magicpopper/7/6/stats.json", "end": true, "__type__": "Stats"}