{"log_best_programs": true, "num_literals": 0, "total_programs": 8, "total_rules": 0, "total_ground_rules": 0, "durations": {"generate": [0.00035912499999990466, 0.0004658330000000266, 0.0016254170000000734, 0.0013272079999999686, 0.0014268749999999386, 0.0003494580000000802, 0.0008417499999999745, 0.0018564579999997832, 0.0012129999999999086], "find_bindings_prolog": [0.01928808400000004, 0.032181833000000104, 0.13117145800000007, 0.14581979199999995, 0.158182708, 0.15240945800000016], "test": [0.02103749999999982, 0.0437978750000001, 0.01823020899999994, 0.13147966700000002, 0.1461658750000001, 0.018456583999999943, 0.15870287500000013, 0.15275749999999988], "combine": [0.008395458999999938, 0.0041882499999998934, 5.00000000069889e-07, 6.249999999763389e-07, 9.169999999336653e-07, 5.410000001315751e-07, 5.419999999922709e-07, 5.419999999922709e-07], "constrain": [0.0015600420000001503, 0.0023416670000000472, 0.00039833299999991745, 0.003041290999999946, 0.005152875000000057, 0.0018273749999999644, 0.0053612090000001444, 0.0016775419999999208]}, "final_exec_time": 2.0173845, "stages": [], "best_programs": [], "solution": {"code": "magic_value(A):- head(A,pm),magic(pm).\nmagic_value(A):- head(A,sg),magic(sg).\nmagic_value(A):- head(A,mg),magic(mg).\nmagic_value(A):- head(A,cw),magic(cw).\nmagic_value(A):- head(A,kh),magic(kh).\nmagic_value(A):- head(A,aj),magic(aj).\nmagic_value(A):- head(A,eg),magic(eg).\nmagic_value(A):- head(A,lc),magic(lc).\nmagic_value(A):- head(A,gj),magic(gj).\nmagic_value(A):- head(A,dz),magic(dz).\nmagic_value(A):- head(A,kx),magic(kx).\nmagic_value(A):- head(A,ja),magic(ja).\nmagic_value(A):- head(A,o),magic(o).\nmagic_value(A):- head(A,qd),magic(qd).\nmagic_value(A):- head(A,es),magic(es).", "is_solution": true, "conf_matrix": [200, 0, 200, 0], "total_exec_time": 2.0173817499999998, "durations": [{"operation": "Test", "called": 1, "total": 0.02103749999999982, "mean": 0.02103749999999982, "maximum": 0.02103749999999982, "__type__": "DurationSummary"}, {"operation": "Find_Bindings_Prolog", "called": 1, "total": 0.01928808400000004, "mean": 0.01928808400000004, "maximum": 0.01928808400000004, "__type__": "DurationSummary"}, {"operation": "Generate", "called": 1, "total": 0.00035912499999990466, "mean": 0.00035912499999990466, "maximum": 0.00035912499999990466, "__type__": "DurationSummary"}], "__type__": "ProgramStats"}, "is_solution": true, "stats_file": "./results/list_magicvalues_multipleclauses/magicpopper/15/8/stats.json", "end": true, "__type__": "Stats"}