{"log_best_programs": true, "num_literals": 0, "total_programs": 143, "total_rules": 0, "total_ground_rules": 0, "durations": {"generate": [0.00028249999999996334, 0.00012704200000002164, 0.0001591250000000377, 0.00028320899999995097, 9.62909999999706e-05, 0.00034458399999998113, 0.0007244170000000327, 0.00024183399999999633, 0.00036204200000000686, 0.0001575839999999884, 0.00039479200000003267, 0.00017391700000002341, 0.00018495899999998455, 0.00013595900000001881, 0.00021204199999996787, 0.00015650000000000386, 0.00015229199999999832, 0.00019737499999994412, 0.0002875420000000295, 0.00035124999999991413, 0.00030116599999996385, 0.00021316699999995858, 0.00036037499999996836, 0.00016175000000007156, 0.0001583330000000105, 0.00015983299999999812, 0.0005992079999999067, 0.00023712499999994918, 0.00015704199999999613, 0.0001276250000000756, 0.00015379100000001422, 0.00012770899999992036, 0.00019279100000002547, 0.0003338330000000056, 0.00017379200000000594, 0.0002302910000000491, 0.00016179199999999394, 0.0002174160000000258, 0.0001651249999999882, 0.00019654200000007727, 0.00016858399999997165, 0.00026208299999996854, 0.00019745900000001093, 0.000177874999999994, 0.00018029200000002632, 0.00018066700000007874, 0.0001599169999999539, 0.00017391700000002341, 0.00017020800000000502, 0.00016016600000001713, 0.00017754200000008602, 0.00017008399999995927, 0.00017666699999996371, 0.00017058300000005744, 0.00021604200000002738, 0.00032812500000001243, 0.00014291599999993743, 0.0002350829999999693, 0.00016175000000007156, 0.000367416999999981, 0.0001911249999999587, 0.00020379200000009146, 0.00018866699999997572, 0.00020633400000003022, 0.0002074579999999937, 0.0001882079999999675, 0.0002107080000000039, 0.00021774999999990552, 0.00020645800000007597, 0.00019491699999996115, 0.00020941699999998953, 0.0001907079999999839, 0.0003679170000000509, 0.0001934580000000352, 0.00024195899999990278, 0.00019374999999999254, 0.0001943330000000465, 0.00019962500000003658, 0.00020008299999996204, 0.000189875000000006, 0.0003135000000000776, 0.00020475000000019783, 0.00022208300000015058, 0.0002072090000000415, 0.0001999580000000556, 0.00019245900000020022, 0.00019345799999981317, 0.00020391700000010893, 0.00019116600000002038, 0.0002071249999999747, 0.00021599999999999397, 0.00020154199999988798, 0.00020487500000010428, 0.00020383300000004212, 0.00020833300000000499, 0.0002066659999999665, 0.00020695799999992381, 0.0002696670000001955, 0.00022383300000017314, 0.00017758299999992566, 0.00019316699999993858, 0.00022237499999988586, 0.00020095799999997332, 0.001910917000000012, 0.0022309580000001716, 0.00014312500000013273, 0.00014995900000003282, 0.0001586249999998568, 0.00024229200000003281, 0.00014574999999994454, 0.0001437919999998094, 0.00013604099999997565, 0.000525624999999863, 0.0001803750000000104, 0.000196333000000104, 0.00015929099999989482, 0.0002107080000000039, 0.00021912499999987567, 0.0001634999999999831, 0.00016458300000010695, 0.00021883400000000108, 0.00032591699999984236, 0.00023483400000001708, 0.0001477090000001624, 0.00013854199999996375, 0.00017520799999992676, 0.00014795799999989256, 0.0002079170000000019, 0.00014850000000010688, 0.00016550000000004061, 0.00014562499999981604, 0.0004937500000001815, 0.00025362500000003507, 0.0005214999999998415, 0.00016045799999986343, 0.00022258299999999842, 0.0002792090000001135, 0.0007768749999998992, 0.00019200000000019202, 0.00042366699999996094, 0.00018066699999996771, 0.0017841249999999143, 0.00022404199999992436, 0.003116874999999908], "find_bindings_prolog": [0.012822999999999973, 0.007778375000000004, 0.003015541999999982, 0.0026849159999999817, 0.001726667000000015, 0.008301375, 0.003189083999999953, 0.008245875000000014, 0.0032468749999999824, 0.00790729200000001, 0.007952334000000005, 0.008261624999999995, 0.008268750000000047, 0.008269583000000025, 0.010126583000000022, 0.0029022079999999617, 0.0030822079999999197, 0.0025817499999999383, 0.0013742500000000213, 0.0026993339999999977, 0.00269050000000004, 0.0026762499999999356, 0.0016842080000000204, 0.0015388330000000172, 0.0006100420000000328, 0.0005272920000000125, 0.009069207999999995, 0.009261416999999939, 0.009291833999999999, 0.009253166000000035, 0.0038570419999999217, 0.009927166999999959, 0.004038250000000021, 0.010345332999999957, 0.010106500000000018, 0.003696625000000009, 0.009521209000000086, 0.009234458999999973, 0.003364875000000045, 0.00882854199999994, 0.00843345800000006, 0.00894787500000005, 0.008616457999999994, 0.008440165999999971, 0.008340040999999965, 0.00840625000000006, 0.008593708000000033, 0.0005089999999999817, 0.003464958000000018, 0.009222083000000048, 0.0037100409999999417, 0.009381415999999976, 0.009965875000000013, 0.009964957999999968, 0.009894291999999916, 0.003848041999999996, 0.004269583000000021, 0.004042749999999984, 0.0040981249999999525, 0.010445083000000022, 0.00403258399999995, 0.010525666000000045, 0.004162290999999985, 0.01045991700000004, 0.004101749999999904, 0.010035584000000042, 0.010206124999999955, 0.010219332999999997, 0.010065042000000024, 0.004119374999999925, 0.004002749999999944, 0.010144542000000145, 0.010335250000000018, 0.01098599999999994, 0.004379625000000109, 0.010956707999999926, 0.010598915999999958, 0.0037125000000000075, 0.003887415999999977, 0.00388658300000011, 0.009951709000000086, 0.010214959000000023, 0.009923332999999923, 0.010208333000000014, 0.004046875000000005, 0.010522249999999955, 0.010619416999999798, 0.003931082999999891, 0.010734249999999834, 0.010904832999999892, 0.009534375000000095, 0.009566667000000084, 0.003793084000000002, 0.009277750000000085, 0.00985725000000004, 0.009440208000000005, 0.000653624999999991, 0.0007357089999999733, 0.000698290999999962, 0.0006163329999999689, 0.0006743750000000048, 0.0007971669999999875, 0.0006580000000000474, 0.0015532500000001725, 0.0007296660000000177, 0.0016046659999999768, 0.0006864589999999726, 0.0005735829999999886, 0.000539417000000153, 0.0005860410000000371, 0.0005327080000001594, 0.000585625000000034, 0.0005647920000000362, 0.0006109999999999172, 0.0006429999999999492, 0.0006464999999999943, 0.00900870900000017, 0.00933462499999993, 0.0006291250000001192, 0.0006579999999998254, 0.008499334000000136, 0.009078958000000137, 0.00935066700000009, 0.009337582999999983, 0.008876707999999844, 0.00902962499999993, 0.009430666999999948, 0.00926883299999992],