{"log_best_programs": true, "num_literals": 0, "total_programs": 17, "total_rules": 0, "total_ground_rules": 0, "durations": {"generate": [0.000472083000000012, 0.00040679100000001744, 0.00026658400000001414, 0.001260791999999955, 0.00026104200000004463, 0.0002515419999999935, 0.0011222920000000247, 0.0007610409999999623, 0.0011539170000000043, 0.00028283300000003786, 0.00042829099999996956, 0.00026770900000000486, 0.0005470419999999976, 0.0002907919999999842, 0.0002803749999999994, 0.0003125829999999774, 0.00032479099999999095, 0.010804375000000033], "find_bindings_prolog": [0.013436000000000003, 0.0019130830000000376, 0.0010934160000000137, 0.003283416999999955, 0.0012675830000000166, 0.006650625000000021, 0.020182541, 0.0030870000000000064, 0.02856645799999996, 0.03356241700000001, 0.0011897920000000228, 0.004538625000000018], "test": [0.014405374999999998, 0.003181582999999988, 0.002076791999999994, 0.0047419999999999685, 0.001471292000000013, 0.007713667000000035, 0.02856879200000001, 0.004517291000000034, 0.03460087500000003, 0.03795083399999999, 0.0014306669999999966, 0.005604875000000009, 0.0005162089999999897, 0.001102459, 0.000484083000000024, 0.0003811670000000156, 0.0003695000000000226], "combine": [0.00395233300000003, 7.499999999938112e-07, 5.409999999650417e-07, 6.250000000318501e-07, 4.580000000364848e-07, 6.249999999763389e-07, 7.499999999938112e-07, 5.42000000047782e-07, 6.670000000097431e-07, 0.002405207999999992, 5.409999999650417e-07, 6.670000000097431e-07, 4.999999999588667e-07, 4.170000000303098e-07, 4.580000000364848e-07, 4.999999999588667e-07, 4.999999999588667e-07], "constrain": [0.001049833, 0.003202125, 0.00023920799999999076, 0.004735500000000004, 0.0008391249999999961, 0.0013050000000000006, 0.0018554159999999986, 0.0016660000000000008, 0.0005135000000000001, 0.0004939999999999944, 0.0008950420000000125, 0.0033775830000000173, 0.000933416999999992, 0.0009349169999999796, 0.0009806249999999572, 0.00025812499999999794, 0.000257874999999963]}, "final_exec_time": 0.257446, "stages": [], "best_programs": [], "solution": {"code": "magic_value(A):- my_append(B,['aag'],A),magic(['aag']).\nmagic_value(['xp', 'po', 'ob', 'af', 'aii', 'am', 'ajw', 'lv', 'rq', 'zn', 'aag']):- magic(['xp', 'po', 'ob', 'af', 'aii', 'am', 'ajw', 'lv', 'rq', 'zn', 'aag']).", "is_solution": true, "conf_matrix": [10, 0, 10, 0], "total_exec_time": 0.25744020799999995, "durations": [{"operation": "Test", "called": 10, "total": 0.13922850100000006, "mean": 0.013922850100000005, "maximum": 0.03795083399999999, "__type__": "DurationSummary"}, {"operation": "Find_Bindings_Prolog", "called": 10, "total": 0.11304254000000002, "mean": 0.011304254000000003, "maximum": 0.03356241700000001, "__type__": "DurationSummary"}, {"operation": "Constrain", "called": 9, "total": 0.01540570699999999, "mean": 0.0017117452222222213, "maximum": 0.004735500000000004, "__type__": "DurationSummary"}, {"operation": "Generate", "called": 10, "total": 0.006238917000000066, "mean": 0.0006238917000000066, "maximum": 0.001260791999999955, "__type__": "DurationSummary"}, {"operation": "Combine", "called": 9, "total": 0.003957291000000085, "mean": 0.0004396990000000094, "maximum": 0.00395233300000003, "__type__": "DurationSummary"}], "__type__": "ProgramStats"}, "is_solution": true, "stats_file": "./results/list_append/magicpopper_all/2/9/stats.json", "end": true, "__type__": "Stats"}