{"log_best_programs": true, "num_literals": 0, "total_programs": 8, "total_rules": 0, "total_ground_rules": 0, "durations": {"generate": [0.0003977909999999252, 0.0007009159999999959, 0.0011819589999999547, 0.0010683750000000103, 0.001278290999999987, 0.0005094169999999565, 0.0007759579999999655, 0.0013771670000000125, 0.0009536660000000197], "find_bindings_prolog": [0.017321582999999974, 0.02944541700000003, 0.12116024999999997, 0.14029112499999985, 0.1463710410000001, 0.1356524159999999], "test": [0.018083375000000013, 0.04004033299999987, 0.016228165999999877, 0.12143512500000009, 0.14060570800000005, 0.01743858300000012, 0.1468210000000001, 0.1359550829999998], "combine": [0.005503209000000009, 0.0034320000000001016, 4.5900000000820285e-07, 5.83000000053957e-07, 5.839999999146528e-07, 5.00000000069889e-07, 4.5900000000820285e-07, 4.580000001475071e-07], "constrain": [0.002336291999999851, 0.0020499170000001232, 0.000368000000000146, 0.002663708999999903, 0.004741833999999834, 0.000461542000000037, 0.0015907090000000235, 0.004683791000000159]}, "final_exec_time": 1.7922784589999998, "stages": [], "best_programs": [], "solution": {"code": "magic_value(A):- head(A,qb),magic(qb).\nmagic_value(A):- head(A,jk),magic(jk).\nmagic_value(A):- head(A,kw),magic(kw).\nmagic_value(A):- head(A,qp),magic(qp).\nmagic_value(A):- head(A,ky),magic(ky).", "is_solution": true, "conf_matrix": [200, 0, 200, 0], "total_exec_time": 1.792275584, "durations": [{"operation": "Test", "called": 1, "total": 0.018083375000000013, "mean": 0.018083375000000013, "maximum": 0.018083375000000013, "__type__": "DurationSummary"}, {"operation": "Find_Bindings_Prolog", "called": 1, "total": 0.017321582999999974, "mean": 0.017321582999999974, "maximum": 0.017321582999999974, "__type__": "DurationSummary"}, {"operation": "Generate", "called": 1, "total": 0.0003977909999999252, "mean": 0.0003977909999999252, "maximum": 0.0003977909999999252, "__type__": "DurationSummary"}], "__type__": "ProgramStats"}, "is_solution": true, "stats_file": "./results/list_magicvalues_multipleclauses/magicpopper/5/4/stats.json", "end": true, "__type__": "Stats"}