{"log_best_programs": true, "num_literals": 0, "total_programs": 30, "total_rules": 0, "total_ground_rules": 0, "durations": {"generate": [0.00037666699999983067, 0.0003177499999997835, 0.00035133300000023127, 0.0003349589999999125, 0.0004272919999999125, 0.00028833299999986295, 0.0003039170000000979, 0.0003547080000001479, 0.0002856250000000671, 0.00034075000000033384, 0.00032575000000001353, 0.00029387500000011, 0.00033179099999980366, 0.00031229200000026935, 0.00037866700000321885, 0.0005270830000014826, 0.00032791599999981713, 0.0003537909999984379, 0.0003053749999999411, 0.0003692080000021747, 0.00034591700000419223, 0.0004192500000002042, 0.0003387919999937594, 0.0003237909999995736, 0.0004519999999956781, 0.00032512499999626243, 0.0004628330000002734, 0.002128625000004547, 0.0004378340000030789, 0.00047120899999697485, 0.00015941599999536038], "test": [0.039395124999999975, 0.04930387500000011, 0.008983790999999908, 0.17456637499999994, 0.1742850840000001, 0.04722854099999996, 0.009112000000000009, 0.006721792000000004, 0.00665149999999981, 0.10152495800000017, 0.012709540999999991, 0.01263270900000002, 0.18478862499999993, 14.266698375, 0.047307749999998094, 0.008151083000001336, 0.007448709000001941, 0.01353787500000081, 0.006795125000000013, 0.053071000000002755, 0.1826732080000042, 0.010503999999997404, 0.03378070800000188, 0.02153520899999961, 0.01596479100000181, 0.01625441700000607, 0.01811241600000102, 3.9406274579999945, 0.02538054099999698, 0.5593717920000003], "combine": [5.419999999922709e-07, 0.022655165999999838, 4.1599999978103597e-07, 0.03551870800000012, 5.839999999146528e-07, 0.036349792000000214, 3.7499999994139444e-07, 4.160000002251252e-07, 3.7499999994139444e-07, 0.09806137500000034, 3.7499999994139444e-07, 3.340000001017529e-07, 4.1599999978103597e-07, 13.776812041, 5.420000022127169e-07, 4.5799999881523945e-07, 3.74999999053216e-07, 3.750000026059297e-07, 3.329999991308341e-07, 4.170000025283116e-07, 5.000000058430487e-07, 3.74999999053216e-07, 4.999999987376214e-07, 4.5800000236795313e-07, 4.590000060034072e-07, 4.999999987376214e-07, 6.249999984220267e-07, 5.420000022127169e-07, 4.999999987376214e-07, 0.1016100410000007], "constrain": [0.0011682920000000152, 0.0011279579999996514, 0.001269291999999922, 0.00015404100000004917, 0.00118724999999964, 0.00016241699999985926, 0.0014026249999998797, 0.00023187499999988148, 0.00019141599999983328, 0.00012470899999961205, 0.00018558299999993366, 0.0001926249999999463, 0.00011362499999956199, 0.0001437089999996033, 0.00010304200000277319, 0.00021891699999798675, 0.00020233300000072063, 0.00019791699999771595, 0.000200667000001431, 0.00015212499999961437, 0.000147042000001818, 0.0002392090000000735, 0.00018866700000330638, 0.0001872499999961974, 0.00023570799999816927, 0.0002498750000015093, 0.00036541700000469746, 0.0012905840000030366, 0.002008750000001669, 0.00013616599999721757], "find_bindings_prolog": [0.04889804200000025, 0.008738874999999702, 0.17419787499999995, 0.17386270800000014, 0.04682545799999982, 0.008859333000000191, 0.006465292000000122, 0.0064026670000001396, 0.10018824999999998, 0.012454167000000016, 0.012381958000000193, 0.1842240000000004, 14.058299375, 0.046404916000000185, 0.007895500000000055, 0.007181082999998978, 0.013264540999998076, 0.006536083000000303, 0.05245783399999837, 0.182089665999996, 0.010101917000000071, 3.9400717500000013, 0.5583949170000011], "inconsistent thingy": [6.749999997168743e-06]}, "final_exec_time": 36.66681825, "stages": [], "best_programs": [], "solution": {"code": "magic_value(A):- head(A,c7),magic(c7).\nmagic_value(A):- tail(A,B),magic_value(B).", "is_solution": true, "conf_matrix": [2000, 0, 2000, 0], "total_exec_time": 36.666816666, "durations": [{"operation": "Test", "called": 30, "total": 20.05511837300001, "mean": 0.6685039457666669, "maximum": 14.266698375, "__type__": "DurationSummary"}, {"operation": "Find_Bindings_Prolog", "called": 23, "total": 19.666196206999995, "mean": 0.8550520089999998, "maximum": 14.058299375, "__type__": "DurationSummary"}, {"operation": "Combine", "called": 29, "total": 13.969407874000014, "mean": 0.48170371979310395, "maximum": 13.776812041, "__type__": "DurationSummary"}, {"operation": "Constrain", "called": 29, "total": 0.013642920000008107, "mean": 0.0004704455172416589, "maximum": 0.002008750000001669, "__type__": "DurationSummary"}, {"operation": "Generate", "called": 30, "total": 0.012612457999999993, "mean": 0.00042041526666666644, "maximum": 0.002128625000004547, "__type__": "DurationSummary"}, {"operation": "Inconsistent Thingy", "called": 1, "total": 6.749999997168743e-06, "mean": 6.749999997168743e-06, "maximum": 6.749999997168743e-06, "__type__": "DurationSummary"}], "__type__": "ProgramStats"}, "is_solution": true, "stats_file": "./results/list_example/magicpopper_types/2000/stats.json", "end": true, "__type__": "Stats"}