{"log_best_programs": true, "num_literals": 0, "total_programs": 20, "total_rules": 0, "total_ground_rules": 0, "durations": {"generate": [0.0004254580000000452, 0.0003846669999999497, 0.0003079590000000243, 0.0004726250000000043, 0.00036070799999998737, 0.0004222499999999574, 0.0003474159999999893, 0.0006110409999999789, 0.0005145829999999574, 0.0005849169999999626, 0.0007414999999999505, 0.0005324999999999358, 0.0007466670000000342, 0.0004818340000000143, 0.0006251250000000041, 0.00038508299999995277, 0.0003727079999999994, 0.00036037499999996836, 0.0003531669999999876, 0.0004070830000000303], "test": [0.02541829200000001, 0.0008370829999999607, 0.0007738330000000015, 0.0006356250000000285, 0.0006500409999999901, 0.0010035419999999684, 0.0007372500000000226, 0.000683083999999945, 0.0014082920000000332, 0.0008486249999999362, 0.0007428750000000317, 0.0008703340000000281, 0.0013898329999999515, 0.0012721669999999907, 0.015890124999999977, 0.008634042000000064, 0.008433165999999992, 0.014744291000000076, 0.014997417000000013, 0.0010433330000000351], "combine": [5.419999999922709e-07, 5.419999999922709e-07, 4.580000000364848e-07, 4.5900000000820285e-07, 4.580000000364848e-07, 3.7500000005241674e-07, 4.999999999588667e-07, 4.1699999997479864e-07, 5.410000000205528e-07, 6.670000000097431e-07, 1.0625000000041851e-05, 4.5900000000820285e-07, 5.410000000205528e-07, 6.249999999763389e-07, 5.419999999922709e-07, 4.999999999588667e-07, 4.580000000364848e-07, 4.999999999588667e-07, 5.83000000053957e-07], "constrain": [0.0020099170000000832, 0.0016641669999999387, 0.0002867920000000357, 0.0001619170000000114, 0.00025529200000007357, 0.00013945800000003672, 0.00041483300000000334, 0.00019900000000006024, 0.0001547499999999813, 0.0001599580000000156, 0.00023958299999993216, 0.00015983400000008086, 0.0037907919999999873, 0.00022333299999999223, 0.00016916600000005388, 0.00017020800000000502, 0.00015366699999996847, 0.001272166000000019, 0.00018170799999994713]}, "final_exec_time": 0.269563291, "stages": [], "best_programs": [], "solution": {"code": "magic_value(A):- head(A,B),c7(B).\nmagic_value(A):- tail(A,B),magic_value(B).", "is_solution": true, "conf_matrix": [10, 0, 1, 0], "total_exec_time": 0.26956075, "durations": [{"operation": "Test", "called": 20, "total": 0.10101325000000005, "mean": 0.005050662500000002, "maximum": 0.02541829200000001, "__type__": "DurationSummary"}, {"operation": "Constrain", "called": 19, "total": 0.011806541000000226, "mean": 0.000621396894736854, "maximum": 0.0037907919999999873, "__type__": "DurationSummary"}, {"operation": "Generate", "called": 20, "total": 0.009437665999999734, "mean": 0.0004718832999999867, "maximum": 0.0007466670000000342, "__type__": "DurationSummary"}, {"operation": "Combine", "called": 19, "total": 1.9792000000129484e-05, "mean": 1.0416842105331308e-06, "maximum": 1.0625000000041851e-05, "__type__": "DurationSummary"}], "__type__": "ProgramStats"}, "is_solution": true, "stats_file": "./results/list_constant/popper/1/6/stats.json", "end": true, "__type__": "Stats"}