{"log_best_programs": true, "num_literals": 0, "total_programs": 1, "total_rules": 0, "total_ground_rules": 0, "durations": {"generate": [0.00046320900000001997, 0.001979249999999988], "find_bindings_prolog": [0.060083416], "test": [0.06139120900000006], "combine": [0.010661458999999929], "constrain": [0.002458417000000046]}, "final_exec_time": 0.33814233400000004, "stages": [], "best_programs": [], "solution": {"code": "magic_value(A):- member(a,A),magic(a).", "is_solution": true, "conf_matrix": [100, 0, 100, 0], "total_exec_time": 0.33813783399999997, "durations": [{"operation": "Test", "called": 1, "total": 0.06139120900000006, "mean": 0.06139120900000006, "maximum": 0.06139120900000006, "__type__": "DurationSummary"}, {"operation": "Find_Bindings_Prolog", "called": 1, "total": 0.060083416, "mean": 0.060083416, "maximum": 0.060083416, "__type__": "DurationSummary"}, {"operation": "Generate", "called": 1, "total": 0.00046320900000001997, "mean": 0.00046320900000001997, "maximum": 0.00046320900000001997, "__type__": "DurationSummary"}], "__type__": "ProgramStats"}, "is_solution": true, "stats_file": "./results/list_magicvaluesameclause/magicpopper/1/7/stats.json", "end": true, "__type__": "Stats"}