{"log_best_programs": true, "num_literals": 0, "total_programs": 96, "total_rules": 0, "total_ground_rules": 0, "durations": {"generate": [0.0004165409999999925, 0.00024779200000002444, 0.00025724999999998666, 0.0003162920000000513, 0.00023983399999999433, 0.0004362089999999652, 0.00011262499999997733, 0.0001224590000000192, 0.0001804170000000438, 0.000258207999999982, 0.00019662500000000582, 0.00015866700000000122, 0.0001491250000000277, 0.0001855000000000051, 0.0001800420000000469, 0.000397874999999992, 0.0002935420000000355, 0.00017358300000003268, 0.0001446660000000155, 0.00016699999999997273, 0.00013983300000003362, 0.0001603330000000125, 0.0001859580000000416, 0.00013195799999998759, 0.0002738330000000011, 0.00014295799999997083, 0.0001451250000000237, 0.00018004100000001966, 0.0001627079999999559, 0.0001407499999999673, 0.00016329100000000984, 0.00014408300000001706, 0.000142665999999958, 0.0001423750000000279, 0.0001428339999999806, 0.00018408300000000155, 0.00014199999999997548, 0.00018041600000001656, 0.00013825000000000642, 0.0001403750000000259, 0.00014704199999998613, 0.00016800000000000148, 0.00020708400000002403, 0.0001390829999999843, 0.00018145899999999493, 0.00021970900000001237, 0.00018545899999999893, 0.0005235829999999941, 0.000386541000000018, 0.0007857079999999961, 0.00017733300000000174, 0.0002048340000000426, 0.00016362500000000058, 0.00018391600000000619, 0.0002747079999999569, 0.0002707089999999246, 0.00028966699999999346, 0.00024204100000002615, 0.00023737499999998413, 0.0001375000000000126, 0.00014833400000002772, 0.0001362910000000106, 0.0001471669999999481, 0.00014199999999997548, 0.00016212500000001295, 0.00014250000000004537, 0.00015379199999998594, 0.00022141700000000153, 0.0001519580000000076, 0.0002894999999999426, 0.00024279199999999168, 0.0001459589999999178, 0.00018758299999999117, 0.00015575000000001005, 0.00013795799999993807, 0.00016745800000006472, 0.0001406249999998943, 0.00017937499999998163, 0.00013545900000000444, 0.00013900000000000023, 0.00013649999999998386, 0.00014095899999999606, 0.00017320799999998027, 0.00020979199999993092, 0.000153541999999951, 0.0009694999999999565, 0.000893625000000009, 0.00017620800000006653, 0.00019041699999999828, 0.0003586669999999792, 0.00016341699999999904, 0.0001651249999999882, 0.00048199999999998244, 0.0001630409999999749, 0.00016791700000007292, 0.0001617909999999112, 0.001666583999999971], "find_bindings_prolog": [0.012604999999999977, 0.0011936670000000094, 0.0005844580000000099, 0.0005167500000000103, 0.00041799999999997395, 0.00047116699999999456, 0.0004441669999999953, 0.00045050000000002033, 0.000513417000000016, 0.0004866250000000183, 0.0005634999999999946, 0.00046741699999997, 0.00045437499999995135, 0.00042562499999998504, 0.0004205829999999744, 0.00039670799999996786, 0.00044366699999998094, 0.0005412090000000425, 0.0005804169999999997, 0.0005022499999999819, 0.0004928330000000258, 0.0004559590000000058, 0.00041354100000001726, 0.0005070830000000193, 0.0004685420000000162, 0.00048354099999997624, 0.00046075000000000976, 0.0005274169999999745, 0.0005104160000000135, 0.0005913330000000272, 0.000511874999999995, 0.0005201249999999824, 0.0004922090000000212, 0.0005211250000000112, 0.0008285000000000098, 0.0005235000000000101, 0.0004887920000000157, 0.0005248749999999802, 0.00045675000000000576, 0.000559958000000027, 0.0005115410000000042, 0.0006400420000000073, 0.0005055420000000255, 0.00047308299999992975, 0.0005764169999999957, 0.0005083750000000054, 0.0005570409999999804, 0.0005070000000000352, 0.0005058330000000666, 0.0005718330000000771, 0.0008128749999999352, 0.0005155829999999861, 0.0005256670000000074, 0.0017359590000000091, 0.0005932499999999896, 0.0006450409999999573, 0.000504958999999916, 0.0006109999999999172, 0.0004965420000000442, 0.0004781659999999466, 0.0004515000000000491, 0.00045666600000005, 0.000490207999999992, 0.0005114999999999981, 0.0005253749999999391, 0.0004993750000000796, 0.0005735419999999269, 0.0005673329999998922, 0.0005658330000000156, 0.0005244589999999771, 0.0004980829999999825, 0.0005215000000000636, 0.0004953750000000756, 0.000549291999999979, 0.0005179170000000344, 0.0005851669999999976, 0.00048545799999999417, 0.0005162499999999959, 0.00045166700000009996, 0.0004824999999999413, 0.0005151249999999497, 0.0005262500000000614, 0.0018931669999999734, 0.0005700419999999928, 0.0005084589999999611, 0.0005747500000000683, 0.0005635000000000501, 0.0005575409999999392, 0.0005710829999999723, 0.0005001249999999624, 0.0005425000000000013, 0.00059975000000001, 0.0005342919999999918, 0.0005279999999999729, 0.0005410410000000754, 0.0005254579999999232], "test": [0.013004749999999954, 0.002143915999999968, 0.0008652500000000396, 0.000787291999999995, 0.0006784999999999708, 0.0007645830000000409, 0.0006102089999999727, 0.0007371660000000113, 0.0009577920000000129, 0.0007887919999999826, 0.0008571250000000141, 0.0007586249999999573, 0.0007417089999999793, 0.0007123330000000094, 0.0007065830000000384, 0.0005630830000000198, 0.0006267920000000426, 0.0008622079999999754, 0.0009132079999999987, 0.0008225829999999879, 0.0008167499999999772, 0.0006345830000000219, 0.0005932089999999834, 0.0006863749999999613, 0.0007857920000000074, 0.0008019169999999853, 0.0007774999999999865, 0.0008432910000000238, 0.0008250830000000042, 0.0009057089999999768, 0.0008477909999999866, 0.0008373329999999957, 0.0008061249999999909, 0.0008361250000000209, 0.0011474160000000122, 0.0008401670000000028, 0.0008046250000000033, 0.0008388750000000167, 0.0007708749999999487, 0.0008743339999999766, 0.0008267920000000206, 0.0009545839999999806, 0.0007015839999999773, 0.0006599169999999543, 0.0009006249999999882, 0.0009876250000000475, 0.0012325420000000031, 0.0008266670000000031, 0.0008241249999999534, 0.001108709000000041, 0.0022209169999999334, 0.0008655830000000586, 0.0010494589999999748, 0.002041207999999961, 0.0009566250000000442, 0.0009977909999999701, 0.0008500830000000015, 0.0009598750000000544, 0.0006931249999999611, 0.0006723330000000249, 0.0006441669999999178, 0.0006510410000000189, 0.0006869590000000425, 0.0007079170000000579, 0.0007236670000000389, 0.0006984159999999795, 0.0007700829999999215, 0.0009174590000000649, 0.0009116660000000332, 0.0008701250000000549, 0.000691167000000048, 0.0008645409999999965, 0.0006899169999999843, 0.0008930000000000327, 0.0007106250000000758, 0.0007788329999999233, 0.0006806670000000237, 0.0007095000000000296, 0.0006440420000000113, 0.0006734579999999601, 0.0007076249999999895, 0.0007246250000000343, 0.0021275420000000933, 0.0007867080000000248, 0.0007106669999999982, 0.0009621249999999248, 0.0009443329999999639, 0.0011271659999999573, 0.0013620420000000077, 0.0007141669999999323, 0.0009193339999999939, 0.0009804169999999557, 0.0007491670000000505, 0.0009067090000000055, 0.0007526249999999512, 0.0009020410000000201],