{"log_best_programs": true, "num_literals": 0, "total_programs": 65, "total_rules": 0, "total_ground_rules": 0, "durations": {"generate": [0.0005571249999999917, 0.0006014579999999992, 0.0005604170000000352, 0.001600708999999978, 0.0012489580000000222, 0.0007155839999999913, 0.0016820830000000009, 0.000411875000000006, 0.00048562499999998954, 0.0003134999999999666, 0.0003170409999999624, 0.00034279100000000895, 0.0037121250000000106, 0.0015927079999999982, 0.0012543750000000298, 0.0008207919999999591, 0.0007435840000000193, 0.006440292000000014, 0.00044870799999996436, 0.00034470799999997137, 0.00034770899999997384, 0.00300904099999999, 0.0004173749999999976, 0.00035445800000000194, 0.0005489160000000104, 0.0019537079999999984, 0.0015870840000000164, 0.0005313329999999672, 0.0003351249999999917, 0.00034804100000002114, 0.0003394580000000147, 0.00033791599999999367, 0.0003239589999999848, 0.0003443340000000017, 0.00033524999999995364, 0.0005791250000000137, 0.0018197500000000089, 0.0003679589999999733, 0.0005290000000000017, 0.000333749999999966, 0.00033358299999997065, 0.000362207999999975, 0.0003889160000000169, 0.0005533749999999671, 0.0010425829999999858, 0.00033962500000001006, 0.0003645829999999739, 0.0024278750000000238, 0.0004113749999999916, 0.0007625420000000327, 0.002040666999999996, 0.0004225419999999702, 0.0009357080000000351, 0.006450375000000008, 0.0013016670000000063, 0.0005822910000000125, 0.0003602500000000064, 0.00035487500000003225, 0.0004115000000000091, 0.0003745829999999839, 0.0003630419999999801, 0.0004402499999999754, 0.00035116600000001386, 0.00035037500000001387, 0.005552332999999965], "test": [0.02105533399999998, 0.0003734579999999932, 0.00038441699999997025, 0.0004621249999999799, 0.0004029580000000088, 0.0004972919999999825, 0.00044349999999998557, 0.0004111250000000122, 0.00042474999999997376, 0.00045966699999999694, 0.00037854100000001, 0.00036004100000003314, 0.0003753750000000111, 0.00044520800000003025, 0.000413875000000008, 0.0003617919999999719, 0.0004093749999999896, 0.0004649999999999932, 0.00042491700000002464, 0.00040362500000001855, 0.0004106249999999978, 0.00047962500000003905, 0.00044362500000000304, 0.0004717080000000151, 0.0005940839999999947, 0.00044650000000001633, 0.0004585830000000124, 0.0004142919999999828, 0.0004354579999999997, 0.00046883300000000183, 0.00041233300000004247, 0.0003934999999999911, 0.0004333750000000136, 0.00044358300000002515, 0.00044512499999999067, 0.0005196670000000014, 0.0004801249999999979, 0.0004282919999999968, 0.00041645800000000843, 0.00037958300000001666, 0.00043529200000003154, 0.00040808399999997524, 0.0004386250000000258, 0.000387874999999982, 0.0004080830000000035, 0.00041320799999999824, 0.000412208000000025, 0.00045329199999999403, 0.00046529200000000603, 0.0004330419999999946, 0.0004606249999999923, 0.0005139999999999589, 0.00046870799999998436, 0.0004461669999999973, 0.00046358300000004515, 0.0004450420000000066, 0.00041558399999996887, 0.0004207090000000191, 0.00045912500000000467, 0.00044233300000001696, 0.0004437080000000426, 0.0004452910000000143, 0.0004622080000000195, 0.0004241670000000308, 0.0008088329999999533], "combine": [0.002337916999999967, 5.000000000143778e-07, 0.0021692919999999893, 4.170000000303098e-07, 5.419999999922709e-07, 5.000000000143778e-07, 4.1699999997479864e-07, 4.5799999998097363e-07, 4.580000000364848e-07, 4.1600000000308057e-07, 4.170000000303098e-07, 4.1699999997479864e-07, 4.1600000000308057e-07, 3.749999999969056e-07, 4.170000000303098e-07, 3.749999999969056e-07, 4.1699999997479864e-07, 5.829999999984459e-07, 4.170000000303098e-07, 4.1600000000308057e-07, 3.749999999969056e-07, 4.1699999997479864e-07, 4.1600000000308057e-07, 4.5799999998097363e-07, 4.5799999998097363e-07, 4.170000000303098e-07, 4.5799999998097363e-07, 4.170000000303098e-07, 4.1600000000308057e-07, 4.5900000000820285e-07, 3.749999999969056e-07, 4.1600000000308057e-07, 3.749999999969056e-07, 4.5900000000820285e-07, 3.749999999969056e-07, 4.1600000000308057e-07, 4.5900000000820285e-07, 4.170000000303098e-07, 4.1600000000308057e-07, 4.170000000303098e-07, 4.1699999997479864e-07, 4.170000000303098e-07, 3.749999999969056e-07, 4.1600000000308057e-07, 3.749999999969056e-07, 3.749999999969056e-07, 4.5900000000820285e-07, 4.580000000364848e-07, 4.1600000000308057e-07, 3.749999999969056e-07, 4.170000000303098e-07, 4.5799999998097363e-07, 4.1699999997479864e-07, 4.170000000303098e-07, 4.1600000000308057e-07, 4.580000000364848e-07, 3.749999999969056e-07, 4.170000000303098e-07, 4.1600000000308057e-07, 4.1699999997479864e-07, 3.749999999969056e-07, 3.749999999969056e-07, 3.749999999969056e-07, 3.749999999969056e-07], "constrain": [0.0011194589999999893, 0.00013737499999999514, 0.00132525, 0.00031483300000001435, 0.0003149580000000318, 0.0019022080000000163, 0.00030687500000003975, 0.00031124999999998515, 0.00029366600000002574, 0.00029004199999999036, 0.00028812499999997243, 0.0002865409999999735, 0.00025937500000000613, 0.0005683329999999764, 0.000557542000000022, 0.00029775000000004104, 0.00030408299999995503, 0.0005662499999999904, 0.0005310000000000037, 0.0006236250000000165, 0.0005396659999999942, 0.0005483339999999837, 0.0005357080000000236, 0.0005221670000000178, 0.0005308749999999862, 0.0005274580000000362, 0.0005308749999999862, 0.0005180830000000025, 0.0005281249999999904, 0.0005291250000000192, 0.0005247500000000183, 0.0005175000000000041, 0.0005257920000000249, 0.0005294580000000382, 0.00052162499999997, 0.0019606249999999936, 0.0005318749999999595, 0.0005248330000000023, 0.0005201669999999603, 0.0005229170000000116, 0.0005383750000000354, 0.0005314160000000068, 0.0005340840000000457, 0.0005191660000000153, 0.0005168329999999943, 0.0005149159999999764, 0.0005262500000000059, 0.0005181659999999866, 0.0005274580000000362, 0.0005225829999999654, 0.0029654590000000036, 0.0005300840000000417, 0.0005250410000000039, 0.0005307499999999687, 0.0005297089999999893, 0.0005271250000000172, 0.0005232499999999751, 0.0005287089999999606, 0.0005310829999999878, 0.0005433750000000126, 0.0005260830000000105, 0.000523957999999991, 0.0005285839999999986, 0.0005275000000000141]}, "final_exec_time": 0.214229458, "stages": [], "best_programs": [], "solution": {"code": "f(A,B):- tail(A,C),f(C,B).\nf(A,B):- head(A,B).", "is_solution": true, "conf_matrix": [10, 0, 10, 0], "total_exec_time": 0.214227333, "durations": [{"operation": "Generate", "called": 65, "total": 0.06621603799999976, "mean": 0.0010187082769230731, "maximum": 0.006450375000000008, "__type__": "DurationSummary"}, {"operation": "Test", "called": 65, "total": 0.04930283300000021, "mean": 0.0007585051230769264, "maximum": 0.02105533399999998, "__type__": "DurationSummary"}, {"operation": "Constrain", "called": 64, "total": 0.03767845500000011, "mean": 0.0005887258593750017, "maximum": 0.0029654590000000036, "__type__": "DurationSummary"}, {"operation": "Combine", "called": 64, "total": 0.004533374000000201, "mean": 7.083396875000314e-05, "maximum": 0.002337916999999967, "__type__": "DurationSummary"}], "__type__": "ProgramStats"}, "is_solution": true, "stats_file": "./results/member/popper/7/stats.json", "end": true, "__type__": "Stats"}