{"log_best_programs": true, "num_literals": 0, "total_programs": 2, "total_rules": 0, "total_ground_rules": 0, "durations": {"generate": [0.0003251249999999817, 0.001756458999999988, 0.000829624999999945], "find_bindings_prolog": [0.025130208000000043, 1.050312625], "bind": [5.829999999984459e-07, 0.188793333], "test": [0.025402917000000025, 1.240117541], "combine": [5.419999999922709e-07, 0.04814300000000005], "constrain": [0.0033388340000000127, 0.004791208000000102]}, "final_exec_time": 1.454476625, "stages": [], "best_programs": [], "solution": null, "is_solution": false, "stats_file": "./results/list_magicvaluesameclause/magicpopper/13/9/stats.json", "end": true, "__type__": "Stats"}