{"log_best_programs": true, "num_literals": 0, "total_programs": 92, "total_rules": 0, "total_ground_rules": 0, "durations": {"generate": [0.0003430419999999046, 0.0001555410000000368, 0.00017087500000001477, 0.0003857079999998181, 9.824999999996642e-05, 0.0006147919999999196, 0.00020641700000001428, 0.0002515410000001328, 0.0006609159999999559, 0.000537291999999967, 0.0004222920000001018, 0.0002452080000001633, 0.0002726669999999487, 0.0005243749999999103, 0.00019816699999997134, 0.00025012499999998994, 0.00021708299999989578, 0.0001925409999998795, 0.00018183399999993632, 0.0007152910000001178, 0.00013312500000006722, 0.00014104200000009115, 0.00013212500000014948, 0.0003903750000000539, 0.0003181660000000086, 0.00021616700000004485, 0.0001838329999999111, 0.00020262500000001182, 0.0002411250000000642, 0.0006392909999999308, 0.00030937500000005613, 0.0003250420000000531, 0.0001769169999996656, 0.00021770800000009416, 0.00042050000000015686, 0.00022483299999986883, 0.00028612500000013696, 0.00022650000000012938, 0.0002579999999996474, 0.0019217920000000888, 0.00025591599999996717, 0.00043029199999988776, 0.00021770800000009416, 0.00041562500000003055, 0.0004475830000001402, 0.0008484589999997461, 0.00014516699999989058, 0.00015158399999970484, 0.00022016700000015987, 0.00018795799999971052, 0.00020883400000037966, 0.00015641699999990877, 0.00018466699999963865, 0.00015470799999972584, 0.00015329199999980503, 0.00016320900000010852, 0.00019091700000029022, 0.00018562499999985604, 0.00019474999999991027, 0.00019195799999982555, 0.00023554099999989475, 0.00015508299999966724, 0.00017133299999994023, 0.00022066700000022976, 0.00016141600000008083, 0.00016304200000005764, 0.0002143750000000999, 0.00016166700000042056, 0.00028895800000006133, 0.00022708300000040538, 0.00016362499999900137, 0.00016175000000018258, 0.0001933750000002732, 0.00016079200000085336, 0.00017933299999839392, 0.00015254199999858997, 0.00018745799999919655, 0.00018975000000054365, 0.0002505839999997761, 0.00015170800000063878, 0.0004179170000000454, 0.00017487500000079592, 0.00017829199999930267, 0.0001724579999997644, 0.00029025000000082457, 0.00017041599999956247, 0.00032320899999938035, 0.0009870410000001328, 0.0001877500000002641, 0.0002282909999991034, 0.00018937499999971408, 0.00021120899999971243, 0.0026913750000012726], "find_bindings_prolog": [0.03467737500000001, 0.08672916699999988, 0.04224658400000014, 0.04592408399999992, 0.090807042, 0.013868417000000077, 0.022408082999999968, 0.0830881670000001, 0.08006095800000002, 0.03814187499999999, 0.020356916999999974, 0.01491545900000002, 0.0213031669999999, 0.020783207999999886, 0.02145258399999994, 0.012449957999999928, 0.045336374999999984, 0.04395774999999991, 0.001978500000000105, 0.047648915999999986, 0.04674800000000001, 0.04770762500000014, 0.09779954199999996, 0.09396937499999991, 0.0019141660000001615, 0.04890929200000027, 0.047395166000000266, 0.08836716699999991, 0.09718970800000015, 0.01217591699999998, 0.053221375000000126, 0.055938708999999864, 0.09711258299999992, 0.09655924999999987, 0.08536750000000026, 0.0852566669999999, 0.0028495419999998717, 0.0027417919999996876, 0.0017680410000000535, 0.001930917000000143, 0.003866334000000027, 0.0019377090000003427, 0.003855000000000164, 0.0030861249999998286, 0.003469916999999878, 0.0019195409999999136, 0.0019118339999999456, 0.04625645800000022, 0.048977999999999966, 0.04120945799999998, 0.0034708750000000954, 0.0026937920000000837, 0.0027787919999999744, 0.0031009590000001808, 0.003708624999999799, 0.002754084000000212, 0.0019181670000003592, 0.0027757080000001544, 0.04659441700000011, 4.771217042, 0.0019145829999995811, 0.0025122080000006264, 0.002780707999999521, 0.042055165999999033, 0.0027445000000003716, 0.002372083000000913, 0.002995249999999672, 0.0033011670000000493, 0.0035883329999997216, 0.0020459160000001475, 0.0020897919999995906, 0.004172583000000785, 0.0024224579999998497, 0.0020591250000006056, 0.015962083999999876, 0.003817541000000091, 0.015548791000000506], "test": [0.03540291700000009, 0.000908083000000115, 0.08804224999999999, 0.0011252090000000159, 0.0014292080000000151, 0.04290891600000002, 0.046952208999999856, 0.09231733399999986, 0.01438720800000004, 0.02310904199999997, 0.08449337500000009, 0.0814054580000001, 0.03874054199999999, 0.02100312500000001, 0.015369708000000148, 0.022109125000000063, 0.021585667000000086, 0.02226808299999994, 0.013109833000000126, 0.0012084999999999457, 0.00041054100000015303, 0.0006444589999998751, 0.001055084000000095, 0.04611537499999985, 0.04473429200000001, 0.002189374999999938, 0.04841391699999997, 0.047566165999999965, 0.048506417000000024, 0.09946362499999983, 0.09578429100000019, 0.0022571670000002264, 0.04991670800000003, 0.04844291599999995, 0.09012587500000002, 0.09895475000000031, 0.012725583000000373, 0.05437629200000016, 0.057069374999999756, 0.09903108299999985, 0.09828674999999976, 0.08704137500000009, 0.08689662500000006, 0.0030621250000000266, 0.002945749999999858, 0.002151749999999897, 0.0017142079999996618, 0.0019740829999999043, 0.002151749999999897, 0.004086709000000077, 0.0021559579999999023, 0.004075207999999719, 0.0033072079999998394, 0.003688292000000093, 0.002136124999999822, 0.002128958000000125, 0.04714645900000036, 0.049873834000000006, 0.04209458399999999, 0.003692458000000176, 0.0028917499999998597, 0.0029949579999999365, 0.0033179160000003094, 0.003924125000000167, 0.002968958000000299, 0.002135083000000204, 0.0029962499999998116, 0.04743370899999988, 4.772159, 0.0021437920000000332, 0.002713207999999412, 0.002999541999999522, 0.042871834000001385, 0.0029504579999990455, 0.09206566599999988, 0.13920266699999928, 0.0021326659999996167, 0.4928838339999988, 0.0008379170000001324, 0.5704854159999986, 0.002648374999999703, 0.003232792000000373, 0.0035362499999997965, 0.003824040999999667, 0.002282458000001597, 0.0023223750000003207, 0.0044230419999991, 0.0027280829999991596, 0.0022959579999994872, 0.01620350000000137, 0.004052750000001382, 0.015789500000000345],