{"log_best_programs": true, "num_literals": 0, "total_programs": 1, "total_rules": 0, "total_ground_rules": 0, "durations": {"generate": [0.0002484999999998738], "find_bindings_prolog": [0.029036167000000113], "test": [0.0680111670000001], "combine": [0.019868207999999887], "constrain": [0.001539250000000214]}, "final_exec_time": 1.383394375, "stages": [], "best_programs": [], "solution": {"code": "magic_value(A):- head(A,jc),const(jc).", "is_solution": true, "conf_matrix": [199, 0, 200, 0], "total_exec_time": 1.376794791, "durations": [{"operation": "Test", "called": 1, "total": 0.0680111670000001, "mean": 0.0680111670000001, "maximum": 0.0680111670000001, "__type__": "DurationSummary"}, {"operation": "Find_Bindings_Prolog", "called": 1, "total": 0.029036167000000113, "mean": 0.029036167000000113, "maximum": 0.029036167000000113, "__type__": "DurationSummary"}, {"operation": "Generate", "called": 1, "total": 0.0002484999999998738, "mean": 0.0002484999999998738, "maximum": 0.0002484999999998738, "__type__": "DurationSummary"}], "__type__": "ProgramStats"}, "is_solution": true, "stats_file": "./results/list_magicvalues_multipleclauses/magicpopper/1/stats.json", "__type__": "Stats"}