{"log_best_programs": true, "num_literals": 0, "total_programs": 20, "total_rules": 0, "total_ground_rules": 0, "durations": {"generate": [0.00040720800000004775, 0.0003737499999999505, 0.0003950409999999849, 0.000355749999999988, 0.0003721669999999788, 0.00033474999999993926, 0.00032916599999999185, 0.0003081660000000541, 0.00036341700000008803, 0.0005032090000000045, 0.000605957999999962, 0.00037520800000001575, 0.00037716600000003986, 0.0004321670000000388, 0.0005506670000000602, 0.00039041699999997626, 0.00034191599999999767, 0.0003902500000000364, 0.00042562499999998504, 0.0006606670000000037], "test": [0.03535216699999999, 0.0008684169999999547, 0.0008822500000000844, 0.00044704099999992586, 0.0005055830000000316, 0.0011823749999999578, 0.0008907500000000512, 0.00043529200000003154, 0.0008952909999999648, 0.000459416999999962, 0.0010061250000000799, 0.0007075829999999561, 0.0009301670000000373, 0.0015067919999999235, 0.01673800000000003, 0.008555666999999989, 0.008683083999999952, 0.015068583000000024, 0.015404666000000011, 0.0010898329999999845], "combine": [5.840000000256751e-07, 4.999999999588667e-07, 4.580000000364848e-07, 4.1700000008582094e-07, 4.579999999254625e-07, 4.5900000000820285e-07, 4.1699999997479864e-07, 3.7499999994139444e-07, 4.999999999588667e-07, 4.580000000364848e-07, 4.579999999254625e-07, 4.1700000008582094e-07, 5.419999999922709e-07, 5.840000000256751e-07, 5.829999999429347e-07, 4.1700000008582094e-07, 5.419999999922709e-07, 5.00000000069889e-07, 5.419999999922709e-07], "constrain": [0.001077291999999952, 0.002385583999999996, 0.00012616599999992761, 0.00012041699999998379, 0.00010483399999994258, 0.00011125000000000718, 0.00020145800000004321, 9.625000000001993e-05, 0.00019691700000001866, 0.00029683300000005186, 0.00032933300000004273, 0.00012412500000003046, 0.0018605830000000267, 0.00017849999999997035, 0.00017508399999999202, 0.0011409580000000252, 0.00017304200000001213, 0.00017633299999997298, 0.00017537499999997763]}, "final_exec_time": 0.28435049999999995, "stages": [], "best_programs": [], "solution": {"code": "magic_value(A):- tail(A,B),magic_value(B).\nmagic_value(A):- head(A,B),c7(B).", "is_solution": true, "conf_matrix": [10, 0, 1, 0], "total_exec_time": 0.284348708, "durations": [{"operation": "Test", "called": 20, "total": 0.11160908299999994, "mean": 0.005580454149999997, "maximum": 0.03535216699999999, "__type__": "DurationSummary"}, {"operation": "Constrain", "called": 19, "total": 0.009050333999999993, "mean": 0.0004763333684210523, "maximum": 0.002385583999999996, "__type__": "DurationSummary"}, {"operation": "Generate", "called": 20, "total": 0.008292665000000143, "mean": 0.00041463325000000716, "maximum": 0.0006606670000000037, "__type__": "DurationSummary"}, {"operation": "Combine", "called": 19, "total": 9.211000000064473e-06, "mean": 4.847894736876038e-07, "maximum": 5.840000000256751e-07, "__type__": "DurationSummary"}], "__type__": "ProgramStats"}, "is_solution": true, "stats_file": "./results/list_constant/popper/1/4/stats.json", "end": true, "__type__": "Stats"}