{"log_best_programs": true, "num_literals": 0, "total_programs": 2, "total_rules": 0, "total_ground_rules": 0, "durations": {"generate": [0.0003377920000000034, 0.0019154160000000031, 0.0005703330000002005], "find_bindings_prolog": [0.02601749999999997, 1.1098436250000001], "bind": [6.250000000318501e-07, 0.17278579100000013], "test": [0.026311249999999953, 1.283614333], "combine": [6.670000000097431e-07, 0.050751790999999935], "constrain": [0.003292750000000011, 0.004607125000000156]}, "final_exec_time": 1.501799209, "stages": [], "best_programs": [], "solution": null, "is_solution": false, "stats_file": "./results/list_magicvaluesameclause/magicpopper/14/3/stats.json", "end": true, "__type__": "Stats"}