{"log_best_programs": true, "num_literals": 0, "total_programs": 8, "total_rules": 0, "total_ground_rules": 0, "durations": {"generate": [0.00037924999999994213, 0.0006578329999999966, 0.0013942920000000747, 0.001229124999999831, 0.0019425829999999422, 0.0005223749999998528, 0.0010626670000000171, 0.0007106660000002485, 0.00100970800000022], "find_bindings_prolog": [0.023630583000000094, 0.037192208000000004, 0.14204312500000005, 0.15254070799999986, 0.15953495800000006, 0.16153225000000004], "test": [0.026676083000000128, 0.050445209000000046, 0.019222209000000046, 0.14235570799999997, 0.019925791999999998, 0.152884625, 0.15988475000000024, 0.1620425000000001], "combine": [0.018450624999999832, 0.004507833999999988, 5.839999999146528e-07, 7.499999998827889e-07, 7.090000000431473e-07, 5.409999999095305e-07, 5.00000000069889e-07, 6.250000001983835e-07], "constrain": [0.0017966659999999468, 0.0023457499999999243, 0.0004262500000000724, 0.0030928329999999615, 0.0018573330000000166, 0.005182457999999945, 0.0016970839999999043, 0.0018604580000003423]}, "final_exec_time": 2.0742075, "stages": [], "best_programs": [], "solution": {"code": "magic_value(A):- head(A,cf),magic(cf).\nmagic_value(A):- head(A,iv),magic(iv).\nmagic_value(A):- head(A,ja),magic(ja).\nmagic_value(A):- head(A,fh),magic(fh).\nmagic_value(A):- head(A,pl),magic(pl).\nmagic_value(A):- head(A,ic),magic(ic).\nmagic_value(A):- head(A,qt),magic(qt).\nmagic_value(A):- head(A,gy),magic(gy).\nmagic_value(A):- head(A,ga),magic(ga).\nmagic_value(A):- head(A,gf),magic(gf).\nmagic_value(A):- head(A,lf),magic(lf).\nmagic_value(A):- head(A,dw),magic(dw).\nmagic_value(A):- head(A,fy),magic(fy).\nmagic_value(A):- head(A,ny),magic(ny).\nmagic_value(A):- head(A,hq),magic(hq).\nmagic_value(A):- head(A,ib),magic(ib).\nmagic_value(A):- head(A,dc),magic(dc).\nmagic_value(A):- head(A,cd),magic(cd).\nmagic_value(A):- head(A,hi),magic(hi).\nmagic_value(A):- head(A,qo),magic(qo).\nmagic_value(A):- head(A,f),magic(f).\nmagic_value(A):- head(A,de),magic(de).\nmagic_value(A):- head(A,kd),magic(kd).\nmagic_value(A):- head(A,lp),magic(lp).\nmagic_value(A):- head(A,mp),magic(mp).\nmagic_value(A):- head(A,aw),magic(aw).\nmagic_value(A):- head(A,kr),magic(kr).\nmagic_value(A):- head(A,lt),magic(lt).\nmagic_value(A):- head(A,cx),magic(cx).\nmagic_value(A):- head(A,nj),magic(nj).", "is_solution": true, "conf_matrix": [200, 0, 200, 0], "total_exec_time": 2.0742045, "durations": [{"operation": "Test", "called": 1, "total": 0.026676083000000128, "mean": 0.026676083000000128, "maximum": 0.026676083000000128, "__type__": "DurationSummary"}, {"operation": "Find_Bindings_Prolog", "called": 1, "total": 0.023630583000000094, "mean": 0.023630583000000094, "maximum": 0.023630583000000094, "__type__": "DurationSummary"}, {"operation": "Generate", "called": 1, "total": 0.00037924999999994213, "mean": 0.00037924999999994213, "maximum": 0.00037924999999994213, "__type__": "DurationSummary"}], "__type__": "ProgramStats"}, "is_solution": true, "stats_file": "./results/list_magicvalues_multipleclauses/magicpopper/30/4/stats.json", "end": true, "__type__": "Stats"}