{"log_best_programs": true, "num_literals": 0, "total_programs": 8, "total_rules": 0, "total_ground_rules": 0, "durations": {"generate": [0.0003863750000001609, 0.000613541999999967, 0.001455167000000035, 0.0012117089999998942, 0.0018781249999999527, 0.0008712079999999567, 0.0005726249999997712, 0.001085375000000166, 0.00034050000000007685], "find_bindings_prolog": [0.029910083000000087, 0.033808458999999846, 0.13784179200000013, 0.1690142079999999, 0.14882991700000003, 0.14464383400000003], "test": [0.03572245900000004, 0.04586220799999996, 0.018890834000000023, 0.13814779200000005, 0.16952687500000008, 0.14919091599999978, 0.14497987499999976, 0.017088750000000097], "combine": [0.07157799999999992, 0.005384499999999903, 5.419999999922709e-07, 7.07999999960407e-07, 6.670000001207654e-07, 4.999999996257998e-07, 4.580000001475071e-07, 6.250000001983835e-07], "constrain": [0.0017056249999998219, 0.0023536669999999482, 0.0004153339999999339, 0.003096624999999964, 0.005425499999999861, 0.001706834000000157, 0.0016006669999999446, 0.0018612500000001475]}, "final_exec_time": 2.087086583, "stages": [], "best_programs": [], "solution": {"code": "magic_value(A):- head(A,x),magic(x).\nmagic_value(A):- head(A,ds),magic(ds).\nmagic_value(A):- head(A,qh),magic(qh).\nmagic_value(A):- head(A,dr),magic(dr).\nmagic_value(A):- head(A,sd),magic(sd).\nmagic_value(A):- head(A,ns),magic(ns).\nmagic_value(A):- head(A,or),magic(or).\nmagic_value(A):- head(A,kk),magic(kk).\nmagic_value(A):- head(A,de),magic(de).\nmagic_value(A):- head(A,gl),magic(gl).\nmagic_value(A):- head(A,cl),magic(cl).\nmagic_value(A):- head(A,ev),magic(ev).\nmagic_value(A):- head(A,lx),magic(lx).\nmagic_value(A):- head(A,em),magic(em).\nmagic_value(A):- head(A,ql),magic(ql).\nmagic_value(A):- head(A,hx),magic(hx).\nmagic_value(A):- head(A,bx),magic(bx).\nmagic_value(A):- head(A,fm),magic(fm).\nmagic_value(A):- head(A,ll),magic(ll).\nmagic_value(A):- head(A,nv),magic(nv).\nmagic_value(A):- head(A,iu),magic(iu).\nmagic_value(A):- head(A,md),magic(md).\nmagic_value(A):- head(A,on),magic(on).\nmagic_value(A):- head(A,fj),magic(fj).\nmagic_value(A):- head(A,ou),magic(ou).\nmagic_value(A):- head(A,gm),magic(gm).\nmagic_value(A):- head(A,lh),magic(lh).\nmagic_value(A):- head(A,ow),magic(ow).\nmagic_value(A):- head(A,gs),magic(gs).\nmagic_value(A):- head(A,py),magic(py).\nmagic_value(A):- head(A,mb),magic(mb).\nmagic_value(A):- head(A,pm),magic(pm).\nmagic_value(A):- head(A,og),magic(og).\nmagic_value(A):- head(A,o),magic(o).\nmagic_value(A):- head(A,rw),magic(rw).\nmagic_value(A):- head(A,ig),magic(ig).\nmagic_value(A):- head(A,av),magic(av).\nmagic_value(A):- head(A,kz),magic(kz).\nmagic_value(A):- head(A,kh),magic(kh).\nmagic_value(A):- head(A,dh),magic(dh).\nmagic_value(A):- head(A,dx),magic(dx).\nmagic_value(A):- head(A,sg),magic(sg).\nmagic_value(A):- head(A,ix),magic(ix).\nmagic_value(A):- head(A,ii),magic(ii).\nmagic_value(A):- head(A,mu),magic(mu).\nmagic_value(A):- head(A,du),magic(du).\nmagic_value(A):- head(A,br),magic(br).\nmagic_value(A):- head(A,ae),magic(ae).\nmagic_value(A):- head(A,mn),magic(mn).\nmagic_value(A):- head(A,ip),magic(ip).\nmagic_value(A):- head(A,ew),magic(ew).\nmagic_value(A):- head(A,jl),magic(jl).\nmagic_value(A):- head(A,rr),magic(rr).\nmagic_value(A):- head(A,oi),magic(oi).\nmagic_value(A):- head(A,rj),magic(rj).\nmagic_value(A):- head(A,my),magic(my).\nmagic_value(A):- head(A,ka),magic(ka).\nmagic_value(A):- head(A,jd),magic(jd).\nmagic_value(A):- head(A,nh),magic(nh).\nmagic_value(A):- head(A,pn),magic(pn).\nmagic_value(A):- head(A,cu),magic(cu).\nmagic_value(A):- head(A,hy),magic(hy).\nmagic_value(A):- head(A,np),magic(np).\nmagic_value(A):- head(A,gv),magic(gv).\nmagic_value(A):- head(A,co),magic(co).", "is_solution": true, "conf_matrix": [200, 0, 200, 0], "total_exec_time": 2.087084208, "durations": [{"operation": "Test", "called": 1, "total": 0.03572245900000004, "mean": 0.03572245900000004, "maximum": 0.03572245900000004, "__type__": "DurationSummary"}, {"operation": "Find_Bindings_Prolog", "called": 1, "total": 0.029910083000000087, "mean": 0.029910083000000087, "maximum": 0.029910083000000087, "__type__": "DurationSummary"}, {"operation": "Generate", "called": 1, "total": 0.0003863750000001609, "mean": 0.0003863750000001609, "maximum": 0.0003863750000001609, "__type__": "DurationSummary"}], "__type__": "ProgramStats"}, "is_solution": true, "stats_file": "./results/list_magicvalues_multipleclauses/magicpopper/65/3/stats.json", "end": true, "__type__": "Stats"}