{"log_best_programs": true, "num_literals": 0, "total_programs": 18, "total_rules": 0, "total_ground_rules": 0, "durations": {"generate": [0.00045629099999999756, 0.0002963750000000154, 0.00028724999999996115, 0.00028175000000008055, 0.00037287499999993923, 0.0002965830000000169, 0.0002675830000000712, 0.0002554999999999641, 0.00024970899999998686, 0.00027758300000002567, 0.00033441600000005955, 0.0003987080000000809, 0.00036483300000000884, 0.00031241599999998204, 0.00037241700000001376, 0.0004485830000000579, 0.00038008299999992, 0.00043450000000000433, 0.00011433400000004923], "test": [0.0431677909999999, 0.008472833000000013, 0.001013708000000002, 0.0006217079999999431, 0.00038008299999992, 0.0005499169999999554, 0.0007427079999999808, 0.0007754580000000066, 0.00035558299999993714, 0.0009672090000000244, 0.001005958000000029, 0.00937083400000005, 0.001187500000000008, 0.015026208999999957, 0.0013571669999999925, 0.014809665999999999, 0.0013243749999999332, 0.005034666999999993], "combine": [5.83000000053957e-07, 4.999999999588667e-07, 4.1699999997479864e-07, 4.1699999997479864e-07, 5.00000000069889e-07, 4.579999999254625e-07, 4.5900000000820285e-07, 3.7500000005241674e-07, 3.7500000005241674e-07, 3.7499999994139444e-07, 4.999999999588667e-07, 5.829999999429347e-07, 4.580000000364848e-07, 5.419999999922709e-07, 4.580000000364848e-07, 4.5900000000820285e-07, 4.1699999997479864e-07, 4.1600000000308057e-07], "constrain": [0.0011125000000000718, 0.0018479999999999608, 0.00016458299999999593, 0.00016300000000002424, 0.00012745800000002472, 0.0001191249999999977, 9.250000000005087e-05, 0.0001171669999999736, 8.779199999997545e-05, 0.00015508399999997202, 0.0018223750000000427, 0.00018241699999999028, 0.0017889159999999737, 0.0001619160000000397, 0.00016058400000007467, 0.00017220900000003425, 0.00016820800000005853, 0.00015304199999999213], "find_bindings_prolog": [0.008252083000000021, 0.0008294160000000828, 0.00041645899999998015, 0.0007547079999999928, 0.009071875000000063, 0.0010347080000000508, 0.001021292000000007]}, "final_exec_time": 0.26867829199999993, "stages": [], "best_programs": [], "solution": null, "is_solution": false, "stats_file": "./results/list_constant/magicpopper_types/1/4/stats.json", "end": true, "__type__": "Stats"}