{"log_best_programs": true, "num_literals": 0, "total_programs": 153, "total_rules": 0, "total_ground_rules": 0, "durations": {"generate": [0.00029654200000001074, 0.00014095899999999606, 0.00017004099999995415, 0.0003670829999999903, 0.00011808300000004657, 0.00028454199999999874, 0.0008005830000000214, 0.00020504200000004413, 0.00047829100000001956, 0.0002626249999999608, 0.0005488750000000042, 0.00013887500000003827, 0.00019141699999997153, 0.0002115839999999869, 0.0007281670000000018, 0.00016808299999993004, 0.00028612500000002594, 0.00019108400000000803, 0.0002974999999999506, 0.0002834589999999304, 0.00021845799999997695, 0.00019625000000000892, 0.0002119589999999283, 0.0006361670000000208, 0.00018679099999996396, 0.00018620800000002102, 0.0003630410000000639, 0.00014499999999995072, 0.0002609159999999999, 0.00013970799999996064, 0.0006659159999999886, 0.00017983300000001812, 0.0005079999999999529, 0.0001611249999999842, 0.00016212500000001295, 0.00016529200000003907, 0.0003417079999999961, 0.00030208399999998026, 0.00017250000000001986, 0.00024100000000004673, 0.00017445900000001568, 0.0001663339999999902, 0.000241874999999947, 0.00020558300000006469, 0.0003285829999999379, 0.00023341700000001353, 0.00023974999999998303, 0.00039133400000002094, 0.0001788340000000721, 0.00019979100000000471, 0.0003697499999999465, 0.0003957079999999946, 0.00027379199999999493, 0.0001907500000000173, 0.0001614580000000032, 0.00016333299999993223, 0.000288000000000066, 0.0005406249999999613, 0.00018162499999996307, 0.00019062499999999982, 0.00017100000000003224, 0.00016300000000002424, 0.0005333339999999964, 0.00017820899999998474, 0.000176000000000065, 0.0003994580000000747, 0.00023195799999997657, 0.0001839169999999779, 0.0001807500000000628, 0.0001808340000000186, 0.0001782499999999354, 0.0002170830000000068, 0.0001907500000000173, 0.0001527500000000348, 0.000157874999999974, 0.0001567920000000722, 0.00016566600000000875, 0.00016370799999987362, 0.001131833000000082, 0.0001614999999999256, 0.00017858300000006544, 0.0001558749999999165, 0.0001714999999999911, 0.00015795800000018012, 0.000216666000000032, 0.00021995899999982527, 0.0002110829999999453, 0.00021954200000018353, 0.00021745800000005922, 0.00019679199999989017, 0.00022733299999999623, 0.0011542920000000567, 0.00021616700000004485, 0.00030570900000004286, 0.0001816670000001075, 0.00019166600000009026, 0.00017550000000010613, 0.00017299999999997873, 0.0002140000000001585, 0.00018074999999995178, 0.0002042499999999059, 0.00020695799999992381, 0.0005271669999999951, 0.00022820900000009026, 0.00019491699999996115, 0.0002031670000000041, 0.00036691700000002214, 0.00021970900000001237, 0.00026420800000015454, 0.0003685829999999779, 0.00027491700000004116, 0.0002418330000000246, 0.00021500000000007624, 0.0004222499999999574, 0.00027425000000014244, 0.00016375000000001805, 0.00014766700000001798, 0.00012691700000000417, 0.00022070799999984736, 0.0001354579999999217, 0.0001900420000000569, 0.00016845899999995417, 0.000741707999999841, 0.0002082919999999433, 0.00021095800000003884, 0.00017179200000017048, 0.0001882499999998899, 0.00016620800000000102, 0.0002522499999999539, 0.0001777090000001369, 0.00018341600000004732, 0.0005389999999998452, 0.00016612500000001695, 0.00017058300000005744, 0.00016449999999990084, 0.00023300000000014975, 0.000304000000000082, 0.00023254200000000225, 0.0001639580000001306, 0.00024345799999991868, 0.00017991699999986288, 0.0003439590000000603, 0.00025125000000003617, 0.0004884579999999694, 0.0002565829999998659, 0.00048383299999987806, 0.0002389999999998782, 0.001133625000000027, 0.00021325000000005367, 0.0003115419999999425, 0.00022129199999998406, 0.0017434579999999755, 0.000321542000000008, 0.00349987499999993], "find_bindings_prolog": [0.01350125000000002, 0.008137457999999986, 0.004368083999999994, 0.0016996669999999603, 0.0028799580000000158, 0.009146167000000038, 0.004781083999999991, 0.004477916999999998, 0.004519166000000019, 0.004849083000000032, 0.0017977080000000645, 0.00924608299999996, 0.009267374999999967, 0.0011381660000000515, 0.002986500000000003, 0.010219584000000004, 0.01200645899999997, 0.00988545800000007, 0.010251917000000055, 0.01013408299999996, 0.003054666000000039, 0.0029938750000000347, 0.003002249999999984, 0.005135875000000012, 0.0005943750000000358, 0.004996874999999901, 0.005026584000000001, 0.005078374999999968, 0.005085000000000006, 0.005049250000000005, 0.005094500000000002, 0.005379000000000023, 0.005102124999999957, 0.005063791999999956, 0.005061666999999992, 0.010594082999999976, 0.010490250000000034, 0.0006934999999999025, 0.005581666999999957, 0.006150749999999983, 0.009785042000000077, 0.009383584000000056, 0.0015804170000000006, 0.004359707999999962, 0.0005857080000000181, 0.009410333000000048, 0.008137541999999942, 0.00894358400000006, 0.00934558299999999, 0.000571166999999928, 0.009515667000000061, 0.009411666000000096, 0.004957290999999975, 0.009459916000000068, 0.009504624999999933, 0.004960625000000052, 0.00971516700000008, 0.009600209000000026, 0.009743291000000043, 0.009312374999999928, 0.004601207999999968, 0.009270958000000107, 0.009020792000000055, 0.009537374999999959, 0.009495916999999965, 0.004633624999999975, 0.008538375000000098, 0.008646457999999857, 0.008531375000000008, 0.008551084000000042, 0.008594082999999975, 0.009293249999999809, 0.00454512500000015, 0.00884004100000002, 0.004568374999999847, 0.008781292000000107, 0.009822042000000142, 0.009165749999999973, 0.004772999999999916, 0.010019374999999942, 0.004866875000000048, 0.005308915999999941, 0.004757249999999935, 0.005106542000000047, 0.010045749999999964, 0.00999658400000003, 0.009118791999999987, 0.00897383400000007, 0.004740334000000068, 0.009512958999999821, 0.009580834000000094, 0.004870166999999981, 0.009381040999999923, 0.009554916000000135, 0.010563166000000068, 0.009659333999999964, 0.005176041000000131, 0.010029999999999983, 0.005473749999999944, 0.010702792000000017, 0.005580958000000136, 0.005594125000000005, 0.011009417000000132, 0.010868875000000111, 0.010153542000000071, 0.004946625000000093, 0.00958595799999995, 0.0007055419999999479, 0.000665875000000149, 0.0011946670000000381, 0.0007886669999999096, 0.0007527499999999687, 0.0007350829999999142, 0.0007237920000000564, 0.0006618330000001116, 0.0012827079999999658, 0.0007135830000000176, 0.0006369999999999987, 0.0006439590000000273, 0.0006310419999999706, 0.0006405419999999662, 0.0006996669999999039, 0.0007119589999999842, 0.0007150419999999436, 0.0007457090000000388, 0.0006837920000000164, 0.0006168330000000388, 0.0006002499999999689, 0.009318582999999991, 0.009175334000000035, 0.00936933299999998, 0.00833787500000005, 0.008939749999999913, 0.009916625000000012, 0.010221999999999953, 0.010336457999999826, 0.010962208000000029, 0.011042875000000008],