{"log_best_programs": true, "num_literals": 0, "total_programs": 38, "total_rules": 0, "total_ground_rules": 0, "durations": {"generate": [0.00031312499999991417, 0.00014874999999991978, 0.00016787500000003952, 0.00042491700000013566, 0.00011754099999983225, 0.000733542000000087, 0.0004062499999999414, 0.0004594589999999954, 0.0004286669999999937, 0.0005247910000001355, 0.00025129199999995855, 0.0004014580000000212, 0.00023395799999992306, 0.0006291670000000416, 0.00022999999999995246, 0.0002277909999999217, 0.00022824999999970785, 0.0006857500000001515, 0.00016095900000001606, 0.00021004199999996587, 0.00014633400000008123, 0.0004167909999992503, 0.0003429160000010256, 0.00022150000000031866, 0.0003822079999995509, 0.00022104199999972707, 0.0002640829999993599, 0.00027099999999968816, 0.00024758400000024494, 0.00022174999999968747, 0.00026170800000002714, 0.00021695800000109955, 0.0012086670000002186, 0.0006549160000002274, 0.0002829589999997495, 0.0002295839999995053, 0.0002424160000007447, 0.00023737500000109435, 0.006396667000000633], "find_bindings_prolog": [0.06622208299999999, 0.09375525000000007, 0.06345795899999995, 0.10705070800000005, 0.05275558300000016, 0.06159150000000002, 0.09085587499999992, 0.08860466599999994, 0.04681941700000003, 0.058763416999999984, 0.06193958300000002, 0.05258337499999999, 0.0621444579999999, 0.0623348749999999, 0.008078083000000902, 0.002080792000000997, 0.0020273750000008306, 0.11300170900000062, 0.11274970799999906, 0.06797650000000033, 0.09944587500000068, 0.1168388750000009, 0.06463333399999982, 0.11392620800000053, 0.10915754200000016, 0.002318290999999917, 0.06673220799999946, 0.002458082999998723, 0.108092791999999, 0.10834408300000042, 0.07356579100000005], "test": [0.067314125, 0.0026966669999999304, 0.09503158299999992, 0.003396541999999947, 0.003922916999999915, 0.06463162500000008, 0.10861841699999997, 0.05383845799999998, 0.06281725000000016, 0.09232125000000013, 0.09008250000000007, 0.047499125000000086, 0.05996712500000001, 0.06346395900000013, 0.053951624999999837, 0.06366354099999993, 0.06385754200000004, 0.00424016699999985, 0.9944375829999998, 0.0012686670000001676, 4.976379625, 0.008361958000000058, 0.0023126669999999905, 0.002247249999999923, 0.1148257079999997, 0.11463562500000002, 0.06931483400000005, 0.10125945799999947, 0.11863899999999994, 0.06588454100000085, 0.11571841599999999, 0.11107416700000172, 0.002929916999999449, 0.06801824999999972, 0.0028828339999993347, 0.10993045799999912, 0.1101472500000007, 0.07483541600000088], "combine": [0.006488249999999862, 4.1699999986377634e-07, 0.002579416000000112, 5.839999999146528e-07, 0.002006500000000022, 7.090000000431473e-07, 6.249999999763389e-07, 4.999999998478444e-07, 5.419999999922709e-07, 5.419999999922709e-07, 5.419999999922709e-07, 4.5900000000820285e-07, 5.419999999922709e-07, 4.999999998478444e-07, 4.580000001475071e-07, 5.00000000069889e-07, 5.00000000069889e-07, 5.00000000069889e-07, 3.3329999999942572e-06, 4.580000001475071e-07, 5.000000005139782e-07, 4.999999987376214e-07, 4.5900000067433666e-07, 4.169999989755979e-07, 5.419999986600033e-07, 5.830000002760016e-07, 6.250000001983835e-07, 5.830000002760016e-07, 4.999999987376214e-07, 5.830000002760016e-07, 5.410000003536197e-07, 5.84000000358742e-07, 4.580000005915963e-07, 5.84000000358742e-07, 5.000000005139782e-07, 6.250000001983835e-07, 5.000000005139782e-07, 5.420000004363601e-07], "constrain": [0.0017630410000000207, 0.0010644170000000397, 0.0013172079999999031, 0.0014482499999999288, 0.00029129100000013786, 0.003652875, 0.000951833000000013, 0.0021077080000000414, 0.00039074999999999527, 0.0010301660000000545, 0.0009368750000000592, 0.00024641699999983224, 0.00025529099999999083, 0.00029933300000006824, 0.000401542000000088, 0.0004084999999998118, 0.00027258300000010394, 0.0007092910000001673, 0.0006935000000001246, 0.0007507079999999888, 0.0008530000000011029, 0.0006035409999984864, 0.0005886670000005978, 0.0005951250000002517, 0.002793042000000412, 0.0010831669999991078, 0.0011231250000012238, 0.0010805840000003286, 0.001079791999998747, 0.0010905000000001053, 0.0010817079999991819, 0.0010887079999992721, 0.0008177089999996667, 0.0011731659999991706, 0.0007459999999994693, 0.0010751249999998436, 0.0010761250000008715, 0.0011083329999994618]}, "final_exec_time": 8.992802083, "stages": [], "best_programs": [], "solution": {"code": "next_value(A,5):- does(A,player,pressButton),magic(5),magic(player),magic(pressButton).\nnext_value(A,B):- my_true_value(A,C),my_succ(B,C).", "is_solution": true, "conf_matrix": [10, 0, 9999, 0], "total_exec_time": 8.9927975, "durations": [{"operation": "Test", "called": 5, "total": 0.17236183399999971, "mean": 0.034472366799999946, "maximum": 0.09503158299999992, "__type__": "DurationSummary"}, {"operation": "Find_Bindings_Prolog", "called": 2, "total": 0.15997733300000005, "mean": 0.07998866650000003, "maximum": 0.09375525000000007, "__type__": "DurationSummary"}, {"operation": "Combine", "called": 4, "total": 0.009068666999999753, "mean": 0.002267166749999938, "maximum": 0.006488249999999862, "__type__": "DurationSummary"}, {"operation": "Constrain", "called": 4, "total": 0.005592915999999892, "mean": 0.001398228999999973, "maximum": 0.0017630410000000207, "__type__": "DurationSummary"}, {"operation": "Generate", "called": 5, "total": 0.0011722079999998414, "mean": 0.00023444159999996828, "maximum": 0.00042491700000013566, "__type__": "DurationSummary"}], "__type__": "ProgramStats"}, "is_solution": true, "stats_file": "./results/md/magicpopper_types/6000/0/stats.json", "end": true, "__type__": "Stats"}