{"log_best_programs": true, "num_literals": 0, "total_programs": 10, "total_rules": 0, "total_ground_rules": 0, "durations": {"generate": [0.0004352079999998537, 0.00037033299999933433, 0.00041979199999975236, 0.0003872079999993616, 0.0004930410000003604, 0.00036104199999975606, 0.0003751249999996986, 0.00043220800000032256, 0.0003777499999992884, 0.00041174999999959994], "test": [0.053495958000000066, 0.058192208000000356, 0.017088459, 0.2132928750000005, 0.2169740839999994, 0.05945387499999999, 0.0177447079999995, 0.014037083000000727, 0.014056791999999874, 0.21141166700000014], "combine": [6.670000001207654e-07, 0.0373877079999998, 4.999999996257998e-07, 0.056514667000000074, 8.750000004553726e-07, 0.06120454100000039, 5.000000005139782e-07, 5.000000005139782e-07, 4.999999996257998e-07], "constrain": [0.0012558750000000174, 0.0012830829999996851, 0.0015876660000007092, 0.00018425000000021896, 0.0014554160000006533, 0.00020891600000005894, 0.0017012919999999099, 0.00030258300000074456, 0.0002432079999996617], "find_bindings_prolog": [0.057639957999999325, 0.016776917000000502, 0.21283754199999994, 0.21642520800000042, 0.05894858299999939, 0.017398249999999393, 0.013693833000000488, 0.013716583999999976, 0.20961858400000022]}, "final_exec_time": 5.396940583, "stages": [], "best_programs": [], "solution": {"code": "magic_value(A):- last(A,eb),head(A,eb),magic(eb).\nmagic_value(A):- last(A,cd),head(A,cd),magic(cd).\nmagic_value(A):- last(A,ej),head(A,ej),magic(ej).\nmagic_value(A):- head(A,gk),last(A,gk),magic(gk).\nmagic_value(A):- head(A,av),last(A,av),magic(av).\nmagic_value(A):- head(A,b),last(A,b),magic(b).\nmagic_value(A):- tail(A,C),head(C,c7),magic(c7).\nmagic_value(A):- head(A,bx),last(A,bx),magic(bx).\nmagic_value(A):- last(A,da),head(A,da),magic(da).\nmagic_value(A):- head(A,gh),last(A,gh),magic(gh).\nmagic_value(A):- head(A,ct),last(A,ct),magic(ct).\nmagic_value(A):- last(A,c7),magic(c7).\nmagic_value(A):- head(A,c7),magic(c7).\nmagic_value(A):- last(A,fa),head(A,fa),magic(fa).\nmagic_value(A):- head(A,fk),last(A,fk),magic(fk).\nmagic_value(A):- head(A,r),last(A,r),magic(r).", "is_solution": true, "conf_matrix": [0, 0, 0, 0], "total_exec_time": 5.396915333, "durations": [{"operation": "Test", "called": 10, "total": 0.8757477090000005, "mean": 0.08757477090000006, "maximum": 0.2169740839999994, "__type__": "DurationSummary"}, {"operation": "Find_Bindings_Prolog", "called": 9, "total": 0.8170554589999997, "mean": 0.09078393988888885, "maximum": 0.21642520800000042, "__type__": "DurationSummary"}, {"operation": "Combine", "called": 9, "total": 0.15511045800000112, "mean": 0.017234495333333457, "maximum": 0.06120454100000039, "__type__": "DurationSummary"}, {"operation": "Constrain", "called": 9, "total": 0.008222289000001659, "mean": 0.0009135876666668511, "maximum": 0.0017012919999999099, "__type__": "DurationSummary"}, {"operation": "Generate", "called": 10, "total": 0.004063456999997328, "mean": 0.0004063456999997328, "maximum": 0.0004930410000003604, "__type__": "DurationSummary"}], "__type__": "ProgramStats"}, "is_solution": true, "stats_file": "./results/list_example/magicpopper_types/3000/3/stats.json", "end": false, "__type__": "Stats"}