{"log_best_programs": true, "num_literals": 0, "total_programs": 8, "total_rules": 0, "total_ground_rules": 0, "durations": {"generate": [0.0003869999999999152, 0.0005392500000001021, 0.0013039590000001322, 0.001320415999999991, 0.0013303750000002168, 0.0007063750000000368, 0.0008025419999997396, 0.0017832079999999806, 0.00080904199999976], "find_bindings_prolog": [0.02942154199999991, 0.03402666700000001, 0.13242325, 0.14000499999999994, 0.15324949999999982, 0.14480379100000018], "test": [0.03490212500000012, 0.047416166999999954, 0.019014333999999966, 0.13273562500000002, 0.14034670800000004, 0.01683937499999999, 0.15377654200000013, 0.14513962499999966], "combine": [0.06764033400000002, 0.005689166000000023, 5.419999999922709e-07, 7.07999999960407e-07, 7.090000000431473e-07, 5.419999999922709e-07, 5.409999999095305e-07, 5.00000000069889e-07], "constrain": [0.0019187079999998247, 0.002588209000000008, 0.00042270799999988284, 0.0030858330000000933, 0.005265999999999771, 0.000533874999999906, 0.0018797499999996248, 0.0016825419999997315]}, "final_exec_time": 2.072207916, "stages": [], "best_programs": [], "solution": {"code": "magic_value(A):- head(A,bk),magic(bk).\nmagic_value(A):- head(A,jg),magic(jg).\nmagic_value(A):- head(A,cy),magic(cy).\nmagic_value(A):- head(A,kj),magic(kj).\nmagic_value(A):- head(A,oa),magic(oa).\nmagic_value(A):- head(A,kh),magic(kh).\nmagic_value(A):- head(A,no),magic(no).\nmagic_value(A):- head(A,cp),magic(cp).\nmagic_value(A):- head(A,if),magic(if).\nmagic_value(A):- head(A,i),magic(i).\nmagic_value(A):- head(A,ld),magic(ld).\nmagic_value(A):- head(A,jx),magic(jx).\nmagic_value(A):- head(A,cg),magic(cg).\nmagic_value(A):- head(A,gs),magic(gs).\nmagic_value(A):- head(A,cj),magic(cj).\nmagic_value(A):- head(A,fr),magic(fr).\nmagic_value(A):- head(A,b),magic(b).\nmagic_value(A):- head(A,lz),magic(lz).\nmagic_value(A):- head(A,hk),magic(hk).\nmagic_value(A):- head(A,bi),magic(bi).\nmagic_value(A):- head(A,ip),magic(ip).\nmagic_value(A):- head(A,rs),magic(rs).\nmagic_value(A):- head(A,pz),magic(pz).\nmagic_value(A):- head(A,f),magic(f).\nmagic_value(A):- head(A,gy),magic(gy).\nmagic_value(A):- head(A,iy),magic(iy).\nmagic_value(A):- head(A,pp),magic(pp).\nmagic_value(A):- head(A,aw),magic(aw).\nmagic_value(A):- head(A,gj),magic(gj).\nmagic_value(A):- head(A,be),magic(be).\nmagic_value(A):- head(A,ag),magic(ag).\nmagic_value(A):- head(A,z),magic(z).\nmagic_value(A):- head(A,cf),magic(cf).\nmagic_value(A):- head(A,rm),magic(rm).\nmagic_value(A):- head(A,ol),magic(ol).\nmagic_value(A):- head(A,gp),magic(gp).\nmagic_value(A):- head(A,sc),magic(sc).\nmagic_value(A):- head(A,ih),magic(ih).\nmagic_value(A):- head(A,ej),magic(ej).\nmagic_value(A):- head(A,go),magic(go).\nmagic_value(A):- head(A,dg),magic(dg).\nmagic_value(A):- head(A,lg),magic(lg).\nmagic_value(A):- head(A,bj),magic(bj).\nmagic_value(A):- head(A,ic),magic(ic).\nmagic_value(A):- head(A,gu),magic(gu).\nmagic_value(A):- head(A,id),magic(id).\nmagic_value(A):- head(A,lo),magic(lo).\nmagic_value(A):- head(A,ph),magic(ph).\nmagic_value(A):- head(A,au),magic(au).\nmagic_value(A):- head(A,fd),magic(fd).\nmagic_value(A):- head(A,hd),magic(hd).\nmagic_value(A):- head(A,ln),magic(ln).\nmagic_value(A):- head(A,fy),magic(fy).\nmagic_value(A):- head(A,fk),magic(fk).\nmagic_value(A):- head(A,dh),magic(dh).\nmagic_value(A):- head(A,ry),magic(ry).\nmagic_value(A):- head(A,gl),magic(gl).\nmagic_value(A):- head(A,lt),magic(lt).\nmagic_value(A):- head(A,da),magic(da).\nmagic_value(A):- head(A,et),magic(et).", "is_solution": true, "conf_matrix": [200, 0, 200, 0], "total_exec_time": 2.0721999159999998, "durations": [{"operation": "Test", "called": 1, "total": 0.03490212500000012, "mean": 0.03490212500000012, "maximum": 0.03490212500000012, "__type__": "DurationSummary"}, {"operation": "Find_Bindings_Prolog", "called": 1, "total": 0.02942154199999991, "mean": 0.02942154199999991, "maximum": 0.02942154199999991, "__type__": "DurationSummary"}, {"operation": "Generate", "called": 1, "total": 0.0003869999999999152, "mean": 0.0003869999999999152, "maximum": 0.0003869999999999152, "__type__": "DurationSummary"}], "__type__": "ProgramStats"}, "is_solution": true, "stats_file": "./results/list_magicvalues_multipleclauses/magicpopper/60/9/stats.json", "end": true, "__type__": "Stats"}