{"log_best_programs": true, "num_literals": 0, "total_programs": 58, "total_rules": 0, "total_ground_rules": 0, "durations": {"generate": [0.0002835830000000039, 0.0005129580000000078, 0.0002031670000000041, 0.00018683299999999736, 0.00018658300000001793, 0.00017858400000003716, 0.0002027079999999959, 0.00019841699999995077, 0.00018608300000000355, 0.00018199999999995997, 0.0002989580000000158, 0.00020804100000004766, 0.00017525000000001567, 0.0004633749999999881, 0.00019700000000000273, 0.00019433299999999099, 0.00020679099999998396, 0.00019466699999998172, 0.00019133299999996023, 0.0001963750000000264, 0.00019050000000003786, 0.00018783300000002612, 0.00019141699999997153, 0.00019241700000000028, 0.0001927079999999859, 0.0001895000000000091, 0.00018929100000003585, 0.00019412499999998944, 0.00019962499999998107, 0.0001911670000000476, 0.00018825000000000092, 0.00018962499999997107, 0.00022679199999997568, 0.00020333299999997223, 0.00019533299999996423, 0.0001891250000000122, 0.000203542000000001, 0.00020412499999999945, 0.0002026659999999625, 0.000189541999999987, 0.00019387500000001, 0.00020737500000000963, 0.00019041599999997105, 0.0001971669999999981, 0.00019083300000000136, 0.0001882919999999788, 0.0001883750000000184, 0.00018808300000000555, 0.00018899999999999473, 0.0001887079999999819, 0.00018770800000000865, 0.00019049999999998235, 0.00031366599999999023, 0.00023804099999996664, 0.0002330409999999894, 0.0002466669999999782, 0.00023162499999995756, 0.00022816700000000134, 0.00023849999999997484], "find_bindings_prolog": [0.010002415999999986, 0.0007933329999999517, 0.0008430420000000161, 0.0007835420000000259, 0.00045708299999996926, 0.0004300409999999921, 0.001249791], "test": [0.01063, 0.013606083999999963, 0.0003259170000000089, 0.0002839590000000003, 0.0002773749999999686, 0.00031124999999998515, 0.0003010830000000353, 0.0002909999999999857, 0.00027125000000000066, 0.00027208299999997854, 0.00029854200000001274, 0.00027195799999996106, 0.0002670840000000285, 0.000340333000000026, 0.0003318749999999815, 0.00031237499999997587, 0.0003058340000000048, 0.00031524999999998915, 0.0003102500000000119, 0.0003159169999999989, 0.0003149159999999984, 0.0003246659999999735, 0.00032208300000002854, 0.00033970900000002135, 0.0003046669999999807, 0.0003147920000000082, 0.0003135000000000221, 0.0003165830000000369, 0.00030849999999998934, 0.00031129199999996304, 0.0003153329999999732, 0.000307208999999975, 0.00032799999999999496, 0.0003126250000000108, 0.00029883399999997007, 0.0003108340000000376, 0.00030562500000003157, 0.0003090419999999816, 0.0003026669999999787, 0.0003279169999999554, 0.0003161660000000066, 0.00030933300000002273, 0.0003018340000000008, 0.00030325000000003266, 0.00031320800000000926, 0.00031199999999997896, 0.00030720800000000326, 0.00030595799999999507, 0.0003145829999999794, 0.0003051669999999951, 0.00032354099999998276, 0.00030441700000000127, 0.0018637080000000195, 0.0019583749999999567, 0.0019317919999999877, 0.0007544579999999579, 0.0007249579999999978, 0.002503499999999992], "combine": [0.0025898749999999915, 5.410000000205528e-07, 4.1600000000308057e-07, 4.170000000303098e-07, 3.749999999969056e-07, 4.580000000364848e-07, 4.1699999997479864e-07, 4.1699999997479864e-07, 3.749999999969056e-07, 3.749999999969056e-07, 3.749999999969056e-07, 3.749999999969056e-07, 3.329999999635014e-07, 4.999999999588667e-07, 4.1699999997479864e-07, 4.170000000303098e-07, 4.1699999997479864e-07, 3.749999999969056e-07, 3.329999999635014e-07, 3.749999999969056e-07, 4.999999999588667e-07, 3.749999999969056e-07, 3.749999999969056e-07, 3.749999999969056e-07, 3.749999999969056e-07, 3.329999999635014e-07, 4.1699999997479864e-07, 3.749999999969056e-07, 3.749999999969056e-07, 3.749999999969056e-07, 3.749999999969056e-07, 4.1600000000308057e-07, 3.3300000001901253e-07, 3.749999999969056e-07, 4.1600000000308057e-07, 3.3400000004624175e-07, 3.749999999969056e-07, 5.839999999701639e-07, 4.170000000303098e-07, 3.749999999969056e-07, 2.910000000411195e-07, 3.749999999969056e-07, 4.1699999997479864e-07, 3.749999999969056e-07, 3.749999999969056e-07, 3.749999999969056e-07, 3.749999999969056e-07, 3.749999999969056e-07, 3.749999999969056e-07, 3.339999999907306e-07, 3.749999999969056e-07, 3.3300000001901253e-07, 5.410000000205528e-07, 3.749999999969056e-07, 4.1600000000308057e-07, 3.749999999969056e-07, 3.749999999969056e-07, 0.002176750000000005], "constrain": [0.0007351670000000365, 0.0010403330000000044, 0.00017895899999997855, 0.0001722909999999911, 0.0001711249999999942, 0.0001814580000000232, 0.00014287500000004227, 0.0001391249999999622, 0.00013783300000003162, 0.00013895800000002234, 0.00013862500000000333, 0.00013825000000000642, 0.00013804100000003316, 0.0009637499999999855, 0.00016187500000003352, 0.0001611250000000397, 0.00019412499999998944, 0.00019174999999999054, 0.0001607499999999873, 0.0001603339999999842, 0.00016062499999996982, 0.0001631670000000196, 0.00016199999999999548, 0.0001631249999999862, 0.00016254200000004326, 0.00016008400000000478, 0.0001611249999999842, 0.00016083299999997136, 0.00016041699999996828, 0.00016054200000004126, 0.00016037499999999039, 0.00016066700000000322, 0.00016208299999997955, 0.00016154099999998728, 0.00016004200000002688, 0.00016020799999999502, 0.00016095799999998883, 0.00016341600000002732, 0.00016158299999996517, 0.00016175000000001605, 0.00016254199999998775, 0.00016250000000000986, 0.00016125000000000167, 0.00016141699999999704, 0.0001631249999999862, 0.00016079100000004898, 0.00016129199999997956, 0.00016199999999999548, 0.00015999999999999348, 0.0001599580000000156, 0.00015900000000002024, 0.00016058400000001916, 0.0010516670000000339, 0.00027370800000003914, 0.00022958300000003318, 0.00024175000000004054, 0.0009448340000000055, 0.00020070900000002112]}, "final_exec_time": 0.11671320899999998, "stages": [], "best_programs": [], "solution": {"code": "multiple(A):- div2(A,B),multiple(B).\nmultiple(1):- magic(1).", "is_solution": true, "conf_matrix": [7, 0, 10, 0], "total_exec_time": 0.11671183400000001, "durations": [{"operation": "Test", "called": 58, "total": 0.04938166899999977, "mean": 0.0008514080862068925, "maximum": 0.013606083999999963, "__type__": "DurationSummary"}, {"operation": "Find_Bindings_Prolog", "called": 7, "total": 0.014559247999999941, "mean": 0.002079892571428563, "maximum": 0.010002415999999986, "__type__": "DurationSummary"}, {"operation": "Constrain", "called": 57, "total": 0.01334983300000031, "mean": 0.00023420759649123352, "maximum": 0.0010516670000000339, "__type__": "DurationSummary"}, {"operation": "Generate", "called": 58, "total": 0.012349493999999767, "mean": 0.00021292231034482356, "maximum": 0.0005129580000000078, "__type__": "DurationSummary"}, {"operation": "Combine", "called": 57, "total": 0.002611914999999826, "mean": 4.582307017543554e-05, "maximum": 0.0025898749999999915, "__type__": "DurationSummary"}], "__type__": "ProgramStats"}, "is_solution": true, "stats_file": "./results/multiple/magicpopper_args/3/stats.json", "end": true, "__type__": "Stats"}