{"log_best_programs": true, "num_literals": 0, "total_programs": 82, "total_rules": 0, "total_ground_rules": 0, "durations": {"generate": [0.0003688749999999352, 0.00017924999999996416, 0.00023766599999996973, 0.00044599999999994644, 0.0001282499999999409, 0.000782208000000062, 0.0002534579999999842, 0.0002987089999999526, 0.0007441670000000178, 0.0006860830000000595, 0.0005482500000000279, 0.00030804200000000836, 0.0003343340000000472, 0.0006800419999999363, 0.0002822919999999618, 0.00035212500000003644, 0.00027737500000002413, 0.00025529099999999083, 0.0002571250000000802, 0.0008515840000000718, 0.00017970800000011167, 0.00020037499999991937, 0.0002454160000000538, 0.0005570000000001407, 0.0006027080000001739, 0.00023733300000006174, 0.0002503750000000249, 0.00028929100000008034, 0.00024254199999984571, 0.0004100829999997835, 0.0005092499999999056, 0.0002862919999999658, 0.0003053749999999411, 0.00022749999999982506, 0.00029520899999990746, 0.00025133300000002023, 0.00027995799999991355, 0.00025741700000003753, 0.0002683750000000984, 0.0025063750000000606, 0.00029245899999996716, 0.0002319160000001652, 0.00021720899999988497, 0.00047179099999983265, 0.0006182919999999648, 0.0005513329999999872, 0.0001539170000000034, 0.0001549170000001432, 0.00017641699999981775, 0.00021541699999994002, 0.00017816699999984031, 0.00019508299999992929, 0.00018249999999997435, 0.00017250000000013088, 0.00019124999999986514, 0.00022049999999995684, 0.00018133300000000574, 0.00016479199999985816, 0.00019116699999988107, 0.00019283399999991957, 0.0002941659999999846, 0.0001667499999999933, 0.00018137499999992812, 0.00025862500000006783, 0.00022799999999989495, 0.00019287499999998126, 0.00014183300000003563, 0.00018620899999999274, 0.0001823340000000062, 0.0003830000000000222, 0.00017825000000004643, 0.0006457090000000498, 0.00018279199999993168, 0.000953374999999923, 0.0001694580000000112, 0.00020729200000002557, 0.00016299999999991321, 0.00019004099999997415, 0.0003552500000001402, 0.0002652080000000723, 0.00021120899999993448, 0.00021862500000002782, 0.002596708999999864], "find_bindings_prolog": [0.020397250000000033, 0.041567250000000056, 0.017325999999999953, 0.019212541000000027, 0.048125584, 0.0034350419999999993, 0.009718834000000065, 0.041983708000000064, 0.04334954199999996, 0.01725399999999999, 0.007939749999999912, 0.002626416999999992, 0.008279958000000032, 0.008252625000000013, 0.008289208999999964, 0.0034050419999998027, 0.018631000000000064, 0.01810283300000015, 0.019097957999999915, 0.018317417000000003, 0.018582833999999826, 0.0012343329999999764, 0.0011882500000000018, 0.047594499999999984, 0.04573112499999987, 0.019705334000000185, 0.019360374999999985, 0.044219624999999985, 0.04292499999999988, 0.019533625, 0.021430417000000146, 0.005729959000000173, 0.0399426249999999, 0.03986362500000018, 0.03851608299999998, 0.038471834000000094, 0.0013490000000000446, 0.0011641669999999937, 0.0011603339999999296, 0.0010999999999998789, 0.0010990410000000228, 0.001109374999999968, 0.0014272920000000244, 0.001111416999999948, 0.0010999169999998948, 0.0017039580000000054, 0.0015439170000000058, 0.017262458000000036, 0.02015933400000014, 0.0011827079999999768, 0.0013462499999998823, 0.0011307080000000358, 0.0014887079999998942, 0.0010861250000000489, 0.0014113330000000701, 0.0009839169999998898, 0.0010315840000001408, 0.0010152080000001007, 0.0012950409999998858, 0.0012054169999999864, 0.0011924169999999457, 0.0012178329999998905, 0.0014764169999998966, 0.001491499999999979, 0.0019273749999999534, 0.0012327910000000664, 0.0024964999999999016], "test": [0.021177082999999985, 0.000477624999999926, 0.04307799999999995, 0.000663083999999925, 0.0005927079999999973, 0.017984291999999957, 0.020270417000000096, 0.04982279099999998, 0.004035875000000022, 0.010542665999999978, 0.043674917000000035, 0.04503804099999997, 0.01792570800000004, 0.008726041999999934, 0.0032625420000000904, 0.00958099999999995, 0.009291417000000024, 0.009317250000000055, 0.004212832999999971, 0.0005241250000000974, 0.0005173750000000421, 0.030233125000000083, 0.0005183749999999598, 0.019461584000000087, 0.018893790999999993, 0.01988366599999991, 0.019210916000000022, 0.019372375000000108, 0.0014705409999999919, 0.0015869590000001654, 0.049611917000000005, 0.04783295899999995, 0.020776374999999847, 0.020334458, 0.046153917000000044, 0.04484579200000005, 0.020598374999999836, 0.022475790999999967, 0.0062968749999998685, 0.04184179099999996, 0.04158479100000001, 0.04028933300000004, 0.04027862499999979, 0.0016007499999999286, 0.0013904590000000105, 0.0005837079999999606, 0.000605874999999978, 0.008684042000000058, 0.0006109160000000724, 0.001419500000000129, 0.001336416000000007, 0.0013349580000001637, 0.0013447500000001167, 0.0016646670000000086, 0.0013464999999999172, 0.001333625000000005, 0.0019365829999999917, 0.0017756250000000584, 0.018126207999999977, 0.021013791999999976, 0.0014264999999999972, 0.0015811670000001055, 0.0013684170000001217, 0.0018085829999998637, 0.0013313749999999125, 0.0005428330000001313, 0.016169625000000076, 0.02700079100000008, 0.015549500000000105, 0.0016501669999999802, 0.0011950419999999795, 0.0012443339999999026, 0.0012212500000001736, 0.0015118749999998293, 0.001418833999999869, 0.001403250000000078, 0.0014244999999999397, 0.0016872920000001734, 0.0017067500000000901, 0.0021407499999999136, 0.0014447079999999612, 0.0027200830000000398], "combine": [0.004580625000000005, 5.410000000205528e-07, 0.005434833000000028, 6.670000000097431e-07, 5.829999999429347e-07, 6.249999999763389e-07, 6.250000000873612e-07, 7.499999999938112e-07, 5.419999999922709e-07, 4.999999999588667e-07, 6.660000000380251e-07, 7.08999999932125e-07, 6.249999999763389e-07, 5.829999999429347e-07, 4.999999999588667e-07, 6.249999999763389e-07, 5.829999999429347e-07, 5.419999999922709e-07, 4.579999999254625e-07, 6.249999999763389e-07, 5.419999999922709e-07, 6.669999998987208e-07, 5.419999999922709e-07, 6.670000001207654e-07, 7.07999999960407e-07, 7.090000000431473e-07, 7.090000000431473e-07, 5.83000000053957e-07, 4.999999998478444e-07, 4.579999999254625e-07, 7.090000000431473e-07, 6.660000000380251e-07, 6.249999999763389e-07, 5.83000000053957e-07, 6.670000001207654e-07, 7.07999999960407e-07, 6.670000001207654e-07, 6.249999999763389e-07, 0.002288875000000079, 7.919999998051708e-07, 6.669999998987208e-07, 6.249999999763389e-07, 5.829999998319124e-07, 5.00000000069889e-07, 4.5900000000820285e-07, 5.419999999922709e-07, 4.580000001475071e-07, 4.579999999254625e-07, 4.5900000000820285e-07, 4.579999999254625e-07, 4.579999999254625e-07, 4.580000001475071e-07, 4.579999999254625e-07, 4.999999998478444e-07, 4.1600000000308057e-07, 4.5900000000820285e-07, 5.00000000069889e-07, 5.00000000069889e-07, 6.249999999763389e-07, 6.249999999763389e-07, 4.580000001475071e-07, 5.83000000053957e-07, 8.750000000112834e-07, 4.5899999978615824e-07, 4.580000001475071e-07, 4.1700000008582094e-07, 5.00000000069889e-07, 4.579999999254625e-07, 4.580000001475071e-07, 4.1600000000308057e-07, 3.7499999994139444e-07, 3.3300000001901253e-07, 4.1700000008582094e-07, 3.7499999994139444e-07, 4.1700000008582094e-07, 3.7499999994139444e-07, 3.7499999994139444e-07, 3.7499999994139444e-07, 3.3300000001901253e-07, 3.339999998797083e-07, 3.7499999994139444e-07, 3.7499999994139444e-07],