{"log_best_programs": true, "num_literals": 0, "total_programs": 5, "total_rules": 0, "total_ground_rules": 0, "durations": {"generate": [0.25332004099999994, 0.007751375000000005, 0.6773562080000001, 0.0025737919999999637, 0.0005537079999999861, 0.25141433300000005], "test": [0.0015226660000000614, 0.0007324589999999631, 0.0007836250000001765, 0.0006420419999999538, 0.0005808749999998142], "combine": [6.249999999763389e-07, 5.419999999922709e-07, 5.409999999095305e-07, 3.7500000016343904e-07, 3.7500000016343904e-07], "constrain": [0.02325474999999999, 0.006359999999999921, 0.07111579200000007, 0.034116666999999934, 0.02014758299999997]}, "final_exec_time": 1.435726875, "stages": [], "best_programs": [], "solution": null, "is_solution": false, "stats_file": "./results/drug_design/popper/4/stats.json", "end": true, "__type__": "Stats"}