{"log_best_programs": true, "num_literals": 0, "total_programs": 12, "total_rules": 0, "total_ground_rules": 0, "durations": {"generate": [0.0004884169999996857, 0.00039529100000024187, 0.0004434589999995353, 0.0004176250000007542, 0.0005367920000001192, 0.00035441700000049536, 0.00038987499999976194, 0.00044912499999938404, 0.000377457999999109, 0.00039133299999960514, 0.00046208400000047334, 0.00045887499999963666], "test": [0.08490666700000027, 0.08366645799999972, 0.032789875000000634, 0.2764582909999991, 0.27805470900000095, 0.08379491700000052, 0.03292616700000117, 0.024559124999999682, 0.024458125000000663, 0.04840399999999967, 0.04779945800000007, 0.5184451670000012], "combine": [7.910000014987872e-07, 0.08575412499999935, 5.410000003536197e-07, 0.14479533299999936, 7.499999998827889e-07, 0.1470017919999993, 5.839999985823852e-07, 5.000000005139782e-07, 4.1700000075195476e-07, 5.830000002760016e-07, 5.830000002760016e-07], "constrain": [0.0013438340000000437, 0.0013678749999996853, 0.0016909580000010749, 0.00021175000000006605, 0.001409040999998723, 0.0002107499999990381, 0.001810582999999255, 0.0003030420000005307, 0.00024458300000063105, 0.00025916699999939397, 0.0002698749999989758], "find_bindings_prolog": [0.08299483299999899, 0.032332832999999894, 0.27569150000000064, 0.277368040999999, 0.08311879099999864, 0.032454791999999344, 0.024099832999999293, 0.02401620799999904, 0.04795320799999914, 0.04732674999999986, 0.515963459]}, "final_exec_time": 11.233496875, "stages": [], "best_programs": [], "solution": {"code": "magic_value(A):- head(A,ao),last(A,ao),magic(ao).\nmagic_value(A):- last(A,c7),magic(c7).\nmagic_value(A):- last(A,fv),head(A,fv),magic(fv).\nmagic_value(A):- tail(A,C),head(C,c7),magic(c7).\nmagic_value(A):- head(A,ed),last(A,ed),magic(ed).\nmagic_value(A):- head(A,c7),magic(c7).\nmagic_value(A):- head(A,eq),last(A,eq),magic(eq).\nmagic_value(A):- last(A,be),head(A,be),magic(be).\nmagic_value(A):- head(A,cy),last(A,cy),magic(cy).\nmagic_value(A):- last(A,al),head(A,al),magic(al).\nmagic_value(A):- head(A,fi),last(A,fi),magic(fi).\nmagic_value(A):- head(A,ge),last(A,ge),magic(ge).\nmagic_value(A):- last(A,ai),head(A,ai),magic(ai).\nmagic_value(A):- head(A,aq),last(A,aq),magic(aq).\nmagic_value(A):- last(A,ea),head(A,ea),magic(ea).\nmagic_value(A):- last(A,bm),head(A,bm),magic(bm).\nmagic_value(A):- head(A,cv),last(A,cv),magic(cv).", "is_solution": true, "conf_matrix": [0, 0, 0, 0], "total_exec_time": 11.233465, "durations": [{"operation": "Test", "called": 12, "total": 1.5362629590000036, "mean": 0.1280219132500003, "maximum": 0.5184451670000012, "__type__": "DurationSummary"}, {"operation": "Find_Bindings_Prolog", "called": 11, "total": 1.4433202479999938, "mean": 0.13121093163636308, "maximum": 0.515963459, "__type__": "DurationSummary"}, {"operation": "Combine", "called": 11, "total": 0.37755599900000014, "mean": 0.03432327263636365, "maximum": 0.1470017919999993, "__type__": "DurationSummary"}, {"operation": "Constrain", "called": 11, "total": 0.009121457999997418, "mean": 0.0008292234545452197, "maximum": 0.001810582999999255, "__type__": "DurationSummary"}, {"operation": "Generate", "called": 12, "total": 0.005164750999998802, "mean": 0.0004303959166665668, "maximum": 0.0005367920000001192, "__type__": "DurationSummary"}], "__type__": "ProgramStats"}, "is_solution": true, "stats_file": "./results/list_example/magicpopper_types/6000/7/stats.json", "end": false, "__type__": "Stats"}