{"log_best_programs": true, "num_literals": 0, "total_programs": 29, "total_rules": 0, "total_ground_rules": 0, "durations": {"generate": [0.0003715420000000025, 0.00033158299999996865, 0.0010596670000000419, 0.00022645800000004046, 0.0002218329999999491, 0.0010869580000000267, 0.00023604199999999187, 0.00021916599999999287, 0.0008803750000000443, 0.0009928749999999487, 0.00021716599999999087, 0.0008625420000000217, 0.0002522919999999873, 0.0002469159999999859, 0.00025854199999997274, 0.0002861659999999766, 0.0003958339999999838, 0.00025574999999999903, 0.00025795799999994706, 0.0002267080000000199, 0.00030324999999997715, 0.00024483299999999986, 0.00035395800000004307, 0.0003660409999999281, 0.0002786249999999768, 0.0003921249999999654, 0.0004407080000000674, 0.0004947080000000659, 0.00045175000000008403, 0.010987916000000042], "find_bindings_prolog": [0.01297766699999997, 0.0013122500000000148, 0.009375707999999983, 0.012618457999999999, 0.015327833000000013, 0.0008823330000000129, 0.0015422920000000007, 0.003049000000000024, 0.001437624999999998, 0.002102249999999972, 0.0006122910000000426, 0.0009264580000000189, 0.007244499999999987, 0.02402304199999994, 0.008300707999999934, 0.019538292000000013, 0.02447404200000003, 0.02773287499999999], "test": [0.013704625000000026, 0.002068416999999989, 0.013029332999999976, 0.014988583999999971, 0.017703750000000018, 0.0010813340000000449, 0.002253292000000018, 0.0035499159999999863, 0.002148625000000015, 0.0025914169999999848, 0.0007737090000000113, 0.001171166999999973, 0.00041241699999999826, 0.0003974589999999889, 0.0002947500000000103, 0.00028016699999999783, 0.0011227500000000057, 0.008488332999999959, 0.0007498329999999775, 0.024949916999999933, 0.003672125000000026, 0.009500540999999973, 0.003879542000000069, 0.0038145419999999763, 0.004576375000000077, 0.0007878330000000711, 0.027584834000000003, 0.025512042000000013, 0.032531165999999945], "combine": [0.0030545419999999934, 6.250000000318501e-07, 5.419999999922709e-07, 5.000000000143778e-07, 0.002017374999999988, 3.749999999969056e-07, 5.409999999650417e-07, 5.000000000143778e-07, 4.5900000000820285e-07, 4.5900000000820285e-07, 3.749999999969056e-07, 4.170000000303098e-07, 3.749999999969056e-07, 3.749999999969056e-07, 3.329999999635014e-07, 3.339999999907306e-07, 5.419999999922709e-07, 5.419999999922709e-07, 4.1699999997479864e-07, 4.580000000364848e-07, 4.1600000000308057e-07, 5.419999999922709e-07, 5.00000000069889e-07, 4.1600000000308057e-07, 4.579999999254625e-07, 4.580000000364848e-07, 5.419999999922709e-07, 5.419999999922709e-07, 0.00197124999999998], "constrain": [0.0008669999999999511, 0.0025869169999999664, 0.0038836669999999796, 0.00040254200000000573, 0.00040400000000001546, 0.0009329579999999837, 0.0012411669999999875, 0.0010787080000000393, 0.0014406670000000066, 0.0010211250000000116, 0.000702541000000001, 0.0008138750000000194, 0.0008742079999999874, 0.0008081249999999929, 0.00020808399999999727, 0.00027379199999999493, 0.0061743340000000035, 0.0029904159999999957, 0.001392415999999952, 0.0024073749999999894, 0.00137883399999994, 0.0027595409999999765, 0.0020964999999999456, 0.0020199579999999884, 0.0020367500000000316, 0.0014497500000000274, 0.0030800829999999557, 0.002463250000000028, 0.0008837079999999276]}, "final_exec_time": 0.367400333, "stages": [], "best_programs": [], "solution": {"code": "magic_value(A):- tail(A,D),my_append(C,['aag'],D),magic(['aag']).", "is_solution": true, "conf_matrix": [7, 0, 10, 0], "total_exec_time": 0.367397083, "durations": [{"operation": "Test", "called": 29, "total": 0.22361879500000004, "mean": 0.007710992931034484, "maximum": 0.032531165999999945, "__type__": "DurationSummary"}, {"operation": "Find_Bindings_Prolog", "called": 18, "total": 0.17347762399999994, "mean": 0.009637645777777775, "maximum": 0.02773287499999999, "__type__": "DurationSummary"}, {"operation": "Constrain", "called": 28, "total": 0.047788582999999774, "mean": 0.001706735107142849, "maximum": 0.0061743340000000035, "__type__": "DurationSummary"}, {"operation": "Generate", "called": 29, "total": 0.012212371, "mean": 0.00042111624137931034, "maximum": 0.0010869580000000267, "__type__": "DurationSummary"}, {"operation": "Combine", "called": 28, "total": 0.0050839599999999985, "mean": 0.00018156999999999996, "maximum": 0.0030545419999999934, "__type__": "DurationSummary"}], "__type__": "ProgramStats"}, "is_solution": true, "stats_file": "./results/list_append/magicpopper_types/2/0/stats.json", "end": true, "__type__": "Stats"}