{"log_best_programs": true, "num_literals": 0, "total_programs": 8, "total_rules": 0, "total_ground_rules": 0, "durations": {"generate": [0.00039391599999993865, 0.0006258329999999646, 0.0011535419999999519, 0.001656542000000094, 0.0018015000000002335, 0.0008533329999997896, 0.0018530409999999442, 0.0009227909999998118, 0.0008506249999999937], "find_bindings_prolog": [0.03573133399999984, 0.03376791599999995, 0.1418765420000001, 0.14985374999999967, 0.1512077500000002, 0.17375224999999972], "test": [0.044185750000000024, 0.046482417, 0.01914366700000003, 0.142199792, 0.021051583000000207, 0.1502198749999999, 0.15158220800000022, 0.17431604199999962], "combine": [0.11056316600000016, 0.009877458000000061, 5.409999999095305e-07, 7.07999999960407e-07, 7.07999999960407e-07, 5.830000002760016e-07, 5.409999999095305e-07, 5.419999999922709e-07], "constrain": [0.0017497500000001054, 0.0024440000000001127, 0.00043083300000001934, 0.0033146250000000155, 0.002022084000000035, 0.005383791999999943, 0.0017654169999996583, 0.002196792000000336]}, "final_exec_time": 2.253607125, "stages": [], "best_programs": [], "solution": {"code": "magic_value(A):- head(A,ru),magic(ru).\nmagic_value(A):- head(A,cu),magic(cu).\nmagic_value(A):- head(A,qv),magic(qv).\nmagic_value(A):- head(A,of),magic(of).\nmagic_value(A):- head(A,sh),magic(sh).\nmagic_value(A):- head(A,ds),magic(ds).\nmagic_value(A):- head(A,qn),magic(qn).\nmagic_value(A):- head(A,gn),magic(gn).\nmagic_value(A):- head(A,hr),magic(hr).\nmagic_value(A):- head(A,ps),magic(ps).\nmagic_value(A):- head(A,qe),magic(qe).\nmagic_value(A):- head(A,gf),magic(gf).\nmagic_value(A):- head(A,cy),magic(cy).\nmagic_value(A):- head(A,hx),magic(hx).\nmagic_value(A):- head(A,mm),magic(mm).\nmagic_value(A):- head(A,ae),magic(ae).\nmagic_value(A):- head(A,j),magic(j).\nmagic_value(A):- head(A,an),magic(an).\nmagic_value(A):- head(A,fw),magic(fw).\nmagic_value(A):- head(A,mv),magic(mv).\nmagic_value(A):- head(A,gd),magic(gd).\nmagic_value(A):- head(A,hy),magic(hy).\nmagic_value(A):- head(A,oj),magic(oj).\nmagic_value(A):- head(A,cm),magic(cm).\nmagic_value(A):- head(A,lj),magic(lj).\nmagic_value(A):- head(A,ek),magic(ek).\nmagic_value(A):- head(A,cb),magic(cb).\nmagic_value(A):- head(A,le),magic(le).\nmagic_value(A):- head(A,gm),magic(gm).\nmagic_value(A):- head(A,hm),magic(hm).\nmagic_value(A):- head(A,l),magic(l).\nmagic_value(A):- head(A,du),magic(du).\nmagic_value(A):- head(A,nx),magic(nx).\nmagic_value(A):- head(A,ch),magic(ch).\nmagic_value(A):- head(A,bi),magic(bi).\nmagic_value(A):- head(A,gw),magic(gw).\nmagic_value(A):- head(A,pc),magic(pc).\nmagic_value(A):- head(A,dz),magic(dz).\nmagic_value(A):- head(A,u),magic(u).\nmagic_value(A):- head(A,ri),magic(ri).\nmagic_value(A):- head(A,hc),magic(hc).\nmagic_value(A):- head(A,oz),magic(oz).\nmagic_value(A):- head(A,fa),magic(fa).\nmagic_value(A):- head(A,ay),magic(ay).\nmagic_value(A):- head(A,db),magic(db).\nmagic_value(A):- head(A,cz),magic(cz).\nmagic_value(A):- head(A,nq),magic(nq).\nmagic_value(A):- head(A,mq),magic(mq).\nmagic_value(A):- head(A,ii),magic(ii).\nmagic_value(A):- head(A,ko),magic(ko).\nmagic_value(A):- head(A,kx),magic(kx).\nmagic_value(A):- head(A,rt),magic(rt).\nmagic_value(A):- head(A,jo),magic(jo).\nmagic_value(A):- head(A,nc),magic(nc).\nmagic_value(A):- head(A,lo),magic(lo).\nmagic_value(A):- head(A,kk),magic(kk).\nmagic_value(A):- head(A,pq),magic(pq).\nmagic_value(A):- head(A,pk),magic(pk).\nmagic_value(A):- head(A,rw),magic(rw).\nmagic_value(A):- head(A,on),magic(on).\nmagic_value(A):- head(A,cv),magic(cv).\nmagic_value(A):- head(A,gg),magic(gg).\nmagic_value(A):- head(A,n),magic(n).\nmagic_value(A):- head(A,bj),magic(bj).\nmagic_value(A):- head(A,m),magic(m).\nmagic_value(A):- head(A,mu),magic(mu).\nmagic_value(A):- head(A,fh),magic(fh).\nmagic_value(A):- head(A,qa),magic(qa).\nmagic_value(A):- head(A,gj),magic(gj).\nmagic_value(A):- head(A,pf),magic(pf).\nmagic_value(A):- head(A,es),magic(es).\nmagic_value(A):- head(A,kg),magic(kg).\nmagic_value(A):- head(A,mk),magic(mk).\nmagic_value(A):- head(A,oq),magic(oq).\nmagic_value(A):- head(A,ff),magic(ff).\nmagic_value(A):- head(A,km),magic(km).\nmagic_value(A):- head(A,pu),magic(pu).\nmagic_value(A):- head(A,ln),magic(ln).\nmagic_value(A):- tail(A,B),head(B,j),magic(j).\nmagic_value(A):- head(A,gs),magic(gs).\nmagic_value(A):- head(A,at),magic(at).\nmagic_value(A):- head(A,ar),magic(ar).\nmagic_value(A):- head(A,nv),magic(nv).\nmagic_value(A):- head(A,hd),magic(hd).\nmagic_value(A):- head(A,ce),magic(ce).\nmagic_value(A):- head(A,rp),magic(rp).\nmagic_value(A):- head(A,rs),magic(rs).\nmagic_value(A):- head(A,qc),magic(qc).\nmagic_value(A):- head(A,be),magic(be).", "is_solution": true, "conf_matrix": [200, 0, 200, 0], "total_exec_time": 2.25360425, "durations": [{"operation": "Combine", "called": 1, "total": 0.11056316600000016, "mean": 0.11056316600000016, "maximum": 0.11056316600000016, "__type__": "DurationSummary"}, {"operation": "Test", "called": 2, "total": 0.09066816700000002, "mean": 0.04533408350000001, "maximum": 0.046482417, "__type__": "DurationSummary"}, {"operation": "Find_Bindings_Prolog", "called": 2, "total": 0.06949924999999979, "mean": 0.034749624999999895, "maximum": 0.03573133399999984, "__type__": "DurationSummary"}, {"operation": "Constrain", "called": 1, "total": 0.0017497500000001054, "mean": 0.0017497500000001054, "maximum": 0.0017497500000001054, "__type__": "DurationSummary"}, {"operation": "Generate", "called": 2, "total": 0.0010197489999999032, "mean": 0.0005098744999999516, "maximum": 0.0006258329999999646, "__type__": "DurationSummary"}], "__type__": "ProgramStats"}, "is_solution": true, "stats_file": "./results/list_magicvalues_multipleclauses/magicpopper/90/0/stats.json", "end": true, "__type__": "Stats"}