{"log_best_programs": true, "num_literals": 0, "total_programs": 5, "total_rules": 0, "total_ground_rules": 0, "durations": {"generate": [0.248089666, 0.007361082999999935, 0.48014837500000007, 0.0004958749999999235, 0.0006475420000000565, 0.3885944579999998], "test": [0.0013540419999999997, 0.0005102919999999678, 0.0006751250000001097, 0.0006390830000000403, 0.0006321249999998724], "combine": [6.659999999270028e-07, 4.999999999588667e-07, 5.419999999922709e-07, 5.00000000069889e-07, 4.999999998478444e-07], "constrain": [0.02308904199999995, 0.0062457080000000165, 0.06899737500000014, 0.03422600000000009, 0.02015616699999989]}, "final_exec_time": 1.367281875, "stages": [], "best_programs": [], "solution": null, "is_solution": false, "stats_file": "./results/drug_design/popper/6/stats.json", "end": true, "__type__": "Stats"}