{"log_best_programs": true, "num_literals": 0, "total_programs": 63, "total_rules": 0, "total_ground_rules": 0, "durations": {"generate": [0.0003353329999999932, 0.0002728339999999996, 0.0002523750000000269, 0.00027854199999999274, 0.0007871669999999775, 0.0002646250000000183, 0.0003054579999999807, 0.00020012499999999545, 0.0002111249999999787, 0.0008156249999999865, 0.00029975000000004304, 0.0004741249999999919, 0.0005841669999999688, 0.00018462499999999382, 0.0004933750000000181, 0.0005840409999999796, 0.0007440420000000003, 0.00020616699999997934, 0.0002614590000000194, 0.0002943750000000134, 0.00019895800000002684, 0.00015416600000001113, 0.00029366600000002574, 0.00025812499999999794, 0.0002142499999999714, 0.000152665999999968, 0.000519084000000003, 0.0002014579999999877, 0.0001591249999999822, 0.00030608300000001254, 0.0007733750000000206, 0.00022250000000001435, 0.0002315419999999735, 0.00036562500000003606, 0.0007055000000000256, 0.00021420900000002074, 0.00020633300000000299, 0.0009915419999999564, 0.00023287500000002126, 0.0005347920000000062, 0.0002187920000000232, 0.0002234999999999876, 0.00024366600000003125, 0.0015182500000000543, 0.00043604200000002535, 0.00019183400000000184, 0.0002186659999999785, 0.0001757909999999807, 0.0001871249999999547, 0.00031479199999995267, 0.00017466700000001723, 0.000197875000000014, 0.0001764170000000398, 0.00017020800000000502, 0.00018249999999997435, 0.0003313329999999892, 0.000165874999999982, 0.0010377919999999818, 0.0002810839999999315, 0.00017945800000007672, 0.0002862500000000434, 0.0008492089999999619, 0.0006100409999999501, 0.005527666999999958], "find_bindings_prolog": [0.011116082999999999, 0.0011752090000000104, 0.0012166670000000046, 0.0006082500000000324, 0.0006472499999999881, 0.0006409169999999631, 0.0006631249999999866, 0.0005337089999999933, 0.000569625000000018, 0.0005274169999999745, 0.0004748749999999857, 0.0004808749999999917, 0.0026378329999999783, 0.002236749999999954, 0.0028636250000000363, 0.00341491599999999, 0.0005925830000000354, 0.00046087500000002724, 0.0004759169999999924, 0.0005324580000000134, 0.0005564579999999819, 0.000507874999999991, 0.0004883330000000075, 0.0005346250000000108, 0.0005637079999999961, 0.0004932500000000006, 0.0005389590000000055, 0.0005441250000000064, 0.0005279999999999729, 0.00048437499999998135, 0.0005493750000000186, 0.0006023330000000104, 0.0005474590000000279, 0.0004932910000000068, 0.0013708330000000157, 0.0015133749999999835, 0.0012789999999999746, 0.00289737499999998, 0.0034851250000000333, 0.008002916000000027, 0.00836979099999996, 0.00921679200000003, 0.010290334000000012, 0.013246582999999923, 0.000676959000000088, 0.0005553749999999136, 0.0005420419999999648, 0.0005549579999999388, 0.0005651250000000552, 0.0005323750000000294, 0.000514208000000016, 0.0005265840000000521, 0.0005057090000000208, 0.0005110830000000233, 0.0005443749999999303, 0.0005114999999999981, 0.000527749999999938, 0.0006439590000000273, 0.0005691669999999815, 0.0005860839999999312, 0.0006037919999999364, 0.0005630409999999308, 0.0006378329999999766], "test": [0.011524374999999976, 0.0020191250000000105, 0.002324916999999982, 0.0012019589999999747, 0.001328792000000023, 0.0013244160000000504, 0.0013238329999999965, 0.0012000830000000184, 0.0012404579999999998, 0.0008324160000000025, 0.0007701249999999549, 0.0007821660000000286, 0.0053217079999999806, 0.00397429199999999, 0.006080833000000008, 0.007479707999999974, 0.0009301250000000039, 0.0007612079999999577, 0.00065129199999997, 0.0008654580000000411, 0.0010684999999999722, 0.0008367920000000306, 0.0006823330000000349, 0.0008743330000000049, 0.001067042000000018, 0.0008178750000000234, 0.0008762909999999735, 0.0010539999999999994, 0.0008780840000000012, 0.0006757920000000084, 0.0008914999999999895, 0.0011130839999999864, 0.0008835830000000211, 0.0008267080000000093, 0.0027201669999999956, 0.0031835419999999837, 0.0022413339999999837, 0.006533334000000002, 0.0076941670000000295, 0.017240250000000013, 0.018997790999999986, 0.021390666000000003, 0.024543457999999962, 0.03229333400000001, 0.0010451670000000135, 0.0007808329999999808, 0.0009203329999999399, 0.0007763749999999403, 0.0007824159999999525, 0.0009165419999999092, 0.0008924999999999628, 0.0008996249999999595, 0.0007183329999999044, 0.0007239580000000245, 0.0007566249999999553, 0.0007257500000000805, 0.0007417499999999855, 0.0009234580000000436, 0.0009567079999999173, 0.0008064580000000099, 0.0009789580000000297, 0.0007900000000000684, 0.0008904579999999829], "combine": [5.419999999922709e-07, 0.0035057920000000076, 0.0012915839999999568, 4.1600000000308057e-07, 5.000000000143778e-07, 3.749999999969056e-07, 3.749999999969056e-07, 3.749999999969056e-07, 3.749999999969056e-07, 3.3400000004624175e-07, 3.749999999969056e-07, 3.749999999969056e-07, 4.5900000000820285e-07, 4.170000000303098e-07, 4.5900000000820285e-07, 5.000000000143778e-07, 4.170000000303098e-07, 3.749999999969056e-07, 3.749999999969056e-07, 6.250000000318501e-07, 3.749999999969056e-07, 3.749999999969056e-07, 3.749999999969056e-07, 3.749999999969056e-07, 3.749999999969056e-07, 4.1699999997479864e-07, 3.749999999969056e-07, 3.749999999969056e-07, 3.749999999969056e-07, 3.749999999969056e-07, 3.749999999969056e-07, 4.170000000303098e-07, 3.749999999969056e-07, 3.749999999969056e-07, 4.589999999526917e-07, 4.580000000364848e-07, 4.1699999997479864e-07, 5.000000000143778e-07, 4.5799999998097363e-07, 4.5799999998097363e-07, 4.999999999588667e-07, 5.419999999922709e-07, 5.410000000205528e-07, 0.00329404099999997, 5.409999999095305e-07, 3.7500000005241674e-07, 3.7499999994139444e-07, 4.1600000000308057e-07, 3.7499999994139444e-07, 3.7500000005241674e-07, 3.7499999994139444e-07, 3.7499999994139444e-07, 3.7499999994139444e-07, 3.7499999994139444e-07, 3.3300000001901253e-07, 3.7499999994139444e-07, 3.7499999994139444e-07, 4.1700000008582094e-07, 4.1699999997479864e-07, 3.7500000005241674e-07, 3.7500000005241674e-07, 4.5900000000820285e-07, 3.7500000005241674e-07], "constrain": [0.0018882080000000023, 0.0004102500000000009, 0.00023208299999999404, 0.0021987499999999716, 0.0024232500000000434, 0.0007383749999999578, 0.0006912909999999828, 0.0004325000000000023, 0.0004372910000000063, 0.0005422500000000219, 0.0005337910000000057, 0.000290665999999995, 0.0003542500000000004, 0.0006075420000000165, 0.0003795839999999884, 0.00025374999999999703, 0.0005307079999999909, 0.0005182079999999645, 0.00025366600000004125, 0.0005953340000000029, 0.000660082999999978, 0.0006086249999999738, 0.0005216250000000255, 0.0005947079999999993, 0.0006492499999999901, 0.0005840420000000068, 0.0005868749999999867, 0.0006637500000000185, 0.0005899160000000236, 0.0005218339999999988, 0.0006082089999999707, 0.0006618749999999785, 0.0005901249999999969, 0.0005774170000000245, 0.00038120799999996624, 0.00042283399999998306, 0.0006850840000000025, 0.00041645800000000843, 0.0004597080000000031, 0.0002723749999999914, 0.00028962500000001556, 0.0003138749999999635, 0.00030295899999999154, 0.00017458300000006144, 0.0006102919999999568, 0.0006020830000000865, 0.0006791250000000026, 0.0006042920000000063, 0.0005990000000000162, 0.00043104099999990986, 0.0006633750000000216, 0.00042279199999994965, 0.000388666000000093, 0.0005928329999999038, 0.00038166699999997444, 0.0005922080000000385, 0.0005970419999999921, 0.0006248330000000468, 0.0007453749999999371, 0.0005930840000000215, 0.0006677090000000163, 0.0006037920000000474, 0.00041475000000001927]}, "final_exec_time": 0.35047862500000004, "stages": [], "best_programs": [], "solution": {"code": "goal(A,robot,0):- not_my_true(A,q),magic(0),magic(q),magic(robot).\ngoal(A,robot,100):- my_true(A,7),my_true(A,q),my_true(A,p),magic(robot),magic(7),magic(100),magic(p),magic(q).\ngoal(A,robot,0):- not_my_true(A,r),magic(0),magic(r),magic(robot).\ngoal(A,robot,0):- not_my_true(A,p),magic(0),magic(p),magic(robot).", "is_solution": true, "conf_matrix": [22, 0, 22, 0], "total_exec_time": 0.35047525,