{"log_best_programs": true, "num_literals": 0, "total_programs": 2, "total_rules": 0, "total_ground_rules": 0, "durations": {"generate": [0.0002986249999999968, 0.0014668749999999786, 0.0005945000000000533], "find_bindings_prolog": [0.015425707999999982, 0.666200041], "bind": [5.000000000143778e-07, 0.04662283300000003], "test": [0.015677374999999993, 0.713529084], "combine": [5.000000000143778e-07, 0.0102621249999999], "constrain": [0.002877167000000014, 0.003903291999999947]}, "final_exec_time": 0.860049375, "stages": [], "best_programs": [], "solution": null, "is_solution": false, "stats_file": "./results/list_magicvaluesameclause/magicpopper/6/4/stats.json", "end": true, "__type__": "Stats"}