{"log_best_programs": true, "num_literals": 0, "total_programs": 1, "total_rules": 0, "total_ground_rules": 0, "durations": {"generate": [0.000311875000000017, 0.0006599999999999939], "find_bindings_prolog": [0.026384125000000036], "test": [0.026797165999999983], "combine": [0.003959084000000002], "constrain": [0.00147150000000007]}, "final_exec_time": 0.288312, "stages": [], "best_programs": [], "solution": {"code": "magic_value(A):- member(a,A),magic(a).", "is_solution": true, "conf_matrix": [100, 0, 100, 0], "total_exec_time": 0.288310125, "durations": [{"operation": "Test", "called": 1, "total": 0.026797165999999983, "mean": 0.026797165999999983, "maximum": 0.026797165999999983, "__type__": "DurationSummary"}, {"operation": "Find_Bindings_Prolog", "called": 1, "total": 0.026384125000000036, "mean": 0.026384125000000036, "maximum": 0.026384125000000036, "__type__": "DurationSummary"}, {"operation": "Generate", "called": 1, "total": 0.000311875000000017, "mean": 0.000311875000000017, "maximum": 0.000311875000000017, "__type__": "DurationSummary"}], "__type__": "ProgramStats"}, "is_solution": true, "stats_file": "./results/list_magicvaluesameclause/magicpopper/1/3/stats.json", "end": true, "__type__": "Stats"}