{"log_best_programs": true, "num_literals": 0, "total_programs": 6, "total_rules": 0, "total_ground_rules": 0, "durations": {"generate": [0.010469291999999963, 0.0002723749999999914, 0.0002530419999999811, 0.00021412499999995394, 0.000211875000000028, 0.00025083300000000586, 0.017380125000000024], "test": [0.04755320800000001, 0.022390500000000035, 0.022303584000000043, 0.00041837500000002636, 0.022157707999999998, 0.022169333000000013], "combine": [5.829999999984459e-07, 3.749999999969056e-07, 4.1600000000308057e-07, 4.1600000000308057e-07, 4.1600000000308057e-07, 3.749999999969056e-07], "constrain": [0.004769499999999982, 0.0019207090000000204, 0.0019144160000000299, 0.005284084000000022, 0.0018722500000000197, 0.0018428750000000216]}, "final_exec_time": 0.23379824999999999, "stages": [], "best_programs": [], "solution": null, "is_solution": false, "stats_file": "./results/sumk/popper/7/stats.json", "end": true, "__type__": "Stats"}