{"log_best_programs": true, "num_literals": 0, "total_programs": 2, "total_rules": 0, "total_ground_rules": 0, "durations": {"generate": [0.00032054200000003474, 0.0018183749999999832, 0.0005427500000001473], "find_bindings_prolog": [0.016490791999999976, 0.757069584], "bind": [5.000000000143778e-07, 0.09698983300000008], "test": [0.016743125000000025, 0.85489725], "combine": [6.659999999825139e-07, 0.026827875000000168], "constrain": [0.0030525829999999976, 0.004243750000000102]}, "final_exec_time": 1.02800975, "stages": [], "best_programs": [], "solution": null, "is_solution": false, "stats_file": "./results/list_magicvaluesameclause/magicpopper/9/8/stats.json", "end": true, "__type__": "Stats"}