{"log_best_programs": true, "num_literals": 0, "total_programs": 2, "total_rules": 0, "total_ground_rules": 0, "durations": {"generate": [0.0002979160000000092, 0.0019720000000000293, 0.00014304100000006592], "find_bindings_prolog": [0.016180625000000004, 0.6700537919999999], "bind": [5.829999999984459e-07, 0.09279499999999996], "test": [0.016421083000000003, 0.7636793749999999], "combine": [4.999999999588667e-07, 0.025549416999999908], "constrain": [0.0030213339999999866, 0.004284500000000024]}, "final_exec_time": 0.930506875, "stages": [], "best_programs": [], "solution": null, "is_solution": false, "stats_file": "./results/list_magicvaluesameclause/magicpopper/9/0/stats.json", "end": true, "__type__": "Stats"}