{"log_best_programs": true, "num_literals": 0, "total_programs": 2, "total_rules": 0, "total_ground_rules": 0, "durations": {"generate": [0.0003190000000000137, 0.001873958000000009, 0.00016187499999986699], "find_bindings_prolog": [0.01632958299999998, 0.6850502500000001], "bind": [5.42000000047782e-07, 0.05667087500000001], "test": [0.016590667000000003, 0.7424272089999999], "combine": [5.410000000205528e-07, 0.009393707999999945], "constrain": [0.002890999999999977, 0.004108417000000086]}, "final_exec_time": 0.8951126249999999, "stages": [], "best_programs": [], "solution": null, "is_solution": false, "stats_file": "./results/list_magicvaluesameclause/magicpopper/7/3/stats.json", "end": true, "__type__": "Stats"}